60001,"1542 Quadrant Ave","Louisville","KY","40205"
60002,"6810 Crossmoor Ln","Louisville","KY","40222"
60003,"616 Rymer Way","Louisville","KY","40223"
60004,"310 Possum Path","Louisville","KY","40214"
60005,"11922 Pond Creek Dr","Louisville","KY","40272"
60006,"157 N Bayly Ave","Louisville","KY","40206"
60007,"10812 Golden Maple Pl","Louisville","KY","40223"
60008,"3902 Blooming Spring Ct","Louisville","KY","40299"
60009,"3807 Cressington Pl","Louisville","KY","40245"
60010,"5102 Barnes Dr","Louisville","KY","40219"
60011,"1219 Reutlinger Ave","Louisville","KY","40204"
60012,"4114 Millcreek Dr","Louisville","KY","40216"
60013,"6730 Leverett Ln","Louisville","KY","40258"
60014,"528 Gheens Ave","Louisville","KY","40214"
60015,"2013 Foxhurst Dr","Louisville","KY","40216"
60016,"2509 Fordhaven Rd","Louisville","KY","40214"
60017,"5901 Prestwood Ct","Louisville","KY","40219"
60018,"9304 Dempley Ave","Louisville","KY","40272"
60019,"9027 Auburn Woods Rd","Louisville","KY","40214"
60020,"432 Twinbrook Rd","Louisville","KY","40207"
60021,"2504 Wyeth Ct","Louisville","KY","40220"
60022,"2644 Whittier Ave","Louisville","KY","40205"
60023,"7909 Cedar Brook Dr","Louisville","KY","40219"
60024,"7915 Oswego Cir","Louisville","KY","40214"
60025,"2360 Hawthorne Ave","Louisville","KY","40205"
60026,"4914 Ana Ter","Louisville","KY","40272"
60027,"3035 Talisman Rd","Louisville","KY","40220"
60028,"2407 Ballad Blvd","Louisville","KY","40299"
60029,"116 Lawndale Ave","Louisville","KY","40214"
60030,"3917 Kennison Ave","Louisville","KY","40207"
60031,"334 Ridgeway Ave","Louisville","KY","40207"
60032,"3011 Windsor Lakes Pkwy","Louisville","KY","40214"
60033,"1200 Autumn Sun Ct","Unit 102","Louisville",
60034,"178 Vernon Ave","Louisville","KY","40206"
60035,"3769 Wheeler Ave","Louisville","KY","40215"
60036,"8106 Annella Way","Louisville","KY","40219"
60037,"5508 Ridgecrest Rd","Louisville","KY","40218"
60038,"1806 Allanwood Rd","Louisville","KY","40214"
60039,"1107 Oneida Ave","Louisville","KY","40214"
60040,"11905 Tazwell Dr","Apt 4","Louisville",
60041,"5821 Bocagrande Dr","Louisville","KY","40219"
60042,"8420 Hudson Ln","Louisville","KY","40291"
60043,"2410 Bank St","Louisville","KY","40212"
60044,"3018 Aubert Ave","Louisville","KY","40206"
60045,"404 N 43rd St","Louisville","KY","40212"
60046,"509 Candlelight Ln","Louisville","KY","40214"
60047,"109 N 44th St","Louisville","KY","40212"
60048,"4408 Lochridge Pkwy","Louisville","KY","40299"
60049,"407 Victory Ridge Ct","Louisville","KY","40245"
60050,"305 Norbourne Blvd","Louisville","KY","40207"
60051,"10008 Coby Way","Louisville","KY","40241"
60052,"3409 Janell Rd","Louisville","KY","40216"
60053,"4300 Dover Rd","Louisville","KY","40216"
60054,"2500 Bradley Ave","Louisville","KY","40217"
60055,"9602 Hunting Ground Ct","Louisville","KY","40228"
60056,"577 Sunnyside Dr","Louisville","KY","40206"
60057,"128 Gardiner Lake Rd","Louisville","KY","40205"
60058,"1744 Cherokee Ter","Louisville","KY","40205"
60059,"955 Vine St","Louisville","KY","40204"
60060,"4804 Kingfisher Way","Louisville","KY","40213"
60061,"7205 Edcoe Rd","Louisville","KY","40228"
60062,"2928 Garey Ln","Louisville","KY","40216"
60063,"409 Willow Stone Way","Louisville","KY","40223"
60064,"9903 Fairmount Rd","Louisville","KY","40291"
60065,"9004 Reinhart Way","Louisville","KY","40220"
60066,"1548 Glenrock Rd","Louisville","KY","40216"
60067,"8300 Cloverport Dr","Louisville","KY","40228"
60068,"418 N 38th St","Louisville","KY","40212"
60069,"9019 Auburn Woods Rd","Louisville","KY","40214"
60070,"1720 Wickham Way","Louisville","KY","40223"
60071,"904 Dresden Ave","Louisville","KY","40215"
60072,"1835 Alfresco Pl","Louisville","KY","40205"
60073,"530 E Blue Jay Rd","Louisville","KY","40229"
60074,"5312 Hosta Ln","Louisville","KY","40258"
60075,"6623 Gabriel Dr","Louisville","KY","40258"
60076,"6823 Green Meadow Cir","Louisville","KY","40207"
60077,"169 Pennsylvania Ave","Louisville","KY","40206"
60078,"801 Kinross Pl","Louisville","KY","40243"
60079,"3903 Kennison Ave","Louisville","KY","40207"
60080,"204 Flanders Ct","Apt 3","Louisville",
60081,"1222 Bourbon Ave","Louisville","KY","40213"
60082,"512 Nottingham Pkwy","Louisville","KY","40222"
60083,"3707 Von Spiegel St","Louisville","KY","40211"
60084,"14408 Broad Oak Trce","Louisville","KY","40245"
60085,"112 Scottsdale Blvd","Louisville","KY","40214"
60086,"1376 Waxwing Pl","Louisville","KY","40223"
60087,"909 E Chestnut St","Louisville","KY","40204"
60088,"4438 Malcolm Rd","Louisville","KY","40216"
60089,"8104 Thornwood Rd","Louisville","KY","40220"
60090,"3815 Jupiter Rd","Louisville","KY","40218"
60091,"9406 Holiday Dr","Louisville","KY","40272"
60092,"6100 Oakdale Ln","Louisville","KY","40219"
60093,"4400 Statton Rd","Louisville","KY","40220"
60094,"8411 Adams Run Rd","Louisville","KY","40228"
60095,"520 S 28th St","Louisville","KY","40211"
60096,"4601 Orleans Ct","Louisville","KY","40272"
60097,"1514 Haskin Ave","Louisville","KY","40215"
60098,"2225 Alta Ave","Louisville","KY","40205"
60099,"1103 Tallow Ln","Louisville","KY","40214"
60100,"2900 Avon Rd","Louisville","KY","40220"
60101,"3714 Willmar Ave","Louisville","KY","40218"
60102,"4700 Silverado Pl","Louisville","KY","40299"
60103,"3510 Marlin Dr","Louisville","KY","40299"
60104,"360 El Conquistador Pl","Louisville","KY","40220"
60105,"8306 Poinsettia Dr","Louisville","KY","40258"
60106,"3403 Broeck Pointe Cir","Louisville","KY","40241"
60107,"125 N Shawnee Ter","Louisville","KY","40212"
60108,"509 Southland Blvd","Louisville","KY","40214"
60109,"7202 Springdale Rd","Louisville","KY","40241"
60110,"10215 Parkstone Dr","Louisville","KY","40241"
60111,"8812 Persistence Dr","Louisville","KY","40229"
60112,"4610 Haeringdon Dr","Louisville","KY","40299"
60113,"212 Mackie Ln","Louisville","KY","40214"
60114,"100 Northwestern Pkwy","Louisville","KY","40212"
60115,"8508 Carmil Dr","Louisville","KY","40291"
60116,"4614 Chenoweth Run Rd","Louisville","KY","40299"
60117,"3522 Hughes Rd","Louisville","KY","40207"
60118,"4918 Solona Dr","Louisville","KY","40272"
60119,"1672 Trigg St","Louisville","KY","40213"
60120,"4818 Greenvale Cir","Louisville","KY","40272"
60121,"3820 Manner Dale Dr","Louisville","KY","40220"
60122,"2111 W Hill St","Louisville","KY","40210"
60123,"1666 Hale Ave","Louisville","KY","40210"
60124,"6700 Copperfield Rd","Louisville","KY","40207"
60125,"5407 Layne Rd","Louisville","KY","40219"
60126,"1654 Dixdale Ave","Louisville","KY","40210"
60127,"1723 Military Ave","Louisville","KY","40242"
60128,"1725 Military Ave","Louisville","KY","40242"
60129,"1721 Military Ave","Louisville","KY","40242"
60130,"1719 Military Ave","Louisville","KY","40242"
60131,"1612 Washington Blvd","Louisville","KY","40242"
60132,"10719 Eagle Ridge Pl","Louisville","KY","40223"
60133,"10301 Foxboro Dr","Louisville","KY","40223"
60134,"4800 Chenwood Ln","Louisville","KY","40299"
60135,"176 Shadowlawn Dr","Louisville","KY","40229"
60136,"13412 Forest Springs Dr","Louisville","KY","40245"
60137,"1701 Eagle Nest Way","Louisville","KY","40222"
60138,"212 Buckland Trce","Louisville","KY","40245"
60139,"7900 Greenway Dr","Louisville","KY","40222"
60140,"9102 Elm Ct","Louisville","KY","40299"
60141,"8609 Grand Neptune Dr","Louisville","KY","40228"
60142,"8111 Pinecastle Dr","Louisville","KY","40219"
60143,"131 N 42nd St","Louisville","KY","40212"
60144,"2128 7th Street Rd","Louisville","KY","40208"
60145,"4405 Campobello St","Louisville","KY","40213"
60146,"3137 Bushmill Park","Louisville","KY","40241"
60147,"609 Glen Ct","Louisville","KY","40207"
60148,"5511 Decker Rd","Louisville","KY","40258"
60149,"3617 Taxus Trl","Louisville","KY","40299"
60150,"7402 Deep Hollow Rd","Louisville","KY","40228"
60151,"9007 Whippoorwill Rd","Louisville","KY","40229"
60152,"16709 Mallet Hill Dr","Louisville","KY","40245"
60153,"6104 Orville Dr","Louisville","KY","40213"
60154,"307 Hatcher Ave","Louisville","KY","40214"
60155,"15 Indian Hills Trl","Louisville","KY","40207"
60156,"7103 Boxwood Rd","Louisville","KY","40222"
60157,"2214 Greenwood Ave","Louisville","KY","40210"
60158,"303 Lyndonwoods Cir","Louisville","KY","40222"
60159,"3505 Herman St","Louisville","KY","40212"
60160,"2502 Ballad Blvd","Louisville","KY","40299"
60161,"7455 Saint Andrews Church Rd","Louisville","KY","40214"
60162,"4539 Picadilly Ave","Louisville","KY","40215"
60163,"906 Bluegrass Ave","Louisville","KY","40215"
60164,"819 Gagel Ave","Louisville","KY","40216"
60165,"3406 Pinecroft Dr","Louisville","KY","40219"
60166,"4205 Davco Way","Louisville","KY","40241"
60167,"112 S 37th St","Louisville","KY","40212"
60168,"904 Burton Ave","Louisville","KY","40208"
60169,"1613 Eskridge Ln","Louisville","KY","40216"
60170,"4113 Sunny Crossing Dr","Louisville","KY","40299"
60171,"2644 Drayton Dr","Louisville","KY","40205"
60172,"701 Donard Park Ave","Louisville","KY","40218"
60173,"658 S Barbee Way","Louisville","KY","40217"
60174,"306 Casa Bella Ct","Louisville","KY","40220"
60175,"4924 S 4th St","Louisville","KY","40214"
60176,"3202 Springstead Cir","Louisville","KY","40241"
60177,"8505 Field Trails Ct","Louisville","KY","40291"
60178,"4808 Seville Dr","Louisville","KY","40272"
60179,"121 Declaration Dr","Louisville","KY","40214"
60180,"414 Marquette Dr","Louisville","KY","40222"
60181,"511 Alger Ave","Louisville","KY","40214"
60182,"7403 Rambo Way","Louisville","KY","40228"
60183,"6701 Shallow Rock Dr","Louisville","KY","40299"
60184,"1826 Bainbridge Row Dr","Louisville","KY","40207"
60185,"732 Logan St","Louisville","KY","40204"
60186,"1315 Mark Trail Rd","Louisville","KY","40242"
60187,"205 Angeletta Way","Louisville","KY","40214"
60188,"1709 Bachmann Dr","Louisville","KY","40216"
60189,"10704 Ward Ave","Louisville","KY","40223"
60190,"2404 Chadford Way","Louisville","KY","40222"
60191,"6006 Loretta St","Louisville","KY","40213"
60192,"6302 Buckskin Pl","Louisville","KY","40216"
60193,"4549 S 1st St","Louisville","KY","40214"
60194,"4922 Rockaway Cir","Louisville","KY","40216"
60195,"5309 Red Fern Rd","Louisville","KY","40218"
60196,"3810 Gaywood Dr","Louisville","KY","40272"
60197,"9213 Talitha Dr","Louisville","KY","40299"
60198,"9722 Hunting Ground Ct","Louisville","KY","40228"
60199,"2813 Montgomery St","Louisville","KY","40212"
60200,"803 S 31st St","Louisville","KY","40211"
60201,"1809 Yale Dr","Louisville","KY","40205"
60202,"1827 Mary Catherine Dr","Louisville","KY","40216"
60203,"7205 Uranus Dr","Louisville","KY","40258"
60204,"8726 Brittany Dr","Louisville","KY","40220"
60205,"981 Samuel St","Louisville","KY","40204"
60206,"2032 Goldsmith Ln","Louisville","KY","40218"
60207,"524 Washburn Ave","Louisville","KY","40222"
60208,"550 Sunnyside Dr","Louisville","KY","40206"
60209,"7206 Woodrow Way","Louisville","KY","40228"
60210,"5613 Landcross Dr","Louisville","KY","40216"
60211,"14103 Bentley Ct","Louisville","KY","40245"
60212,"4813 Rockaway Cir","Louisville","KY","40216"
60213,"4319 Tulip Grove Ct","Louisville","KY","40241"
60214,"9010 Duxbury Rd","Louisville","KY","40242"
60215,"2917 Meadow Farms Pl","Louisville","KY","40245"
60216,"8801 Cranborne Ct","Louisville","KY","40241"
60217,"3126 Radiance Rd","Louisville","KY","40220"
60218,"3810 Spring Willow Ct","Louisville","KY","40299"
60219,"4100 Berenger Field Dr","Louisville","KY","40299"
60220,"10409 Florian Rd","Louisville","KY","40223"
60221,"6101 Black Tie Ct","Louisville","KY","40258"
60222,"3212 Kingswood Way","Louisville","KY","40216"
60223,"317 Alcott Rd","Louisville","KY","40207"
60224,"6604 Poplar Forest Ln","Louisville","KY","40291"
60225,"4400 Accomack Dr","Louisville","KY","40241"
60226,"3927 S 2nd St","Louisville","KY","40214"
60227,"9500 Candywood Ln","Louisville","KY","40291"
60228,"2818 Brookdale Ave","Louisville","KY","40220"
60229,"4903 Billtown Rd","Louisville","KY","40299"
60230,"4312 Brownsboro Glen Rd","Louisville","KY","40241"
60231,"11910 Halifax Dr","Louisville","KY","40245"
60232,"3720 Mamaroneck Rd","Louisville","KY","40218"
60233,"12410 Aquarius Rd","Louisville","KY","40243"
60234,"4015 Grand Ave","Louisville","KY","40211"
60235,"1009 King Arthur Ln","Louisville","KY","40222"
60236,"3408 Taylorsville Rd","Apt 4","Louisville",
60237,"1629 Tyler Pkwy","Louisville","KY","40204"
60238,"280 Stonehenge Dr","Apt 102","Louisville",
60239,"3018 Bunker Hill Dr","Louisville","KY","40205"
60240,"5100 Us Hwy","42 Apt 631","Louisville",
60241,"1023 Wagner Ave","Louisville","KY","40217"
60242,"3011 Lake Vista Dr","Louisville","KY","40241"
60243,"1036 Lynnhurst Ave","Louisville","KY","40215"
60244,"10203 Meadow Glen Way","Louisville","KY","40241"
60245,"4906 Vassar Ave","Louisville","KY","40258"
60246,"8809 Michael Edward Dr","Louisville","KY","40291"
60247,"3315 Brownsboro Rd","Louisville","KY","40207"
60248,"5108 Joy Dr","Louisville","KY","40216"
60249,"1117 Ridge Line Dr","Louisville","KY","40207"
60250,"3535 Winchester Rd","Louisville","KY","40207"
60251,"3905 Kirby Ln","Louisville","KY","40299"
60252,"1314 Homeview Dr","Louisville","KY","40215"
60253,"5304 Cranwood Ln","Louisville","KY","40291"
60254,"14002 Broadripple Pl","Louisville","KY","40299"
60255,"6904 Avanti Pl","Louisville","KY","40291"
60256,"10716 English Oak Ct","Louisville","KY","40241"
60257,"11012 Youngtown Dr","Louisville","KY","40272"
60258,"8803 Vision Pl","Louisville","KY","40229"
60259,"11532 Reality Trl","Louisville","KY","40229"
60260,"7713 Apple Mill Pl","Louisville","KY","40228"
60261,"8900 Sweet Bay Pl","Louisville","KY","40242"
60262,"3229 Ellis Way","Louisville","KY","40220"
60263,"1307 Mark Trail Rd","Louisville","KY","40242"
60264,"720 Waterford Rd","Louisville","KY","40207"
60265,"4215 Blossomwood Dr","Louisville","KY","40220"
60266,"3938 Gilman Ave","Louisville","KY","40207"
60267,"7712 Charron Ct","Louisville","KY","40220"
60268,"4511 Varble Ave","Louisville","KY","40211"
60269,"10203 Landwood Dr","Louisville","KY","40291"
60270,"292 Circle Valley Dr","Louisville","KY","40229"
60271,"8805 Wisdom Ln","Louisville","KY","40229"
60272,"10701 High Grove Pl","Louisville","KY","40223"
60273,"606 N Arbor Dr","Louisville","KY","40223"
60274,"11312 Cottage View Ct","Louisville","KY","40299"
60275,"2413 Sir Johns Ct","Louisville","KY","40220"
60276,"6209 Aroxie Ct","Louisville","KY","40258"
60277,"2914 Wallingford Ct","Louisville","KY","40218"
60278,"13616 Arbor Crest Cir","Louisville","KY","40245"
60279,"8305 Running Spring Dr","Louisville","KY","40241"
60280,"3310 Janell Rd","Louisville","KY","40216"
60281,"3721 Bardstown Rd","Apt 107","Louisville",
60282,"504 Brookview Rd","Louisville","KY","40207"
60283,"4542 S 3rd St","Louisville","KY","40214"
60284,"10305 S Dodge Ln","Louisville","KY","40272"
60285,"10709 English Oak Ct","Louisville","KY","40241"
60286,"5103 Craigs Creek Dr","Louisville","KY","40241"
60287,"3614 Vanguard Dr","Louisville","KY","40229"
60288,"2333 Brookside Dr","Louisville","KY","40205"
60289,"10508 Black Iron Rd","Louisville","KY","40291"
60290,"526 E Barbee Ave","Louisville","KY","40217"
60291,"5806 Crockett Dr","Louisville","KY","40258"
60292,"6501 Alamo Ct","Louisville","KY","40258"
60293,"3714 Freestone Ct","Louisville","KY","40218"
60294,"9911 Scrim Ave","Louisville","KY","40272"
60295,"2538 Tennyson Ave","Louisville","KY","40205"
60296,"4908 Vassar Ave","Louisville","KY","40258"
60297,"8450 Robbins Rd","Louisville","KY","40258"
60298,"515 Eastern Pkwy","Louisville","KY","40217"
60299,"6006 Ridge Creek Ct","Louisville","KY","40291"
60300,"740 Shady Brook Ln","Louisville","KY","40229"
60301,"2118 Starmont Rd","Louisville","KY","40207"
60302,"4414 Vaneto Dr","Louisville","KY","40216"
60303,"1007 Cristland Rd","Louisville","KY","40214"
60304,"4608 Oak Forest Rd","Louisville","KY","40245"
60305,"10908 Hobbs Station Rd","Louisville","KY","40223"
60306,"8813 Perry Rd","Louisville","KY","40222"
60307,"12382 Spring Leaf Ct","Louisville","KY","40229"
60308,"1727 Clayton Rd","Louisville","KY","40205"
60309,"3215 La Follette Ct","Louisville","KY","40299"
60310,"1902 Taffeta Dr","Louisville","KY","40272"
60311,"2405 Clarendon Ave","Louisville","KY","40205"
60312,"2209 Renown Dr","Louisville","KY","40299"
60313,"2213 W Ormsby Ave","Louisville","KY","40210"
60314,"4613 Wolfcreek Pkwy","Louisville","KY","40241"
60315,"1010 Mckinley Ave","Louisville","KY","40217"
60316,"4714 Nottinghamshire Dr","Louisville","KY","40299"
60317,"7237 Quindero Run Rd","Louisville","KY","40228"
60318,"15704 Beckley Hills Dr","Louisville","KY","40245"
60319,"510 S 16th St","Louisville","KY","40203"
60320,"6203 Perma Dr","Louisville","KY","40218"
60321,"627 E Hill St","Louisville","KY","40217"
60322,"6305 Sheila Rd","Louisville","KY","40219"
60323,"508 Lymington Ct","Louisville","KY","40243"
60324,"4521 Lincoln Rd","Louisville","KY","40220"
60325,"12005 Brookmoor Dr","Louisville","KY","40243"
60326,"5411 Cannonwood Dr","Louisville","KY","40229"
60327,"310 N 32nd St","Louisville","KY","40212"
60328,"3618 Stanton Blvd","Louisville","KY","40220"
60329,"108 E Collins Ct","Louisville","KY","40214"
60330,"2122 Edgeland Ave","Louisville","KY","40204"
60331,"306 W Kenwood Way","Louisville","KY","40214"
60332,"1119 Rostrevor Cir","Louisville","KY","40205"
60333,"8404 Jan Way","Louisville","KY","40219"
60334,"1171 S 41st St","Louisville","KY","40211"
60335,"548 Rubel Ave","Louisville","KY","40204"
60336,"542 Rubel Ave","Louisville","KY","40204"
60337,"600 Rubel Ave","Louisville","KY","40204"
60338,"2227 Eastview Ave","Louisville","KY","40205"
60339,"8505 Atrium Dr","Apt 202","Louisville",
60340,"4511 Pulaski Ct","Louisville","KY","40245"
60341,"2516 Saratoga Dr","Louisville","KY","40205"
60342,"7011 Birnamwood Dr","Louisville","KY","40258"
60343,"8713 Watterson Trl","Louisville","KY","40299"
60344,"2911 Montgomery St","Louisville","KY","40212"
60345,"5404 Cedarwood Dr","Louisville","KY","40272"
60346,"8500 Thompson Ln","Louisville","KY","40258"
60347,"206 Marshall Dr","Louisville","KY","40207"
60348,"5117 Craigs Creek Dr","Louisville","KY","40241"
60349,"11002 Waycross Ave","Louisville","KY","40229"
60350,"8803 Mountain Brook Dr","Louisville","KY","40272"
60351,"2312 Upper Hunters Trce","Louisville","KY","40216"
60352,"2029 San Jose Ave","Louisville","KY","40216"
60353,"8515 Aspen Glen Way","Louisville","KY","40228"
60354,"7601 Mary Lee Dr","Louisville","KY","40291"
60355,"979 Vine St","Louisville","KY","40204"
60356,"1269 Parkway Gardens Ct","Apt 203","Louisville",
60357,"7602 Columbine Dr","Louisville","KY","40258"
60358,"6307 Oak Valley Dr","Louisville","KY","40214"
60359,"3105 Youngtown Ct","Louisville","KY","40272"
60360,"10911 Golden Dr","Louisville","KY","40272"
60361,"1423 S Shelby St","Louisville","KY","40217"
60362,"110 S 33rd St","Louisville","KY","40212"
60363,"1605 Russell Lee Dr","Louisville","KY","40211"
60364,"4212 Leo Ln","Louisville","KY","40299"
60365,"1905 Wesley Ave","Louisville","KY","40220"
60366,"2141 Peabody Ln","Louisville","KY","40218"
60367,"4926 Applegrove Ln","Louisville","KY","40218"
60368,"4920 Axtell Ave","Louisville","KY","40258"
60369,"2702 Sycamore Woods Ct","Louisville","KY","40241"
60370,"4603 Fox Run Rd","Louisville","KY","40207"
60371,"6111 S Watterson Trl","Louisville","KY","40291"
60372,"9301 Beulah Church Rd","Louisville","KY","40291"
60373,"3622 Windward Way","Louisville","KY","40220"
60374,"1410 Rhonda Way","Louisville","KY","40216"
60375,"2908 Cleveland Blvd","Louisville","KY","40206"
60376,"2203 Griffiths Ave","Louisville","KY","40212"
60377,"3161 Bushmill Park","Louisville","KY","40241"
60378,"1905 Strathmoor Blvd","Louisville","KY","40205"
60379,"614 Cecil Ave","Louisville","KY","40211"
60380,"4404 Bays End Ct","Louisville","KY","40245"
60381,"4405 Alicent Ct","Louisville","KY","40207"
60382,"4916 Woodhill Ln","Louisville","KY","40219"
60383,"10806 Hollyview Ct","Louisville","KY","40299"
60384,"5401 Galaxie Dr","Louisville","KY","40258"
60385,"5800 Emmalee Dr","Louisville","KY","40219"
60386,"100 Blankenbaker Ln","Louisville","KY","40207"
60387,"405 Landis Ridge Dr","Louisville","KY","40245"
60388,"4849 Cane Run Rd","Louisville","KY","40216"
60389,"4507 Goshawk Ct","Louisville","KY","40241"
60390,"4305 Tulip Grove Ct","Louisville","KY","40241"
60391,"5100 Margo Ct","Louisville","KY","40258"
60392,"6109 Black Tie Ct","Louisville","KY","40258"
60393,"4417 Broadleaf Dr","Louisville","KY","40216"
60394,"10101 Blossom Tree Way","Louisville","KY","40241"
60395,"404 W Southside Ct","Louisville","KY","40214"
60396,"917 Algonquin Pkwy","Louisville","KY","40208"
60397,"1027 Carlisle Ave","Louisville","KY","40215"
60398,"142 Gillette Ave","Louisville","KY","40214"
60399,"5816 Emmalee Dr","Louisville","KY","40219"
60400,"8919 Waltlee Rd","Louisville","KY","40291"
60401,"113 N Peterson Ave","Louisville","KY","40206"
60402,"11702 Reality Trl","Louisville","KY","40229"
60403,"2807 Woodward Dr","Louisville","KY","40220"
60404,"6208 Winding Stream Dr","Louisville","KY","40272"
60405,"6411 Cedar Branch Ct","Louisville","KY","40291"
60406,"3210 Hale Ave","Louisville","KY","40211"
60407,"735 Fairhill Dr","Louisville","KY","40207"
60408,"4911 S 5th St","Louisville","KY","40214"
60409,"3112 Bridwell Dr","Louisville","KY","40216"
60410,"11313 Wooded Branch Ln","Louisville","KY","40291"
60411,"8814 Wisdom Ln","Louisville","KY","40229"
60412,"130 William St","Louisville","KY","40206"
60413,"5903 Full Moon Ct","Louisville","KY","40216"
60414,"2801 Thistlewood Dr","Louisville","KY","40206"
60415,"11905 Cedardale Rd","Louisville","KY","40223"
60416,"5106 Harvest Dr","Louisville","KY","40216"
60417,"4726 Bellevue Ave","Louisville","KY","40215"
60418,"579 S Steedland Dr","Louisville","KY","40229"
60419,"1209 Lynn Myra Ct","Louisville","KY","40214"
60420,"10104 Lanson Ct","Louisville","KY","40272"
60421,"10007 Moon Beam Ct","Louisville","KY","40272"
60422,"9501 Watterson Trl","Louisville","KY","40299"
60423,"930 E Oak St","Louisville","KY","40204"
60424,"2658 Kings Hwy","Louisville","KY","40205"
60425,"2518 Montpelier Ct","Louisville","KY","40272"
60426,"5100 Us Hwy","42 Apt 1241","Louisville",
60427,"1813 Millers Ln","Louisville","KY","40216"
60428,"1131 Reutlinger Ave","Louisville","KY","40204"
60429,"11413 United Blvd","Louisville","KY","40229"
60430,"7003 Heavrin Ave","Louisville","KY","40218"
60431,"1729 Baird St","Louisville","KY","40203"
60432,"7916 3rd Street Rd","Louisville","KY","40214"
60433,"4520 Saratoga Woods Dr","Louisville","KY","40299"
60434,"1402 Carlimar Ln","Louisville","KY","40222"
60435,"2107 Hillcircle Rd","Louisville","KY","40214"
60436,"7612 Cooper Chapel Rd","Louisville","KY","40229"
60437,"5315 Oaklawn Park Dr","Louisville","KY","40299"
60438,"13121 Willow Forest Dr","Louisville","KY","40245"
60439,"1358 S 1st St","Louisville","KY","40208"
60440,"3503 Allison Way","Louisville","KY","40220"
60441,"8606 Image Way","Louisville","KY","40299"
60442,"331 S Birchwood Ave","Louisville","KY","40206"
60443,"5502 Lagoona Dr","Louisville","KY","40219"
60444,"4105 Orchard Way","Louisville","KY","40216"
60445,"7203 Ridge Creek Rd","Louisville","KY","40291"
60446,"7818 Edsel Ln","Louisville","KY","40291"
60447,"12431 Kingsley Dr","Louisville","KY","40229"
60448,"1922 Arboro Pl","Louisville","KY","40220"
60449,"2506 Marguerite Dr","Louisville","KY","40216"
60450,"7908 Fir Green Way","Louisville","KY","40291"
60451,"434 Camp St","Louisville","KY","40203"
60452,"1108 Logan St","Louisville","KY","40204"
60453,"1818 Brownsboro Rd","Louisville","KY","40206"
60454,"3409 Powell Ave","Louisville","KY","40215"
60455,"3839 Ormond Rd","Louisville","KY","40207"
60456,"1709 Cimmaron Trl","Louisville","KY","40223"
60457,"906 Lodge Hill Rd","Louisville","KY","40223"
60458,"7423 Falls Ridge Ct","Louisville","KY","40241"
60459,"3107 Brownsboro Vista Dr","Louisville","KY","40242"
60460,"3308 Dumesnil St","Louisville","KY","40211"
60461,"4314 Belrad Dr","Louisville","KY","40218"
60462,"3823 Wewoka Ave","Louisville","KY","40212"
60463,"4912 Burkhead Ave","Louisville","KY","40258"
60464,"8008 Daffodil Dr","Louisville","KY","40258"
60465,"203 S Lyndon Ln","Louisville","KY","40222"
60466,"1437 Taylor Ave","Louisville","KY","40213"
60467,"330 Zorn Ave","Louisville","KY","40206"
60468,"9004 Maplecreek Dr","Louisville","KY","40219"
60469,"7608 Marietta Ct","Louisville","KY","40258"
60470,"4144 Cane Run Rd","Louisville","KY","40216"
60471,"4302 Wooded Bend Way","Louisville","KY","40245"
60472,"8711 Broadwood Ct","Louisville","KY","40291"
60473,"1622 Longfield Ave","Louisville","KY","40215"
60474,"8709 Chelmer Ln","Louisville","KY","40220"
60475,"118 Arterburn Dr","Louisville","KY","40222"
60476,"3004 Virginia Ave","Louisville","KY","40211"
60477,"11005 Lansford Dr","Louisville","KY","40272"
60478,"4825 Southern Pkwy","Louisville","KY","40214"
60479,"414 Virginia Ave","Louisville","KY","40222"
60480,"4301 Hunsinger Ln","Louisville","KY","40220"
60481,"14311 Micawber Way","Louisville","KY","40245"
60482,"2005 Round Ridge Rd","Louisville","KY","40207"
60483,"7216 Blazier Ct","Louisville","KY","40228"
60484,"2115 Hale Ave","Louisville","KY","40210"
60485,"1116 Lillian Ave","Louisville","KY","40208"
60486,"4618 Bellevue Ave","Louisville","KY","40215"
60487,"224 Biltmore Rd","Louisville","KY","40207"
60488,"7510 Lesane Dr","Louisville","KY","40214"
60489,"301 Cornwallis Ct","Louisville","KY","40214"
60490,"717 Cecil Ave","Louisville","KY","40211"
60491,"3026 Likens Ave","Louisville","KY","40211"
60492,"3007 S Crums Ln","Louisville","KY","40216"
60493,"4020 Valley View Dr","Louisville","KY","40216"
60494,"4409 Deepwood Dr","Louisville","KY","40241"
60495,"2623 Ballantrae Cir","Louisville","KY","40242"
60496,"3403 Sample Way","Louisville","KY","40245"
60497,"7011 Meihaus Way","Louisville","KY","40272"
60498,"2310 Alice Kay Dr","Louisville","KY","40214"
60499,"1431 Rufer Ave","Louisville","KY","40204"
60500,"8901 Westport Rd","Louisville","KY","40242"
60501,"3816 Oboe Dr","Louisville","KY","40216"
60502,"1230 Bates Ct","Louisville","KY","40204"
60503,"4222 Stilger Cir","Louisville","KY","40299"
60504,"3620 River Park Dr","Louisville","KY","40211"
60505,"1714 Sonne Ave","Louisville","KY","40216"
60506,"10512 Wemberley Hill Blvd","Louisville","KY","40241"
60507,"10907 Talon Way","Louisville","KY","40223"
60508,"14206 Lake Forest Dr","Louisville","KY","40245"
60509,"9706 Brooks Bend Rd","Louisville","KY","40258"
60510,"3707 Freestone Ct","Louisville","KY","40218"
60511,"7101 Woodrow Way","Louisville","KY","40228"
60512,"118 S Hampton Rd","Louisville","KY","40223"
60513,"3006 Aspenwood Way","Louisville","KY","40241"
60514,"4110 Elmwood Ave","Louisville","KY","40207"
60515,"2507 Osage Ave","Louisville","KY","40210"
60516,"3902 Glen Valley Rd","Louisville","KY","40219"
60517,"9404 Hunter Rd","Louisville","KY","40242"
60518,"6102 Cooper Chapel Rd","Louisville","KY","40229"
60519,"3612 Dayton Ave","Louisville","KY","40207"
60520,"2139 Wallie Ann Ct","Louisville","KY","40210"
60521,"4708 Willow Forest Pl","Louisville","KY","40245"
60522,"1828 Farnsley Rd","Louisville","KY","40216"
60523,"2067 Eastern Pkwy","Louisville","KY","40204"
60524,"5207 Silverton Ln","Louisville","KY","40241"
60525,"9608 Brooks Bend Rd","Louisville","KY","40258"
60526,"5736 New Cut Rd","Louisville","KY","40214"
60527,"2853 Nepperhan Rd","Louisville","KY","40218"
60528,"1201 Winterbranch Way","Louisville","KY","40245"
60529,"14810 Forest Oaks Dr","Louisville","KY","40245"
60530,"7125 Orchard Lake Blvd","Louisville","KY","40218"
60531,"943 Mulberry St","Louisville","KY","40217"
60532,"4204 Tamm Ct","Louisville","KY","40272"
60533,"1616 Night Hawk Ct","Louisville","KY","40223"
60534,"2013 Bashford Manor Ln","Louisville","KY","40218"
60535,"4608 Beaver Rd","Louisville","KY","40207"
60536,"1801 Millgate Rd","Louisville","KY","40223"
60537,"1233 Morgan Ave","Louisville","KY","40213"
60538,"116 Old Towne Rd","Louisville","KY","40214"
60539,"4015 Carbine Ln","Louisville","KY","40229"
60540,"7222 Quindero Run Rd","Louisville","KY","40228"
60541,"4308 Silver Oaks Ct","Louisville","KY","40272"
60542,"6015 Highplace Dr","Louisville","KY","40291"
60543,"10416 Vantage Rd","Louisville","KY","40299"
60544,"1814 Allanwood Rd","Louisville","KY","40214"
60545,"11517 Saratoga Club Rd","Louisville","KY","40299"
60546,"8600 Locust Ct","Louisville","KY","40242"
60547,"2602 Summerfield Dr","Louisville","KY","40220"
60548,"4607 Oak Forest Rd","Louisville","KY","40245"
60549,"410 Overdale Dr","Louisville","KY","40229"
60550,"4111 Moray Ct","Louisville","KY","40216"
60551,"8214 Adams Run Rd","Louisville","KY","40228"
60552,"8803 Doe Run Ct","Louisville","KY","40242"
60553,"1219 Short St","Louisville","KY","40213"
60554,"8901 Lyndon Lakes Pl","Louisville","KY","40242"
60555,"305 Pepperbush Rd","Louisville","KY","40207"
60556,"8006 Grenelle Dr","Louisville","KY","40228"
60557,"1353 Cypress St","Louisville","KY","40211"
60558,"7912 Gayeway Dr","Louisville","KY","40219"
60559,"732 Burton Ave","Louisville","KY","40208"
60560,"8113 Sycamore Creek Dr","Louisville","KY","40222"
60561,"12409 Hersfield Rd","Louisville","KY","40223"
60562,"1700 Sulgrave Rd","Louisville","KY","40205"
60563,"13204 Lavenia Ln","Louisville","KY","40272"
60564,"3307 Moulton Ln","Louisville","KY","40218"
60565,"5205 Green Cove Cir","Louisville","KY","40218"
60566,"3014 Fleming Ave","Louisville","KY","40206"
60567,"1514 Ocala Rd","Louisville","KY","40222"
60568,"8114 Shobe Ln","Louisville","KY","40228"
60569,"1343 Forest Dr","Louisville","KY","40219"
60570,"4577 S 1st St","Louisville","KY","40214"
60571,"1217 Delor Ave","Louisville","KY","40217"
60572,"2810 Kosmar Ct","Louisville","KY","40242"
60573,"5502 Applegate Ln","Louisville","KY","40219"
60574,"3314 E Indian Trl","Louisville","KY","40213"
60575,"5307 Fairy Belle Ct","Louisville","KY","40213"
60576,"2518 S 5th St","Louisville","KY","40208"
60577,"9519 Maple Rd","Louisville","KY","40229"
60578,"2311 Plantation Dr","Louisville","KY","40216"
60579,"9804 Brooks Bend Rd","Louisville","KY","40258"
60580,"10215 Seatonville Rd","Louisville","KY","40291"
60581,"3009 Windsor Lakes Pkwy","Louisville","KY","40214"
60582,"7707 Jonquil Dr","Louisville","KY","40258"
60583,"6512 Upper Hunters Trce","Louisville","KY","40216"
60584,"2216 Fairland Ave","Louisville","KY","40218"
60585,"8403 Jenny Lind Dr","Louisville","KY","40219"
60586,"300 Willowbrook Rd","Louisville","KY","40243"
60587,"109 Wise Ct","Louisville","KY","40229"
60588,"199 Saguaro Dr","Louisville","KY","40229"
60589,"9601 3rd Street Rd","Louisville","KY","40272"
60590,"8801 William Penn Way","Louisville","KY","40228"
60591,"10218 Grand Ave","Louisville","KY","40299"
60592,"8511 Cheffield Dr","Louisville","KY","40222"
60593,"6007 Bay Pine Dr","Louisville","KY","40219"
60594,"4217 Machupe Dr","Louisville","KY","40241"
60595,"1162 Lincoln Ave","Louisville","KY","40208"
60596,"12416 Hedgeapple Way","Louisville","KY","40272"
60597,"1261 Lydia St","Louisville","KY","40217"
60598,"325 Norbourne Blvd","Louisville","KY","40207"
60599,"3829 Ormond Rd","Louisville","KY","40207"
60600,"6611 Timberbend Dr","Louisville","KY","40229"
60601,"711 Kathleen Ave","Louisville","KY","40215"
60602,"5205 Terrace Green Cir","Louisville","KY","40218"
60603,"4024 Lisa Ave","Louisville","KY","40216"
60604,"8115 Ardenia Ln","Louisville","KY","40228"
60605,"7035 Kentucky Ave","Louisville","KY","40258"
60606,"8702 Redcoat Ct","Louisville","KY","40291"
60607,"4907 Kay Ave","Louisville","KY","40299"
60608,"3402 Barbour Ln","Louisville","KY","40241"
60609,"611 W Evelyn Ave","Louisville","KY","40215"
60610,"5516 Vevia Pl","Louisville","KY","40272"
60611,"3623 Del Park Ter","Louisville","KY","40211"
60612,"2645 Dixdale Ave","Louisville","KY","40210"
60613,"1130 Blackthorn Rd","Louisville","KY","40299"
60614,"7000 Applegate Ln","Louisville","KY","40228"
60615,"5217 Moccasin Trl","Louisville","KY","40207"
60616,"6312 Chadron Dr","Louisville","KY","40258"
60617,"8316 Lake Superior Dr","Louisville","KY","40291"
60618,"4411 Century Rd","Louisville","KY","40299"
60619,"5701 Tallridge Pl","Louisville","KY","40229"
60620,"6305 Greenview Dr","Louisville","KY","40216"
60621,"9214 Wanlou Dr","Louisville","KY","40272"
60622,"1623 Bonnycastle Ave","Louisville","KY","40205"
60623,"4121 Lee Ave","Louisville","KY","40213"
60624,"4006 Tally Ho Ct","Louisville","KY","40299"
60625,"2516 Krause Dr","Louisville","KY","40216"
60626,"2409 Ashwood Dr","Louisville","KY","40205"
60627,"6815 Holly Lake Dr","Louisville","KY","40291"
60628,"9502 Cedarlook Dr","Louisville","KY","40291"
60629,"351 N 28th St","Louisville","KY","40212"
60630,"8415 Manson Way","Louisville","KY","40258"
60631,"9901 Sprig Way","Louisville","KY","40291"
60632,"3618 E Indian Trl","Louisville","KY","40213"
60633,"1163 Loretta St","Louisville","KY","40213"
60634,"7900 Columbine Dr","Louisville","KY","40258"
60635,"728 Palatka Rd","Louisville","KY","40214"
60636,"1113 Goss Ave","Louisville","KY","40217"
60637,"1905 Nelson Ave","Louisville","KY","40216"
60638,"11714 Wetherby Ave","Louisville","KY","40243"
60639,"9912 Indian Falls Dr","Louisville","KY","40229"
60640,"11718 Oak Bay Dr","Louisville","KY","40245"
60641,"9514 Stonelanding Pl","Louisville","KY","40272"
60642,"4019 Blanton Ln","Louisville","KY","40216"
60643,"6004 Croxie Ct","Louisville","KY","40258"
60644,"3413 Grandview Ave","Louisville","KY","40207"
60645,"1800 Eagle Creek Pl","Louisville","KY","40222"
60646,"4136 Lilac Vista Dr","Louisville","KY","40241"
60647,"12386 Spring Leaf Ct","Louisville","KY","40229"
60648,"3102 Thousand Oaks Dr","Louisville","KY","40205"
60649,"1414 Wurtele Ave","Louisville","KY","40208"
60650,"2915 Portland Ave","Louisville","KY","40212"
60651,"3532 Woodruff Ave","Louisville","KY","40215"
60652,"2120 Osage Ave","Louisville","KY","40210"
60653,"1544 Berry Blvd","Louisville","KY","40215"
60654,"1031 E Saint Catherine St","Louisville","KY","40204"
60655,"7016 Catalpa Springs Dr","Louisville","KY","40228"
60656,"834 Linwood Ave","Louisville","KY","40217"
60657,"1379 S 1st St","Louisville","KY","40208"
60658,"513 Southland Blvd","Louisville","KY","40214"
60659,"2920 Lexham Rd","Louisville","KY","40220"
60660,"4124 River Park Dr","Louisville","KY","40211"
60661,"4802 Seville Dr","Louisville","KY","40272"
60662,"4813 Bluebird Ave","Louisville","KY","40213"
60663,"1800 Rutherford Ave","Louisville","KY","40205"
60664,"7800 Mary Sue Dr","Louisville","KY","40291"
60665,"1411 S 32nd St","Louisville","KY","40211"
60666,"10108 Fairmount Rd","Louisville","KY","40291"
60667,"2131 Belmont Rd","Louisville","KY","40218"
60668,"1927 Richmond Dr","Louisville","KY","40205"
60669,"10115 Headley Hill Rd","Louisville","KY","40223"
60670,"8610 Montrie Ct","Louisville","KY","40219"
60671,"808 W Ashland Ave","Louisville","KY","40215"
60672,"4806 Whitekirk Ct","Louisville","KY","40222"
60673,"5105 Southern Pkwy","Louisville","KY","40214"
60674,"4117 Sirate Ln","Louisville","KY","40229"
60675,"4916 S 4th St","Louisville","KY","40214"
60676,"3700 Fallen Timber Dr","Louisville","KY","40241"
60677,"18515 Longview Park Ln","Louisville","KY","40245"
60678,"5608 Mockernut Ln","Louisville","KY","40258"
60679,"405 Olde Colony Cv","Louisville","KY","40214"
60680,"7226 Quindero Run Rd","Louisville","KY","40228"
60681,"5100 Monaco Dr","Louisville","KY","40219"
60682,"2102 Gateway Ct","Louisville","KY","40299"
60683,"4904 Greenwood Rd","Louisville","KY","40258"
60684,"1221 Krupp Park Dr","Louisville","KY","40213"
60685,"3912 Elmwood Ave","Louisville","KY","40207"
60686,"904 Thorpe Dr","Louisville","KY","40243"
60687,"4223 Brookhaven Ave","Louisville","KY","40220"
60688,"10209 Glenmary Farm Dr","Louisville","KY","40291"
60689,"6223 River Pointe Dr","Louisville","KY","40258"
60690,"1441 Twin Ridge Rd","Louisville","KY","40242"
60691,"4420 Dyer Ave","Louisville","KY","40213"
60692,"1013 Ardmore Dr","Louisville","KY","40217"
60693,"11421 Ridge Lake Dr","Louisville","KY","40272"
60694,"3730 Hurstbourne Ridge Blvd","Louisville","KY","40299"
60695,"2819 Flora Ave","Louisville","KY","40220"
60696,"1302 Etawah Ave","Louisville","KY","40222"
60697,"2817 Elam Dr","Louisville","KY","40213"
60698,"1550 Clara Ave","Louisville","KY","40215"
60699,"8811 Wisdom Ln","Louisville","KY","40229"
60700,"440 University Ave","Louisville","KY","40206"
60701,"5108 Graston Ct","Louisville","KY","40216"
60702,"5705 Southland Blvd","Louisville","KY","40214"
60703,"4600 Chenoweth Run Rd","Louisville","KY","40299"
60704,"5706 Toebbe Ln","Louisville","KY","40229"
60705,"9603 Aylesbury Dr","Louisville","KY","40242"
60706,"8705 Honor Ave","Louisville","KY","40219"
60707,"1000 Meadow Hill Rd","Louisville","KY","40219"
60708,"1307 Bent Willow Ln","Louisville","KY","40214"
60709,"4503 Epinay Ct","Louisville","KY","40272"
60710,"1238 Fischer Ave","Louisville","KY","40204"
60711,"1400 Twin Ridge Rd","Louisville","KY","40242"
60712,"12112 Vanherr Dr","Louisville","KY","40299"
60713,"336 E Blue Jay Rd","Louisville","KY","40229"
60714,"1801 Shady Ln","Unit 2","Louisville",
60715,"6700 Shallow Rock Dr","Louisville","KY","40299"
60716,"1509 Christy Ave","Louisville","KY","40204"
60717,"9407 Cornflower Rd","Louisville","KY","40272"
60718,"176 Cactus Ct","Louisville","KY","40229"
60719,"5603 Bruns Dr","Louisville","KY","40216"
60720,"9206 S Pirogue Ct","Louisville","KY","40299"
60721,"1725 Meyers Ln","Louisville","KY","40216"
60722,"6605 Lucerne Ave","Louisville","KY","40216"
60723,"3113 Shady Springs Dr","Louisville","KY","40299"
60724,"2016 Bainbridge Row Dr","Louisville","KY","40207"
60725,"205 Alvina Way","Louisville","KY","40214"
60726,"1600 Gardiner Ln","Apt 215","Louisville",
60727,"3247 Virginia Ave","Louisville","KY","40211"
60728,"311 Longview Park Pl","Louisville","KY","40245"
60729,"2130 Wrocklage Ave","Louisville","KY","40205"
60730,"1091 Bicknell Ave","Louisville","KY","40215"
60731,"10538 Monticello Forest Cir","Louisville","KY","40299"
60732,"4110 Lee Ave","Louisville","KY","40213"
60733,"9706 Forestwood Dr","Louisville","KY","40299"
60734,"214 S Arbor Park","Louisville","KY","40214"
60735,"934 W Whitney Ave","Louisville","KY","40215"
60736,"3608 Regatta Way","Louisville","KY","40211"
60737,"4222 Sunset Ave","Louisville","KY","40211"
60738,"2517 Lamborne Blvd","Louisville","KY","40272"
60739,"126 N Bellaire Ave","Louisville","KY","40206"
60740,"9210 Hawthorne Pointe Dr","Unit 202","Louisville",
60741,"8015 Huntsman Trl","Louisville","KY","40291"
60742,"511 Fountain Ave","Louisville","KY","40222"
60743,"1302 Pickings Pl","Unit 104","Louisville",
60744,"4720 Fox Den Ct","Louisville","KY","40241"
60745,"161 Thierman Ln","Apt 2F","Louisville",
60746,"7906 Tip Top Ln","Louisville","KY","40219"
60747,"10406 Tollhouse Ct","Louisville","KY","40241"
60748,"7705 Mary Sue Dr","Louisville","KY","40291"
60749,"1048 Bluegrass Ave","Louisville","KY","40215"
60750,"5602 Lagoona Dr","Louisville","KY","40219"
60751,"8823 Wisdom Ln","Louisville","KY","40229"
60752,"8613 Broecker Blvd","Louisville","KY","40241"
60753,"2414 Ballad Blvd","Louisville","KY","40299"
60754,"9507 Hunting Ground Ct","Louisville","KY","40228"
60755,"4006 Mapleton Ave","Louisville","KY","40215"
60756,"3404 Glenview Ave","Louisville","KY","40222"
60757,"2113 Eddy St","Louisville","KY","40212"
60758,"10403 Leddenton Way","Louisville","KY","40241"
60759,"6201 Lower Hunters Trce","Louisville","KY","40258"
60760,"8004 Celestial Way","Louisville","KY","40291"
60761,"8102 Pina Way","Louisville","KY","40219"
60762,"6102 Black Tie Ct","Louisville","KY","40258"
60763,"1601 Trevilian Way","Louisville","KY","40205"
60764,"2322 Dixdale Ave","Louisville","KY","40210"
60765,"3030 Breckenridge Ln","Apt 428","Louisville",
60766,"806 Cattleya Ct","Louisville","KY","40207"
60767,"6407 Deming Ln","Louisville","KY","40258"
60768,"663 Breckenridge Ln","Louisville","KY","40207"
60769,"822 Flicker Rd","Louisville","KY","40214"
60770,"4707 Silverado Pl","Louisville","KY","40299"
60771,"9902 Park Lake Dr","Louisville","KY","40229"
60772,"8702 Rambo Ct","Louisville","KY","40228"
60773,"11702 Kewana Ct","Louisville","KY","40299"
60774,"4014 Brookfield Ave","Louisville","KY","40207"
60775,"200 Travois Rd","Louisville","KY","40207"
60776,"2815 Conroy Pl","Louisville","KY","40218"
60777,"610 Gatehouse Ln","Louisville","KY","40243"
60778,"2406 Farnsley Rd","Louisville","KY","40216"
60779,"8305 Sunny Ridge Ct","Louisville","KY","40299"
60780,"10418 Whipps Mill Rd","Louisville","KY","40223"
60781,"421 Oread Rd","Louisville","KY","40207"
60782,"6713 Barbrook Rd","Louisville","KY","40258"
60783,"5004 Ronwood Dr","Louisville","KY","40219"
60784,"7608 Buena Vista Ct","Louisville","KY","40219"
60785,"8212 Nottingham Pkwy","Louisville","KY","40222"
60786,"533 Eastern Pkwy","Louisville","KY","40217"
60787,"1408 Herr Ln","Louisville","KY","40222"
60788,"6512 Estele Ave","Louisville","KY","40214"
60789,"4028 Cheviot Dr","Louisville","KY","40216"
60790,"815 N 34th St","Louisville","KY","40212"
60791,"3404 Taylorsville Rd","Apt 2","Louisville",
60792,"1820 Osage Ave","Louisville","KY","40210"
60793,"3111 Teal Ave","Louisville","KY","40213"
60794,"9505 Whipps Mill Rd","Louisville","KY","40242"
60795,"3506 Tarragon Rd","Louisville","KY","40219"
60796,"3509 Rems Rd","Louisville","KY","40241"
60797,"531 Dale Ave","Louisville","KY","40214"
60798,"8812 Wisdom Ln","Louisville","KY","40229"
60799,"218 Iroquois Ave","Louisville","KY","40214"
60800,"8105 Clematis Ln","Louisville","KY","40228"
60801,"1286 Parkway Gardens Ct","Apt 221","Louisville",
60802,"14103 Waterside Ct","Louisville","KY","40245"
60803,"5501 Maco Ln","Louisville","KY","40219"
60804,"9004 Spruce Tree Pl","Louisville","KY","40242"
60805,"17203 Creek Ridge Rd","Louisville","KY","40245"
60806,"6104 Erica Way","Louisville","KY","40272"
60807,"553 Eastern Pkwy","Louisville","KY","40217"
60808,"528 Brentwood Ave","Louisville","KY","40215"
60809,"1124 Larchmont Ave","Louisville","KY","40215"
60810,"11301 Tenacity Ct","Louisville","KY","40229"
60811,"1415 Techny Ln","Louisville","KY","40222"
60812,"10408 Sterling Springs Rd","Louisville","KY","40223"
60813,"10115 Mary Dell Ln","Louisville","KY","40299"
60814,"4407 Case Way","Louisville","KY","40272"
60815,"10602 Bracken Branch Ct","Louisville","KY","40223"
60816,"704 Fountain Ave","Louisville","KY","40222"
60817,"918 Tamarisk Ct","Louisville","KY","40223"
60818,"3418 E Indian Trl","Louisville","KY","40213"
60819,"10404 Sterling Springs Rd","Louisville","KY","40223"
60820,"9008 Green Garden Ct","Louisville","KY","40220"
60821,"1027 Charles St","Louisville","KY","40204"
60822,"122 Declaration Dr","Louisville","KY","40214"
60823,"4816 Cofer Ave","Louisville","KY","40258"
60824,"317 N 32nd St","Louisville","KY","40212"
60825,"9814 Seville Dr","Louisville","KY","40272"
60826,"7503 Eider Dr","Louisville","KY","40258"
60827,"1275 Lipps Ln","Louisville","KY","40219"
60828,"5903 Santa Rosa Dr","Louisville","KY","40219"
60829,"14005 Darwin Blvd","Louisville","KY","40272"
60830,"1018 Winkler Ave","Louisville","KY","40208"
60831,"1442 Beech St","Louisville","KY","40211"
60832,"11910 Pond Creek Dr","Louisville","KY","40272"
60833,"4023 Hillsboro Rd","Louisville","KY","40207"
60834,"201 Highwood Dr","Louisville","KY","40206"
60835,"6903 Chartwell Ct","Louisville","KY","40241"
60836,"537 Sunnyside Dr","Louisville","KY","40206"
60837,"6617 Evening Tide Ct","Louisville","KY","40272"
60838,"6104 Richiewayne Dr","Louisville","KY","40219"
60839,"6314 Leisure Ln","Louisville","KY","40229"
60840,"1012 Marshall St","Louisville","KY","40204"
60841,"6911 Bartlett Rd","Louisville","KY","40218"
60842,"5210 Charmane Dr","Louisville","KY","40219"
60843,"6615 Lunar Dr","Louisville","KY","40258"
60844,"210 Travois Rd","Louisville","KY","40207"
60845,"14400 Champion Woods Pl","Louisville","KY","40245"
60846,"6815 Casey Pl","Louisville","KY","40229"
60847,"658 Eastlawn Ave","Louisville","KY","40211"
60848,"2203 Wingfield Ct","Louisville","KY","40216"
60849,"7301 Greenlawn Rd","Louisville","KY","40222"
60850,"5315 Chathamwood Dr","Louisville","KY","40229"
60851,"9901 Gateway Dr","Louisville","KY","40299"
60852,"660 Curry Ct","Louisville","KY","40211"
60853,"9902 Mary Dell Ln","Louisville","KY","40291"
60854,"10305 Bayport Rd","Louisville","KY","40299"
60855,"8812 Wooded Trail Ct","Louisville","KY","40220"
60856,"3912 Druid Hills Rd","Louisville","KY","40207"
60857,"1809 Shady Ln","Unit 5","Louisville",
60858,"4404 Comanche Trl","Louisville","KY","40207"
60859,"4803 S 4th St","Louisville","KY","40214"
60860,"2401 Phoenix Hill Dr","Louisville","KY","40207"
60861,"3607 Wynbrooke Cir","Louisville","KY","40241"
60862,"1926 Neville Dr","Louisville","KY","40216"
60863,"8013 Cloudcroft Ln","Louisville","KY","40220"
60864,"6107 Corinth Way","Louisville","KY","40219"
60865,"2326 Embassy Ln","Louisville","KY","40216"
60866,"9814 Mary Dell Ln","Louisville","KY","40291"
60867,"4202 Lilac Vista Dr","Louisville","KY","40241"
60868,"2918 Nepperhan Rd","Louisville","KY","40218"
60869,"2116 S 40th St","Louisville","KY","40211"
60870,"6609 Skyline Dr","Louisville","KY","40272"
60871,"4921 Hames Trce","Louisville","KY","40291"
60872,"9310 Old Six Mile Ln","Louisville","KY","40299"
60873,"5011 Valley Station Rd","Louisville","KY","40272"
60874,"8614 Timber Hollow Ct","Louisville","KY","40219"
60875,"12104 Meadow Ln","Louisville","KY","40243"
60876,"2700 Slevin St","Louisville","KY","40212"
60877,"202 Derby Ave","Louisville","KY","40218"
60878,"2236 Peaslee Rd","Louisville","KY","40216"
60879,"4411 Hale Ave","Louisville","KY","40211"
60880,"3204 Hurstbourne Springs Dr","Louisville","KY","40220"
60881,"13708 Saddlecreek Dr","Louisville","KY","40245"
60882,"7400 Springdale Rd","Louisville","KY","40241"
60883,"5606 Bradbury Ave","Louisville","KY","40258"
60884,"2426 Bank St","Louisville","KY","40212"
60885,"8202 Grandfield Way","Louisville","KY","40258"
60886,"1835 Hale Ave","Louisville","KY","40210"
60887,"5106 Bucklandbury Ct","Louisville","KY","40241"
60888,"9410 Stonelanding Pl","Louisville","KY","40272"
60889,"2721 Garland Ave","Louisville","KY","40211"
60890,"2170 Baringer Ave","Louisville","KY","40204"
60891,"1038 Hess Ln","Louisville","KY","40217"
60892,"5311 Devers Ave","Louisville","KY","40214"
60893,"10405 Cedar Glen Ct","Louisville","KY","40291"
60894,"11203 Carriage View Way","Louisville","KY","40299"
60895,"1051 Lynnhurst Ave","Louisville","KY","40215"
60896,"222 Mccready Ave","Louisville","KY","40206"
60897,"5104 Bucklandbury Ct","Louisville","KY","40241"
60898,"3022 Bunker Hill Dr","Louisville","KY","40205"
60899,"1339 Trinity Park Dr","Louisville","KY","40213"
60900,"6915 Ledgerock Rd","Louisville","KY","40219"
60901,"1602 Loney Ln","Louisville","KY","40216"
60902,"1506 Goddard Ave","Louisville","KY","40204"
60903,"4139 Dover Rd","Louisville","KY","40216"
60904,"11709 Oak Bay Dr","Louisville","KY","40245"
60905,"3720 Chamberlain Ct","Louisville","KY","40241"
60906,"4103 Greenwood Ave","Louisville","KY","40211"
60907,"6632 Strawberry Ln","Louisville","KY","40214"
60908,"6507 Estele Ave","Louisville","KY","40214"
60909,"16506 Briston Avon Ln","Louisville","KY","40245"
60910,"954 Clarks Ln","Louisville","KY","40217"
60911,"10115 Falling Tree Way","Louisville","KY","40223"
60912,"1426 Delmar Ln","Louisville","KY","40216"
60913,"2616 Taylorsville Rd","Louisville","KY","40205"
60914,"3718 Von Spiegel St","Louisville","KY","40211"
60915,"9918 Mccrea Ln","Louisville","KY","40229"
60916,"12602 Aztec Lily Ct","Louisville","KY","40243"
60917,"341 Alger Ave","Louisville","KY","40214"
60918,"165 Thierman Ln","Apt 107","Louisville",
60919,"107 Seneca Trl N","Louisville","KY","40214"
60920,"3708 Freestone Ct","Louisville","KY","40218"
60921,"4319 Chenwood Ln","Louisville","KY","40299"
60922,"7221 Kort Way","Louisville","KY","40220"
60923,"9201 Trentham Ln","Louisville","KY","40242"
60924,"3912 Pinoak View Ct","Louisville","KY","40299"
60925,"9600 Fern Creek Rd","Louisville","KY","40291"
60926,"5512 Hess Dr","Louisville","KY","40258"
60927,"2915 Dundee Rd","Louisville","KY","40205"
60928,"1811 Kline Ct","Louisville","KY","40205"
60929,"3715 Alameter Dr","Louisville","KY","40258"
60930,"214 Long Run Rd","Louisville","KY","40245"
60931,"4403 Mcgill Dr","Louisville","KY","40215"
60932,"2212 Bolling Ave","Louisville","KY","40210"
60933,"2142 W Hill St","Louisville","KY","40210"
60934,"8639 Applegate Village Dr","Louisville","KY","40219"
60935,"2409 Dexter St","Louisville","KY","40216"
60936,"4404 Watercrest Ct","Louisville","KY","40241"
60937,"3115 Dumesnil St","Louisville","KY","40211"
60938,"1613 S 4th St","Louisville","KY","40208"
60939,"4822 Cedar Forest Pl","Louisville","KY","40245"
60940,"8812 Vision Pl","Louisville","KY","40229"
60941,"48 Hill Rd","Louisville","KY","40204"
60942,"9217 Hawthorne Pointe Dr","Louisville","KY","40272"
60943,"9502 Antioch Dr","Louisville","KY","40291"
60944,"3134 Sunny Ln","Louisville","KY","40205"
60945,"8900 Hatlerhall Dr","Louisville","KY","40291"
60946,"3721 Youngwood Rd","Louisville","KY","40218"
60947,"3918 S 3rd St","Louisville","KY","40214"
60948,"2717 Shippen Ave","Louisville","KY","40206"
60949,"10332 Keystone Trce","Louisville","KY","40223"
60950,"1125 Hilliard Ave","Louisville","KY","40204"
60951,"3027 University Rd","Louisville","KY","40206"
60952,"9101 3rd Street Rd","Louisville","KY","40272"
60953,"308 Longview Park Pl","Louisville","KY","40245"
60954,"4540 S 6th St","Louisville","KY","40214"
60955,"1055 Reasor Ave","Louisville","KY","40217"
60956,"712 Locust Pointe Pl","Louisville","KY","40245"
60957,"232 Blarney Ln","Louisville","KY","40229"
60958,"7902 Ferndale Rd","Louisville","KY","40291"
60959,"2314 Janlyn Rd","Louisville","KY","40299"
60960,"4103 Joetta Ct","Louisville","KY","40216"
60961,"6204 Player Dr","Louisville","KY","40258"
60962,"12414 Spring Leaf Ct","Louisville","KY","40229"
60963,"4214 Chambers Way","Louisville","KY","40299"
60964,"2916 Cambridge Rd","Louisville","KY","40220"
60965,"1843 Grand Ave","Louisville","KY","40210"
60966,"602 Forest Park Rd","Louisville","KY","40223"
60967,"1011 Navaho Pl","Louisville","KY","40215"
60968,"1624 Rosewood Ave","Louisville","KY","40204"
60969,"5509 Pavilion Way","Louisville","KY","40291"
60970,"1503 Edgewood Pl","Louisville","KY","40205"
60971,"1729 Bonnycastle Ave","Louisville","KY","40205"
60972,"4217 Lambert Ave","Louisville","KY","40218"
60973,"1001 King Arthur Ln","Louisville","KY","40222"
60974,"5207 Robbs Ln","Louisville","KY","40219"
60975,"512 Gablewood Cir","Louisville","KY","40245"
60976,"1717 San Jose Ave","Louisville","KY","40216"
60977,"1810 S 23rd St","Louisville","KY","40210"
60978,"1918 Arboro Pl","Louisville","KY","40220"
60979,"2909 Hewitt Place Ct","Louisville","KY","40299"
60980,"2907 Hewitt Place Ct","Louisville","KY","40299"
60981,"2905 Hewitt Place Ct","Louisville","KY","40299"
60982,"2902 Hewitt Place Ct","Louisville","KY","40299"
60983,"2900 Hewitt Place Ct","Louisville","KY","40299"
60984,"3102 Iris Way","Louisville","KY","40220"
60985,"618 Rudy Ln","Louisville","KY","40207"
60986,"400 Mac Brae Rd","Louisville","KY","40214"
60987,"2350 Lansdowne Ave","Louisville","KY","40217"
60988,"2117 Kenilworth Pl","Louisville","KY","40205"
60989,"2908 Lexham Rd","Louisville","KY","40220"
60990,"1328 Hull St","Louisville","KY","40204"
60991,"614 S 26th St","Louisville","KY","40211"
60992,"1423 S 4th St","Louisville","KY","40208"
60993,"8407 Fox Ridge Ct","Louisville","KY","40272"
60994,"4200 Chenwood Ln","Louisville","KY","40299"
60995,"4148 Hickman Ave","Louisville","KY","40213"
60996,"4309 Saratoga Hill Rd","Louisville","KY","40299"
60997,"5003 Old Heady Rd","Louisville","KY","40299"
60998,"1517 Central Ave","Louisville","KY","40208"
60999,"5302 Senator Ln","Louisville","KY","40219"
61000,"8811 Justice Way","Louisville","KY","40229"
61001,"4134 Lilac Vista Dr","Louisville","KY","40241"
61002,"8503 Atrium Dr","Apt 303","Louisville",
61003,"526 Ridgewood Rd","Louisville","KY","40207"
61004,"843 Hillview Blvd","Louisville","KY","40229"
61005,"5515 Ridgecrest Rd","Louisville","KY","40218"
61006,"131 Crator Dr","Louisville","KY","40229"
61007,"1524 Glenrock Rd","Louisville","KY","40216"
61008,"2111 Lower Hunters Trce","Louisville","KY","40216"
61009,"13212 Sycamore Forest Ct","Louisville","KY","40245"
61010,"1529 Sylvan Way","Louisville","KY","40205"
61011,"6514 Delton Rd","Louisville","KY","40258"
61012,"1662 Hale Ave","Louisville","KY","40210"
61013,"6302 Gayle Dr","Louisville","KY","40219"
61014,"10916 Keene Rd","Louisville","KY","40241"
61015,"2733 Preston Hwy","Louisville","KY","40217"
61016,"11506 Easum Rd","Louisville","KY","40299"
61017,"3315 Moulton Ln","Louisville","KY","40218"
61018,"8611 Garden Gate Cir","Louisville","KY","40291"
61019,"4708 Longborough Ct","Louisville","KY","40299"
61020,"6008 S 3rd St","Louisville","KY","40214"
61021,"8209 Devonshire Dr","Louisville","KY","40258"
61022,"526 Primrose Way","Louisville","KY","40206"
61023,"3116 Southern Ave","Louisville","KY","40211"
61024,"161 Cactus Ct","Louisville","KY","40229"
61025,"2507 Old Hickory Rd","Louisville","KY","40299"
61026,"4609 Oak Pointe Dr","Louisville","KY","40245"
61027,"3902 Wayside Dr","Louisville","KY","40216"
61028,"14900 Huntridge Cir","Louisville","KY","40245"
61029,"1207 Kremer Ave","Louisville","KY","40213"
61030,"3325 Vetter Ave","Louisville","KY","40215"
61031,"7803 Pear View Ln","Louisville","KY","40218"
61032,"6400 Faris Way","Louisville","KY","40272"
61033,"657 S Barbee Way","Louisville","KY","40217"
61034,"10802 Beatrice Way","Louisville","KY","40272"
61035,"938 Beecher St","Louisville","KY","40215"
61036,"5416 Galaxie Dr","Louisville","KY","40258"
61037,"4926 Feys Dr","Louisville","KY","40216"
61038,"9914 Lancewood Rd","Louisville","KY","40229"
61039,"7508 Wimstock Ave","Louisville","KY","40272"
61040,"4511 Plane Tree Dr","Louisville","KY","40219"
61041,"9722 River Trail Dr","Louisville","KY","40229"
61042,"207 Wickfield Dr","Louisville","KY","40245"
61043,"6111 Perma Dr","Louisville","KY","40218"
61044,"3626 Regatta Way","Louisville","KY","40211"
61045,"9502 Cooper Chase Ct","Louisville","KY","40229"
61046,"4314 Retreat Rd","Louisville","KY","40219"
61047,"1128 Algonquin Pkwy","Louisville","KY","40208"
61048,"4415 Silverleaf Dr","Louisville","KY","40213"
61049,"2611 Merhoff St","Louisville","KY","40217"
61050,"9510 Stillridge Pl","Louisville","KY","40229"
61051,"323 Crator Dr","Louisville","KY","40229"
61052,"6510 Wallace Ln","Louisville","KY","40258"
61053,"6805 Rock Forest Dr","Louisville","KY","40219"
61054,"1411 Mirimar Rd","Louisville","KY","40222"
61055,"6808 Barbrook Rd","Louisville","KY","40258"
61056,"8001 Autumn Leaf Ct","Louisville","KY","40220"
61057,"1023 Trevilian Way","Louisville","KY","40213"
61058,"2750 Graham Ave","Louisville","KY","40206"
61059,"3100 Stonebridge Rd","Louisville","KY","40241"
61060,"2114 Keeneland Blvd","Louisville","KY","40223"
61061,"1036 Reeves Rd","Louisville","KY","40219"
61062,"1310 Morgan Ave","Louisville","KY","40213"
61063,"6707 Lucerne Ave","Louisville","KY","40216"
61064,"4037 Whiteblossom Estates Ct","Louisville","KY","40241"
61065,"2908 Nepperhan Rd","Louisville","KY","40218"
61066,"8502 Glaser Ln","Louisville","KY","40291"
61067,"9404 Aristides Dr","Louisville","KY","40272"
61068,"9600 Stone Ledge Ct","Louisville","KY","40291"
61069,"412 Club Ln","Louisville","KY","40207"
61070,"14008 Darwin Blvd","Louisville","KY","40272"
61071,"909 Barrington Ct","Louisville","KY","40207"
61072,"6317 Winding Stream Dr","Louisville","KY","40272"
61073,"9606 Hudson Ln","Louisville","KY","40291"
61074,"4801 Gullane Ct","Louisville","KY","40222"
61075,"220 Northwestern Pkwy","Louisville","KY","40212"
61076,"2145 Peabody Ln","Louisville","KY","40218"
61077,"2634 Cleveland Blvd","Louisville","KY","40206"
61078,"5505 Redondo Cir","Louisville","KY","40218"
61079,"11908 Oak Bay Pl","Louisville","KY","40245"
61080,"4034 Preston Hwy","Louisville","KY","40213"
61081,"1009 Lynnhurst Ave","Louisville","KY","40215"
61082,"410 Nickleby Way","Louisville","KY","40245"
61083,"4 Priscilla Ct","Louisville","KY","40216"
61084,"335 W Southside Ct","Louisville","KY","40214"
61085,"1526 Wurtele Ave","Louisville","KY","40208"
61086,"8112 Barbour Manor Dr","Louisville","KY","40241"
61087,"1028 S 26th St","Louisville","KY","40210"
61088,"8411 Windwood Ct","Louisville","KY","40219"
61089,"6714 Poplar Forest Ln","Louisville","KY","40291"
61090,"8503 Leyton Ct","Louisville","KY","40222"
61091,"1507 Haskin Ave","Louisville","KY","40215"
61092,"152 Mccready Ave","Louisville","KY","40206"
61093,"3206 Wynbrooke Cir","Louisville","KY","40241"
61094,"320 Longview Park Pl","Louisville","KY","40245"
61095,"2303 Donna Rd","Louisville","KY","40216"
61096,"6705 Sternbach Ct","Louisville","KY","40258"
61097,"7718 Pear View Ln","Louisville","KY","40218"
61098,"7705 Dominique Dr","Louisville","KY","40228"
61099,"8108 Silverbell Ave","Louisville","KY","40228"
61100,"5212 Charmane Dr","Louisville","KY","40219"
61101,"13525 Arbor Crest Cir","Louisville","KY","40245"
61102,"9709 Saturn Dr","Louisville","KY","40229"
61103,"4709 Wolfcreek Pkwy","Louisville","KY","40241"
61104,"7941 Stovall Ct","Louisville","KY","40228"
61105,"504 Landis Lakes Ct","Louisville","KY","40245"
61106,"2160 Eastview Ave","Louisville","KY","40205"
61107,"2524 Taylorsville Rd","Louisville","KY","40205"
61108,"6104 Black Tie Ct","Louisville","KY","40258"
61109,"301 Overlook Rd","Louisville","KY","40229"
61110,"4108 S 3rd St","Louisville","KY","40214"
61111,"5810 Grandel Blvd","Louisville","KY","40258"
61112,"5125 Magdalen Sq","Louisville","KY","40241"
61113,"7804 Mackie Ln","Louisville","KY","40214"
61114,"2822 Goose Creek Rd","Louisville","KY","40242"
61115,"1316 Carol Jean Ct","Louisville","KY","40215"
61116,"8804 Temperate Ct","Louisville","KY","40229"
61117,"402 Mockingbird Hill Rd","Louisville","KY","40207"
61118,"3813 Catania Ct","Louisville","KY","40299"
61119,"3900 Tally Ho Ct","Louisville","KY","40299"
61120,"5135 Magdalen Sq","Louisville","KY","40241"
61121,"133 E Southern Heights Ave","Louisville","KY","40214"
61122,"9510 Hunting Ground Ct","Louisville","KY","40228"
61123,"4701 Brownsboro Gardens Dr","Louisville","KY","40241"
61124,"11213 Willowick Ct","Louisville","KY","40272"
61125,"14622 Inspiration Ct","Louisville","KY","40245"
61126,"3721 River Park Dr","Louisville","KY","40211"
61127,"2833 Celina Dr","Louisville","KY","40213"
61128,"4546 S 1st St","Louisville","KY","40214"
61129,"7200 Heatherly Sq","Louisville","KY","40242"
61130,"4525 Sanders Ln","Louisville","KY","40216"
61131,"1105 Shady Ln","Louisville","KY","40223"
61132,"9808 White Blossom Blvd","Louisville","KY","40241"
61133,"1424 Huntoon Ave","Louisville","KY","40215"
61134,"4813 Cliff Ave","Louisville","KY","40215"
61135,"3617 Saint Edwards Dr","Louisville","KY","40299"
61136,"923 Vine St","Louisville","KY","40204"
61137,"3108 Pine Trace Ct","Louisville","KY","40272"
61138,"1213 Potomac Pl","Louisville","KY","40214"
61139,"3415 Burrell Dr","Louisville","KY","40216"
61140,"9811 Agena Dr","Louisville","KY","40229"
61141,"2423 Griffiths Ave","Louisville","KY","40212"
61142,"10801 Golden Dr","Louisville","KY","40272"
61143,"9304 Justine Ct","Louisville","KY","40299"
61144,"4220 Morgan Jaymes Dr","Louisville","KY","40299"
61145,"4035 Laurelwood Ave","Louisville","KY","40220"
61146,"6902 Cedar Lake Ct","Louisville","KY","40291"
61147,"13811 Fancy Gap Dr","Louisville","KY","40299"
61148,"14413 Willow Grove Cir","Louisville","KY","40245"
61149,"800 Browns Ln","Louisville","KY","40207"
61150,"2202 Strathmoor Blvd","Louisville","KY","40205"
61151,"8609 Garden Gate Cir","Louisville","KY","40291"
61152,"7301 Nathan Hale Way","Louisville","KY","40272"
61153,"3734 Mamaroneck Rd","Louisville","KY","40218"
61154,"8111 Sherry Lynn Ct","Louisville","KY","40228"
61155,"2500 Valletta Rd","Louisville","KY","40205"
61156,"1846 Trevilian Way","Louisville","KY","40205"
61157,"9801 Cypress Creek Dr","Louisville","KY","40241"
61158,"1306 Kremer Ave","Louisville","KY","40213"
61159,"8505 Eula Rd","Louisville","KY","40219"
61160,"2008 Gladstone Ave","Louisville","KY","40205"
61161,"7813 Pear View Ln","Louisville","KY","40218"
61162,"7317 Orchard Lake Blvd","Louisville","KY","40218"
61163,"2311 Bolling Ave","Louisville","KY","40210"
61164,"7403 Watson Ln","Louisville","KY","40272"
61165,"7012 Black Walnut Cir","Louisville","KY","40229"
61166,"7806 Pear View Ln","Louisville","KY","40218"
61167,"6710 Poplar Forest Ln","Louisville","KY","40291"
61168,"3953 Massie Ave","Louisville","KY","40207"
61169,"3541 Saint Andrews Village Cir","Louisville","KY","40241"
61170,"8619 Garden Gate Cir","Louisville","KY","40291"
61171,"536 E Ormsby Ave","Louisville","KY","40203"
61172,"9909 3rd Street Rd","Louisville","KY","40272"
61173,"167 N Peterson Ave","Louisville","KY","40206"
61174,"4405 White Pine Way","Louisville","KY","40241"
61175,"10106 Kimblewick Dr","Louisville","KY","40223"
61176,"7401 Apple Mill Dr","Louisville","KY","40228"
61177,"4802 Rossmoor Dr","Louisville","KY","40219"
61178,"5701 Toebbe Ln","Louisville","KY","40229"
61179,"4013 Quiet Way","Louisville","KY","40219"
61180,"5301 Senator Ln","Louisville","KY","40219"
61181,"8902 Waltlee Rd","Louisville","KY","40291"
61182,"8615 Locust Ct","Louisville","KY","40242"
61183,"214 N 32nd St","Louisville","KY","40212"
61184,"11101 Brookstone Ct","Louisville","KY","40223"
61185,"12303 Wildcat Way","Louisville","KY","40299"
61186,"1703 Ashmoor Ln","Louisville","KY","40223"
61187,"10405 Prescott Ct","Louisville","KY","40299"
61188,"714 Iroquois Ave","Louisville","KY","40214"
61189,"1900 Magellan Ct","Louisville","KY","40210"
61190,"2629 Algonquin Pkwy","Louisville","KY","40210"
61191,"3805 Ridgehurst Ct","Louisville","KY","40299"
61192,"1017 Camden Ave","Louisville","KY","40215"
61193,"3114 Cabinwood Dr","Louisville","KY","40220"
61194,"1617 Night Hawk Ct","Louisville","KY","40223"
61195,"8202 Granwood Ln","Louisville","KY","40258"
61196,"6111 Theiler Ln","Louisville","KY","40229"
61197,"5606 Mockernut Ln","Louisville","KY","40258"
61198,"4615 Flintlock Dr","Louisville","KY","40216"
61199,"721 Camp St","Louisville","KY","40203"
61200,"9907 Hofelich Ln","Louisville","KY","40291"
61201,"8007 Kendrick Crossing Ln","Louisville","KY","40291"
61202,"913 E Muhammad Ali Blvd","Louisville","KY","40204"
61203,"3208 Fallshere Ct","Louisville","KY","40220"
61204,"2807 Kosmar Ct","Louisville","KY","40242"
61205,"209 Bellemeade Rd","Louisville","KY","40222"
61206,"865 Fetter Ave","Louisville","KY","40217"
61207,"12305 Brookgreen Dr","Louisville","KY","40243"
61208,"1405 Central Ave","Louisville","KY","40208"
61209,"2621 Algonquin Pkwy","Louisville","KY","40210"
61210,"716 Bluegrass Ave","Louisville","KY","40215"
61211,"10119 Bayport Rd","Louisville","KY","40299"
61212,"4616 Middleburg Ct","Louisville","KY","40241"
61213,"9002 Admiral Dr","Louisville","KY","40229"
61214,"8 Gardiner Ct","Louisville","KY","40205"
61215,"9908 Omar Khayyam Blvd","Louisville","KY","40272"
61216,"9225 Hawthorne Pointe Dr","Louisville","KY","40272"
61217,"10607 Sunderland Rd","Louisville","KY","40243"
61218,"5910 Dutchmans Ln","Louisville","KY","40205"
61219,"8101 Regency Woods Way","Louisville","KY","40220"
61220,"452 Circle Valley Dr","Louisville","KY","40229"
61221,"9221 Wellington Hill Ct","Louisville","KY","40291"
61222,"1901 Lauderdale Rd","Louisville","KY","40205"
61223,"10102 Landwood Dr","Louisville","KY","40291"
61224,"1319 Payne St","Louisville","KY","40204"
61225,"621 Lake Sterling Rd","Louisville","KY","40223"
61226,"8918 Blue Lick Rd","Louisville","KY","40219"
61227,"5602 Bruns Dr","Louisville","KY","40216"
61228,"3435 Hardwood Forest Dr","Louisville","KY","40214"
61229,"12442 Spring Trace Ct","Louisville","KY","40229"
61230,"14625 Cressington Cir","Louisville","KY","40245"
61231,"2415 Dumesnil St","Louisville","KY","40210"
61232,"5127 Magdalen Sq","Louisville","KY","40241"
61233,"726 Zorn Ave","Apt 8","Louisville",
61234,"1316 Weyler Ave","Louisville","KY","40215"
61235,"4220 Northwestern Pkwy","Louisville","KY","40212"
61236,"1541 Frankfort Ave","Louisville","KY","40206"
61237,"14212 Troon Dr","Louisville","KY","40245"
61238,"5510 Hidden Rd","Louisville","KY","40291"
61239,"2725 Hale Ave","Louisville","KY","40211"
61240,"2710 Alia Cir","Louisville","KY","40222"
61241,"2809 Joan Ave","Louisville","KY","40205"
61242,"3702 Woodgrove Pl","Louisville","KY","40245"
61243,"1033 Lampton St","Louisville","KY","40204"
61244,"931 Central Ave","Louisville","KY","40208"
61245,"185 Granvil Dr","Louisville","KY","40218"
61246,"3320 Bardstown Rd","Apt 32","Louisville",
61247,"801 S 38th St","Louisville","KY","40211"
61248,"12108 Bay Run Dr","Louisville","KY","40245"
61249,"200 Old Towne Rd","Louisville","KY","40214"
61250,"7009 Monty Ln","Louisville","KY","40291"
61251,"524 Gheens Ave","Louisville","KY","40214"
61252,"6620 Timberbend Dr","Louisville","KY","40229"
61253,"11617 Walnut View Way","Louisville","KY","40299"
61254,"9904 River Trail Dr","Louisville","KY","40229"
61255,"1215 Larue Ave","Louisville","KY","40213"
61256,"4827 Westside Dr","Louisville","KY","40219"
61257,"6200 Middlerose Cir","Louisville","KY","40272"
61258,"11103 Finchley Rd","Louisville","KY","40243"
61259,"3518 Saint Edwards Dr","Louisville","KY","40299"
61260,"7817 Appleview Ln","Louisville","KY","40228"
61261,"2544 Griffiths Ave","Louisville","KY","40212"
61262,"4102 Pacelli Pl","Louisville","KY","40245"
61263,"4315 Winchester Rd","Louisville","KY","40207"
61264,"109 Seneca Trl N","Louisville","KY","40214"
61265,"8702 Clover Ct","Louisville","KY","40242"
61266,"1217 Williams Ridge Rd","Louisville","KY","40243"
61267,"1022 W Indian Trl","Louisville","KY","40213"
61268,"5200 Chasewood Pl","Louisville","KY","40229"
61269,"514 Lampton St","Louisville","KY","40203"
61270,"249 Eldorado Ave","Louisville","KY","40218"
61271,"8605 Old Boundary Rd","Louisville","KY","40291"
61272,"3018 Saint Dennis Ave","Louisville","KY","40216"
61273,"2321 Meadow Rd","Louisville","KY","40205"
61274,"802 S 41st St","Louisville","KY","40211"
61275,"5114 Braidwood Dr","Louisville","KY","40219"
61276,"9209 James Hill Rd","Louisville","KY","40272"
61277,"1728 Luken Dr","Louisville","KY","40216"
61278,"3319 Eastside Dr","Louisville","KY","40220"
61279,"3028 Eleanor Ave","Louisville","KY","40205"
61280,"536 E Adair St","Louisville","KY","40209"
61281,"1528 Poplar Level Rd","Louisville","KY","40217"
61282,"6119 Erica Way","Louisville","KY","40272"
61283,"1320 Short St","Louisville","KY","40213"
61284,"2100 Osage Ave","Louisville","KY","40210"
61285,"13207 Tucker Lake Dr","Louisville","KY","40299"
61286,"13404 Lidcomb Ave","Louisville","KY","40272"
61287,"509 W Florence Ave","Louisville","KY","40215"
61288,"279 Stonehenge Dr","Apt 104","Louisville",
61289,"1412 Debarr St","Louisville","KY","40204"
61290,"4316 Brownsboro Glen Rd","Louisville","KY","40241"
61291,"3905 Hillcross Dr","Louisville","KY","40229"
61292,"4800 Middlesex Dr","Louisville","KY","40245"
61293,"8516 Aspen Glen Way","Louisville","KY","40228"
61294,"8005 Mary Sue Dr","Louisville","KY","40291"
61295,"3768 Parthenia Ave","Louisville","KY","40215"
61296,"1419 Earl Ave","Louisville","KY","40215"
61297,"3502 Sudbury Ln","Louisville","KY","40220"
61298,"10011 Harlech Ln","Louisville","KY","40299"
61299,"4415 Mullaney Ct","Louisville","KY","40229"
61300,"6303 Flintlock Cir","Louisville","KY","40216"
61301,"3102 Evon Ct","Louisville","KY","40299"
61302,"2908 Hewitt Place Ct","Louisville","KY","40299"
61303,"2910 Hewitt Place Ct","Louisville","KY","40299"
61304,"13909 Petwood Blvd","Louisville","KY","40272"
61305,"12436 Spring Trace Ct","Louisville","KY","40229"
61306,"2414 Silverbrook Ave","Louisville","KY","40220"
61307,"2319 Farnsley Rd","Louisville","KY","40216"
61308,"3300 Broeck Pointe Cir","Louisville","KY","40241"
61309,"1140 S 1st St","Apt 4","Louisville",
61310,"3614 Willow Ct","Louisville","KY","40299"
61311,"10601 Hickory Grove Dr","Louisville","KY","40291"
61312,"8127 Lake Ave","Apt A2","Louisville",
61313,"606 Sunnygate Pl","Louisville","KY","40223"
61314,"1204 Pickings Pl","Unit 102","Louisville",
61315,"5404 Atra Ct","Louisville","KY","40299"
61316,"8500 Jan Way","Louisville","KY","40219"
61317,"359 Southwestern Pkwy","Louisville","KY","40212"
61318,"507 Landis Lakes Ct","Louisville","KY","40245"
61319,"2127 Wrocklage Ave","Louisville","KY","40205"
61320,"10207 Arbor Oak Dr","Louisville","KY","40229"
61321,"3111 Plover Rd","Louisville","KY","40213"
61322,"7002 Brook Bend Way","Louisville","KY","40229"
61323,"11701 Saratoga Ridge Dr","Louisville","KY","40299"
61324,"9315 Michael Edward Dr","Louisville","KY","40291"
61325,"11818 Reality Trl","Louisville","KY","40229"
61326,"683 Dublin Cir","Louisville","KY","40229"
61327,"6131 Cherry Hill Ct","Louisville","KY","40229"
61328,"9701 Forestwood Dr","Louisville","KY","40299"
61329,"6600 Beulah Church Rd","Louisville","KY","40228"
61330,"9015 Bates Rd","Louisville","KY","40228"
61331,"4609 Atterberry Ct","Louisville","KY","40216"
61332,"1822 S 24th St","Louisville","KY","40210"
61333,"3006 Whiteway Ave","Louisville","KY","40205"
61334,"2105 Dahlia Ave","Louisville","KY","40205"
61335,"6903 Oakview Ct","Louisville","KY","40291"
61336,"4800 Blacktree Ct","Louisville","KY","40222"
61337,"3414 Westwood Farms Dr","Louisville","KY","40220"
61338,"8816 Vision Pl","Louisville","KY","40229"
61339,"3717 Bartlett Ct","Louisville","KY","40218"
61340,"1405 Rutland Club Ct","Louisville","KY","40245"
61341,"4907 Forest Park Dr","Louisville","KY","40219"
61342,"105 E Whitney Ave","Louisville","KY","40214"
61343,"4606 Lunenburg Dr","Louisville","KY","40245"
61344,"489 Prairie Dr","Louisville","KY","40229"
61345,"4325 Dohn Ave","Louisville","KY","40216"
61346,"3436 Peleske Dr","Louisville","KY","40216"
61347,"4015 Grandview Ave","Louisville","KY","40207"
61348,"637 Edith Rd","Louisville","KY","40206"
61349,"2832 Esther Blvd","Louisville","KY","40220"
61350,"109 Colonial Dr","Louisville","KY","40207"
61351,"1536 Prentice St","Louisville","KY","40210"
61352,"1811 S 23rd St","Louisville","KY","40210"
61353,"3109 Teal Ave","Louisville","KY","40213"
61354,"9803 Northridge Dr","Louisville","KY","40272"
61355,"5106 Emerald Dr","Louisville","KY","40219"
61356,"1213 Tennessee Ave","Louisville","KY","40208"
61357,"3320 Bardstown Rd","Apt 128","Louisville",
61358,"6115 Yellowsands Dr","Louisville","KY","40219"
61359,"5112 Patterson Dr","Louisville","KY","40219"
61360,"5409 Whispering Hills Blvd","Louisville","KY","40219"
61361,"8524 Aspen Glen Way","Louisville","KY","40228"
61362,"1281 Bassett Ave","Louisville","KY","40204"
61363,"4301 S 2nd St","Louisville","KY","40214"
61364,"2322 Thistledawn Dr","Louisville","KY","40216"
61365,"8007 Cloverport Ct","Louisville","KY","40228"
61366,"926 Lake Forest Pkwy","Louisville","KY","40245"
61367,"1006 Evergreen Rd","Louisville","KY","40223"
61368,"7809 Old Tree Run","Louisville","KY","40222"
61369,"2924 Saint Xavier St","Louisville","KY","40212"
61370,"1019 Eastern Pkwy","Louisville","KY","40217"
61371,"1705 Sweetbriar Ln","Louisville","KY","40207"
61372,"6003 Stillridge Ct","Louisville","KY","40229"
61373,"129 Gardiner Lake Rd","Louisville","KY","40205"
61374,"407 Old Towne Rd","Louisville","KY","40214"
61375,"6148 Overhill Dr","Louisville","KY","40229"
61376,"2016 Lowell Ave","Louisville","KY","40205"
61377,"5016 Old Heady Rd","Louisville","KY","40299"
61378,"3310 Powell Ave","Louisville","KY","40215"
61379,"6911 Spourtland Dr","Louisville","KY","40228"
61380,"322 Ring Rd","Louisville","KY","40207"
61381,"6903 Wood Rd","Louisville","KY","40258"
61382,"10705 Hall Farm Ct","Louisville","KY","40291"
61383,"3104 Iris Way","Louisville","KY","40220"
61384,"3607 Romania Dr","Louisville","KY","40216"
61385,"1325 Walter Ave","Louisville","KY","40215"
61386,"3807 Garfield Ave","Louisville","KY","40212"
61387,"104 E Collins Ct","Louisville","KY","40214"
61388,"723 Colorado Ave","Louisville","KY","40208"
61389,"1010 Highland Ave","Louisville","KY","40204"
61390,"3062 University Rd","Louisville","KY","40206"
61391,"10919 Nagel Ct","Louisville","KY","40241"
61392,"2201 Mary Catherine Dr","Louisville","KY","40216"
61393,"7204 Trail Ridge Ct","Louisville","KY","40241"
61394,"9200 Lantana Dr","Louisville","KY","40229"
61395,"3326 Cornelia Dr","Louisville","KY","40220"
61396,"5133 Cane Run Rd","Louisville","KY","40216"
61397,"337 Mac Brae Rd","Louisville","KY","40214"
61398,"206 Welburn Dr","Louisville","KY","40218"
61399,"1046 S 26th St","Louisville","KY","40210"
61400,"1464 S 11th St","Louisville","KY","40210"
61401,"1629 Windsor Pl","Louisville","KY","40204"
61402,"3537 Lisbon Ln","Louisville","KY","40218"
61403,"3503 Foreman Ln","Louisville","KY","40219"
61404,"8308 Pennsylvania Run Rd","Louisville","KY","40228"
61405,"1147 S 28th St","Louisville","KY","40211"
61406,"400 Lochinvar Pl","Louisville","KY","40243"
61407,"6503 Hunters Creek Blvd","Louisville","KY","40258"
61408,"10900 Oxford Commons Ct","Louisville","KY","40291"
61409,"214 Chattanooga Ave","Louisville","KY","40214"
61410,"3939 Tulane Ave","Louisville","KY","40214"
61411,"11812 Reality Trl","Louisville","KY","40229"
61412,"6216 Bethany Ln","Louisville","KY","40272"
61413,"3906 Staebler Ave","Louisville","KY","40207"
61414,"918 Woodland Heights Dr","Louisville","KY","40245"
61415,"4908 Bova Way","Louisville","KY","40291"
61416,"7115 Dunkirk Ln","Louisville","KY","40272"
61417,"8810 Lakeridge Dr","Louisville","KY","40272"
61418,"11204 Ginger Rd","Louisville","KY","40229"
61419,"6512 Bridleview Cir","Louisville","KY","40228"
61420,"4875 Sherburn Ln","Unit 3B","Louisville",
61421,"10818 Golden Dr","Louisville","KY","40272"
61422,"701 Moser Rd","Louisville","KY","40223"
61423,"16608 Middle Hill Ct","Louisville","KY","40245"
61424,"1108 Willow Park Cir","Louisville","KY","40299"
61425,"2103 Challedon Way","Louisville","KY","40223"
61426,"6319 Winding Stream Dr","Louisville","KY","40272"
61427,"1616 Eastern Pkwy","Louisville","KY","40204"
61428,"4301 Greenwood Ave","Louisville","KY","40211"
61429,"2216 Amboy Dr","Louisville","KY","40216"
61430,"408 S Beckley Station Rd","Louisville","KY","40245"
61431,"4113 Burrell Dr","Louisville","KY","40216"
61432,"1564 Lincoln Ave","Louisville","KY","40213"
61433,"6515 Maravian Dr","Louisville","KY","40258"
61434,"6210 Willismore Dr","Louisville","KY","40272"
61435,"4027 S 5th St","Louisville","KY","40214"
61436,"4002 Riveroaks Ln","Louisville","KY","40241"
61437,"3301 Algonquin Pkwy","Louisville","KY","40211"
61438,"7909 Windgate Dr","Louisville","KY","40291"
61439,"12408 Hedgeapple Way","Louisville","KY","40272"
61440,"2102 Edgeland Ave","Louisville","KY","40204"
61441,"11107 Cambridge Commons Dr","Louisville","KY","40291"
61442,"6105 Galvin Ct","Louisville","KY","40229"
61443,"4904 Honeylore Ct","Louisville","KY","40241"
61444,"6304 Baums Ln","Louisville","KY","40258"
61445,"10145 Spring Gate Dr","Louisville","KY","40241"
61446,"11705 Oak Bay Dr","Louisville","KY","40245"
61447,"3313 Gatecreek Rd","Louisville","KY","40272"
61448,"5913 Toebbe Ln","Louisville","KY","40229"
61449,"41 Hill Rd","Louisville","KY","40204"
61450,"3149 Talisman Rd","Louisville","KY","40220"
61451,"2317 Saratoga Dr","Louisville","KY","40205"
61452,"14213 Woodland Ridge Dr","Louisville","KY","40245"
61453,"9504 Hunting Ground Ct","Louisville","KY","40228"
61454,"137 N Bellaire Ave","Louisville","KY","40206"
61455,"7434 Nottoway Cir","Louisville","KY","40214"
61456,"1815 Knollwood Rd","Louisville","KY","40207"
61457,"6107 Count Turf Dr","Louisville","KY","40272"
61458,"314 Gheens Ave","Louisville","KY","40214"
61459,"3507 Hycliffe Ave","Louisville","KY","40207"
61460,"2615 Aylesbury Ct","Louisville","KY","40242"
61461,"1615 Bonnycastle Ave","Louisville","KY","40205"
61462,"6107 Top Hat Ct","Louisville","KY","40258"
61463,"411 Country Ln","Louisville","KY","40207"
61464,"8825 Vision Pl","Louisville","KY","40229"
61465,"1925 S 28th St","Louisville","KY","40210"
61466,"210 N 36th St","Louisville","KY","40212"
61467,"8512 Coco Ct","Louisville","KY","40219"
61468,"10403 Shelbyville Rd","Louisville","KY","40223"
61469,"8302 Pandorea Dr","Louisville","KY","40258"
61470,"5311 Big Sky Dr","Louisville","KY","40229"
61471,"418 Kaelin Dr","Louisville","KY","40207"
61472,"6206 Whispering Hills Blvd","Louisville","KY","40219"
61473,"4210 Wooded Way","Louisville","KY","40219"
61474,"6707 Rockview Way","Louisville","KY","40299"
61475,"4305 Saratoga Woods Dr","Louisville","KY","40299"
61476,"14406 Academy Ridge Blvd","Louisville","KY","40245"
61477,"3913 Northumberland Dr","Louisville","KY","40245"
61478,"5221 Planet Dr","Louisville","KY","40258"
61479,"1745 Lincoln Ave","Louisville","KY","40213"
61480,"2100 Palatka Rd","Louisville","KY","40214"
61481,"1305 Lancaster Pl","Louisville","KY","40222"
61482,"1717 Clayton Rd","Louisville","KY","40205"
61483,"2730 Brownsboro Rd","Apt 135","Louisville",
61484,"4325 Cloverleaf Dr","Louisville","KY","40216"
61485,"3405 Leith Ln","Louisville","KY","40218"
61486,"9321 Artis Way","Louisville","KY","40291"
61487,"5205 Stout Blvd","Louisville","KY","40291"
61488,"1123 S 28th St","Louisville","KY","40211"
61489,"271 Meadowood Rd","Louisville","KY","40229"
61490,"4407 Watercrest Ct","Louisville","KY","40241"
61491,"621 S 42nd St","Louisville","KY","40211"
61492,"6907 Rock Hollow Dr","Louisville","KY","40219"
61493,"9417 Cavalcade Ave","Louisville","KY","40272"
61494,"10412 Sterling Springs Rd","Louisville","KY","40223"
61495,"2921 Cliffwynde Trce","Louisville","KY","40241"
61496,"8705 Zabel Way","Louisville","KY","40291"
61497,"9509 Stonelanding Pl","Louisville","KY","40272"
61498,"8718 Astrid Ave","Louisville","KY","40228"
61499,"3716 Grandview Ave","Louisville","KY","40207"
61500,"11705 Reality Trl","Louisville","KY","40229"
61501,"6008 Paula Marie Pl","Louisville","KY","40291"
61502,"262 Salisbury Sq","Apt 103","Louisville",
61503,"1400 Willow Ave","Apt 1505","Louisville",
61504,"1314 Whirlaway Dr","Louisville","KY","40242"
61505,"4105 Tuxford Way","Louisville","KY","40241"
61506,"8617 Garden Gate Cir","Louisville","KY","40291"
61507,"14101 Brendon Hills Ct","Louisville","KY","40245"
61508,"3209 Rockaway Dr","Louisville","KY","40216"
61509,"741 Shady Brook Ln","Louisville","KY","40229"
61510,"3511 Nelinda May Dr","Louisville","KY","40213"
61511,"2001 Eastview Ave","Louisville","KY","40205"
61512,"1802 Chaucer Ct","Louisville","KY","40220"
61513,"7109 Daisy Ave","Louisville","KY","40258"
61514,"1733 Gregg Ave","Louisville","KY","40210"
61515,"2239 Deveron Dr","Louisville","KY","40216"
61516,"1412 Willow Ave","Apt 23","Louisville",
61517,"4703 Famous Way","Louisville","KY","40219"
61518,"4314 S 1st St","Louisville","KY","40214"
61519,"427 Virginia Ave","Louisville","KY","40222"
61520,"506 Malcolm Ave","Louisville","KY","40223"
61521,"227 Woodcleft Rd","Louisville","KY","40222"
61522,"4829 Valla Rd","Louisville","KY","40213"
61523,"232 S 39th St","Louisville","KY","40212"
61524,"10503 Moonlight Way","Louisville","KY","40272"
61525,"11337 Top Walnut Loop","Louisville","KY","40229"
61526,"13806 Forest Bend Cir","Louisville","KY","40245"
61527,"1610 Night Hawk Ct","Louisville","KY","40223"
61528,"4104 Graf Dr","Louisville","KY","40220"
61529,"726 Fairhill Dr","Louisville","KY","40207"
61530,"6704 Kings Falls Ct","Louisville","KY","40229"
61531,"1909 Richmond Dr","Louisville","KY","40205"
61532,"244 Fairfax Ave","Louisville","KY","40207"
61533,"12616 Sanderstead Trce","Louisville","KY","40245"
61534,"2115 Wrocklage Ave","Louisville","KY","40205"
61535,"2100 West Ln","Louisville","KY","40216"
61536,"4113 Bank St","Louisville","KY","40212"
61537,"5000 Sunday Dr","Louisville","KY","40219"
61538,"341 Piatt Pl","Unit 102","Louisville",
61539,"3312 Quinton Dr","Louisville","KY","40216"
61540,"1205 Carlimar Ln","Louisville","KY","40222"
61541,"5313 Datura Ln","Louisville","KY","40258"
61542,"8312 Blue Lick Rd","Louisville","KY","40219"
61543,"2252 Wynnewood Cir","Louisville","KY","40222"
61544,"10207 Nanka Rd","Louisville","KY","40272"
61545,"11302 Ridge Lake Dr","Louisville","KY","40272"
61546,"6801 Brighton Springs Ln","Louisville","KY","40291"
61547,"5109 Firwood Ln","Louisville","KY","40291"
61548,"2302 Ecton Ln","Louisville","KY","40216"
61549,"1924 Muncie Ave","Apt 6","Louisville",
61550,"2244 Millvale Rd","Louisville","KY","40205"
61551,"3334 Oleanda Ave","Louisville","KY","40215"
61552,"11000 Keene Rd","Louisville","KY","40241"
61553,"3118 W Magnolia Ave","Louisville","KY","40211"
61554,"6316 Labor Ln","Louisville","KY","40291"
61555,"734 Braeview Rd","Louisville","KY","40206"
61556,"506 Tellson Ct","Louisville","KY","40245"
61557,"3705 Cypress Springs Pl","Louisville","KY","40245"
61558,"659 Eastlawn Ave","Louisville","KY","40211"
61559,"10543 Dove Chase Cir","Louisville","KY","40299"
61560,"703 Bell Rock Pl","Louisville","KY","40243"
61561,"13303 Oak Forest Ct","Louisville","KY","40245"
61562,"1630 Jaeger Ave","Louisville","KY","40205"
61563,"9804 Whipps Mill Rd","Unit 1","Louisville",
61564,"2017 Marilee Dr","Louisville","KY","40272"
61565,"1113 Hathaway Ave","Louisville","KY","40215"
61566,"4300 Stone Lakes Dr","Louisville","KY","40299"
61567,"265 Leland Ct","Apt 6","Louisville",
61568,"5601 Mary Ellen Dr","Louisville","KY","40214"
61569,"3102 Martha Ct","Louisville","KY","40220"
61570,"1322 Morton Ave","Louisville","KY","40204"
61571,"1150 Neon Way","Louisville","KY","40204"
61572,"12008 Hudson View Ct","Louisville","KY","40299"
61573,"6819 Grandfield Rd","Louisville","KY","40258"
61574,"2325 Glenmary Ave","Apt 1","Louisville",
61575,"2325 Glenmary Ave","Apt 2","Louisville",
61576,"7910 Oswego Cir","Louisville","KY","40214"
61577,"13806 Fancy Gap Dr","Louisville","KY","40299"
61578,"6324 Winding Stream Dr","Louisville","KY","40272"
61579,"1234 Bourbon Ave","Louisville","KY","40213"
61580,"111 N 36th St","Louisville","KY","40212"
61581,"4202 Seagrape Rd","Louisville","KY","40299"
61582,"7518 Yorktown Rd","Louisville","KY","40214"
61583,"3530 Terrier Ln","Louisville","KY","40218"
61584,"8912 Hudson Ln","Louisville","KY","40291"
61585,"2114 Cedar St","Louisville","KY","40212"
61586,"2132 Wrocklage Ave","Louisville","KY","40205"
61587,"4511 Estate Dr","Louisville","KY","40216"
61588,"8217 Afterglow Dr","Louisville","KY","40214"
61589,"104 Buttercup Rd","Louisville","KY","40218"
61590,"6216 Port Antonio Rd","Louisville","KY","40228"
61591,"8710 Broadwood Ct","Louisville","KY","40291"
61592,"10909 Hobbs Station Rd","Louisville","KY","40223"
61593,"509 Breckenridge Ln","Louisville","KY","40207"
61594,"6720 Poplar Forest Ln","Louisville","KY","40291"
61595,"1133 Forrest St","Louisville","KY","40217"
61596,"11510 Reality Trl","Louisville","KY","40229"
61597,"208 Heady Ave","Louisville","KY","40207"
61598,"8304 Alpena Way","Louisville","KY","40242"
61599,"1129 Milton St","Louisville","KY","40217"
61600,"2313 Boulevard","Napoleon","Louisville",
61601,"1515 Texas Ave","Louisville","KY","40217"
61602,"1317 Highland Ave","Louisville","KY","40204"
61603,"521 N 27th St","Louisville","KY","40212"
61604,"2644 Bank St","Louisville","KY","40212"
61605,"2561 Bank St","Louisville","KY","40212"
61606,"2909 Bank St","Louisville","KY","40212"
61607,"2510 Portland Ave","Louisville","KY","40212"
61608,"2702 Bank St","Louisville","KY","40212"
61609,"2567 Bank St","Louisville","KY","40212"
61610,"2832 Saint Xavier St","Louisville","KY","40212"
61611,"2906 Bank St","Louisville","KY","40212"
61612,"2907 Bank St","Louisville","KY","40212"
61613,"431 S 29th St","Louisville","KY","40212"
61614,"420 S 28th St","Louisville","KY","40212"
61615,"2718 W Jefferson St","Apt 2","Louisville",
61616,"2833 W Muhammad Ali Blvd","Louisville","KY","40212"
61617,"2811 Saint Xavier St","Louisville","KY","40212"
61618,"2703 Cedar St","Louisville","KY","40212"
61619,"644 N 29th St","Louisville","KY","40212"
61620,"622 N 29th St","Louisville","KY","40212"
61621,"651 N 29th St","Louisville","KY","40212"
61622,"664 N 26th St","Louisville","KY","40212"
61623,"2620 Tyler Ave","Louisville","KY","40212"
61624,"661 N 26th St","Louisville","KY","40212"
61625,"2815 Northwestern Pkwy","Louisville","KY","40212"
61626,"2817 Portland Ave","Louisville","KY","40212"
61627,"352 N 27th St","Louisville","KY","40212"
61628,"2422 Northwestern Pkwy","Louisville","KY","40212"
61629,"2631 Montgomery St","Louisville","KY","40212"
61630,"2819 Portland Ave","Louisville","KY","40212"
61631,"2902 Portland Ave","Louisville","KY","40212"
61632,"2816 Montgomery St","Louisville","KY","40212"
61633,"318 N 27th St","Louisville","KY","40212"
61634,"2601 Northwestern Pkwy","Louisville","KY","40212"
61635,"2514 Cornwall St","Louisville","KY","40212"
61636,"2914 Montgomery St","Louisville","KY","40212"
61637,"2817 Montgomery St","Louisville","KY","40212"
61638,"355 N 27th St","Louisville","KY","40212"
61639,"2808 Northwestern Pkwy","Louisville","KY","40212"
61640,"347 N 27th St","Louisville","KY","40212"
61641,"2806 Montgomery St","Louisville","KY","40212"
61642,"2904 Montgomery St","Louisville","KY","40212"
61643,"2723 Northwestern Pkwy","Louisville","KY","40212"
61644,"432 N 28th St","Louisville","KY","40212"
61645,"2423 Northwestern Pkwy","Louisville","KY","40212"
61646,"2829 Montgomery St","Louisville","KY","40212"
61647,"437 N 29th St","Louisville","KY","40212"
61648,"2551 Slevin St","Louisville","KY","40212"
61649,"2807 Griffiths Ave","Louisville","KY","40212"
61650,"2711 Saint Xavier St","Louisville","KY","40212"
61651,"2809 Griffiths Ave","Louisville","KY","40212"
61652,"2616 Alford Ave","Louisville","KY","40212"
61653,"343 N 26th St","Louisville","KY","40212"
61654,"2815 Slevin St","Louisville","KY","40212"
61655,"2617 Saint Xavier St","Louisville","KY","40212"
61656,"358 N 27th St","Louisville","KY","40212"
61657,"304 N 32nd St","Louisville","KY","40212"
61658,"430 N 34th St","Louisville","KY","40212"
61659,"412 N 29th St","Louisville","KY","40212"
61660,"409 N 30th St","Louisville","KY","40212"
61661,"308 N 32nd St","Louisville","KY","40212"
61662,"520 N 34th St","Louisville","KY","40212"
61663,"2916 Alford Ave","Louisville","KY","40212"
61664,"440 N 29th St","Louisville","KY","40212"
61665,"320 N 29th St","Louisville","KY","40212"
61666,"315 N 32nd St","Louisville","KY","40212"
61667,"432 N 29th St","Louisville","KY","40212"
61668,"434 N 29th St","Louisville","KY","40212"
61669,"407 Poplar Level Ct","Louisville","KY","40219"
61670,"4202 S 2nd St","Apt 2","Louisville",
61671,"4225 Wallingford Ln","Apt 3","Louisville",
61672,"2277 Beargrass Ave","Louisville","KY","40218"
61673,"4208 Wisteria Landing Cir","Unit 201","Louisville",
61674,"4208 Wisteria Landing Cir","Unit 205","Louisville",
61675,"4208 Wisteria Landing Cir","Unit 206","Louisville",
61676,"4208 Wisteria Landing Cir","Unit 103","Louisville",
61677,"2274 Beargrass Ave","Louisville","KY","40218"
61678,"4204 Wisteria Landing Cir","Unit 204","Louisville",
61679,"531 W Ormsby Ave","Apt 3","Louisville",
61680,"1304 S Brook St","Louisville","KY","40208"
61681,"1507 S 4th St","Apt 1","Louisville",
61682,"1333 Bardstown Rd","Apt 1","Louisville",
61683,"1510 S 4th St","Apt 5","Louisville",
61684,"1210 Everett Ave","# 1","Louisville",
61685,"9709 Hudson Ln","Apt 3","Louisville",
61686,"3758 Lentz Ave","Louisville","KY","40215"
61687,"2004 Highland Ave","Louisville","KY","40204"
61688,"5905 Cole Ave","Louisville","KY","40258"
61689,"6407 Triplett Dr","Louisville","KY","40258"
61690,"6413 Triplett Dr","Louisville","KY","40258"
61691,"7922 Grandmeadow Ln","Louisville","KY","40258"
61692,"5906 Dellrose Dr","Louisville","KY","40258"
61693,"5907 Cole Ave","Louisville","KY","40258"
61694,"5910 Noah Dr","Louisville","KY","40258"
61695,"5813 Noah Dr","Louisville","KY","40258"
61696,"5905 Noah Dr","Louisville","KY","40258"
61697,"6412 Triplett Dr","Louisville","KY","40258"
61698,"7900 Grandmeadow Ln","Louisville","KY","40258"
61699,"5908 Cole Ave","Louisville","KY","40258"
61700,"5917 Cole Ave","Louisville","KY","40258"
61701,"5918 Dellrose Dr","Louisville","KY","40258"
61702,"2025 Brownsboro Rd","Apt 320","Louisville",
61703,"2025 Brownsboro Rd","Apt 312","Louisville",
61704,"1126 Lexington Rd","Louisville","KY","40204"
61705,"2466 Glenmary Ave","Apt 4","Louisville",
61706,"4518 Beechbrook Rd","Apt 10","Louisville",
61707,"3928 Southern Pkwy","Apt 3","Louisville",
61708,"572 Longfield Ave","Louisville","KY","40215"
61709,"705 Dresden Ave","Louisville","KY","40215"
61710,"3931 S 5th St","Louisville","KY","40214"
61711,"3935 S 5th St","Louisville","KY","40214"
61712,"513 W Evelyn Ave","Louisville","KY","40215"
61713,"520 W Evelyn Ave","Louisville","KY","40215"
61714,"617 Dresden Ave","Louisville","KY","40215"
61715,"3900 S 5th St","Louisville","KY","40214"
61716,"3906 S 5th St","Louisville","KY","40214"
61717,"512 Longfield Ave","Louisville","KY","40215"
61718,"560 Longfield Ave","Louisville","KY","40215"
61719,"3846 Southern Pkwy","Apt 2","Louisville",
61720,"1398 Bardstown Rd","Louisville","KY","40204"
61721,"9900 Merioneth Dr","Apt 9","Louisville",
61722,"331 Kenilworth Rd","# 2","Louisville",
61723,"2104 Vernon Ct","Louisville","KY","40206"
61724,"3327 Noe Way","Apt 3","Louisville",
61725,"5602 Poplarwood Cir","Louisville","KY","40272"
61726,"11716 Leemont Dr","Louisville","KY","40272"
61727,"11813 Dearing Woods Dr","Louisville","KY","40272"
61728,"11814 Poplarwood Dr","Louisville","KY","40272"
61729,"11815 Dearing Woods Dr","Louisville","KY","40272"
61730,"11902 Poplarwood Dr","Louisville","KY","40272"
61731,"5609 Alicante Ln","Louisville","KY","40272"
61732,"5704 Alicante Ln","Louisville","KY","40272"
61733,"5710 Chestnutwood Way","Louisville","KY","40272"
61734,"11612 Leemont Dr","Louisville","KY","40272"
61735,"11700 Dearing Woods Dr","Louisville","KY","40272"
61736,"11703 Pierce Way","Louisville","KY","40272"
61737,"11704 Leemont Dr","Louisville","KY","40272"
61738,"11706 Dearing Woods Dr","Louisville","KY","40272"
61739,"11706 Leemont Dr","Louisville","KY","40272"
61740,"11707 Dearing Woods Dr","Louisville","KY","40272"
61741,"11716 Pierce Way","Louisville","KY","40272"
61742,"11717 Leemont Dr","Louisville","KY","40272"
61743,"11805 Pierce Way","Louisville","KY","40272"
61744,"11900 Poplarwood Dr","Louisville","KY","40272"
61745,"1033 Euclid Ave","Louisville","KY","40208"
61746,"6505 Six Mile Ln","Louisville","KY","40218"
61747,"6511 Six Mile Ln","Louisville","KY","40218"
61748,"6435 Six Mile Ln","Louisville","KY","40218"
61749,"315 E St Catherine St","Unit 2NDFLOOR","Louisville",
61750,"8207 Cortland Dr","Louisville","KY","40228"
61751,"1009 Sylvia St","Louisville","KY","40217"
61752,"2608 Goldsmith Ln","Louisville","KY","40218"
61753,"2618 Wendell Ave","Louisville","KY","40205"
61754,"2626 Gardiner Ln","Louisville","KY","40205"
61755,"2630 Gardiner Ln","Louisville","KY","40205"
61756,"2630 Wendell Ave","Louisville","KY","40205"
61757,"2713 Gardiner Ln","Louisville","KY","40205"
61758,"2719 Sharon Way","Louisville","KY","40220"
61759,"2821 Meadow Dr","Louisville","KY","40220"
61760,"2915 Abigail Dr","Apt 4","Louisville",
61761,"3016 1/2 Peale Ave","Louisville","KY","40205"
61762,"2904 Abigail Dr","Apt 1","Louisville",
61763,"3532 Brockton Ln","Apt 2","Louisville",
61764,"3002 Somber Way","Louisville","KY","40220"
61765,"3537 Kings Hwy","Louisville","KY","40220"
61766,"3549 Kings Hwy","Louisville","KY","40220"
61767,"3705 Essex Rd","Louisville","KY","40220"
61768,"3540 Brockton Ln","Apt 1","Louisville",
61769,"3544 Brockton Ln","Apt 3","Louisville",
61770,"3544 Brockton Ln","Apt 4","Louisville",
61771,"3025 Hendon Rd","Louisville","KY","40220"
61772,"3026 Hendon Rd","Louisville","KY","40220"
61773,"3029 Radiance Rd","Louisville","KY","40220"
61774,"3035 Radiance Rd","Louisville","KY","40220"
61775,"3036 Hendon Rd","Louisville","KY","40220"
61776,"3036 Talisman Rd","Louisville","KY","40220"
61777,"3037 Radiance Rd","Louisville","KY","40220"
61778,"3040 Radiance Rd","Louisville","KY","40220"
61779,"3042 Wedgewood Way","Louisville","KY","40220"
61780,"3053 Wedgewood Way","Louisville","KY","40220"
61781,"3104 Rosedale Blvd","Louisville","KY","40220"
61782,"3107 Rosedale Blvd","Louisville","KY","40220"
61783,"3119 Talisman Rd","Louisville","KY","40220"
61784,"3123 Talisman Rd","Louisville","KY","40220"
61785,"3125 Talisman Rd","Louisville","KY","40220"
61786,"3135 Talisman Rd","Louisville","KY","40220"
61787,"3137 Talisman Rd","Louisville","KY","40220"
61788,"3139 Talisman Rd","Louisville","KY","40220"
61789,"3634 Windward Way","Louisville","KY","40220"
61790,"2954 Rio Rita Ave","Louisville","KY","40220"
61791,"3010 Boaires Ln","Louisville","KY","40220"
61792,"3611 Kelly Way","Louisville","KY","40220"
61793,"3100 Doreen Way","Louisville","KY","40220"
61794,"3104 Commander Dr","Louisville","KY","40220"
61795,"3122 Doreen Way","Louisville","KY","40220"
61796,"2826 Shannon Dr","Louisville","KY","40220"
61797,"3137 Doreen Way","Louisville","KY","40220"
61798,"3402 Taylorsville Rd","Apt 4","Louisville",
61799,"3508 Dutchmans Ln","Louisville","KY","40205"
61800,"2907 Abigail Dr","Apt 2","Louisville",
61801,"2908 Abigail Dr","Apt 2","Louisville",
61802,"2910 Abigail Dr","Apt 3","Louisville",
61803,"2921 Cannons Ln","Apt 1","Louisville",
61804,"3200 Furman Blvd","Louisville","KY","40220"
61805,"3204 Cawein Way","Louisville","KY","40220"
61806,"3215 Allison Way","Louisville","KY","40220"
61807,"3217 Furman Blvd","Louisville","KY","40220"
61808,"3219 Furman Blvd","Louisville","KY","40220"
61809,"3220 Ellis Way","Louisville","KY","40220"
61810,"3606 Argyle Ln","Louisville","KY","40220"
61811,"3704 Taylorsville Rd","Louisville","KY","40220"
61812,"2802 Thames Ave","Louisville","KY","40220"
61813,"3002 Peale Ave","Louisville","KY","40205"
61814,"2634 Gardiner Ln","Louisville","KY","40205"
61815,"2914 Kings Bridge Rd","Louisville","KY","40220"
61816,"3003 Bowman Ave","Louisville","KY","40205"
61817,"3013 Peale Ave","Louisville","KY","40205"
61818,"2723 Gardiner Ln","Louisville","KY","40205"
61819,"2806 Del Rio Pl","Louisville","KY","40220"
61820,"3022 Curran Rd","Louisville","KY","40205"
61821,"3023 Beaumont Rd","Louisville","KY","40205"
61822,"2623 Alanmede Rd","Louisville","KY","40205"
61823,"2712 Goldsmith Ln","Louisville","KY","40220"
61824,"2911 Cannons Ln","Louisville","KY","40205"
61825,"5338 Logwood Ave","Louisville","KY","40272"
61826,"5400 Logwood Ave","Louisville","KY","40272"
61827,"5407 Cedarwood Dr","Louisville","KY","40272"
61828,"5408 Fruitwood Dr","Louisville","KY","40272"
61829,"5409 Logwood Ave","Louisville","KY","40272"
61830,"5410 Logwood Ave","Louisville","KY","40272"
61831,"5411 Fruitwood Dr","Louisville","KY","40272"
61832,"5421 Cedarwood Dr","Louisville","KY","40272"
61833,"5500 Logwood Ave","Louisville","KY","40272"
61834,"5504 Fruitwood Dr","Louisville","KY","40272"
61835,"5505 Cedarwood Dr","Louisville","KY","40272"
61836,"5505 Logwood Ave","Louisville","KY","40272"
61837,"11703 Brackenberry Ct","Louisville","KY","40272"
61838,"11708 Brackenberry Ct","Louisville","KY","40272"
61839,"11708 Wiltonwood Ct","Louisville","KY","40272"
61840,"11709 Wiltonwood Ct","Louisville","KY","40272"
61841,"11714 Montwood Ln","Louisville","KY","40272"
61842,"11802 Pond Creek Dr","Louisville","KY","40272"
61843,"11819 Mondamon Dr","Louisville","KY","40272"
61844,"5600 Fruitwood Dr","Louisville","KY","40272"
61845,"5610 Fruitwood Dr","Louisville","KY","40272"
61846,"5615 Fruitwood Dr","Louisville","KY","40272"
61847,"11806 Leemont Dr","Louisville","KY","40272"
61848,"11915 Poplarwood Dr","Louisville","KY","40272"
61849,"12010 Lavenia Ln","Louisville","KY","40272"
61850,"5700 Fruitwood Dr","Louisville","KY","40272"
61851,"2405 Autumn Lake Dr","Louisville","KY","40272"
61852,"2407 Autumn Lake Dr","Louisville","KY","40272"
61853,"2409 Autumn Lake Dr","Louisville","KY","40272"
61854,"2413 Autumn Lake Dr","Louisville","KY","40272"
61855,"5311 Anatahan Ct","Louisville","KY","40272"
61856,"5312 Anatahan Ct","Louisville","KY","40272"
61857,"5300 Alicante Ln","Louisville","KY","40272"
61858,"5301 Alicante Ln","Louisville","KY","40272"
61859,"5301 Wiseman Ct","Louisville","KY","40272"
61860,"5400 Alicante Ln","Louisville","KY","40272"
61861,"5403 Chestnutwood Way","Louisville","KY","40272"
61862,"5404 Chestnutwood Way","Louisville","KY","40272"
61863,"5405 Chestnutwood Way","Louisville","KY","40272"
61864,"5408 Chestnutwood Way","Louisville","KY","40272"
61865,"5409 Alicante Ln","Louisville","KY","40272"
61866,"5418 Alicante Ln","Louisville","KY","40272"
61867,"5500 Alicante Ln","Louisville","KY","40272"
61868,"5505 Alicante Ln","Louisville","KY","40272"
61869,"3222 Hale Ave","Louisville","KY","40211"
61870,"3311 Hale Ave","Louisville","KY","40211"
61871,"3304 Grand Ave","Louisville","KY","40211"
61872,"3207 Virginia Ave","Louisville","KY","40211"
61873,"1102 S 32nd St","Louisville","KY","40211"
61874,"1048 Louis Coleman Jr Dr","Louisville","KY","40211"
61875,"3300 Hale Ave","Louisville","KY","40211"
61876,"3319 Hale Ave","Louisville","KY","40211"
61877,"3345 Grand Ave","Louisville","KY","40211"
61878,"1100 S 32nd St","Louisville","KY","40211"
61879,"1122 S 32nd St","Louisville","KY","40211"
61880,"1121 Louis Coleman Jr Dr","Louisville","KY","40211"
61881,"3347 Grand Ave","Louisville","KY","40211"
61882,"3229 Virginia Ave","Louisville","KY","40211"
61883,"1112 Louis Coleman Jr Dr","Louisville","KY","40211"
61884,"3329 Grand Ave","Louisville","KY","40211"
61885,"214 E Wampum Ave","Louisville","KY","40209"
61886,"4531 S 1st St","Louisville","KY","40214"
61887,"223 Ottawa Ave","Louisville","KY","40209"
61888,"125 Ottawa Ave","Louisville","KY","40214"
61889,"149 Mohawk Ave","Louisville","KY","40214"
61890,"145 E Wampum Ave","Louisville","KY","40214"
61891,"4503 S 1st St","Louisville","KY","40214"
61892,"134 Ottawa Ave","Louisville","KY","40214"
61893,"120 Mohawk Ave","Louisville","KY","40214"
61894,"157 E Wampum Ave","Louisville","KY","40214"
61895,"135 E Wampum Ave","Louisville","KY","40214"
61896,"143 E Wampum Ave","Louisville","KY","40214"
61897,"205 Ottawa Ave","Louisville","KY","40209"
61898,"4416 Allmond Ave","Louisville","KY","40209"
61899,"131 Gillette Ave","Louisville","KY","40214"
61900,"204 Ottawa Ave","Louisville","KY","40209"
61901,"161 E Wampum Ave","Louisville","KY","40214"
61902,"117 Mohawk Ave","Louisville","KY","40214"
61903,"4220 Winnrose Way","Louisville","KY","40211"
61904,"4157 Hale Ave","Louisville","KY","40211"
61905,"4208 Hale Ave","Louisville","KY","40211"
61906,"4148 Hale Ave","Louisville","KY","40211"
61907,"1051 S 43rd St","Louisville","KY","40211"
61908,"4133 Virginia Ave","Louisville","KY","40211"
61909,"4209 Sunset Ave","Louisville","KY","40211"
61910,"4201 Sunset Ave","Louisville","KY","40211"
61911,"4203 Sunset Ave","Louisville","KY","40211"
61912,"4205 Winnrose Way","Louisville","KY","40211"
61913,"4202 Winnrose Way","Louisville","KY","40211"
61914,"1200 Cecil Ave","Louisville","KY","40211"
61915,"1157 Ellerholt Ct","Louisville","KY","40211"
61916,"4202 Sunset Ave","Louisville","KY","40211"
61917,"4201 Virginia Ave","Louisville","KY","40211"
61918,"4206 Winnrose Way","Louisville","KY","40211"
61919,"4204 Winnrose Way","Louisville","KY","40211"
61920,"4218 Sunset Ave","Louisville","KY","40211"
61921,"1305 S 43rd St","Louisville","KY","40211"
61922,"4203 Hale Ave","Louisville","KY","40211"
61923,"4222 Grand Ave","Louisville","KY","40211"
61924,"2027 Evergreen Ave","Louisville","KY","40205"
61925,"2032 Lancashire Ave","Louisville","KY","40205"
61926,"2123 Dahlia Ave","Louisville","KY","40205"
61927,"2817 Whiteway Ave","Louisville","KY","40205"
61928,"2842 Tremont Dr","Louisville","KY","40205"
61929,"2112 Lancashire Ave","Louisville","KY","40205"
61930,"2001 Lancashire Ave","Unit 301","Louisville",
61931,"2902 Whiteway Ave","Louisville","KY","40205"
61932,"2001 Lancashire Ave","Unit 107","Louisville",
61933,"3009 Whiteway Ave","Louisville","KY","40205"
61934,"2826 Whiteway Ave","Louisville","KY","40205"
61935,"2834 Tremont Dr","Louisville","KY","40205"
61936,"2107 Dahlia Ave","Louisville","KY","40205"
61937,"2825 Hoock Ave","Louisville","KY","40205"
61938,"2830 Tremont Dr","Louisville","KY","40205"
61939,"2905 Tremont Dr","Louisville","KY","40205"
61940,"2843 Tremont Dr","Louisville","KY","40205"
61941,"2900 Tremont Dr","Louisville","KY","40205"
61942,"2026 Tyler Ln","Louisville","KY","40205"
61943,"3004 Sherbrooke Rd","Louisville","KY","40205"
61944,"8622 Oaks Way","Louisville","KY","40299"
61945,"8605 Oaks Way","Louisville","KY","40299"
61946,"4120 Stony Brook Dr","Louisville","KY","40299"
61947,"4112 Brook Farm Pl","Louisville","KY","40299"
61948,"2407 Cornwall St","Louisville","KY","40212"
61949,"2306 Montgomery St","Louisville","KY","40212"
61950,"614 N 25th St","Louisville","KY","40212"
61951,"2322 Montgomery St","Louisville","KY","40212"
61952,"2323 Montgomery St","Louisville","KY","40212"
61953,"2316 Montgomery St","Louisville","KY","40212"
61954,"3312 Taylor Blvd","Louisville","KY","40215"
61955,"1230 Arcade Ave","Louisville","KY","40215"
61956,"3335 Schneiter Ave","Louisville","KY","40215"
61957,"1237 Arcade Ave","Louisville","KY","40215"
61958,"3338 Oleanda Ave","Louisville","KY","40215"
61959,"3329 Oleanda Ave","Louisville","KY","40215"
61960,"1308 Weyler Ave","Louisville","KY","40215"
61961,"3311 Schneiter Ave","Louisville","KY","40215"
61962,"1313 Weyler Ave","Louisville","KY","40215"
61963,"1401 Weyler Ave","Louisville","KY","40215"
61964,"1234 Arcade Ave","Louisville","KY","40215"
61965,"3335 Oleanda Ave","Louisville","KY","40215"
61966,"3333 Oleanda Ave","Louisville","KY","40215"
61967,"3239 Schneiter Ave","Louisville","KY","40215"
61968,"3716 Susan Ln","Louisville","KY","40229"
61969,"3802 Susan Ln","Louisville","KY","40229"
61970,"3806 Susan Ln","Louisville","KY","40229"
61971,"3505 Waterleaf Ct","Louisville","KY","40207"
61972,"7109 Mount Washington Rd","Louisville","KY","40229"
61973,"7111 Mount Washington Rd","Louisville","KY","40229"
61974,"1314 E Washington St","Louisville","KY","40206"
61975,"1404 Quincy St","Louisville","KY","40206"
61976,"1419 Story Ave","Louisville","KY","40206"
61977,"103 Webster St","Louisville","KY","40206"
61978,"1431 Story Ave","Louisville","KY","40206"
61979,"122 Adams St","Louisville","KY","40206"
61980,"126 Webster St","Louisville","KY","40206"
61981,"1508 Vivian Ln","Louisville","KY","40205"
61982,"6002 Dutchmans Ln","Louisville","KY","40205"
61983,"1670 Al Mara Cir","Louisville","KY","40205"
61984,"1666 Al Mara Cir","Louisville","KY","40205"
61985,"1520 Woodluck Ave","Louisville","KY","40205"
61986,"1509 Woodluck Ave","Louisville","KY","40205"
61987,"1501 Woodluck Ave","Louisville","KY","40205"
61988,"1515 Woodluck Ave","Louisville","KY","40205"
61989,"1617 Vivian Ln","Louisville","KY","40205"
61990,"1512 Vivian Ln","Louisville","KY","40205"
61991,"1657 Al Mara Cir","Louisville","KY","40205"
61992,"6012 Dutchmans Ln","Louisville","KY","40205"
61993,"1650 Al Mara Cir","Louisville","KY","40205"
61994,"1220 Bourbon Ave","Louisville","KY","40213"
61995,"1230 Larue Ave","Louisville","KY","40213"
61996,"1222 Larue Ave","Louisville","KY","40213"
61997,"1210 Wolfe Ave","Louisville","KY","40213"
61998,"1203 Short St","Louisville","KY","40213"
61999,"4011 Fayette Ave","Louisville","KY","40213"
62000,"1211 Wolfe Ave","Louisville","KY","40213"
62001,"1219 Bourbon Ave","Louisville","KY","40213"
62002,"150 N Jane St","Apt 2","Louisville",
62003,"169 N Jane St","Louisville","KY","40206"
62004,"221 N Clifton Ave","Apt 22","Louisville",
62005,"145 N Keats Ave","Apt 1","Louisville",
62006,"142 N Keats Ave","Louisville","KY","40206"
62007,"150 N Jane St","Apt 1","Louisville",
62008,"2102 Vernon Ct","Louisville","KY","40206"
62009,"150 N Jane St","Apt 5","Louisville",
62010,"2131 Vernon Ct","Louisville","KY","40206"
62011,"221 N Clifton Ave","Apt 24","Louisville",
62012,"150 N Jane St","Apt 3","Louisville",
62013,"151 N Keats Ave","Louisville","KY","40206"
62014,"3104 Faywood Way","Louisville","KY","40215"
62015,"12210 Jonel Ct","Louisville","KY","40245"
62016,"3805 Corvair Ct","Louisville","KY","40215"
62017,"8708 Blue Lick Rd","Louisville","KY","40219"
62018,"615 Indian Ridge Rd","Louisville","KY","40207"
62019,"7310 Maria Ave","Louisville","KY","40222"
62020,"4005 Brookfield Ave","Louisville","KY","40207"
62021,"2514 Stony Brook Dr","Louisville","KY","40220"
62022,"11912 Pond Creek Dr","Louisville","KY","40272"
62023,"2920 W Muhammad Ali Blvd","Louisville","KY","40212"
62024,"7905 Windgate Dr","Louisville","KY","40291"
62025,"4023 Riveroaks Cir","Louisville","KY","40241"
62026,"819 Cecil Ave","Louisville","KY","40211"
62027,"9410 Exhibition Ct","Louisville","KY","40291"
62028,"3107 Melanie Way","Louisville","KY","40220"
62029,"3204 Brightside Ct","Louisville","KY","40220"
62030,"9007 Preston Hwy","Louisville","KY","40219"
62031,"1808 Dubourg Ave","Louisville","KY","40216"
62032,"2524 Marguerite Dr","Louisville","KY","40216"
62033,"1707 San Jose Ave","Louisville","KY","40216"
62034,"4103 Orchard Way","Louisville","KY","40216"
62035,"1550 1/2 Belmar Dr","Louisville","KY","40213"
62036,"3009 Furman Blvd","Louisville","KY","40220"
62037,"405 Rolling Ln","Louisville","KY","40207"
62038,"2106 Emerson Ave","Louisville","KY","40205"
62039,"4716 Lynn Lea Rd","Louisville","KY","40216"
62040,"8903 Morning Park Dr","Louisville","KY","40220"
62041,"1008 Thornberry Ave","Louisville","KY","40215"
62042,"2730 Brownsboro Rd","Apt 138","Louisville",
62043,"10410 Christina Ct","Louisville","KY","40223"
62044,"7805 Appleview Ln","Louisville","KY","40228"
62045,"4102 Berenger Field Dr","Louisville","KY","40299"
62046,"8104 Springlake Ct","Louisville","KY","40241"
62047,"6805 Fordham Ln","Louisville","KY","40291"
62048,"3504 Grandview Ave","Louisville","KY","40207"
62049,"4612 Spen Lea Rd","Louisville","KY","40216"
62050,"6309 Yellow Pine Dr","Louisville","KY","40229"
62051,"3501 Illinois Ave","Apt B8","Louisville",
62052,"5623 Southland Blvd","Louisville","KY","40214"
62053,"9612 Westport Rd","Apt 6","Louisville",
62054,"17717 Curry Branch Rd","Louisville","KY","40245"
62055,"3108 Horton Ave","Louisville","KY","40220"
62056,"2046 Eastern Pkwy","Louisville","KY","40204"
62057,"8605 Chelmer Ln","Louisville","KY","40220"
62058,"9324 Artis Way","Louisville","KY","40291"
62059,"1815 Gardiner Ln","Apt K83","Louisville",
62060,"1031 Mayer Ave","Louisville","KY","40217"
62061,"7106 Greengate Ct","Louisville","KY","40241"
62062,"900 Lake Forest Pkwy","Louisville","KY","40245"
62063,"9011 Haviland Ave","Louisville","KY","40220"
62064,"1805 Round Ridge Rd","Louisville","KY","40207"
62065,"2123 Glenworth Ave","Louisville","KY","40218"
62066,"5227 Pluto Dr","Louisville","KY","40258"
62067,"8806 Wisdom Ln","Louisville","KY","40229"
62068,"1915 Nelson Ave","Louisville","KY","40216"
62069,"3658 Powell Ave","Louisville","KY","40215"
62070,"8515 Eula Rd","Louisville","KY","40219"
62071,"8600 Old Boundary Rd","Louisville","KY","40291"
62072,"8903 Blossom Ln","Louisville","KY","40242"
62073,"8017 Cedar Glen Ln","Louisville","KY","40291"
62074,"2611 Broadmeade Rd","Louisville","KY","40205"
62075,"15317 Champion Lakes Pl","Louisville","KY","40245"
62076,"11322 Wooded Branch Ln","Louisville","KY","40291"
62077,"3223 Richard Ave","Louisville","KY","40206"
62078,"9101 Maple Rd","Louisville","KY","40229"
62079,"880 Clarks Ln","Louisville","KY","40217"
62080,"7402 Quail Ridge Rd","Louisville","KY","40291"
62081,"1620 Bonnycastle Ave","Louisville","KY","40205"
62082,"581 Shady Brook Ln","Louisville","KY","40229"
62083,"2642 Olive St","Louisville","KY","40210"
62084,"1133 Blackthorn Rd","Louisville","KY","40299"
62085,"1116 Kirkham Trce","Louisville","KY","40299"
62086,"3701 Glenmeade Rd","Louisville","KY","40218"
62087,"8109 Bohannon Station Rd","Louisville","KY","40291"
62088,"5114 Reed Ave","Louisville","KY","40214"
62089,"1825 Speed Ave","Louisville","KY","40205"
62090,"2216 Douglass Blvd","Louisville","KY","40205"
62091,"6415 Tradesmill Dr","Louisville","KY","40291"
62092,"18430 Bridgemore Ln","Louisville","KY","40245"
62093,"9716 Lanesboro Way","Louisville","KY","40242"
62094,"1114 Holly Springs Dr","Louisville","KY","40242"
62095,"3801 Broken Branch Pl","Louisville","KY","40245"
62096,"2508 Paddock Ct","Louisville","KY","40216"
62097,"9703 Forestwood Dr","Louisville","KY","40299"
62098,"1311 Weller Ave","Louisville","KY","40208"
62099,"3742 Greenwood Ave","Louisville","KY","40211"
62100,"2589 E Burnett Ave","Louisville","KY","40217"
62101,"8712 Avondale Ct","Louisville","KY","40299"
62102,"13920 Buttermilk Ridge Rd","Louisville","KY","40299"
62103,"638 S 38th St","Louisville","KY","40211"
62104,"10209 Foxboro Dr","Louisville","KY","40223"
62105,"1926 Goldsmith Ln","Unit 66","Louisville",
62106,"250 Crescent Hill Pl","Apt 102","Louisville",
62107,"5929 Ashwood Bluff Dr","Louisville","KY","40207"
62108,"10608 Emma Jean Way","Louisville","KY","40272"
62109,"8516 William Cummins Ct","Louisville","KY","40228"
62110,"3419 Westwood Farms Dr","Louisville","KY","40220"
62111,"392 N 26th St","Louisville","KY","40212"
62112,"1249 Cooper Ave","Louisville","KY","40219"
62113,"11415 Ridge Lake Dr","Louisville","KY","40272"
62114,"7231 Quindero Run Rd","Louisville","KY","40228"
62115,"2804 Woods Club Rd","Louisville","KY","40241"
62116,"11002 Cambridge Commons Dr","Louisville","KY","40291"
62117,"10601 Howard Ct","Louisville","KY","40299"
62118,"9603 Stone Ledge Ct","Louisville","KY","40291"
62119,"3404 Pinecroft Dr","Louisville","KY","40219"
62120,"1807 Girard Dr","Louisville","KY","40222"
62121,"2104 Ben Ali Rd","Louisville","KY","40223"
62122,"14211 Victory Ridge Dr","Louisville","KY","40245"
62123,"13305 Shady Creek Cir","Louisville","KY","40299"
62124,"11004 Rutgers Ct","Louisville","KY","40291"
62125,"512 Circle Valley Dr","Louisville","KY","40229"
62126,"1928 Emerson Ave","Louisville","KY","40205"
62127,"6305 Price Lane Rd","Louisville","KY","40229"
62128,"5105 Graston Ct","Louisville","KY","40216"
62129,"11904 Boydton Ct","Louisville","KY","40245"
62130,"9718 River Trail Dr","Louisville","KY","40229"
62131,"5212 Rainmaker Ct","Louisville","KY","40229"
62132,"14301 Troon Dr","Louisville","KY","40245"
62133,"5912 Saddle Blanket Dr","Louisville","KY","40219"
62134,"2808 Kennersley Dr","Louisville","KY","40242"
62135,"8720 Broadwood Ct","Louisville","KY","40291"
62136,"3234 Cross Bill Rd","Louisville","KY","40213"
62137,"3421 Del Park Ter","Louisville","KY","40211"
62138,"13907 Fancy Gap Dr","Louisville","KY","40299"
62139,"3202 Villanova Dr","Louisville","KY","40220"
62140,"209 Kim Ct","Louisville","KY","40214"
62141,"8904 Bobrader Ct","Louisville","KY","40299"
62142,"4907 Bluebird Cir","Louisville","KY","40213"
62143,"3501 Illinois Ave","Apt C15","Louisville",
62144,"723 Winding Oaks Trl","Louisville","KY","40223"
62145,"6802 Harper Valley Cir","Louisville","KY","40241"
62146,"3113 Kingswood Way","Louisville","KY","40216"
62147,"302 Logsdon Ct","Louisville","KY","40243"
62148,"2505 Dora Dr","Louisville","KY","40214"
62149,"4913 Flushing Way","Louisville","KY","40272"
62150,"107 Ridgeway Ave","Louisville","KY","40207"
62151,"2704 Lamont Rd","Louisville","KY","40205"
62152,"1418 Central Ave","Louisville","KY","40208"
62153,"134 N 39th St","Louisville","KY","40212"
62154,"5010 Firwood Ln","Louisville","KY","40291"
62155,"4517 Brewster Ave","Louisville","KY","40211"
62156,"7431 Nottoway Cir","Louisville","KY","40214"
62157,"13915 Fancy Gap Dr","Louisville","KY","40299"
62158,"332 N Shawnee Ter","Louisville","KY","40212"
62159,"8138 Afterglow Dr","Louisville","KY","40214"
62160,"8100 Ardenia Ln","Louisville","KY","40228"
62161,"8903 Mapleview Dr","Louisville","KY","40258"
62162,"528 Ridgewood Rd","Louisville","KY","40207"
62163,"1207 Williams Ridge Rd","Louisville","KY","40243"
62164,"3726 Downing Way","Louisville","KY","40218"
62165,"2600 Hill Briar Ct","Louisville","KY","40241"
62166,"5044 Columbia Ave","Louisville","KY","40258"
62167,"3606 E Indian Trl","Louisville","KY","40213"
62168,"2123 Algonquin Pkwy","Louisville","KY","40210"
62169,"2805 Grinstead Dr","Louisville","KY","40206"
62170,"13021 Willow Forest Dr","Louisville","KY","40245"
62171,"7414 Glen Arbor Rd","Louisville","KY","40222"
62172,"9532 Wessex Pl","Louisville","KY","40222"
62173,"1517 Morton Ave","Louisville","KY","40204"
62174,"2831 Greenwood Ave","Louisville","KY","40211"
62175,"2200 Valley Vista Rd","Louisville","KY","40205"
62176,"131 S Shawnee Ter","Louisville","KY","40212"
62177,"7646 3rd Street Rd","Louisville","KY","40214"
62178,"8205 Zelma Fields Ave","Louisville","KY","40228"
62179,"6626 Brook Bend Way","Louisville","KY","40229"
62180,"154 N Circlecrest Dr","Louisville","KY","40229"
62181,"1217 S 2nd St","Louisville","KY","40203"
62182,"803 Mckinley Ave","Louisville","KY","40217"
62183,"861 Dublin Cir","Louisville","KY","40229"
62184,"5603 Revere Dr","Louisville","KY","40218"
62185,"506 Gablewood Cir","Louisville","KY","40245"
62186,"4407 Lincoln Rd","Louisville","KY","40220"
62187,"1545 Walter Ave","Louisville","KY","40215"
62188,"7316 Orchard Lake Blvd","Louisville","KY","40218"
62189,"6812 Spring Lawn Ct","Louisville","KY","40291"
62190,"8513 Autumn Ridge Ct","Louisville","KY","40242"
62191,"7730 Cottage Cove Way","Louisville","KY","40214"
62192,"2215 Griffiths Ave","Louisville","KY","40212"
62193,"10005 Whipps Mill Rd","Louisville","KY","40223"
62194,"124 N Hubbards Ln","Louisville","KY","40207"
62195,"816 S 33rd St","Louisville","KY","40211"
62196,"4210 Lilac Vista Dr","Louisville","KY","40241"
62197,"10015 Forest Village Ln","Louisville","KY","40223"
62198,"7714 Pear View Ln","Louisville","KY","40218"
62199,"7409 Apple Mill Dr","Louisville","KY","40228"
62200,"2515 Tennyson Ave","Louisville","KY","40205"
62201,"6709 Bluffview Cir","Louisville","KY","40299"
62202,"2303 Glenview Ave","Louisville","KY","40222"
62203,"11805 Leemont Dr","Louisville","KY","40272"
62204,"6401 Mercury Dr","Louisville","KY","40291"
62205,"3314 Farnsley Rd","Louisville","KY","40216"
62206,"6810 Grandfield Rd","Louisville","KY","40258"
62207,"9005 Holly Village Ct","Louisville","KY","40242"
62208,"10400 Southern Meadows Dr","Apt 104","Louisville",
62209,"11012 Fairway Pointe Dr","Louisville","KY","40241"
62210,"3430 1/2 Grand Ave","Louisville","KY","40211"
62211,"3536 Ramona Ave","Louisville","KY","40220"
62212,"9204 Maple Rd","Louisville","KY","40229"
62213,"6312 Green Manor Dr","Louisville","KY","40228"
62214,"9914 East Ave","Louisville","KY","40272"
62215,"4804 Sunday Dr","Louisville","KY","40219"
62216,"163 Arrowhead Rd","Louisville","KY","40207"
62217,"4505 Lincoln Rd","Louisville","KY","40220"
62218,"812 Stoneykirk Dr","Louisville","KY","40223"
62219,"7471 Egypt Ln","Louisville","KY","40219"
62220,"350 N 27th St","Louisville","KY","40212"
62221,"3606 Windward Way","Louisville","KY","40220"
62222,"2906 Arlington Ct","Louisville","KY","40299"
62223,"10311 Woodknoll Rd","Louisville","KY","40223"
62224,"1521 Sharon Dr","Louisville","KY","40216"
62225,"11526 Reality Trl","Louisville","KY","40229"
62226,"3375 Eastside Dr","Louisville","KY","40220"
62227,"10604 Providence Dr","Louisville","KY","40291"
62228,"7433 Egypt Ln","Louisville","KY","40219"
62229,"3118 Northland Dr","Louisville","KY","40216"
62230,"4421 Baygarden Ct","Louisville","KY","40245"
62231,"6305 Triplett Dr","Louisville","KY","40258"
62232,"9002 Spruce Tree Pl","Louisville","KY","40242"
62233,"8807 Persistence Dr","Louisville","KY","40229"
62234,"4218 Morgan Jaymes Dr","Louisville","KY","40299"
62235,"7606 Randy Ct","Louisville","KY","40258"
62236,"7229 Egypt Ln","Louisville","KY","40219"
62237,"3314 Stratford Ave","Louisville","KY","40218"
62238,"68 Westwind Rd","Louisville","KY","40207"
62239,"3808 Flowering Grove Ct","Louisville","KY","40241"
62240,"321 Merriman Rd","Louisville","KY","40207"
62241,"3509 Stony Brook Dr","Louisville","KY","40299"
62242,"56 Narwood Dr","Louisville","KY","40299"
62243,"4903 Woodsend Rd","Louisville","KY","40229"
62244,"1311 Lexington Rd","Louisville","KY","40204"
62245,"8120 Cloudcroft Ln","Louisville","KY","40220"
62246,"4706 Silverado Pl","Louisville","KY","40299"
62247,"8002 Mary Sue Dr","Louisville","KY","40291"
62248,"2429 Broadmeade Rd","Louisville","KY","40205"
62249,"809 Huntington Rd","Louisville","KY","40207"
62250,"1431 Twin Ridge Rd","Louisville","KY","40242"
62251,"4745 Walnut Grove Ave","Louisville","KY","40216"
62252,"3708 Mason Ave","Louisville","KY","40229"
62253,"8805 Justice Way","Louisville","KY","40229"
62254,"4330 Statton Rd","Louisville","KY","40220"
62255,"5512 Decker Rd","Louisville","KY","40258"
62256,"1621 Brick Kiln Ln","Louisville","KY","40216"
62257,"4316 Tulip Grove Ct","Louisville","KY","40241"
62258,"4240 Middlebrook Rd","Louisville","KY","40207"
62259,"6004 Cole Ave","Louisville","KY","40258"
62260,"7402 Singletree Ln","Louisville","KY","40291"
62261,"5100 Us Hwy","42 Apt 224","Louisville",
62262,"9315 Villa Fair Ct","Louisville","KY","40291"
62263,"9409 Aylesbury Dr","Louisville","KY","40242"
62264,"8707 Alshire Dr","Louisville","KY","40258"
62265,"2308 High Pine Dr","Louisville","KY","40214"
62266,"8417 Lacevine Pl","Louisville","KY","40220"
62267,"13502 Pinnacle Gardens Cir","Louisville","KY","40245"
62268,"6807 Holly Lake Dr","Louisville","KY","40291"
62269,"7318 Orchard Lake Blvd","Louisville","KY","40218"
62270,"1643 Bernheim Ln","Louisville","KY","40210"
62271,"4525 Southern Pkwy","Louisville","KY","40214"
62272,"5231 Silverton Ln","Louisville","KY","40241"
62273,"3500 Fern Lea Rd","Louisville","KY","40216"
62274,"406 Birk Ln","Louisville","KY","40222"
62275,"5512 Hasbrook Dr","Louisville","KY","40229"
62276,"3702 Parthenia Ave","Louisville","KY","40215"
62277,"3826 Glenside Pl","Louisville","KY","40213"
62278,"2100 Appleton Ln","Louisville","KY","40216"
62279,"861 Fetter Ave","Louisville","KY","40217"
62280,"6226 River Pointe Dr","Louisville","KY","40258"
62281,"2403 Sir Roberts Way","Louisville","KY","40245"
62282,"9516 Bayberry Green Ln","Louisville","KY","40291"
62283,"2003 Tyrone Dr","Louisville","KY","40218"
62284,"4207 Garvey Ct","Louisville","KY","40216"
62285,"8604 Amerivan Dr","Louisville","KY","40299"
62286,"2618 Thomas Ave","Louisville","KY","40216"
62287,"7206 Lawnside Dr","Louisville","KY","40214"
62288,"745 Woodmore Ave","Louisville","KY","40214"
62289,"4705 John Law Ct","Louisville","KY","40272"
62290,"1114 Farman Ct","Louisville","KY","40219"
62291,"11916 Queen Annes Ct","Louisville","KY","40245"
62292,"6611 Glastonburg Ln","Louisville","KY","40291"
62293,"6349 Doe Run Rd","Louisville","KY","40216"
62294,"9006 Spruce Tree Pl","Louisville","KY","40242"
62295,"12403 Brothers Ave","Louisville","KY","40243"
62296,"7210 Gerber Ave","Louisville","KY","40214"
62297,"2064 Sherwood Ave","Louisville","KY","40205"
62298,"117 Stoll Ave","Louisville","KY","40206"
62299,"123 Gillette Ave","Louisville","KY","40214"
62300,"2159 Bonnycastle Ave","Unit 7","Louisville",
62301,"9615 Arrowridge Dr","Louisville","KY","40229"
62302,"9202 Le Beau Ct","Louisville","KY","40299"
62303,"8710 Old Ironsides Dr","Louisville","KY","40228"
62304,"7501 Sam Ct","Louisville","KY","40214"
62305,"206 Wildwood Ln","Louisville","KY","40223"
62306,"205 S Birchwood Ave","Louisville","KY","40206"
62307,"6426 Black Oak Ln","Louisville","KY","40216"
62308,"10703 Eagle Ridge Pl","Louisville","KY","40223"
62309,"7317 Templeton Dr","Louisville","KY","40214"
62310,"4709 Vinecliff Pl","Louisville","KY","40299"
62311,"1908 Taffeta Dr","Louisville","KY","40272"
62312,"842 Clarks Ln","Louisville","KY","40217"
62313,"106 N 37th St","Louisville","KY","40212"
62314,"1127 Carlisle Ave","Louisville","KY","40215"
62315,"6508 Moorhaven Dr","Louisville","KY","40228"
62316,"2823 Hoock Ave","Louisville","KY","40205"
62317,"525 Inverness Ave","Louisville","KY","40214"
62318,"4322 Brownhurst Way","Louisville","KY","40241"
62319,"3312 Colonial Manor Cir","Unit 5B","Louisville",
62320,"5621 Morrison Ave","Louisville","KY","40214"
62321,"8311 Lake Superior Dr","Louisville","KY","40291"
62322,"4209 Gaudet Rd","Louisville","KY","40299"
62323,"9501 Chambers Way","Louisville","KY","40229"
62324,"3333 Frontier Trl","Louisville","KY","40220"
62325,"715 Shady Brook Ln","Louisville","KY","40229"
62326,"5310 Haventree Ct","Louisville","KY","40229"
62327,"3813 Grand Ave","Louisville","KY","40211"
62328,"13613 Kinross Blvd","Louisville","KY","40272"
62329,"1926 Dixie Garden Dr","Louisville","KY","40272"
62330,"2808 Juniper Hill Ct","Louisville","KY","40206"
62331,"14007 Hickory Ridge Rd","Louisville","KY","40245"
62332,"5200 Nettie Way","Louisville","KY","40258"
62333,"3501 Lodge Ln","Apt 201","Louisville",
62334,"5018 Winding Spring Cir","Louisville","KY","40245"
62335,"6700 Miller Park Dr","Louisville","KY","40258"
62336,"9611 Williamsborough Ln","Louisville","KY","40291"
62337,"3908 Oakleigh Meadow Pl","Louisville","KY","40245"
62338,"8422 Aspen Glen Way","Louisville","KY","40228"
62339,"11615 Chenoweth Hills Pl","Louisville","KY","40299"
62340,"402 Landis Lakes Ct","Louisville","KY","40245"
62341,"521 Zorn Ave","Apt C11","Louisville",
62342,"3705 Stanton Blvd","Louisville","KY","40220"
62343,"1502 Goddard Ave","Louisville","KY","40204"
62344,"6604 Sun Ray Dr","Louisville","KY","40272"
62345,"311 Overlook Rd","Louisville","KY","40229"
62346,"813 Stivers Rd","Louisville","KY","40207"
62347,"6808 Fernview Rd","Louisville","KY","40291"
62348,"3102 Dunlieth Ct","Louisville","KY","40241"
62349,"415 E Blue Jay Rd","Louisville","KY","40229"
62350,"5011 Abbydale Ct","Louisville","KY","40229"
62351,"2311 Helen Ave","Louisville","KY","40216"
62352,"5601 Ailanthus Trl","Louisville","KY","40219"
62353,"7417 Justan Ave","Louisville","KY","40214"
62354,"9000 Walter Ave","Louisville","KY","40229"
62355,"4116 Dover Rd","Louisville","KY","40216"
62356,"1656 Larue Ave","Louisville","KY","40213"
62357,"800 Hillview Blvd","Louisville","KY","40229"
62358,"664 Shady Brook Ln","Louisville","KY","40229"
62359,"14 Cardwell Way","Louisville","KY","40220"
62360,"2525 Clarendon Ave","Louisville","KY","40205"
62361,"3814 Brody Ln","Louisville","KY","40299"
62362,"3048 Nadina Dr","Louisville","KY","40220"
62363,"2311 Farnsley Rd","Louisville","KY","40216"
62364,"3100 Teal Ave","Louisville","KY","40213"
62365,"4935 Wellsworth Ave","Louisville","KY","40216"
62366,"10608 Farm Oaks Ct","Louisville","KY","40241"
62367,"1815 Gardiner Ln","Apt C32","Louisville",
62368,"6729 Bluffview Cir","Louisville","KY","40299"
62369,"5212 Valley Station Rd","Louisville","KY","40272"
62370,"320 E Kenwood Dr","Louisville","KY","40214"
62371,"3618 Stonyrun Dr","Louisville","KY","40220"
62372,"16906 Polo Fields Ln","Louisville","KY","40245"
62373,"9905 Harlech Ln","Louisville","KY","40299"
62374,"816 Locust Pointe Pl","Louisville","KY","40245"
62375,"3 Thurman Ct","Louisville","KY","40216"
62376,"4504 Janice Way","Louisville","KY","40216"
62377,"8703 Michael Edward Dr","Louisville","KY","40291"
62378,"914 Cannons Ln","Louisville","KY","40207"
62379,"6806 Bedford Ln","Louisville","KY","40222"
62380,"10509 Fairview Ave","Louisville","KY","40299"
62381,"1425 Hawkshead Ln","Louisville","KY","40220"
62382,"2603 Thomas Ave","Louisville","KY","40216"
62383,"12400 Spring Leaf Ct","Louisville","KY","40229"
62384,"1102 Fox Glen Way","Louisville","KY","40242"
62385,"5913 Dellrose Dr","Louisville","KY","40258"
62386,"3614 Hycliffe Ave","Louisville","KY","40207"
62387,"1060 Dixon Ave","Louisville","KY","40217"
62388,"620 Park Ave","Louisville","KY","40208"
62389,"7611 Newton Ct","Louisville","KY","40228"
62390,"513 Lone Oak Trl","Louisville","KY","40214"
62391,"3759 Craig Ave","Louisville","KY","40215"
62392,"2507 Gardiner Ln","Louisville","KY","40205"
62393,"3030 Wirth Ave","Louisville","KY","40217"
62394,"10007 Nanka Rd","Louisville","KY","40272"
62395,"8807 Wisdom Ln","Louisville","KY","40229"
62396,"6512 Beech Grove Ct","Louisville","KY","40229"
62397,"3903 Dagger Ct","Louisville","KY","40229"
62398,"1407 Rutland Club Ct","Louisville","KY","40245"
62399,"10102 Rimfire Rd","Louisville","KY","40291"
62400,"110 S Whipps Mill Rd","Louisville","KY","40222"
62401,"3214 Dublin Ln","Louisville","KY","40206"
62402,"14110 Spring Mill Rd","Louisville","KY","40245"
62403,"404 Cambridge Station Rd","Louisville","KY","40223"
62404,"1418 Winter Ave","Louisville","KY","40204"
62405,"4904 Imperial Ct","Louisville","KY","40216"
62406,"424 N 42nd St","Louisville","KY","40212"
62407,"8237 Blake Ln","Louisville","KY","40258"
62408,"2840 Whiteway Ave","Louisville","KY","40205"
62409,"8326 Lacevine Rd","Louisville","KY","40220"
62410,"4329 Lahnna Dr","Louisville","KY","40216"
62411,"7533 Manslick Rd","Louisville","KY","40214"
62412,"2131 Middle Ln","Louisville","KY","40216"
62413,"1534 Clara Ave","Louisville","KY","40215"
62414,"4103 Hycliffe Ave","Louisville","KY","40207"
62415,"6703 Poplar Forest Ln","Louisville","KY","40291"
62416,"4020 Willowview Blvd","Louisville","KY","40299"
62417,"7313 Daisy Ave","Louisville","KY","40258"
62418,"14227 Troon Dr","Louisville","KY","40245"
62419,"2210 Plantation Dr","Louisville","KY","40216"
62420,"3319 Rolling Oak Blvd","Louisville","KY","40214"
62421,"3108 Indian Lake Dr","Louisville","KY","40241"
62422,"6615 Scenic Trl","Louisville","KY","40272"
62423,"4903 Roman Dr","Louisville","KY","40291"
62424,"4406 Heatherbrook Dr","Louisville","KY","40220"
62425,"3517 Hillsboro Rd","Louisville","KY","40207"
62426,"10501 Florian Rd","Louisville","KY","40223"
62427,"4900 E Manslick Rd","Louisville","KY","40219"
62428,"5510 Mae Ct","Louisville","KY","40214"
62429,"3519 Saint Germaine Ct","Louisville","KY","40207"
62430,"12404 Valley Park Ct","Louisville","KY","40299"
62431,"7904 Roycewood Rd","Louisville","KY","40214"
62432,"8218 Adams Run Rd","Louisville","KY","40228"
62433,"827 S 41st St","Louisville","KY","40211"
62434,"11321 Wooded Branch Ln","Louisville","KY","40291"
62435,"12203 Ledges Dr","Louisville","KY","40243"
62436,"301 Leyton Ave","Louisville","KY","40222"
62437,"1757 Harvard Dr","Louisville","KY","40205"
62438,"4500 Dover Rd","Louisville","KY","40216"
62439,"7102 Cape Cod Ct","Louisville","KY","40214"
62440,"7313 Ridge Creek Rd","Louisville","KY","40291"
62441,"1213 Williams Ridge Rd","Louisville","KY","40243"
62442,"9312 Justine Ct","Louisville","KY","40299"
62443,"7800 Zenith Way","Louisville","KY","40219"
62444,"8104 Brush Ln","Louisville","KY","40291"
62445,"4718 Oak Pointe Dr","Louisville","KY","40245"
62446,"13104 Ashlawn Dr","Louisville","KY","40272"
62447,"2217 Liverpool Ln","Louisville","KY","40218"
62448,"3800 Cressington Pl","Louisville","KY","40245"
62449,"2609 Wilburlook Ln","Louisville","KY","40220"
62450,"3121 Hewitt Ave","Louisville","KY","40220"
62451,"755 Shady Brook Ln","Louisville","KY","40229"
62452,"6606 Oak Valley Dr","Louisville","KY","40214"
62453,"9601 Mary Dell Ln","Louisville","KY","40291"
62454,"445 University Ave","Louisville","KY","40206"
62455,"9706 Williamsborough Ln","Louisville","KY","40291"
62456,"8915 Novelle Dr","Louisville","KY","40258"
62457,"3610 Hudson Ave","Louisville","KY","40211"
62458,"7407 Paiute Rd","Louisville","KY","40214"
62459,"4505 Goshawk Ct","Louisville","KY","40241"
62460,"11808 Reality Trl","Louisville","KY","40229"
62461,"9807 Reynolda Rd","Louisville","KY","40223"
62462,"341 Mockingbird Valley Rd","Louisville","KY","40207"
62463,"9900 Timberwood Cir","Louisville","KY","40223"
62464,"4105 Boones Grove Way","Louisville","KY","40299"
62465,"7800 Pear View Ln","Louisville","KY","40218"
62466,"628 Logsdon Ct","Louisville","KY","40243"
62467,"12609 Sanderstead Trce","Louisville","KY","40245"
62468,"6359 Limewood Cir","Louisville","KY","40222"
62469,"3225 S Winchester Acres Rd","Louisville","KY","40223"
62470,"11316 Wooded Branch Ln","Louisville","KY","40291"
62471,"6605 Bluffview Cir","Louisville","KY","40299"
62472,"4621 S 3rd St","Louisville","KY","40214"
62473,"4900 Applegrove Ln","Louisville","KY","40218"
62474,"3801 Parthenia Ave","Louisville","KY","40215"
62475,"7101 Shutesbury Cir","Louisville","KY","40258"
62476,"7715 Carnation Dr","Louisville","KY","40258"
62477,"9805 Turnpike View Dr","Louisville","KY","40229"
62478,"129 Gofton Ct","Louisville","KY","40229"
62479,"2407 Gray Fox Rd","Louisville","KY","40205"
62480,"234 E Oak St","Louisville","KY","40203"
62481,"818 S Shelby St","Louisville","KY","40203"
62482,"3403 River Park Dr","Louisville","KY","40211"
62483,"8708 Chelmer Ln","Louisville","KY","40220"
62484,"734 S 42nd St","Louisville","KY","40211"
62485,"507 Rothbury Ln","Louisville","KY","40243"
62486,"5326 Layne Rd","Louisville","KY","40219"
62487,"520 Briar Hill Rd","Louisville","KY","40206"
62488,"5514 Apache Rd","Louisville","KY","40207"
62489,"8810 Justice Way","Louisville","KY","40229"
62490,"301 Mockingbird Valley Rd","Louisville","KY","40207"
62491,"3707 Hillsboro Rd","Louisville","KY","40207"
62492,"4223 Morgan Jaymes Dr","Louisville","KY","40299"
62493,"1726 W Oak St","Louisville","KY","40210"
62494,"445 Spring House Ln","Louisville","KY","40229"
62495,"4642 Stonestreet Ave","Louisville","KY","40216"
62496,"10602 Gleneagle Pl","Louisville","KY","40223"
62497,"2107 Dorothy Ave","Louisville","KY","40205"
62498,"803 Denmark St","Louisville","KY","40215"
62499,"1560 Knight Rd","Louisville","KY","40216"
62500,"7300 Old North Church Rd","Louisville","KY","40214"
62501,"8002 Kendrick Crossing Ln","Louisville","KY","40291"
62502,"5211 Gathwright Dr","Louisville","KY","40218"
62503,"2400 Gray Fox Rd","Louisville","KY","40205"
62504,"6806 Norway Dr","Louisville","KY","40214"
62505,"2006 Indian Chute","Louisville","KY","40207"
62506,"4530 Shenandoah Dr","Louisville","KY","40241"
62507,"3232 Rosewedge Way","Louisville","KY","40216"
62508,"665 S 35th St","Louisville","KY","40211"
62509,"1812 Addington Ave","Louisville","KY","40220"
62510,"3511 W Muhammad Ali Blvd","Louisville","KY","40212"
62511,"10815 Quince Ct","Louisville","KY","40223"
62512,"4815 Middlesex Dr","Louisville","KY","40245"
62513,"4006 Forest Crest Pl","Louisville","KY","40245"
62514,"1528 Glenrock Rd","Louisville","KY","40216"
62515,"2206 Mellwood Ave","Louisville","KY","40206"
62516,"8410 Aspen Glen Way","Louisville","KY","40228"
62517,"12002 Hillrose Cir","Louisville","KY","40243"
62518,"5317 Lone Oak Trl","Louisville","KY","40214"
62519,"3610 Dumesnil St","Louisville","KY","40211"
62520,"14901 Huntridge Cir","Louisville","KY","40245"
62521,"3400 Pineland Dr","Louisville","KY","40219"
62522,"6013 Innes Trace Rd","Louisville","KY","40222"
62523,"2322 Northwestern Pkwy","Louisville","KY","40212"
62524,"9505 Hunting Ground Ct","Louisville","KY","40228"
62525,"8310 Seaforth Dr","Louisville","KY","40258"
62526,"9808 Boxford Way","Louisville","KY","40242"
62527,"3132 Michael Dr","Louisville","KY","40220"
62528,"5606 New Cut Rd","Louisville","KY","40214"
62529,"11017 Eagles Cove Dr","Louisville","KY","40241"
62530,"9303 Alex Ct","Louisville","KY","40299"
62531,"13309 Oak Forest Ct","Louisville","KY","40245"
62532,"4414 Sycamore Forest Pl","Louisville","KY","40245"
62533,"10102 Blue Creek Dr","Louisville","KY","40229"
62534,"9109 Westport Rd","Louisville","KY","40242"
62535,"10806 Anton Ct","Louisville","KY","40229"
62536,"10006 Donau Ln","Louisville","KY","40272"
62537,"9912 Glenda Ct","Louisville","KY","40223"
62538,"1517 Dumesnil St","Louisville","KY","40210"
62539,"10116 Natalie Way","Louisville","KY","40299"
62540,"2322 Strotman Rd","Louisville","KY","40216"
62541,"3904 Brookfield Ave","Louisville","KY","40207"
62542,"11202 Jefferson Trace Blvd","Louisville","KY","40291"
62543,"1024 Charles St","Louisville","KY","40204"
62544,"1902 Bainbridge Row Dr","Louisville","KY","40207"
62545,"7801 Bramble Ln","Louisville","KY","40258"
62546,"10415 Florian Rd","Louisville","KY","40223"
62547,"6709 Fernhaven Rd","Louisville","KY","40228"
62548,"1403 Hawkshead Ln","Louisville","KY","40220"
62549,"6234 Winding Stream Dr","Louisville","KY","40272"
62550,"1056 Old South Acres Dr","Louisville","KY","40219"
62551,"1119 Homeview Dr","Louisville","KY","40215"
62552,"6901 Oakview Ct","Louisville","KY","40291"
62553,"9303 Grandstand Ct","Louisville","KY","40291"
62554,"1521 Morton Ave","Louisville","KY","40204"
62555,"5511 Valley Park Dr","Louisville","KY","40299"
62556,"8708 Storrington Ct","Louisville","KY","40222"
62557,"5118 Hunters Point Cir","Louisville","KY","40216"
62558,"6515 Hunters Creek Blvd","Louisville","KY","40258"
62559,"4300 Bay Run Ct","Louisville","KY","40245"
62560,"12625 Westport Ridge Way","Louisville","KY","40245"
62561,"1284 Springdale Dr","Louisville","KY","40213"
62562,"313 Lanai Ct","Louisville","KY","40245"
62563,"7602 Connie Dr","Louisville","KY","40258"
62564,"5009 Cliffwood Rd","Louisville","KY","40222"
62565,"2318 Tavener Dr","Louisville","KY","40242"
62566,"2504 Dundee Rd","Louisville","KY","40205"
62567,"8722 Brittany Dr","Louisville","KY","40220"
62568,"2004 Garland Ave","Louisville","KY","40210"
62569,"2235 Millvale Rd","Louisville","KY","40205"
62570,"2222 Richland Ave","Louisville","KY","40218"
62571,"11200 Jefferson Trace Blvd","Louisville","KY","40291"
62572,"2715 Lakeside Dr","Louisville","KY","40205"
62573,"136 Gardiner Lake Rd","Louisville","KY","40205"
62574,"5007 W Pages Ln","Louisville","KY","40258"
62575,"4211 Winchester Rd","Louisville","KY","40207"
62576,"1312 S 32nd St","Louisville","KY","40211"
62577,"7405 Old North Church Rd","Louisville","KY","40214"
62578,"1202 Old Cannons Ln","Louisville","KY","40207"
62579,"1218 Union Ave","Louisville","KY","40213"
62580,"5916 Saddle Blanket Dr","Louisville","KY","40219"
62581,"11008 Fellswood Ct","Louisville","KY","40243"
62582,"2325 Hawthorne Ave","Louisville","KY","40205"
62583,"7413 Greenlawn Rd","Louisville","KY","40222"
62584,"6513 Keeling Place Rd","Louisville","KY","40291"
62585,"1617 Forest Hill Dr","Louisville","KY","40205"
62586,"3026 Carson Way","Louisville","KY","40205"
62587,"3027 Dartmouth Ave","Louisville","KY","40205"
62588,"4308 Stone Lakes Dr","Louisville","KY","40299"
62589,"2912 Beaumont Rd","Louisville","KY","40205"
62590,"139 N Clifton Ave","Louisville","KY","40206"
62591,"4506 Running Spring Ct","Louisville","KY","40241"
62592,"1223 Bicknell Ave","Louisville","KY","40215"
62593,"4324 Belrad Dr","Louisville","KY","40218"
62594,"5700 Ridgecrest Rd","Louisville","KY","40218"
62595,"1445 Castlewood Ave","Louisville","KY","40204"
62596,"411 Landis Lakes Ct","Louisville","KY","40245"
62597,"8811 Persistence Dr","Louisville","KY","40229"
62598,"6713 Fernhaven Rd","Louisville","KY","40228"
62599,"3311 Conway Ct","Louisville","KY","40299"
62600,"3507 Lodge Ln","Apt 114","Louisville",
62601,"3123 Roypom Dr","Louisville","KY","40220"
62602,"946 Mulberry St","Louisville","KY","40217"
62603,"6504 Sherlock Way","Louisville","KY","40228"
62604,"2231 Valley Vista Rd","Louisville","KY","40205"
62605,"11911 Tazwell Dr","Apt 8","Louisville",
62606,"2415 Bank St","Louisville","KY","40212"
62607,"1442 Longfield Ave","Louisville","KY","40215"
62608,"7103 Glen Arbor Rd","Louisville","KY","40222"
62609,"510 Fountain Ave","Louisville","KY","40222"
62610,"6921 Caitlynn Way","Louisville","KY","40229"
62611,"14510 Maple Glenn Pl","Louisville","KY","40245"
62612,"211 N Hite Ave","Louisville","KY","40206"
62613,"4316 Belrad Dr","Louisville","KY","40218"
62614,"352 S Birchwood Ave","Louisville","KY","40206"
62615,"8101 Sherry Lynn Ct","Louisville","KY","40228"
62616,"1944 Roanoke Ave","Louisville","KY","40205"
62617,"701 Inspiration Way","Louisville","KY","40245"
62618,"9716 Polaris Dr","Louisville","KY","40229"
62619,"4301 Lambert Rd","Louisville","KY","40219"
62620,"12500 La Grange Rd","Louisville","KY","40245"
62621,"113 Ambling Way","Louisville","KY","40243"
62622,"4805 Stony Brook Dr","Louisville","KY","40291"
62623,"336 Oxford Ln","Louisville","KY","40229"
62624,"7208 Oakburn Dr","Louisville","KY","40258"
62625,"9802 Old Six Mile Ln","Louisville","KY","40299"
62626,"7630 Manslick Rd","Louisville","KY","40214"
62627,"16606 Middle Hill Ct","Louisville","KY","40245"
62628,"2412 Tavener Dr","Louisville","KY","40242"
62629,"7607 Deer Meadow Dr","Louisville","KY","40241"
62630,"911 Ash St","Louisville","KY","40217"
62631,"7917 Windgate Dr","Louisville","KY","40291"
62632,"318 Arbor Ave","Louisville","KY","40214"
62633,"5107 Emerald Dr","Louisville","KY","40219"
62634,"3224 New Lynnview Dr","Louisville","KY","40216"
62635,"3836 1/2 Napanee Rd","Louisville","KY","40207"
62636,"328 E Kenwood Dr","Louisville","KY","40214"
62637,"2219 Paris Dr","Louisville","KY","40218"
62638,"131 William St","Louisville","KY","40206"
62639,"2614 W Muhammad Ali Blvd","Louisville","KY","40212"
62640,"10141 Spring Gate Dr","Louisville","KY","40241"
62641,"6013 Whispering Hills Blvd","Louisville","KY","40219"
62642,"3501 Sudbury Ln","Louisville","KY","40220"
62643,"4604 Chenwood Ln","Louisville","KY","40299"
62644,"1812 Fleming Rd","Louisville","KY","40205"
62645,"3819 Glenside Pl","Louisville","KY","40213"
62646,"11810 Reality Trl","Louisville","KY","40229"
62647,"222 Allison Ct","Louisville","KY","40229"
62648,"2503 Ivy Oaks Ct","Louisville","KY","40245"
62649,"3438 Park Row Dr","Louisville","KY","40216"
62650,"6405 Hunters Creek Blvd","Louisville","KY","40258"
62651,"11300 Tarrence Rd","Louisville","KY","40299"
62652,"1424 Larchmont Ave","Louisville","KY","40215"
62653,"6212 Winding Stream Dr","Louisville","KY","40272"
62654,"8300 Grand Trevi Dr","Louisville","KY","40228"
62655,"4417 Wilshire Ave","Louisville","KY","40216"
62656,"23 Brownsboro Hill Rd","Louisville","KY","40207"
62657,"1202 Pickings Pl","Unit 203","Louisville",
62658,"2610 Lowell Ave","Louisville","KY","40205"
62659,"5580 Bruce Ave","Louisville","KY","40214"
62660,"11310 Top Walnut Loop","Louisville","KY","40229"
62661,"1401 Amberlin Ln","Louisville","KY","40245"
62662,"4022 Whiteblossom Estates Ct","Louisville","KY","40241"
62663,"7100 Puritan Ct","Louisville","KY","40214"
62664,"4321 Juniper Forest Pl","Louisville","KY","40245"
62665,"4048 Massie Ave","Louisville","KY","40207"
62666,"225 Crescent Hill Pl","Apt 201","Louisville",
62667,"2806 Parklawn Dr","Louisville","KY","40217"
62668,"1116 Rostrevor Cir","Louisville","KY","40205"
62669,"1003 Westgate Pl","Louisville","KY","40207"
62670,"10425 Hite Creek Rd","Louisville","KY","40241"
62671,"110 Fontaine Landing Ct","Louisville","KY","40212"
62672,"8308 Tallow Ct","Louisville","KY","40214"
62673,"11817 Reality Trl","Louisville","KY","40229"
62674,"5012 Constance Dr","Louisville","KY","40272"
62675,"8931 Thixton Ln","Louisville","KY","40229"
62676,"12106 Pleasure Ln","Louisville","KY","40272"
62677,"718 Colorado Ave","Louisville","KY","40208"
62678,"1410 Garvey Dr","Louisville","KY","40216"
62679,"8108 Apple Valley Dr","Louisville","KY","40228"
62680,"4630 Garland Ave","Louisville","KY","40211"
62681,"9904 Legacy Ct","Louisville","KY","40291"
62682,"228 Tyne Rd","Louisville","KY","40207"
62683,"3924 Hycliffe Ave","Louisville","KY","40207"
62684,"243 Briarwood Ln","Louisville","KY","40229"
62685,"9504 Doewood Ln","Louisville","KY","40291"
62686,"5103 Dreamers Way","Louisville","KY","40219"
62687,"1200 Rogers St","Louisville","KY","40204"
62688,"3628 Stonyrun Dr","Louisville","KY","40220"
62689,"3070 Beals Branch Dr","Louisville","KY","40206"
62690,"9108 Maiden Ct","Louisville","KY","40229"
62691,"10513 Monticello Forest Cir","Louisville","KY","40299"
62692,"4419 Wilmoth Ave","Louisville","KY","40216"
62693,"7911 Brownsboro Rd","Louisville","KY","40241"
62694,"8004 Wanda Way","Louisville","KY","40219"
62695,"11713 Pierce Way","Louisville","KY","40272"
62696,"8105 Barbour Manor Dr","Louisville","KY","40241"
62697,"1038 E Kentucky St","Louisville","KY","40204"
62698,"8607 Applegate Village Dr","Louisville","KY","40219"
62699,"305 Chelsea Rd","Louisville","KY","40207"
62700,"7018 Black Walnut Cir","Louisville","KY","40229"
62701,"4278 Northwestern Pkwy","Louisville","KY","40212"
62702,"1851 Farnsley Rd","Louisville","KY","40216"
62703,"836 Dresden Ave","Louisville","KY","40215"
62704,"714 W Saint Catherine St","Louisville","KY","40203"
62705,"11709 Wayside Ave","Louisville","KY","40243"
62706,"5512 Brokers Tip Ln","Louisville","KY","40272"
62707,"1300 Tennessee Ave","Louisville","KY","40208"
62708,"199 Carey Ave","Louisville","KY","40218"
62709,"191 N Bellaire Ave","Louisville","KY","40206"
62710,"947 Samuel St","Louisville","KY","40204"
62711,"820 Skylark Dr","Louisville","KY","40223"
62712,"4905 Raven Rd","Louisville","KY","40213"
62713,"5412 Riata Dr","Louisville","KY","40218"
62714,"1414 Amberlin Ln","Louisville","KY","40245"
62715,"9003 Walter Ave","Louisville","KY","40229"
62716,"1215 Forest Dr","Louisville","KY","40219"
62717,"238 Kennedy Ave","Louisville","KY","40206"
62718,"1317 Mill Race Rd","Louisville","KY","40242"
62719,"7400 Honiasant Rd","Louisville","KY","40214"
62720,"9914 Ponder Ln","Louisville","KY","40272"
62721,"9404 Amber Ridge Ct","Louisville","KY","40272"
62722,"9216 Burgoo King Rd","Louisville","KY","40272"
62723,"514 Selkirk Ln","Louisville","KY","40243"
62724,"3601 Basswood Ln","Louisville","KY","40207"
62725,"8005 Grenelle Dr","Louisville","KY","40228"
62726,"2213 Wendell Ave","Louisville","KY","40205"
62727,"11102 Brookstone Ct","Louisville","KY","40223"
62728,"4200 Final Dr","Louisville","KY","40219"
62729,"5014 Lesabre Dr","Louisville","KY","40216"
62730,"8501 Claudia Dr","Louisville","KY","40219"
62731,"7607 Johnson School Rd","Louisville","KY","40291"
62732,"4815 Hames Trce","Louisville","KY","40291"
62733,"6630 Sylvania Rd","Louisville","KY","40258"
62734,"3001 Peale Ave","Louisville","KY","40205"
62735,"4820 Greenvale Cir","Louisville","KY","40272"
62736,"808 Ahland Rd","Louisville","KY","40207"
62737,"4014 Hillbrook Dr","Louisville","KY","40220"
62738,"1344 Lillian Ave","Louisville","KY","40208"
62739,"6000 Lewis Way","Louisville","KY","40272"
62740,"4893 Charlotte Dr","Louisville","KY","40219"
62741,"2016 Janlyn Rd","Louisville","KY","40299"
62742,"301 N 32nd St","Louisville","KY","40212"
62743,"6503 Mandeville Rd","Louisville","KY","40228"
62744,"3911 River Park Dr","Louisville","KY","40211"
62745,"14314 Old Henry Rd","Louisville","KY","40245"
62746,"2904 Wallingford Ct","Louisville","KY","40218"
62747,"7808 Appleview Ln","Louisville","KY","40228"
62748,"1208 Abbeywood Rd","Louisville","KY","40222"
62749,"4180 Lyndon Way","Unit 306","Louisville",
62750,"9000 Brandywyne Dr","Louisville","KY","40291"
62751,"5302 Saratoga Estates Cir","Louisville","KY","40299"
62752,"1529 Frankfort Ave","Louisville","KY","40206"
62753,"11408 Whitney Hill Rd","Louisville","KY","40299"
62754,"5408 Navajo Rd","Louisville","KY","40207"
62755,"1228 Beckley Hills Ct","Louisville","KY","40245"
62756,"4837 Cane Run Rd","Louisville","KY","40216"
62757,"3310 Rolling Oak Blvd","Louisville","KY","40214"
62758,"4616 Glenna Way","Louisville","KY","40219"
62759,"2502 Champion Lakes Ct","Louisville","KY","40245"
62760,"3233 Radiance Rd","Louisville","KY","40220"
62761,"3301 Allison Way","Louisville","KY","40220"
62762,"12115 Vanherr Dr","Louisville","KY","40299"
62763,"10706 Water Oaks Ct","Louisville","KY","40241"
62764,"315 Monohan Dr","Louisville","KY","40207"
62765,"3950 Massie Ave","Louisville","KY","40207"
62766,"10802 Willow Lake Ct","Louisville","KY","40223"
62767,"9003 La Grange Rd","Louisville","KY","40242"
62768,"947 Mckinley Ave","Louisville","KY","40217"
62769,"311 Cannons Ln","Louisville","KY","40206"
62770,"4529 Meadowlark Manor Ln","Louisville","KY","40245"
62771,"1285 Springdale Dr","Louisville","KY","40213"
62772,"12800 Dove Lake Dr","Louisville","KY","40299"
62773,"7712 Greenlawn Rd","Louisville","KY","40242"
62774,"6 Pembroke Rd","Louisville","KY","40220"
62775,"12408 Somerset Dr","Louisville","KY","40229"
62776,"817 Lake Forest Pkwy","Louisville","KY","40245"
62777,"207 Stillwood Ct","Louisville","KY","40223"
62778,"1037 Minor Ln","Louisville","KY","40219"
62779,"307 Breckenridge Ln","Louisville","KY","40207"
62780,"3918 Warner Ave","Louisville","KY","40207"
62781,"1018 Ardmore Dr","Louisville","KY","40217"
62782,"3107 Mcmahan Blvd","Louisville","KY","40220"
62783,"3290 Illinois Ave","Louisville","KY","40213"
62784,"5904 Noah Ct","Louisville","KY","40258"
62785,"3319 Grandview Ave","Louisville","KY","40207"
62786,"311 Dorsey Ln","Louisville","KY","40223"
62787,"2731 Virginia Ave","Louisville","KY","40211"
62788,"2501 Rhett Ct","Louisville","KY","40242"
62789,"3027 Galleon Dr","Louisville","KY","40220"
62790,"4213 Hewitt Ave","Louisville","KY","40220"
62791,"3422 Heatherfield Dr","Louisville","KY","40216"
62792,"2600 Broadmeade Rd","Louisville","KY","40205"
62793,"6146 Overhill Dr","Louisville","KY","40229"
62794,"2353 Valley Vista Rd","Louisville","KY","40205"
62795,"205 Fairfax Ave","Louisville","KY","40207"
62796,"909 French St","Louisville","KY","40217"
62797,"110 S 30th St","Louisville","KY","40212"
62798,"8215 Aspen Ave","Louisville","KY","40258"
62799,"510 Beecher St","Louisville","KY","40215"
62800,"8139 Lake Ave","Apt C4","Louisville",
62801,"710 Daneshall Dr","Louisville","KY","40206"
62802,"7703 Pear View Ln","Louisville","KY","40218"
62803,"1314 Crosstimbers Dr","Louisville","KY","40245"
62804,"10704 Eagle Ridge Pl","Louisville","KY","40223"
62805,"6905 Hollow Creek Ct","Louisville","KY","40228"
62806,"8806 Fox Chase Pl","Louisville","KY","40228"
62807,"510 Willow Stone Way","Louisville","KY","40223"
62808,"138 Brown Ave","Louisville","KY","40207"
62809,"717 Cannons Ln","Louisville","KY","40207"
62810,"509 Oxford Pl","Louisville","KY","40207"
62811,"1118 Plato Ter","Louisville","KY","40211"
62812,"3608 Hycliffe Ave","Louisville","KY","40207"
62813,"3814 Norbourne Blvd","Louisville","KY","40207"
62814,"2002 Kendall Ln","Louisville","KY","40216"
62815,"3946 Kennison Ave","Louisville","KY","40207"
62816,"431 Oxford Pl","Louisville","KY","40207"
62817,"231 Fairfax Ave","Louisville","KY","40207"
62818,"241 Fairfax Ave","Louisville","KY","40207"
62819,"2907 Seneca Park Rd","Louisville","KY","40205"
62820,"9710 Stream View Trl","Louisville","KY","40258"
62821,"5613 Revere Dr","Louisville","KY","40218"
62822,"213 Ridgeway Ave","Louisville","KY","40207"
62823,"325 Lanai Ct","Louisville","KY","40245"
62824,"4312 Tulip Grove Ct","Louisville","KY","40241"
62825,"4520 Dannywood Rd","Louisville","KY","40220"
62826,"2171 Millvale Rd","Louisville","KY","40205"
62827,"4124 Hazelwood Ave","Louisville","KY","40215"
62828,"5613 Halstead Ave","Louisville","KY","40213"
62829,"1505 Forest Park Rd","Louisville","KY","40223"
62830,"2411 Woodmont Dr","Louisville","KY","40220"
62831,"5509 Grandel Blvd","Louisville","KY","40258"
62832,"5410 Gaskin Ct","Louisville","KY","40229"
62833,"4632 Settle Blvd","Louisville","KY","40219"
62834,"206 N Madison Ave","Louisville","KY","40243"
62835,"1026 Franklin St","Louisville","KY","40206"
62836,"1022 Franklin St","Louisville","KY","40206"
62837,"8814 Juniper Springs Pl","Louisville","KY","40242"
62838,"3128 Rosedale Blvd","Louisville","KY","40220"
62839,"3020 Nadina Dr","Louisville","KY","40220"
62840,"3419 Lees Ln","Louisville","KY","40216"
62841,"315 Sprite Rd","Louisville","KY","40207"
62842,"8610 Moody Rd","Louisville","KY","40219"
62843,"10614 Vintage Creek Dr","Louisville","KY","40299"
62844,"4700 Rustburg Pl","Louisville","KY","40245"
62845,"1117 Southwestern Pkwy","Louisville","KY","40211"
62846,"1906 Nelson Ave","Louisville","KY","40216"
62847,"2016 Lakeside Dr","Louisville","KY","40205"
62848,"400 S 38th St","Louisville","KY","40212"
62849,"732 Greenridge Ln","Louisville","KY","40207"
62850,"5913 Leon Way","Louisville","KY","40214"
62851,"7326 Keisler Way","Louisville","KY","40222"
62852,"703 Talon Pl","Louisville","KY","40223"
62853,"1112 Silvercrest Ln","Louisville","KY","40223"
62854,"215 Redding Rd","Louisville","KY","40218"
62855,"1503 Lou Gene Ave","Louisville","KY","40216"
62856,"3509 Susanna Dr","Louisville","KY","40213"
62857,"314 W Kenton St","Louisville","KY","40214"
62858,"6804 Stone Hill Rd","Louisville","KY","40214"
62859,"3701 Center St","Louisville","KY","40215"
62860,"1412 Herr Ln","Louisville","KY","40222"
62861,"5703 Omega St","Louisville","KY","40258"
62862,"5616 Bradbury Ave","Louisville","KY","40258"
62863,"304 Blankenbaker Ln","Louisville","KY","40207"
62864,"11723 Reality Trl","Louisville","KY","40229"
62865,"8105 Sycamore Creek Dr","Louisville","KY","40222"
62866,"3601 Oakvista Pl","Louisville","KY","40245"
62867,"6321 Winding Stream Dr","Louisville","KY","40272"
62868,"9217 Waltlee Rd","Louisville","KY","40291"
62869,"10817 Golden Maple Pl","Louisville","KY","40223"
62870,"3012 Sherbrooke Rd","Louisville","KY","40205"
62871,"11308 Wooded Branch Ln","Louisville","KY","40291"
62872,"2410 Royster Way","Louisville","KY","40258"
62873,"4408 Leeds Rd","Louisville","KY","40216"
62874,"4300 Churchill Rd","Louisville","KY","40207"
62875,"400 Hidden Oak Way","Louisville","KY","40222"
62876,"7620 Market Cart Way","Louisville","KY","40291"
62877,"2211 Village Dr","Louisville","KY","40205"
62878,"5403 Pawnee Trl","Louisville","KY","40207"
62879,"335 Lanai Ct","Louisville","KY","40245"
62880,"5813 Mount Everest Dr","Louisville","KY","40216"
62881,"4908 Fury Way","Louisville","KY","40258"
62882,"8612 Fernview Dr","Louisville","KY","40291"
62883,"13518 Pinnacle Gardens Cir","Louisville","KY","40245"
62884,"1822 Portland Ave","Louisville","KY","40203"
62885,"1904 Brentmoor Ln","Louisville","KY","40223"
62886,"609 Club Ln","Louisville","KY","40207"
62887,"8101 Pinecastle Dr","Louisville","KY","40219"
62888,"2411 Bank St","Louisville","KY","40212"
62889,"6015 Wooded Creek Dr","Unit 102","Louisville",
62890,"4119 Sunny Crossing Dr","Louisville","KY","40299"
62891,"6609 Huff Ln","Louisville","KY","40216"
62892,"7809 Conifer Dr","Louisville","KY","40258"
62893,"3503 Wexford Dr","Louisville","KY","40218"
62894,"1812 Alfresco Pl","Louisville","KY","40205"
62895,"3709 Ripple Creek Dr","Louisville","KY","40229"
62896,"1058 Lynnhurst Ave","Louisville","KY","40215"
62897,"2805 Gleeson Ln","Louisville","KY","40299"
62898,"441 Beechland Rd","Louisville","KY","40229"
62899,"1702 Ashmoor Ln","Louisville","KY","40223"
62900,"1404 Old Harrods Creek Rd","Louisville","KY","40223"
62901,"2123 Allston Ave","Louisville","KY","40210"
62902,"3804 Brody Ln","Louisville","KY","40299"
62903,"3917 Forest Crest Way","Louisville","KY","40245"
62904,"2504 Cedar St","Louisville","KY","40212"
62905,"8407 Lou Ct","Louisville","KY","40219"
62906,"4808 Mountblair Ct","Louisville","KY","40222"
62907,"3146 Northland Dr","Louisville","KY","40216"
62908,"4001 Sirate Ln","Louisville","KY","40229"
62909,"1115 Tindall Ln","Louisville","KY","40245"
62910,"617 Iowa Ave","Louisville","KY","40208"
62911,"6718 Musket Dr","Louisville","KY","40228"
62912,"14308 Willow Grove Cir","Louisville","KY","40245"
62913,"2100 Oregon Ave","Louisville","KY","40210"
62914,"1107 Central Ave","Louisville","KY","40208"
62915,"3611 Robin Dr","Louisville","KY","40216"
62916,"2903 Sunnyfield Rd","Louisville","KY","40220"
62917,"4901 Simpson Dr","Louisville","KY","40218"
62918,"8012 Chapman Way","Louisville","KY","40228"
62919,"10707 Chain Ivy Ct","Louisville","KY","40291"
62920,"9908 Appollo Ln","Louisville","KY","40272"
62921,"2545 Kings Hwy","Louisville","KY","40205"
62922,"600 Hatherleigh Ln","Louisville","KY","40222"
62923,"9113 Blowing Tree Rd","Louisville","KY","40220"
62924,"106 Fontaine Landing Ct","Louisville","KY","40212"
62925,"6209 Scottwood Dr","Louisville","KY","40258"
62926,"11305 Tenacity Ct","Louisville","KY","40229"
62927,"198 Crescent Ave","Apt 1","Louisville",
62928,"3807 Corvair Ct","Louisville","KY","40215"
62929,"1416 Mockingbird Valley Grn","Louisville","KY","40207"
62930,"1304 Bluffsprings Ct","Louisville","KY","40223"
62931,"1408 Old Mill Rd","Louisville","KY","40242"
62932,"121 Harlan Ave","Louisville","KY","40214"
62933,"1553 Dumesnil St","Louisville","KY","40210"
62934,"2314 Carlton Ter","Louisville","KY","40205"
62935,"1709 Tempest Way","Louisville","KY","40216"
62936,"731 Yorkwood Pl","Louisville","KY","40223"
62937,"12613 Sanderstead Trce","Louisville","KY","40245"
62938,"8806 Vision Pl","Louisville","KY","40229"
62939,"3312 Colonial Manor Cir","Unit 1A","Louisville",
62940,"1912 Lewiston Dr","Louisville","KY","40216"
62941,"4408 Charlotte Ann Dr","Louisville","KY","40216"
62942,"1523 Frankfort Ave","Louisville","KY","40206"
62943,"320 Graves End Dr","Louisville","KY","40203"
62944,"300 S Bayly Ave","Louisville","KY","40206"
62945,"12605 Kirkham Rd","Louisville","KY","40299"
62946,"1914 S Preston St","Louisville","KY","40217"
62947,"8911 Brandywyne Dr","Louisville","KY","40291"
62948,"9008 Artis Way","Louisville","KY","40291"
62949,"1535 Frankfort Ave","Louisville","KY","40206"
62950,"2204 Glenview Ave","Louisville","KY","40222"
62951,"13010 Trump Ave","Louisville","KY","40299"
62952,"7808 Pear View Ln","Louisville","KY","40218"
62953,"2332 Bonnycastle Ave","Louisville","KY","40205"
62954,"1617 Dunbarton Wynde","Louisville","KY","40205"
62955,"6714 Cassidy Cir","Louisville","KY","40229"
62956,"3443 Heatherfield Dr","Louisville","KY","40216"
62957,"11814 Reality Trl","Louisville","KY","40229"
62958,"4026 Hillsboro Rd","Louisville","KY","40207"
62959,"1414 Hines Rd","Louisville","KY","40223"
62960,"264 Melody Ln","Louisville","KY","40229"
62961,"807 S 38th St","Louisville","KY","40211"
62962,"3229 Rosewedge Way","Louisville","KY","40216"
62963,"13402 Lidcomb Ave","Louisville","KY","40272"
62964,"11405 Courage Ct","Louisville","KY","40229"
62965,"3014 Shallcross Way","Louisville","KY","40222"
62966,"430 S 16th St","Louisville","KY","40203"
62967,"4008 Rivulet Ln","Louisville","KY","40299"
62968,"10512 Monticello Forest Cir","Louisville","KY","40299"
62969,"1424 S 8th St","Louisville","KY","40208"
62970,"5212 Eastwind Rd","Louisville","KY","40207"
62971,"2902 Wyandotte Ave","Louisville","KY","40210"
62972,"6810 Manslick Rd","Louisville","KY","40214"
62973,"3330 Greenwood Ave","Louisville","KY","40211"
62974,"1202 Bicknell Ave","Louisville","KY","40215"
62975,"751 S 44th St","Louisville","KY","40211"
62976,"4814 Cova Dr","Louisville","KY","40216"
62977,"6012 Athens Dr","Louisville","KY","40219"
62978,"4801 Glenna Way","Louisville","KY","40219"
62979,"2301 High Pine Dr","Louisville","KY","40214"
62980,"376 Glenview Rd","Louisville","KY","40229"
62981,"4600 Lincoln Rd","Louisville","KY","40220"
62982,"8219 Eagle Creek Dr","Louisville","KY","40222"
62983,"1028 Lampton St","Louisville","KY","40204"
62984,"306 Shallowford Pl","Louisville","KY","40245"
62985,"4716 Zilma Dr","Louisville","KY","40216"
62986,"2614 Mccoy Way","Louisville","KY","40205"
62987,"9119 Brandywyne Dr","Louisville","KY","40291"
62988,"7402 Ronan Dr","Louisville","KY","40258"
62989,"4001 Meadowfield Dr","Louisville","KY","40245"
62990,"1502 Bluegrass Ave","Louisville","KY","40215"
62991,"8906 Nottingham Pkwy","Louisville","KY","40222"
62992,"515 E Brandeis Ave","Louisville","KY","40217"
62993,"5520 Brinson Dr","Louisville","KY","40216"
62994,"4906 Stony Brook Dr","Louisville","KY","40291"
62995,"1801 Arboro Pl","Louisville","KY","40220"
62996,"6909 Heavrin Ave","Louisville","KY","40218"
62997,"14813 Huntridge Cir","Louisville","KY","40245"
62998,"5219 Hassock Ct","Louisville","KY","40258"
62999,"662 S 42nd St","Louisville","KY","40211"
63000,"941 Baxter Ave","Unit 105","Louisville",
63001,"3510 Paragon Ct","Unit 2","Louisville",
63002,"5127 Acapolca Way","Louisville","KY","40219"
63003,"413 Landis Lakes Ct","Louisville","KY","40245"
63004,"1904 Millgate Rd","Louisville","KY","40223"
63005,"4640 Bellevue Ave","Louisville","KY","40215"
63006,"138 E Ashland Ave","Louisville","KY","40214"
63007,"12211 Saratoga Estates Rd","Louisville","KY","40299"
63008,"5017 Invicta Dr","Louisville","KY","40216"
63009,"8807 Justice Way","Louisville","KY","40229"
63010,"194 Cactus Ct","Louisville","KY","40229"
63011,"5310 Barnes Dr","Louisville","KY","40219"
63012,"2105 Maryland Ave","Louisville","KY","40205"
63013,"2522 Montpelier Ct","Louisville","KY","40272"
63014,"2125 Dumesnil St","Louisville","KY","40210"
63015,"142 W Amherst Ave","Louisville","KY","40214"
63016,"3802 Greenwich Way","Louisville","KY","40218"
63017,"4508 Aral Dr","Louisville","KY","40219"
63018,"3815 Stonyrun Cir","Louisville","KY","40220"
63019,"10701 Mcmeekin Ln","Unit 207","Louisville",
63020,"11508 Maple Way","Louisville","KY","40229"
63021,"10913 Pineview Ct","Louisville","KY","40299"
63022,"126 Dorchester Rd","Louisville","KY","40223"
63023,"7404 Switch Bark Rd","Louisville","KY","40228"
63024,"10425 Pine Glen Cir","Louisville","KY","40291"
63025,"4525 Biles Ct","Louisville","KY","40241"
63026,"716 W Evelyn Ave","Louisville","KY","40215"
63027,"2108 Rockford Ln","Louisville","KY","40216"
63028,"1203 Cooper Ave","Louisville","KY","40219"
63029,"4802 Partridge Run","Louisville","KY","40213"
63030,"1304 Lacona Ln","Louisville","KY","40213"
63031,"8500 Vicki Ln","Louisville","KY","40258"
63032,"305 Winton Ave","Louisville","KY","40206"
63033,"7012 Capella Ln","Louisville","KY","40258"
63034,"11022 Chapel Hill Rd","Louisville","KY","40229"
63035,"6816 Carribean Ln","Louisville","KY","40219"
63036,"4400 Deer Springs Ct","Louisville","KY","40241"
63037,"2721 W Jefferson St","Louisville","KY","40212"
63038,"11208 Sand Lake Ct","Louisville","KY","40272"
63039,"3806 Northwestern Pkwy","Louisville","KY","40212"
63040,"3344 Alford Ave","Louisville","KY","40212"
63041,"1315 Trinity Park Dr","Louisville","KY","40213"
63042,"5704 Coach Gate Wynde","Louisville","KY","40207"
63043,"7915 Dobson Ln","Louisville","KY","40291"
63044,"6806 Brook Bend Way","Louisville","KY","40229"
63045,"516 Indian Ridge Rd","Louisville","KY","40207"
63046,"4217 Silvercreek Rd","Louisville","KY","40272"
63047,"676 S 39th St","Louisville","KY","40211"
63048,"726 S 41st St","Louisville","KY","40211"
63049,"9505 Marceitta Way","Louisville","KY","40291"
63050,"11305 Jefferson Trace Blvd","Louisville","KY","40291"
63051,"1719 Magazine St","Louisville","KY","40203"
63052,"1830 Hale Ave","Louisville","KY","40210"
63053,"1342 S 32nd St","Louisville","KY","40211"
63054,"1008 W Ashland Ave","Louisville","KY","40215"
63055,"2147 Lakeside Dr","Louisville","KY","40205"
63056,"4819 Forest Park Dr","Louisville","KY","40219"
63057,"8802 Temperate Ct","Louisville","KY","40229"
63058,"600 Woodlake Dr","Louisville","KY","40245"
63059,"12810 Willow Tree Ln","Louisville","KY","40299"
63060,"3514 Janell Rd","Louisville","KY","40216"
63061,"3008 Vogue Ave","Louisville","KY","40220"
63062,"4021 Riveroaks Cir","Louisville","KY","40241"
63063,"10508 Tarrytowne Rd","Louisville","KY","40272"
63064,"834 Ash St","Louisville","KY","40217"
63065,"629 E Oak St","Louisville","KY","40203"
63066,"6012 Green Manor Dr","Louisville","KY","40219"
63067,"98 Valley Rd","Louisville","KY","40204"
63068,"7219 Quindero Run Rd","Louisville","KY","40228"
63069,"700 Inspiration Way","Louisville","KY","40245"
63070,"10905 Blacksmith Rd","Louisville","KY","40291"
63071,"9002 Willow Springs Dr","Louisville","KY","40242"
63072,"606 Wallace Ave","Louisville","KY","40207"
63073,"9602 Moorfield Cir","Louisville","KY","40241"
63074,"10406 La Plaza Ave","Louisville","KY","40272"
63075,"7901 Misty Green Way","Louisville","KY","40291"
63076,"9923 Plaudit Way","Louisville","KY","40272"
63077,"625 W Ashland Ave","Louisville","KY","40215"
63078,"4206 Sunset Ave","Louisville","KY","40211"
63079,"104 S 42nd St","Louisville","KY","40212"
63080,"4222 Lynnbrook Dr","Louisville","KY","40220"
63081,"3227 S Winchester Acres Rd","Louisville","KY","40223"
63082,"1930 Garrs Ln","Louisville","KY","40216"
63083,"309 Lanai Ct","Louisville","KY","40245"
63084,"6008 Shadow Run Rd","Louisville","KY","40219"
63085,"4708 Walden Dr","Louisville","KY","40229"
63086,"803 Harvest Grove Way","Louisville","KY","40245"
63087,"2658 Bank St","Louisville","KY","40212"
63088,"1077 Hess Ln","Louisville","KY","40217"
63089,"522 Eline Ave","Louisville","KY","40207"
63090,"5706 Janet Lee Dr","Louisville","KY","40291"
63091,"3000 Knollview Ct","Louisville","KY","40214"
63092,"3507 Westwood Farms Dr","Louisville","KY","40220"
63093,"9216 Aylesbury Dr","Louisville","KY","40242"
63094,"2105 Appleton Ln","Louisville","KY","40216"
63095,"2209 S 35th St","Louisville","KY","40211"
63096,"510 Montana Ave","Louisville","KY","40208"
63097,"245 S 43rd St","Louisville","KY","40212"
63098,"4505 Paducah Ct","Louisville","KY","40272"
63099,"9323 Artis Way","Louisville","KY","40291"
63100,"8718 Vision Pl","Louisville","KY","40229"
63101,"3139 Bushmill Park","Louisville","KY","40241"
63102,"10008 Glen Meadow Rd","Louisville","KY","40241"
63103,"712 E Ormsby Ave","Louisville","KY","40203"
63104,"4811 Mile Of Sunshine Dr","Louisville","KY","40219"
63105,"4202 Blackwood Ct","Louisville","KY","40299"
63106,"5508 Lois Ave","Louisville","KY","40219"
63107,"3744 Chamberlain Ct","Louisville","KY","40241"
63108,"4419 Stone Lakes Dr","Louisville","KY","40299"
63109,"800 Linden Dr","Louisville","KY","40223"
63110,"2242 Hale Ave","Louisville","KY","40210"
63111,"7724 Cottage Cove Way","Louisville","KY","40214"
63112,"3907 Olympic Ave","Louisville","KY","40207"
63113,"8622 Glenfield Way","Louisville","KY","40241"
63114,"2967 Six Mile Ln","Louisville","KY","40220"
63115,"22 Nichols Dr","Louisville","KY","40215"
63116,"9501 Sue Helen Dr","Louisville","KY","40299"
63117,"6125 Arlone Ct","Louisville","KY","40216"
63118,"4709 Rossmoor Dr","Louisville","KY","40219"
63119,"381 Blossom Rd","Louisville","KY","40229"
63120,"1824 Allanwood Rd","Louisville","KY","40214"
63121,"11411 Ridge Lake Dr","Louisville","KY","40272"
63122,"3020 Aubert Ave","Louisville","KY","40206"
63123,"4331 Cavelle Ave","Louisville","KY","40213"
63124,"116 Northwestern Pkwy","Louisville","KY","40212"
63125,"3025 Lake Vista Dr","Louisville","KY","40241"
63126,"8819 Wimsatt Way","Louisville","KY","40291"
63127,"1142 Saint Michael Pl","Louisville","KY","40204"
63128,"10602 Alderbrook Pl","Louisville","KY","40299"
63129,"11309 Roden Ct","Louisville","KY","40241"
63130,"8020 Watterson Trl","Louisville","KY","40291"
63131,"3821 Rimonte Dr","Louisville","KY","40220"
63132,"1142 Saint Michael St","Louisville","KY","40204"
63133,"1212 Central Ave","Louisville","KY","40208"
63134,"324 Glendora Ave","Louisville","KY","40212"
63135,"7012 Fontendleau Way","Louisville","KY","40291"
63136,"9821 Galene Dr","Louisville","KY","40299"
63137,"8312 Grand Trevi Dr","Louisville","KY","40228"
63138,"1014 Sylvia St","Louisville","KY","40217"
63139,"8111 Arnoldtown Rd","Louisville","KY","40214"
63140,"7417 Apple Mill Dr","Louisville","KY","40228"
63141,"7800 Lariat Rd","Louisville","KY","40219"
63142,"420 N 20th St","Louisville","KY","40203"
63143,"3431 Hardwood Forest Dr","Louisville","KY","40214"
63144,"10311 Colonel Hancock Dr","Louisville","KY","40291"
63145,"2219 Osage Ave","Louisville","KY","40210"
63146,"2306 Dixdale Ave","Louisville","KY","40210"
63147,"4308 Wilmoth Ave","Louisville","KY","40216"
63148,"14030 Spring Mill Rd","Louisville","KY","40245"
63149,"102 Southview Ter","Louisville","KY","40214"
63150,"1803 Bunker Hill Ct","Louisville","KY","40205"
63151,"8133 Lake Ave","Apt B12","Louisville",
63152,"662 Louis Coleman Jr Dr","Louisville","KY","40211"
63153,"3715 Susan Ln","Louisville","KY","40229"
63154,"15010 Bircham Rd","Louisville","KY","40245"
63155,"815 Gleam Dr","Louisville","KY","40214"
63156,"2301 Osage Ave","Louisville","KY","40210"
63157,"2909 Field Ave","Louisville","KY","40206"
63158,"2409 Chattesworth Ln","Louisville","KY","40242"
63159,"4302 Tulip Grove Ct","Louisville","KY","40241"
63160,"10503 Dove Chase Cir","Louisville","KY","40299"
63161,"2202 Crums Ln","Louisville","KY","40216"
63162,"4019 Hycliffe Ave","Louisville","KY","40207"
63163,"506 Alger Ave","Louisville","KY","40214"
63164,"5812 Whispering Hills Blvd","Louisville","KY","40219"
63165,"6100 Rocky Mountain Dr","Louisville","KY","40219"
63166,"5222 Pluto Dr","Louisville","KY","40258"
63167,"6800 Old Briscoe Ln","Louisville","KY","40228"
63168,"8502 Westport Rd","Louisville","KY","40242"
63169,"2013 Griffiths Ave","Louisville","KY","40203"
63170,"4302 Jasper Ct","Louisville","KY","40272"
63171,"309 Marian Dr","Louisville","KY","40218"
63172,"2015 San Jose Ave","Louisville","KY","40216"
63173,"3903 Stonyrun Dr","Louisville","KY","40220"
63174,"7612 Greenfield Ave","Louisville","KY","40214"
63175,"18413 Shallowford Ln","Louisville","KY","40245"
63176,"6620 Bluffview Cir","Louisville","KY","40299"
63177,"2905 Aspendale Ct","Louisville","KY","40241"
63178,"4010 Rock Bay Dr","Louisville","KY","40245"
63179,"710 Ahland Rd","Louisville","KY","40207"
63180,"3303 Radiance Rd","Louisville","KY","40220"
63181,"8731 Broadwood Ct","Louisville","KY","40291"
63182,"2914 Homewood Pl","Louisville","KY","40241"
63183,"5411 Bold Venture Rd","Louisville","KY","40272"
63184,"1207 Westlynne Way","Louisville","KY","40222"
63185,"917 Ellison Ave","Louisville","KY","40204"
63186,"4507 Santa Paula Ln","Louisville","KY","40219"
63187,"4224 Trio Ave","Louisville","KY","40219"
63188,"4807 Valley Station Rd","Louisville","KY","40272"
63189,"7105 River Field Dr","Louisville","KY","40258"
63190,"3623 Taxus Trl","Louisville","KY","40299"
63191,"5117 Rosette Blvd","Louisville","KY","40218"
63192,"9328 Ponder Ln","Louisville","KY","40272"
63193,"8119 La Grange Rd","Louisville","KY","40222"
63194,"2507 Merriwood Dr","Louisville","KY","40299"
63195,"3031 Preston Hwy","Louisville","KY","40217"
63196,"9313 Fernhill Dr","Louisville","KY","40291"
63197,"9006 Preston Hwy","Louisville","KY","40219"
63198,"2622 Ballantrae Cir","Louisville","KY","40242"
63199,"3905 Britt Ln","Louisville","KY","40219"
63200,"2711 Gleeson Ln","Louisville","KY","40299"
63201,"11909 Tazwell Dr","Apt 1","Louisville",
63202,"4611 Overbrook Dr","Louisville","KY","40216"
63203,"3872 Darlene Dr","Louisville","KY","40216"
63204,"4302 Creek Bend Ct","Louisville","KY","40241"
63205,"206 Alger Ave","Louisville","KY","40214"
63206,"2512 Rowan St","Louisville","KY","40212"
63207,"2117 Algonquin Pkwy","Louisville","KY","40210"
63208,"5003 Winding Spring Cir","Louisville","KY","40245"
63209,"2932 W Muhammad Ali Blvd","Louisville","KY","40212"
63210,"8617 Glenfield Way","Louisville","KY","40241"
63211,"2500 Rockford Ln","Louisville","KY","40216"
63212,"8607 Garden Gate Cir","Louisville","KY","40291"
63213,"4409 Mann Ave","Louisville","KY","40215"
63214,"9914 Shelbyville Rd","Louisville","KY","40223"
63215,"2525 Broadmeade Rd","Louisville","KY","40205"
63216,"807 Samoa Way","Louisville","KY","40207"
63217,"6724 Bluffview Cir","Louisville","KY","40299"
63218,"2819 Grinstead Dr","Louisville","KY","40206"
63219,"2404 Barret Hill Rd","Louisville","KY","40205"
63220,"727 E Coke Aly","Louisville","KY","40203"
63221,"644 S 2nd St","Apt 4","Louisville",
63222,"902 Dana Marie Dr","Louisville","KY","40223"
63223,"10907 Blacksmith Rd","Louisville","KY","40291"
63224,"1427 Phyllis Ave","Louisville","KY","40215"
63225,"8904 Woodbridge Meadows Ct","Louisville","KY","40219"
63226,"10201 Rod N Reel Rd","Louisville","KY","40229"
63227,"2717 Langdon Dr","Louisville","KY","40241"
63228,"9621 Glenawyn Cir","Louisville","KY","40299"
63229,"3200 Penhurst Dr","Louisville","KY","40216"
63230,"3211 Norma Ln","Louisville","KY","40220"
63231,"200 N 38th St","Louisville","KY","40212"
63232,"10818 Glenway Pl","Louisville","KY","40291"
63233,"3605 Friar Tuck Ct","Louisville","KY","40219"
63234,"5311 Pavilion Way","Louisville","KY","40291"
63235,"10006 Brownsboro Gardens Cir","Louisville","KY","40241"
63236,"8006 Red Cedar Way","Louisville","KY","40219"
63237,"1919 Baird St","Louisville","KY","40203"
63238,"11600 Sun Dial Ct","Louisville","KY","40272"
63239,"128 N Clifton Ave","Louisville","KY","40206"
63240,"6507 Lower Hunters Trce","Louisville","KY","40258"
63241,"513 N 19th St","Louisville","KY","40203"
63242,"103 Willow Stone Way","Louisville","KY","40223"
63243,"508 Longfield Ave","Louisville","KY","40215"
63244,"3327 Vetter Ave","Louisville","KY","40215"
63245,"263 Salisbury Sq","Apt 104","Louisville",
63246,"6001 Winding Bluff Ct","Louisville","KY","40207"
63247,"1811 Tyler Ln","Louisville","KY","40205"
63248,"3211 S Winchester Acres Rd","Louisville","KY","40223"
63249,"9508 Wood Hollow Rd","Louisville","KY","40229"
63250,"3251 Welman Dr","Louisville","KY","40216"
63251,"4121 Millcreek Dr","Louisville","KY","40216"
63252,"4631 Lor Ann Ave","Louisville","KY","40219"
63253,"16607 Taunton Vale Rd","Louisville","KY","40245"
63254,"2518 Top Hill Rd","Louisville","KY","40206"
63255,"10215 Landwood Dr","Louisville","KY","40291"
63256,"5305 Mount Marcy Rd","Louisville","KY","40216"
63257,"884 Clarks Ln","Louisville","KY","40217"
63258,"11717 Reality Trl","Louisville","KY","40229"
63259,"10213 Glenmary Farm Dr","Louisville","KY","40291"
63260,"9364 Loch Lea Ln","Louisville","KY","40291"
63261,"7718 Cedar Hollow Dr","Louisville","KY","40291"
63262,"57 Sterling Rd","Louisville","KY","40220"
63263,"162 Symmetric St","Louisville","KY","40229"
63264,"5505 Deering Heights Dr","Louisville","KY","40272"
63265,"3412 Wizard Ave","Louisville","KY","40215"
63266,"325 N 19th St","Louisville","KY","40203"
63267,"902 Dresden Ave","Louisville","KY","40215"
63268,"3500 Winterberry Cir","Louisville","KY","40207"
63269,"2210 Strathmoor Blvd","Louisville","KY","40205"
63270,"8621 Garden Gate Cir","Louisville","KY","40291"
63271,"607 Rothbury Ln","Louisville","KY","40243"
63272,"11720 Reality Trl","Louisville","KY","40229"
63273,"4600 Kingsmore Dr","Louisville","KY","40229"
63274,"3929 Tulane Ave","Louisville","KY","40214"
63275,"2401 W Main St","Louisville","KY","40212"
63276,"2325 W Main St","Louisville","KY","40212"
63277,"5038 Ardossan Sq","Louisville","KY","40241"
63278,"6714 Black Locust Way","Louisville","KY","40272"
63279,"1903 W Main St","Louisville","KY","40203"
63280,"2917 Slevin St","Louisville","KY","40212"
63281,"305 Ring Rd","Louisville","KY","40207"
63282,"9306 Villa Fair Ct","Louisville","KY","40291"
63283,"7514 Warrenton Hill Ct","Louisville","KY","40291"
63284,"1721 Model Rd","Louisville","KY","40216"
63285,"1637 Arling Ave","Louisville","KY","40215"
63286,"4902 Rossmoor Dr","Louisville","KY","40219"
63287,"4041 Ormond Rd","Louisville","KY","40207"
63288,"12706 Willow Park Dr","Louisville","KY","40299"
63289,"1813 Kingsford Dr","Louisville","KY","40216"
63290,"12411 Springmeadow Dr","Louisville","KY","40229"
63291,"3517 Craig Ave","Louisville","KY","40215"
63292,"3305 Bohannon Ave","Louisville","KY","40215"
63293,"8212 Michael Ray Dr","Louisville","KY","40219"
63294,"10709 Slippery Elm Dr","Louisville","KY","40291"
63295,"1546 Quadrant Ave","Louisville","KY","40205"
63296,"1719 Sonne Ave","Louisville","KY","40216"
63297,"2329 Cedar St","Louisville","KY","40212"
63298,"10620 Irvin Pines Dr","Louisville","KY","40229"
63299,"4608 Mile Of Sunshine Dr","Louisville","KY","40219"
63300,"9106 Hawthorne Pointe Dr","Unit 102","Louisville",
63301,"5428 Bruce Ave","Louisville","KY","40214"
63302,"3109 Pomeroy Dr","Louisville","KY","40220"
63303,"2014 Portland Ave","Louisville","KY","40203"
63304,"205 Steedly Dr","Louisville","KY","40214"
63305,"6800 Bedford Ln","Louisville","KY","40222"
63306,"4102 Chambers Way","Louisville","KY","40299"
63307,"861 S 24th St","Louisville","KY","40211"
63308,"9710 Holiday Dr","Louisville","KY","40272"
63309,"4701 Andrea Way","Louisville","KY","40219"
63310,"11314 Wooded Branch Ln","Louisville","KY","40291"
63311,"4601 Abercorne Ter","Louisville","KY","40241"
63312,"273 Circle Valley Dr","Louisville","KY","40229"
63313,"4525 Southcrest Dr","Louisville","KY","40215"
63314,"9609 Camille Dr","Louisville","KY","40299"
63315,"6807 Cozy Ct","Louisville","KY","40228"
63316,"11300 Cox Ave","Louisville","KY","40223"
63317,"5005 Sunday Dr","Louisville","KY","40219"
63318,"2220 Duncan St","Louisville","KY","40212"
63319,"4039 Woodruff Ave","Louisville","KY","40215"
63320,"4226 Southern Farm Blvd","Louisville","KY","40216"
63321,"2226 Payne St","Louisville","KY","40206"
63322,"4602 Glenna Way","Louisville","KY","40219"
63323,"1222 Williams Ridge Rd","Louisville","KY","40243"
63324,"9385 Loch Lea Ln","Louisville","KY","40291"
63325,"4113 Woods View Pl","Louisville","KY","40245"
63326,"6722 North Dr","Louisville","KY","40272"
63327,"7315 Watson Ln","Louisville","KY","40272"
63328,"1849 Gresham Rd","Louisville","KY","40205"
63329,"13025 Willow Forest Dr","Louisville","KY","40245"
63330,"1532 Goddard Ave","Louisville","KY","40204"
63331,"1667 Russell Lee Dr","Louisville","KY","40211"
63332,"1012 Brookline Ave","Louisville","KY","40215"
63333,"2136 Glenworth Ave","Louisville","KY","40218"
63334,"2814 Kleier Ave","Louisville","KY","40208"
63335,"7802 Smyrna Pkwy","Louisville","KY","40228"
63336,"6415 Lower Hunters Trce","Louisville","KY","40258"
63337,"8608 Emrich Ave","Louisville","KY","40291"
63338,"4407 Dover Rd","Louisville","KY","40216"
63339,"13103 Lavenia Ln","Louisville","KY","40272"
63340,"10409 Sunlight Ln","Louisville","KY","40272"
63341,"10810 Golden Dr","Louisville","KY","40272"
63342,"1011 Runell Rd","Louisville","KY","40214"
63343,"5500 Chenoweth Run Rd","Louisville","KY","40299"
63344,"6310 Red Spruce Dr","Louisville","KY","40229"
63345,"12104 Pleasure Ln","Louisville","KY","40272"
63346,"607 Plainview Ave","Louisville","KY","40223"
63347,"2424 Douglass Blvd","Louisville","KY","40205"
63348,"3127 Bushmill Park","Louisville","KY","40241"
63349,"9506 Plumwood Rd","Louisville","KY","40291"
63350,"4205 Holly Tree Dr","Louisville","KY","40241"
63351,"3201 Brightside Ct","Louisville","KY","40220"
63352,"1419 S Brook St","Louisville","KY","40208"
63353,"9316 Alex Ct","Louisville","KY","40299"
63354,"3606 Brookhollow Dr","Louisville","KY","40220"
63355,"5213 Pavilion Way","Louisville","KY","40291"
63356,"9809 Forest Village Ln","Louisville","KY","40223"
63357,"10002 Foxboro Dr","Louisville","KY","40223"
63358,"1476 Belmar Dr","Louisville","KY","40213"
63359,"5103 Middlesex Dr","Louisville","KY","40245"
63360,"5604 Applegate Ln","Louisville","KY","40219"
63361,"13307 Shady Creek Cir","Louisville","KY","40299"
63362,"9616 Inca Dr","Louisville","KY","40258"
63363,"6317 Labor Ln","Louisville","KY","40291"
63364,"6414 Leisure Ln","Louisville","KY","40229"
63365,"4324 Retreat Rd","Louisville","KY","40219"
63366,"6509 Hunters Chase Ln","Louisville","KY","40258"
63367,"5510 Cumnock Rd","Louisville","KY","40291"
63368,"7709 Pear View Ln","Louisville","KY","40218"
63369,"10918 Hollyview Ct","Louisville","KY","40299"
63370,"14402 Academy Ridge Blvd","Louisville","KY","40245"
63371,"5307 Senator Ln","Louisville","KY","40219"
63372,"276 Granvil Dr","Louisville","KY","40218"
63373,"13512 Forest Bend Cir","Louisville","KY","40245"
63374,"7389 Wolfspring Trce","Louisville","KY","40241"
63375,"1323 Walter Ave","Louisville","KY","40215"
63376,"4829 Bellevue Ave","Louisville","KY","40215"
63377,"5303 Cranwood Ln","Louisville","KY","40291"
63378,"908 Livingston Ave","Louisville","KY","40215"
63379,"2911 Griffiths Ave","Louisville","KY","40212"
63380,"13506 Greystone Ave","Louisville","KY","40272"
63381,"3517 Autumn Way","Louisville","KY","40218"
63382,"3600 Foreman Ln","Louisville","KY","40219"
63383,"4107 Tuxford Way","Louisville","KY","40241"
63384,"1004 Garden Creek Cir","Louisville","KY","40223"
63385,"202 Flanders Ct","Apt 1","Louisville",
63386,"4909 S 5th St","Louisville","KY","40214"
63387,"1602 Gardiner Ln","Apt 232","Louisville",
63388,"4027 Valley View Dr","Louisville","KY","40216"
63389,"8102 Eagles Crest Ct","Louisville","KY","40291"
63390,"3914 Mimosa View Dr","Louisville","KY","40299"
63391,"710 James Robinson Rd","Louisville","KY","40214"
63392,"4103 Quiet Way","Louisville","KY","40219"
63393,"13605 Broken Branch Way","Louisville","KY","40245"
63394,"9811 Scrim Ave","Louisville","KY","40272"
63395,"12506 Berrytown Rd","Louisville","KY","40223"
63396,"5903 Paul Revere Ct","Louisville","KY","40229"
63397,"2933 Bon Air Ave","Louisville","KY","40205"
63398,"611 W Magnolia Ave","Louisville","KY","40208"
63399,"8508 William Cummins Ct","Louisville","KY","40228"
63400,"360 Shadowlawn Dr","Louisville","KY","40229"
63401,"7603 Labrador Dr","Louisville","KY","40258"
63402,"8102 Barbour Manor Dr","Louisville","KY","40241"
63403,"4719 Granada Dr","Louisville","KY","40272"
63404,"5022 Emery Ave","Louisville","KY","40214"
63405,"3912 Stonyrun Dr","Louisville","KY","40220"
63406,"3614 Hurstbourne Ridge Blvd","Louisville","KY","40299"
63407,"8100 Amity Ln","Louisville","KY","40220"
63408,"124 Fontaine Landing Ct","Louisville","KY","40212"
63409,"503 W Tenny Ave","Louisville","KY","40214"
63410,"8806 Woodpointe Blvd","Louisville","KY","40219"
63411,"8718 Destiny Cv","Louisville","KY","40229"
63412,"10621 Clayton Allen Blvd","Louisville","KY","40229"
63413,"3810 Sunrise Way","Louisville","KY","40220"
63414,"6100 Top Hat Ct","Louisville","KY","40258"
63415,"6600 Southside Dr","Louisville","KY","40214"
63416,"2301 Ridan Ct","Louisville","KY","40214"
63417,"2401 Seneca Valley Rd","Louisville","KY","40205"
63418,"9608 Fern Creek Rd","Louisville","KY","40291"
63419,"9213 Woodhurst Ct","Louisville","KY","40222"
63420,"4500 Wolfspring Dr","Louisville","KY","40241"
63421,"4517 Bellevue Ave","Louisville","KY","40215"
63422,"4121 Sunny Crossing Dr","Louisville","KY","40299"
63423,"2230 Medford Ln","Louisville","KY","40218"
63424,"2510 Lamborne Blvd","Louisville","KY","40272"
63425,"10603 Tarrytowne Rd","Louisville","KY","40272"
63426,"11806 Old Shelbyville Rd","Louisville","KY","40243"
63427,"714 Eastgate Village Pl","Louisville","KY","40223"
63428,"3502 Eastside Dr","Louisville","KY","40220"
63429,"2314 Bonnycastle Ave","Louisville","KY","40205"
63430,"12007 Bay Run Dr","Louisville","KY","40245"
63431,"8210 Nancy Ln","Louisville","KY","40258"
63432,"4303 Cathay Ct","Louisville","KY","40219"
63433,"7815 Watering Pl","Louisville","KY","40291"
63434,"4229 Curtis Ave","Louisville","KY","40213"
63435,"637 Upland Rd","Louisville","KY","40206"
63436,"1548 Belmar Dr","Louisville","KY","40213"
63437,"1433 Rufer Ave","Louisville","KY","40204"
63438,"7713 Saint Bernard Ct","Louisville","KY","40291"
63439,"2403 Crittenden Dr","Louisville","KY","40217"
63440,"3604 Woodmont Park Ln","Louisville","KY","40245"
63441,"733 Inverness Ave","Louisville","KY","40214"
63442,"3807 Fieldside Cir","Louisville","KY","40299"
63443,"4713 Redbud Forest Pl","Louisville","KY","40245"
63444,"6703 Green Manor Dr","Louisville","KY","40228"
63445,"246 Delmont Ave","Louisville","KY","40206"
63446,"7201 Applegate Ln","Louisville","KY","40228"
63447,"8402 Blossom Ln","Louisville","KY","40242"
63448,"320 Shawnee Dr","Louisville","KY","40212"
63449,"5924 Saddle Blanket Dr","Louisville","KY","40219"
63450,"3102 Rockaway Dr","Louisville","KY","40216"
63451,"8800 Whipps Mill Rd","Louisville","KY","40222"
63452,"10401 Livingston Gilbert Ct","Louisville","KY","40223"
63453,"13917 Aiken Rd","Louisville","KY","40245"
63454,"9309 Artis Way","Louisville","KY","40291"
63455,"1721 Nelson Ave","Louisville","KY","40216"
63456,"5706 Morrison Ave","Louisville","KY","40214"
63457,"11201 Thornton Ln","Louisville","KY","40223"
63458,"1615 S 32nd St","Louisville","KY","40211"
63459,"5101 General Ln","Louisville","KY","40218"
63460,"7107 Mckenna Ct","Louisville","KY","40291"
63461,"2120 Wallie Ann Ct","Louisville","KY","40210"
63462,"8469 Grand Trevi Dr","Louisville","KY","40228"
63463,"4102 Bronte Ct","Louisville","KY","40299"
63464,"1815 Gardiner Ln","Apt D35","Louisville",
63465,"8805 Loch Lea Ln","Louisville","KY","40291"
63466,"13224 Willow Forest Dr","Louisville","KY","40245"
63467,"901 Bluegrass Ave","Louisville","KY","40215"
63468,"10210 Mary Dell Ln","Louisville","KY","40299"
63469,"11011 Youngtown Dr","Louisville","KY","40272"
63470,"3002 Juniper Hill Rd","Louisville","KY","40206"
63471,"7901 Bridlewood Pl","Louisville","KY","40228"
63472,"2321 Embassy Ln","Louisville","KY","40216"
63473,"4636 Dohn Rd","Louisville","KY","40216"
63474,"3024 Aubert Ave","Louisville","KY","40206"
63475,"8017 Aspen Glen Dr","Louisville","KY","40228"
63476,"9803 Four Seasons Ln","Louisville","KY","40241"
63477,"530 N 22nd St","Louisville","KY","40203"
63478,"4713 Lynn Lea Rd","Louisville","KY","40216"
63479,"1433 Lillian Ave","Louisville","KY","40208"
63480,"4009 Lisa Ave","Louisville","KY","40216"
63481,"3304 Cawein Way","Louisville","KY","40220"
63482,"11641 Reality Trl","Louisville","KY","40229"
63483,"8800 Linn Station Rd","Louisville","KY","40222"
63484,"3508 Grandview Ave","Louisville","KY","40207"
63485,"3206 Lencott Dr","Louisville","KY","40216"
63486,"11207 Sewell Dr","Louisville","KY","40291"
63487,"4631 S 1st St","Louisville","KY","40214"
63488,"5103 Green Cove Cir","Louisville","KY","40218"
63489,"5203 Roman Dr","Louisville","KY","40291"
63490,"8310 Tallow Ct","Louisville","KY","40214"
63491,"10606 Casey Trl","Louisville","KY","40229"
63492,"9376 Loch Lea Ln","Louisville","KY","40291"
63493,"618 S 40th St","Louisville","KY","40211"
63494,"1719 Eastern Pkwy","Louisville","KY","40204"
63495,"8906 Waltlee Rd","Louisville","KY","40291"
63496,"4100 Amberly Way","Louisville","KY","40241"
63497,"14608 Inspiration Ct","Louisville","KY","40245"
63498,"831 Vannah Ave","Louisville","KY","40223"
63499,"5528 Mark Dr","Louisville","KY","40258"
63500,"4831 Hames Trce","Louisville","KY","40291"
63501,"14627 Inspiration Ct","Louisville","KY","40245"
63502,"8805 Grand Ridge Ct","Louisville","KY","40214"
63503,"6310 Mercury Dr","Louisville","KY","40291"
63504,"2402 Roddy Rd","Louisville","KY","40216"
63505,"518 Evergreen Place Ct","Louisville","KY","40223"
63506,"3524 Hughes Rd","Louisville","KY","40207"
63507,"3813 Brody Ln","Louisville","KY","40299"
63508,"12106 Vanherr Dr","Louisville","KY","40299"
63509,"1405 E Washington St","Louisville","KY","40206"
63510,"3309 S Winchester Acres Rd","Louisville","KY","40223"
63511,"12411 Pine Pt","Louisville","KY","40299"
63512,"9705 Dolphin Ct","Louisville","KY","40299"
63513,"1672 Mercer Ave","Louisville","KY","40213"
63514,"7004 Ridge Farm Ct","Louisville","KY","40291"
63515,"1715 Colony Ct","Louisville","KY","40216"
63516,"209 N 28th St","Louisville","KY","40212"
63517,"530 S 20th St","Louisville","KY","40203"
63518,"4419 Fallen Apple Ln","Louisville","KY","40218"
63519,"3502 Mildred Dr","Louisville","KY","40216"
63520,"321 N 19th St","Louisville","KY","40203"
63521,"8209 Grandel Pl","Louisville","KY","40258"
63522,"7901 Daffodil Dr","Louisville","KY","40258"
63523,"317 E Esplanade Ave","Louisville","KY","40214"
63524,"111 Cambridge Dr","Louisville","KY","40214"
63525,"4202 Hickoryview Dr","Louisville","KY","40299"
63526,"3018 Meadowview Cir","Louisville","KY","40220"
63527,"3901 Serene Way","Louisville","KY","40219"
63528,"16123 Eastwood Cut Off Rd","Louisville","KY","40245"
63529,"4609 Stony Brook Dr","Louisville","KY","40299"
63530,"13010 Willow Forest Dr","Louisville","KY","40245"
63531,"2645 Taylorsville Rd","Apt 4A","Louisville",
63532,"4432 Buttonbush Glen Dr","Louisville","KY","40241"
63533,"13904 Fancy Gap Dr","Louisville","KY","40299"
63534,"9715 Titan Dr","Louisville","KY","40229"
63535,"3202 Graystone Manor Pkwy","Louisville","KY","40241"
63536,"12000 Pleasant Lawn Ct","Louisville","KY","40299"
63537,"1008 Rogers St","Louisville","KY","40204"
63538,"4812 Glenna Way","Louisville","KY","40219"
63539,"6215 Mercury Dr","Louisville","KY","40291"
63540,"14006 Spring Forest Ct","Louisville","KY","40245"
63541,"4625 Shenandoah Dr","Louisville","KY","40241"
63542,"6852 Green Meadow Cir","Louisville","KY","40207"
63543,"3803 Sedalia Trl","Louisville","KY","40272"
63544,"3812 Hillcreek Rd","Louisville","KY","40220"
63545,"2212 Steeplechase Dr","Louisville","KY","40299"
63546,"4004 Heatherview Rd","Louisville","KY","40218"
63547,"2308 Burwell Ave","Louisville","KY","40210"
63548,"5504 Dione Ave","Louisville","KY","40216"
63549,"4105 Durham Ridge Rd","Louisville","KY","40299"
63550,"8303 Glaser Ln","Louisville","KY","40291"
63551,"11513 Flowervale Ln","Louisville","KY","40272"
63552,"205 S Sherrin Ave","Louisville","KY","40207"
63553,"4505 Miles Ln","Louisville","KY","40219"
63554,"6711 Brook Bend Way","Louisville","KY","40229"
63555,"7411 Apple Mill Dr","Louisville","KY","40228"
63556,"4106 Hickoryview Dr","Louisville","KY","40299"
63557,"8607 Cheltenham Ct","Louisville","KY","40222"
63558,"6110 E Manslick Rd","Louisville","KY","40219"
63559,"1730 Gresham Rd","Louisville","KY","40205"
63560,"1023 Pitchford Rd","Louisville","KY","40219"
63561,"4231 Southern Farm Blvd","Louisville","KY","40216"
63562,"11800 Reality Trl","Louisville","KY","40229"
63563,"3534 Hanover Rd","Louisville","KY","40207"
63564,"2708 Oregon Ave","Louisville","KY","40210"
63565,"2925 Sheldon Rd","Louisville","KY","40218"
63566,"4227 Woodmont Park Ln","Louisville","KY","40245"
63567,"8714 Avondale Ct","Louisville","KY","40299"
63568,"3335 Taylorsville Rd","Louisville","KY","40205"
63569,"2015 Sherwood Ave","Louisville","KY","40205"
63570,"7912 Windgate Dr","Louisville","KY","40291"
63571,"2515 Magazine St","Louisville","KY","40211"
63572,"3110 Wilkie Rd","Louisville","KY","40216"
63573,"9908 Vega Ln","Louisville","KY","40272"
63574,"1507 Sharon Dr","Louisville","KY","40216"
63575,"603 E Brandeis Ave","Louisville","KY","40217"
63576,"11600 Pierce Way","Louisville","KY","40272"
63577,"4607 Deepwood Dr","Louisville","KY","40241"
63578,"12007 Lavenia Ln","Louisville","KY","40272"
63579,"5511 Grandel Blvd","Louisville","KY","40258"
63580,"1031 Garden Creek Cir","Louisville","KY","40223"
63581,"6913 Bartlett Rd","Louisville","KY","40218"
63582,"4716 Cliff Ave","Louisville","KY","40215"
63583,"8619 Timber Hollow Ct","Louisville","KY","40219"
63584,"5007 Ronwood Dr","Louisville","KY","40219"
63585,"11302 Sullivan Ct","Louisville","KY","40229"
63586,"2020 Japonica Way","Louisville","KY","40242"
63587,"4017 Whiteblossom Estates Ct","Louisville","KY","40241"
63588,"2002 Ayars Ct","Louisville","KY","40218"
63589,"2221 Auburn Dr","Louisville","KY","40216"
63590,"11011 Lanette Ct","Louisville","KY","40229"
63591,"404 Rolling Ln","Louisville","KY","40207"
63592,"8509 Broecker Blvd","Louisville","KY","40241"
63593,"904 Moser Rd","Louisville","KY","40223"
63594,"2640 Landor Ave","Unit 5C","Louisville",
63595,"762 Yorkwood Pl","Louisville","KY","40223"
63596,"1147 S 6th St","Louisville","KY","40203"
63597,"2234 Beargrass Ave","Louisville","KY","40218"
63598,"2038 Goldsmith Ln","Louisville","KY","40218"
63599,"2267 Speed Ave","Louisville","KY","40205"
63600,"48 Nichols Dr","Louisville","KY","40215"
63601,"3905 Springhill Rd","Louisville","KY","40207"
63602,"1534 Hemlock St","Louisville","KY","40211"
63603,"10902 Spring Run Ct","Louisville","KY","40291"
63604,"6107 Mount Everest Dr","Louisville","KY","40216"
63605,"4534 Sanders Ln","Louisville","KY","40216"
63606,"8518 Eula Rd","Louisville","KY","40219"
63607,"4704 Dover Rd","Louisville","KY","40216"
63608,"3909 Poplar Level Rd","Louisville","KY","40213"
63609,"885 Eastern Pkwy","Louisville","KY","40217"
63610,"3826 Jewell Ave","Louisville","KY","40212"
63611,"4103 Wimpole Rd","Louisville","KY","40218"
63612,"7601 Lesane Dr","Louisville","KY","40214"
63613,"1815 Gardiner Ln","Apt K94","Louisville",
63614,"224 Fairmeade Rd","Louisville","KY","40207"
63615,"3410 Westwood Farms Dr","Louisville","KY","40220"
63616,"1400 Wellington Club Ct","Louisville","KY","40245"
63617,"7403 Apple Mill Dr","Louisville","KY","40228"
63618,"2906 Rodman St","Louisville","KY","40208"
63619,"6301 Ferncliff Ln","Louisville","KY","40291"
63620,"901 Spring Glen Way","Louisville","KY","40242"
63621,"9736 Sue Helen Dr","Louisville","KY","40299"
63622,"5024 Unseld Blvd","Louisville","KY","40218"
63623,"5318 Devers Ave","Louisville","KY","40214"
63624,"9207 Wakulla Ct","Louisville","KY","40299"
63625,"7101 Venetian Way","Louisville","KY","40214"
63626,"11703 Mahogany Dr","Louisville","KY","40272"
63627,"363 N 41st St","Louisville","KY","40212"
63628,"211 Stillwood Ct","Louisville","KY","40223"
63629,"1456 Hoertz Ave","Louisville","KY","40217"
63630,"2837 Hoock Ave","Louisville","KY","40205"
63631,"9108 Pomona Pl","Louisville","KY","40272"
63632,"5007 Abbydale Ct","Louisville","KY","40229"
63633,"118 S Crestmoor Ave","Louisville","KY","40206"
63634,"3103 Verne Ct","Louisville","KY","40205"
63635,"10522 Providence Dr","Louisville","KY","40291"
63636,"6808 Caitlynn Way","Louisville","KY","40229"
63637,"2558 Carolina Ave","Louisville","KY","40205"
63638,"9610 Westport Rd","Apt 3","Louisville",
63639,"15401 Beckley Hills Dr","Louisville","KY","40245"
63640,"5922 Saddle Blanket Dr","Louisville","KY","40219"
63641,"4915 Rockaway Cir","Louisville","KY","40216"
63642,"3808 Fieldside Cir","Louisville","KY","40299"
63643,"7900 Ferndale Rd","Louisville","KY","40291"
63644,"3103 Diemer Ln","Louisville","KY","40205"
63645,"6105 Top Hat Ct","Louisville","KY","40258"
63646,"305 W Southside Ct","Louisville","KY","40214"
63647,"4006 Slack Ave","Louisville","KY","40229"
63648,"4003 Stony Brook Dr","Louisville","KY","40299"
63649,"2020 Lower Hunters Trce","Louisville","KY","40216"
63650,"2913 Arlington Ct","Louisville","KY","40299"
63651,"13715 Willow Reed Dr","Louisville","KY","40299"
63652,"2606 Merriwood Dr","Louisville","KY","40299"
63653,"13020 Willow Forest Dr","Louisville","KY","40245"
63654,"715 S 36th St","Louisville","KY","40211"
63655,"8210 Brookhollow Ct","Louisville","KY","40220"
63656,"1019 Wagner Ave","Louisville","KY","40217"
63657,"6301 Kenyon Dr","Louisville","KY","40272"
63658,"4402 Starks Dr","Louisville","KY","40218"
63659,"3418 Hurstbourne Ridge Blvd","Louisville","KY","40299"
63660,"2123 Dogoon Dr","Louisville","KY","40223"
63661,"6702 Longlake Dr","Louisville","KY","40291"
63662,"4210 Marseille Dr","Louisville","KY","40272"
63663,"13902 Rolling Springs Pl","Louisville","KY","40245"
63664,"12809 Dove Lake Dr","Louisville","KY","40299"
63665,"12351 Springmeadow Dr","Louisville","KY","40229"
63666,"13900 Fancy Gap Dr","Louisville","KY","40299"
63667,"4103 Boones Grove Way","Louisville","KY","40299"
63668,"3900 Berkshire Ave","Louisville","KY","40220"
63669,"2205 Date St","Louisville","KY","40210"
63670,"6905 Woodhaven Place Dr","Louisville","KY","40228"
63671,"8212 Granwood Ln","Louisville","KY","40258"
63672,"4623 Shasta Trl","Louisville","KY","40213"
63673,"6611 Bluffview Cir","Louisville","KY","40299"
63674,"2841 Hikes Ln","Apt 105","Louisville",
63675,"903 Lake Forest Pkwy","Louisville","KY","40245"
63676,"322 Zorn Ave","Unit 8","Louisville",
63677,"9609 Hudson Ln","Louisville","KY","40291"
63678,"269 Eldorado Ave","Louisville","KY","40218"
63679,"8008 Sycamore Creek Dr","Louisville","KY","40222"
63680,"1857 Farnsley Rd","Louisville","KY","40216"
63681,"6512 Six Mile Ln","Apt 3","Louisville",
63682,"2306 W Burnett Ave","Louisville","KY","40210"
63683,"8321 Grand Trevi Dr","Louisville","KY","40228"
63684,"4611 Southcrest Dr","Louisville","KY","40215"
63685,"1637 Eastern Pkwy","Louisville","KY","40204"
63686,"912 W Whitney Ave","Louisville","KY","40215"
63687,"941 Baxter Ave","Unit 102","Louisville",
63688,"3530 Ramona Ave","Louisville","KY","40220"
63689,"4824 Cedar Forest Pl","Louisville","KY","40245"
63690,"10637 Wemberley Hill Blvd","Louisville","KY","40241"
63691,"6309 Big Ben Dr","Louisville","KY","40291"
63692,"604 Wimpleton Pl","Louisville","KY","40206"
63693,"2808 Murray Hill Pike","Louisville","KY","40242"
63694,"7414 Ridan Way","Louisville","KY","40214"
63695,"7005 Broken Bow Dr","Louisville","KY","40258"
63696,"1826 Arlington Ave","Louisville","KY","40206"
63697,"5607 Carolyn Way","Louisville","KY","40219"
63698,"3901 Yardley Ct","Unit 206","Louisville",
63699,"730 N Barbee Way","Louisville","KY","40217"
63700,"5811 Granwood Pl","Louisville","KY","40258"
63701,"2601 Mount Vernon Ct","Louisville","KY","40220"
63702,"9510 3rd Street Rd","Louisville","KY","40272"
63703,"3021 Peale Ave","Louisville","KY","40205"
63704,"9404 Bayberry Green Ln","Louisville","KY","40291"
63705,"2702 Cameron Ct","Louisville","KY","40205"
63706,"14807 Hedgewick Way","Louisville","KY","40245"
63707,"914 S 41st St","Louisville","KY","40211"
63708,"322 Wood Rd","Louisville","KY","40222"
63709,"902 Franklin St","Louisville","KY","40206"
63710,"4800 Old Heady Rd","Louisville","KY","40299"
63711,"8711 Blossom Ln","Louisville","KY","40242"
63712,"3706 Glenlea Way","Louisville","KY","40299"
63713,"10611 Hume Ct","Louisville","KY","40272"
63714,"1305 Joni Dr","Louisville","KY","40216"
63715,"4708 Lynn Lea Rd","Louisville","KY","40216"
63716,"1717 Fraser Dr","Louisville","KY","40205"
63717,"4224 Woodmont Park Ln","Louisville","KY","40245"
63718,"2002 Cypress St","Louisville","KY","40210"
63719,"648 S 42nd St","Louisville","KY","40211"
63720,"10611 Hickory Grove Dr","Louisville","KY","40291"
63721,"1615 S 31st St","Louisville","KY","40211"
63722,"4912 Lila Ave","Louisville","KY","40258"
63723,"5020 Laughlin Ave","Louisville","KY","40214"
63724,"101 Claremont Ave","Louisville","KY","40206"
63725,"8705 Hagner Dr","Louisville","KY","40258"
63726,"4409 W Broadway","Louisville","KY","40211"
63727,"16307 Eastwood Cut Off Rd","Louisville","KY","40245"
63728,"4805 Overbrook Dr","Louisville","KY","40216"
63729,"3208 Greendale Dr","Louisville","KY","40216"
63730,"3672 Craig Ave","Louisville","KY","40215"
63731,"508 Selkirk Ln","Louisville","KY","40243"
63732,"7404 Dunkirk Ln","Louisville","KY","40272"
63733,"11800 La Grange Rd","Louisville","KY","40223"
63734,"8822 Justice Way","Louisville","KY","40229"
63735,"9807 Sonrisa Dr","Louisville","KY","40291"
63736,"12107 Edenwood Dr","Louisville","KY","40243"
63737,"1111 Holly Springs Dr","Louisville","KY","40242"
63738,"3504 Bridgegate Ct","Louisville","KY","40272"
63739,"4908 De Priest Ct","Louisville","KY","40218"
63740,"4310 Lonsdale Ave","Louisville","KY","40215"
63741,"1733 Meyers Ln","Louisville","KY","40216"
63742,"312 Oread Rd","Louisville","KY","40207"
63743,"6208 Fegenbush Ln","Louisville","KY","40228"
63744,"1219 Ormsby Ln","Louisville","KY","40222"
63745,"8217 Candleglow Ln","Louisville","KY","40214"
63746,"4400 Mackenzie Pl","Louisville","KY","40241"
63747,"6409 Hunters Creek Blvd","Louisville","KY","40258"
63748,"7407 Apple Mill Dr","Louisville","KY","40228"
63749,"6404 Birchline Blvd","Louisville","KY","40291"
63750,"8102 Devonshire Dr","Louisville","KY","40258"
63751,"9714 Lower River Rd","Louisville","KY","40272"
63752,"4907 Basking Dr","Louisville","KY","40216"
63753,"5520 Brokers Tip Ln","Louisville","KY","40272"
63754,"14603 Inspiration Ct","Louisville","KY","40245"
63755,"2716 Flat Rock Rd","Louisville","KY","40245"
63756,"3715 Craig Ave","Louisville","KY","40215"
63757,"406 Forest Park Rd","Louisville","KY","40223"
63758,"1033 E Saint Catherine St","Louisville","KY","40204"
63759,"8301 Grand Trevi Dr","Louisville","KY","40228"
63760,"1204 Pickings Pl","Unit 201","Louisville",
63761,"3504 Trail Ridge Rd","Louisville","KY","40241"
63762,"151 Mccready Ave","Louisville","KY","40206"
63763,"8327 Stillmeadow Dr","Louisville","KY","40299"
63764,"303 Kenwood Hill Rd","Louisville","KY","40214"
63765,"217 Ridgeway Ave","Louisville","KY","40207"
63766,"6519 Downs Branch Rd","Louisville","KY","40228"
63767,"9702 Forestwood Dr","Louisville","KY","40299"
63768,"2319 Tavener Dr","Louisville","KY","40242"
63769,"1107 Powerhouse Ln","Unit 205","Louisville",
63770,"1809 Jefferson Ave","Louisville","KY","40242"
63771,"625 S 37th St","Louisville","KY","40211"
63772,"923 Woodland Heights Dr","Louisville","KY","40245"
63773,"1068 Eastern Pkwy","Louisville","KY","40217"
63774,"533 Denmark St","Louisville","KY","40215"
63775,"1104 Rammers Ave","Louisville","KY","40204"
63776,"2619 Broadmeade Rd","Louisville","KY","40205"
63777,"11604 Summer Glen Way","Louisville","KY","40299"
63778,"1002 Holly Springs Dr","Louisville","KY","40242"
63779,"1558 Mckay Ave","Louisville","KY","40213"
63780,"16703 Mallet Hill Dr","Louisville","KY","40245"
63781,"1921 Arboro Pl","Louisville","KY","40220"
63782,"8726 Lantern Lite Pkwy","Louisville","KY","40220"
63783,"3313 Twin Oak Ln","Louisville","KY","40219"
63784,"2220 Garland Ave","Louisville","KY","40211"
63785,"3723 Fairway Ln","Louisville","KY","40207"
63786,"8606 Garden Gate Cir","Louisville","KY","40291"
63787,"5702 Maryman Rd","Louisville","KY","40258"
63788,"8013 Kenhurst Dr","Louisville","KY","40258"
63789,"5122 Frey Dr","Louisville","KY","40219"
63790,"5908 Jeanine Dr","Louisville","KY","40219"
63791,"5313 Kilmer Blvd","Louisville","KY","40213"
63792,"5004 Volney Ct","Louisville","KY","40291"
63793,"113 Chestnut Glen Dr","Louisville","KY","40245"
63794,"12492 Spring Trace Ct","Louisville","KY","40229"
63795,"1612 Wilson Ave","Louisville","KY","40210"
63796,"5206 Alpine Way","Louisville","KY","40214"
63797,"9208 Hawthorne Pointe Dr","Unit 103","Louisville",
63798,"2218 High Pine Dr","Louisville","KY","40214"
63799,"810 Dorsey Way","Louisville","KY","40223"
63800,"2614 Algonquin Pkwy","Louisville","KY","40210"
63801,"5516 Pico Ln","Louisville","KY","40219"
63802,"3503 Fern Lea Rd","Louisville","KY","40216"
63803,"4516 Epinay Ct","Louisville","KY","40272"
63804,"7909 Kenhurst Dr","Louisville","KY","40258"
63805,"7915 Kenhurst Dr","Louisville","KY","40258"
63806,"3403 Hurstbourne Ridge Blvd","Louisville","KY","40299"
63807,"232 Shawnee Dr","Louisville","KY","40212"
63808,"4548 S 1st St","Louisville","KY","40214"
63809,"6616 Astral Dr","Louisville","KY","40258"
63810,"325 Inverness Ave","Louisville","KY","40214"
63811,"6835 Green Meadow Cir","Louisville","KY","40207"
63812,"521 Zorn Ave","Apt C9","Louisville",
63813,"7105 Johnsontown Rd","Louisville","KY","40272"
63814,"9218 Springbrooke Cir","Louisville","KY","40241"
63815,"4317 Statton Rd","Louisville","KY","40220"
63816,"11920 Berry Hill Rd","Louisville","KY","40243"
63817,"15512 Beckley Hills Dr","Louisville","KY","40245"
63818,"4004 Northumberland Dr","Louisville","KY","40245"
63819,"7700 Hermits Run Rd","Louisville","KY","40291"
63820,"6514 Keeling Place Rd","Louisville","KY","40291"
63821,"1845 Mary Catherine Dr","Louisville","KY","40216"
63822,"12488 Spring Trace Ct","Louisville","KY","40229"
63823,"1410 Autumn Ridge Rd","Louisville","KY","40242"
63824,"4700 W Broadway","Louisville","KY","40211"
63825,"2419 Parkdale Ave","Louisville","KY","40220"
63826,"5502 Grandel Blvd","Louisville","KY","40258"
63827,"5904 Mercury Dr","Louisville","KY","40291"
63828,"5906 Mercury Dr","Louisville","KY","40291"
63829,"4011 Landside Dr","Louisville","KY","40220"
63830,"8213 Paddington Dr","Louisville","KY","40222"
63831,"1445 Taylor Ave","Louisville","KY","40213"
63832,"2303 Rowan St","Louisville","KY","40212"
63833,"4016 Saratoga Woods Dr","Louisville","KY","40299"
63834,"3802 Corvair Ct","Louisville","KY","40215"
63835,"5106 Nancy Ave","Louisville","KY","40216"
63836,"2303 Stannye Dr","Louisville","KY","40222"
63837,"5900 Mercury Dr","Louisville","KY","40291"
63838,"8814 Tranquil Valley Ln","Louisville","KY","40299"
63839,"6802 Sherry Ln","Louisville","KY","40291"
63840,"3414 Ethelwood Dr","Louisville","KY","40299"
63841,"3710 Hughes Rd","Louisville","KY","40207"
63842,"2314 Dumesnil St","Louisville","KY","40210"
63843,"4404 Haney Way","Louisville","KY","40272"
63844,"17410 Curry Branch Rd","Louisville","KY","40245"
63845,"1405 Amberlin Ln","Louisville","KY","40245"
63846,"1110 Ellison Ave","Louisville","KY","40204"
63847,"209 Fairmeade Rd","Louisville","KY","40207"
63848,"7205 Shefford Ln","Louisville","KY","40242"
63849,"415 Hillcrest Ave","Louisville","KY","40206"
63850,"3518 Coventry Tee Ct","Louisville","KY","40241"
63851,"6508 Lovers Ln","Louisville","KY","40291"
63852,"3701 Hughes Rd","Louisville","KY","40207"
63853,"714 Inspiration Way","Louisville","KY","40245"
63854,"3800 Crestridge Dr","Louisville","KY","40272"
63855,"3511 Locklee Rd","Louisville","KY","40214"
63856,"9300 Competition Ct","Louisville","KY","40291"
63857,"525 Wainwright Ave","Louisville","KY","40217"
63858,"2201 Peaslee Rd","Louisville","KY","40216"
63859,"2121 Woodland Ave","Louisville","KY","40210"
63860,"8505 Robin Hill Dr","Louisville","KY","40291"
63861,"6805 Blackhorse Dr","Louisville","KY","40291"
63862,"3105 Cabinwood Dr","Louisville","KY","40220"
63863,"9003 John Paul Ct","Louisville","KY","40229"
63864,"4139 Winnrose Way","Louisville","KY","40211"
63865,"8804 Kings Lynn Ln","Louisville","KY","40220"
63866,"7405 Beauty Ct","Louisville","KY","40228"
63867,"4516 Micklenburg Ct","Louisville","KY","40245"
63868,"444 N 26th St","Louisville","KY","40212"
63869,"8908 Filson Fields Dr","Louisville","KY","40219"
63870,"4234 Southern Farm Blvd","Louisville","KY","40216"
63871,"1416 Amberlin Ln","Louisville","KY","40245"
63872,"4304 Silver Oaks Ct","Louisville","KY","40272"
63873,"8300 Rosebowl Ct","Louisville","KY","40291"
63874,"914 Hess Ln","Louisville","KY","40217"
63875,"7915 Kendrick Crossing Ln","Louisville","KY","40291"
63876,"1831 Woodfill Way","Louisville","KY","40205"
63877,"508 Evergreen Place Ct","Louisville","KY","40223"
63878,"9825 Holiday Dr","Louisville","KY","40272"
63879,"2228 Fairland Ave","Louisville","KY","40218"
63880,"8634 Running Fox Cir","Louisville","KY","40291"
63881,"11824 Lower River Rd","Louisville","KY","40272"
63882,"1614 Star Rest Dr","Louisville","KY","40272"
63883,"9703 Grandin Woods Rd","Louisville","KY","40299"
63884,"9507 Gateway Dr","Louisville","KY","40299"
63885,"4803 Edge Valley Ln","Louisville","KY","40258"
63886,"103 Sycamore Dr","Louisville","KY","40223"
63887,"8402 Ambrosse Ln","Unit 205","Louisville",
63888,"823 Swan St","Louisville","KY","40204"
63889,"12501 Bridgetown Pl","Louisville","KY","40245"
63890,"1703 Calder Ct","Louisville","KY","40205"
63891,"160 N Galt Ave","Louisville","KY","40206"
63892,"311 Highwood Dr","Louisville","KY","40206"
63893,"7908 Bluebonnet Rd","Louisville","KY","40258"
63894,"3226 Welman Dr","Louisville","KY","40216"
63895,"7824 Westbrook Rd","Louisville","KY","40258"
63896,"6823 Fenway Rd","Louisville","KY","40258"
63897,"161 Wiltshire Ave","Louisville","KY","40207"
63898,"10713 Briar Turn Dr","Louisville","KY","40291"
63899,"5313 Chenoweth Park Ln","Louisville","KY","40291"
63900,"9315 Galene Dr","Louisville","KY","40299"
63901,"518 S Steedland Dr","Louisville","KY","40229"
63902,"1614 Cristland Rd","Louisville","KY","40214"
63903,"2426 Donna Rd","Louisville","KY","40216"
63904,"2812 S 3rd St","Louisville","KY","40208"
63905,"1113 Red Fox Rd","Louisville","KY","40205"
63906,"6800 Hollow Creek Ct","Louisville","KY","40228"
63907,"3507 Lodge Ln","Apt 314","Louisville",
63908,"613 Maylawn Ave","Louisville","KY","40217"
63909,"4013 Stone Lakes Dr","Louisville","KY","40299"
63910,"5303 S Watterson Trl","Louisville","KY","40291"
63911,"4701 Famous Way","Louisville","KY","40219"
63912,"2506 Elmhurst Ave","Louisville","KY","40216"
63913,"2121 Middle Ln","Louisville","KY","40216"
63914,"5510 Fairwood Oaks Pl","Louisville","KY","40291"
63915,"15602 Beckley Hills Dr","Louisville","KY","40245"
63916,"4816 Cedar Forest Pl","Louisville","KY","40245"
63917,"3713 Vermont Ave","Louisville","KY","40211"
63918,"1220 Gilmore Ln","Louisville","KY","40213"
63919,"6216 Lynnchester Dr","Louisville","KY","40219"
63920,"2750 Cliffwood Ave","Louisville","KY","40206"
63921,"9404 Minute Men Ct","Louisville","KY","40214"
63922,"4015 Rosemont Ave","Louisville","KY","40220"
63923,"653 Shady Brook Ln","Louisville","KY","40229"
63924,"10101 Rolling Stone Dr","Louisville","KY","40229"
63925,"10400 Falling Tree Way","Louisville","KY","40223"
63926,"5004 Springdale Rd","Louisville","KY","40241"
63927,"9902 Glenda Ct","Louisville","KY","40223"
63928,"5203 Columbia Ave","Louisville","KY","40258"
63929,"1267 Morgan Ave","Louisville","KY","40213"
63930,"5501 Nally Ct","Louisville","KY","40216"
63931,"1784 Mellwood Ave","Louisville","KY","40206"
63932,"122 N 20th St","Louisville","KY","40203"
63933,"10903 Foxgate Ct","Louisville","KY","40223"
63934,"5500 Easum Pine Ct","Louisville","KY","40299"
63935,"4907 Simpson Dr","Louisville","KY","40218"
63936,"11722 Hancock Trace Ct","Louisville","KY","40245"
63937,"223 Gheens Ave","Louisville","KY","40214"
63938,"203 Seneca Trl","Louisville","KY","40214"
63939,"6400 Tradesmill Dr","Louisville","KY","40291"
63940,"6708 Leverett Ln","Louisville","KY","40258"
63941,"6706 Fallen Leaf Cir","Louisville","KY","40241"
63942,"10010 Sunkist Way","Louisville","KY","40272"
63943,"4409 Yolanda Dr","Louisville","KY","40216"
63944,"8209 Thornwood Rd","Louisville","KY","40220"
63945,"713 Inspiration Way","Louisville","KY","40245"
63946,"4700 E Manslick Rd","Louisville","KY","40219"
63947,"5211 Pavilion Way","Louisville","KY","40291"
63948,"4106 Maynard Ave","Louisville","KY","40229"
63949,"11625 Reality Trl","Louisville","KY","40229"
63950,"7701 Arnoldtown Rd","Louisville","KY","40214"
63951,"507 Grand Vista Pl","Louisville","KY","40243"
63952,"1603 Russell Ave","Louisville","KY","40213"
63953,"3022 Roselawn Blvd","Louisville","KY","40220"
63954,"2215 W Madison St","Louisville","KY","40211"
63955,"4412 Mcgill Dr","Louisville","KY","40215"
63956,"11304 Sullivan Ct","Louisville","KY","40229"
63957,"4505 Norene Ln","Louisville","KY","40219"
63958,"818 S Hancock St","Louisville","KY","40203"
63959,"2002 Nocturne Dr","Louisville","KY","40272"
63960,"14408 Willow Grove Cir","Louisville","KY","40245"
63961,"214 N 38th St","Louisville","KY","40212"
63962,"1882 Frankfort Ave","Louisville","KY","40206"
63963,"3410 W Muhammad Ali Blvd","Louisville","KY","40212"
63964,"516 Plainview Ave","Louisville","KY","40223"
63965,"11306 Halifax Dr","Louisville","KY","40241"
63966,"2701 Cedar St","Louisville","KY","40212"
63967,"652 Cecil Ave","Louisville","KY","40211"
63968,"1704 Pershing Ave","Louisville","KY","40242"
63969,"420 Lotis Way","Louisville","KY","40207"
63970,"11604 Reality Trl","Louisville","KY","40229"
63971,"1165 S 41st St","Louisville","KY","40211"
63972,"1021 E Muhammad Ali Blvd","Louisville","KY","40204"
63973,"5017 Feys Dr","Louisville","KY","40216"
63974,"4538 Dover Rd","Louisville","KY","40216"
63975,"9403 Minute Men Ct","Louisville","KY","40214"
63976,"3502 Sample Way","Louisville","KY","40245"
63977,"828 Fountain Ave","Louisville","KY","40222"
63978,"8027 Kellerman Rd","Louisville","KY","40219"
63979,"4006 Kurtz Ave","Louisville","KY","40229"
63980,"2414 Lonesome Hollow Rd","Louisville","KY","40272"
63981,"803 Perryman Rd","Louisville","KY","40207"
63982,"2611 Garden Lake Ln","Louisville","KY","40220"
63983,"303 Chanel Ct","Apt 8","Louisville",
63984,"5417 Southview Dr","Louisville","KY","40214"
63985,"10702 Slippery Elm Dr","Louisville","KY","40291"
63986,"1102 Brookline Ave","Louisville","KY","40215"
63987,"4407 Northwood Dr","Louisville","KY","40220"
63988,"410 Mockingbird Valley Rd","Apt 14","Louisville",
63989,"1544 Clara Ave","Louisville","KY","40215"
63990,"2402 Donna Rd","Louisville","KY","40216"
63991,"2541 Seneca Dr","Louisville","KY","40205"
63992,"15629 Beckley Hills Dr","Louisville","KY","40245"
63993,"5133 Oaklawn Park Dr","Louisville","KY","40299"
63994,"9406 Old Bardstown Rd","Louisville","KY","40291"
63995,"3015 Nepperhan Rd","Louisville","KY","40220"
63996,"3712 Willmar Ave","Louisville","KY","40218"
63997,"303 Redding Rd","Louisville","KY","40218"
63998,"3904 Norene Ln","Louisville","KY","40219"
63999,"8603 Binnacle Ct","Louisville","KY","40220"
64000,"763 Harrison Ave","Louisville","KY","40217"
64001,"3611 Brownsboro Rd","Apt 5","Louisville",
64002,"3701 River Park Dr","Louisville","KY","40211"
64003,"3106 Hendon Rd","Louisville","KY","40220"
64004,"6910 Deep Spring Ct","Louisville","KY","40228"
64005,"3820 Sunset Ave","Louisville","KY","40211"
64006,"311 Lanai Ct","Louisville","KY","40245"
64007,"4802 Billtown Rd","Louisville","KY","40299"
64008,"9301 Cavalcade Ave","Louisville","KY","40272"
64009,"1203 Stonewall Way","Louisville","KY","40242"
64010,"503 Oak Branch Rd","Louisville","KY","40245"
64011,"3713 Marvin Ave","Louisville","KY","40218"
64012,"1019 Colonel Anderson Pkwy","Louisville","KY","40222"
64013,"10610 Kinross Ct","Louisville","KY","40243"
64014,"3103 Chickadee Rd","Louisville","KY","40213"
64015,"4227 Alton Rd","Louisville","KY","40207"
64016,"6616 Bluffview Cir","Louisville","KY","40299"
64017,"10428 Black Iron Rd","Louisville","KY","40291"
64018,"3425 Buckeye Rd","Louisville","KY","40216"
64019,"4318 S 3rd St","Louisville","KY","40214"
64020,"315 Belvar Ave","Louisville","KY","40206"
64021,"8911 Willow Springs Dr","Louisville","KY","40242"
64022,"5206 Venus Dr","Louisville","KY","40258"
64023,"1202 Bentwood Way","Louisville","KY","40223"
64024,"14108 Willow Grove Way","Louisville","KY","40245"
64025,"8400 Ambrosse Ln","Unit 207","Louisville",
64026,"2704 Audley Dr","Louisville","KY","40206"
64027,"2804 Celina Dr","Louisville","KY","40213"
64028,"314 Winton Ave","Louisville","KY","40206"
64029,"17204 Mallet Hill Dr","Louisville","KY","40245"
64030,"1602 Lou Gene Ave","Louisville","KY","40216"
64031,"1301 Cherry Hill Ct","Louisville","KY","40229"
64032,"1645 Stevens Ave","Louisville","KY","40205"
64033,"700 Ahland Rd","Louisville","KY","40207"
64034,"9103 Linn Station Rd","Louisville","KY","40222"
64035,"3500 Gonewind Dr","Louisville","KY","40299"
64036,"3810 Brody Ln","Louisville","KY","40299"
64037,"8313 Grand Trevi Dr","Louisville","KY","40228"
64038,"7900 Seebolt Dr","Louisville","KY","40219"
64039,"1926 Goldsmith Ln","Unit 94","Louisville",
64040,"7020 Nathan Hale Way","Louisville","KY","40272"
64041,"3219 Wynbrooke Cir","Louisville","KY","40241"
64042,"1310 Herr Ln","Louisville","KY","40222"
64043,"4610 Melvin Dr","Louisville","KY","40216"
64044,"6718 Marian Dr","Louisville","KY","40216"
64045,"10101 Horseshoe Trce","Louisville","KY","40223"
64046,"7412 Gaymont Dr","Louisville","KY","40214"
64047,"9324 Villa Fair Ct","Louisville","KY","40291"
64048,"2116 W Burnett Ave","Louisville","KY","40210"
64049,"747 Yorkwood Pl","Louisville","KY","40223"
64050,"10930 Hobbs Station Rd","Louisville","KY","40223"
64051,"2011 Lauderdale Rd","Louisville","KY","40205"
64052,"5028 Cotehele Pl","Louisville","KY","40241"
64053,"6715 Poplar Forest Ln","Louisville","KY","40291"
64054,"9912 Kenmont Ln","Louisville","KY","40241"
64055,"3316 Eastside Dr","Louisville","KY","40220"
64056,"8805 Temperate Ct","Louisville","KY","40229"
64057,"10905 Aspenview Ct","Louisville","KY","40299"
64058,"314 Knollwood Cir","Louisville","KY","40229"
64059,"4105 Stone Lakes Dr","Louisville","KY","40299"
64060,"1813 The Meadow Rd","Louisville","KY","40223"
64061,"312 Mill Stream Pl","Louisville","KY","40222"
64062,"5315 Silver Wing Blvd","Louisville","KY","40241"
64063,"10522 Vintage Creek Dr","Louisville","KY","40299"
64064,"14209 Academy Ridge Blvd","Louisville","KY","40245"
64065,"727 S 36th St","Louisville","KY","40211"
64066,"3447 Bonny Lea Ct","Louisville","KY","40216"
64067,"4705 Vinecliff Pl","Louisville","KY","40299"
64068,"7201 Ridge Creek Rd","Louisville","KY","40291"
64069,"222 Saguaro Dr","Louisville","KY","40229"
64070,"7202 Gaymont Dr","Louisville","KY","40214"
64071,"9916 Hofelich Ln","Louisville","KY","40291"
64072,"4707 E Indian Trl","Louisville","KY","40218"
64073,"5502 Alicante Ln","Louisville","KY","40272"
64074,"12504 Essex Bay Ct","Louisville","KY","40245"
64075,"925 Cecil Ave","Louisville","KY","40211"
64076,"510 Landis Lakes Ct","Louisville","KY","40245"
64077,"10526 Providence Dr","Louisville","KY","40291"
64078,"5415 Earlann Dr","Louisville","KY","40219"
64079,"7303 Duchess Dr","Louisville","KY","40228"
64080,"12448 Spring Trace Ct","Louisville","KY","40229"
64081,"10813 Dorton Dr","Louisville","KY","40272"
64082,"315 Jarvis Ln","Louisville","KY","40207"
64083,"1309 Rhonda Way","Louisville","KY","40216"
64084,"8503 Michael Ray Dr","Louisville","KY","40219"
64085,"2609 Stony Brook Dr","Louisville","KY","40220"
64086,"121 N 37th St","Louisville","KY","40212"
64087,"3805 Yardley Ct","Unit 104","Louisville",
64088,"14024 Spring Mill Rd","Louisville","KY","40245"
64089,"6902 Oakview Ct","Louisville","KY","40291"
64090,"6807 Caitlynn Way","Louisville","KY","40229"
64091,"6622 Lunar Dr","Louisville","KY","40258"
64092,"6804 Rock Forest Dr","Louisville","KY","40219"
64093,"1229 E Burnett Ave","Louisville","KY","40217"
64094,"5917 Oakdale Ln","Louisville","KY","40219"
64095,"4506 E Pages Ln","Louisville","KY","40272"
64096,"6719 Bluffview Cir","Louisville","KY","40299"
64097,"1517 Christy Ave","Louisville","KY","40204"
64098,"6009 Robinhood Ln","Louisville","KY","40219"
64099,"1259 Vim Dr","Louisville","KY","40213"
64100,"8001 Edsel Ln","Louisville","KY","40291"
64101,"9013 Thelma Ln","Louisville","KY","40220"
64102,"2915 Meadow Farms Pl","Louisville","KY","40245"
64103,"6708 Fegenbush Ln","Louisville","KY","40228"
64104,"6021 Dutschke Rd","Louisville","KY","40272"
64105,"2609 Merriwood Dr","Louisville","KY","40299"
64106,"8812 Lantana Dr","Louisville","KY","40229"
64107,"3501 Paragon Ct","Unit 34","Louisville",
64108,"3518 Ramona Ave","Louisville","KY","40220"
64109,"1209 Winter Springs Ct","Unit 103","Louisville",
64110,"4300 Mount Vernon Rd","Louisville","KY","40220"
64111,"4003 Pacelli Pl","Louisville","KY","40245"
64112,"8007 Kenhurst Dr","Louisville","KY","40258"
64113,"2208 Sheffield Blvd","Louisville","KY","40205"
64114,"1409 Rosewood Ave","Louisville","KY","40204"
64115,"80 Valley Rd","Louisville","KY","40204"
64116,"10110 Grey Hawk Dr","Louisville","KY","40219"
64117,"4054 Richland Ave","Louisville","KY","40207"
64118,"9903 Brentlinger Ln","Louisville","KY","40291"
64119,"123 S Arbor Park","Louisville","KY","40214"
64120,"2513 Bradley Ave","Louisville","KY","40217"
64121,"8477 Grand Trevi Dr","Louisville","KY","40228"
64122,"1824 Edgeland Ave","Louisville","KY","40204"
64123,"1724 Eastern Pkwy","Louisville","KY","40204"
64124,"3762 Taylorsville Rd","Louisville","KY","40220"
64125,"4821 Andalusia Ln","Louisville","KY","40272"
64126,"4010 Addison Ln","Louisville","KY","40216"
64127,"3712 Craig Ave","Louisville","KY","40215"
64128,"711 Highwood Dr","Louisville","KY","40206"
64129,"1305 Crosstimbers Dr","Louisville","KY","40245"
64130,"3925 Manner Dale Dr","Louisville","KY","40220"
64131,"5201 Oldshire Rd","Louisville","KY","40229"
64132,"311 Creason Ct","Unit 205","Louisville",
64133,"9804 Farnham Dr","Louisville","KY","40223"
64134,"1031 Reeves Rd","Louisville","KY","40219"
64135,"6313 Eureka Ave","Louisville","KY","40216"
64136,"4510 Mount Vernon Rd","Louisville","KY","40220"
64137,"3309 Natchez Ln","Louisville","KY","40206"
64138,"310 Kinnaird Ln","Louisville","KY","40243"
64139,"808 Farmingham Rd","Louisville","KY","40243"
64140,"1350 Herr Ln","Louisville","KY","40222"
64141,"1013 W Indian Trl","Louisville","KY","40213"
64142,"2259 Bradford Dr","Louisville","KY","40218"
64143,"4223 Alton Rd","Louisville","KY","40207"
64144,"6109 Port Antonio Rd","Louisville","KY","40219"
64145,"9415 Cornflower Rd","Louisville","KY","40272"
64146,"9206 Hawthorne Pointe Dr","Unit 103","Louisville",
64147,"5104 Gathwright Dr","Louisville","KY","40218"
64148,"14431 Oxford Station Ln","Louisville","KY","40299"
64149,"10600 Bracken Branch Ct","Louisville","KY","40223"
64150,"4708 Ridgeway Ct","Louisville","KY","40229"
64151,"6403 Keith Springs Cir","Louisville","KY","40207"
64152,"201 Lanark Pl","Louisville","KY","40243"
64153,"14031 Waters Edge Dr","Louisville","KY","40245"
64154,"6422 Regency Ln","Louisville","KY","40207"
64155,"10946 Old Harrods Woods Cir","Louisville","KY","40223"
64156,"654 Davies Ave","Louisville","KY","40208"
64157,"7612 Six Mile Ln","Louisville","KY","40220"
64158,"4316 Lincoln Rd","Louisville","KY","40220"
64159,"3320 Janell Rd","Louisville","KY","40216"
64160,"2409 Ralph Ave","Louisville","KY","40216"
64161,"1057 Southacres Dr","Louisville","KY","40219"
64162,"7906 Rochelle Rd","Louisville","KY","40228"
64163,"624 Harris Pl","Louisville","KY","40222"
64164,"7802 Manslick Rd","Louisville","KY","40214"
64165,"10214 Landwood Dr","Louisville","KY","40291"
64166,"15004 Copperhill Way","Louisville","KY","40245"
64167,"5530 Westhall Ave","Louisville","KY","40214"
64168,"8601 Sardis Way","Louisville","KY","40228"
64169,"6116 Catheen Way","Louisville","KY","40213"
64170,"8202 Sandidge Dr","Louisville","KY","40228"
64171,"6806 Bainbridge Ct","Louisville","KY","40228"
64172,"4500 Lambert Rd","Louisville","KY","40219"
64173,"11116 Brookstone Ct","Louisville","KY","40223"
64174,"2539 Seneca Dr","Louisville","KY","40205"
64175,"4616 Chenoweth Run Rd","Louisville","KY","40299"
64176,"903 High School Dr","Louisville","KY","40219"
64177,"1607 S 32nd St","Louisville","KY","40211"
64178,"11512 Saratoga Club Rd","Louisville","KY","40299"
64179,"6301 Saranac Ct","Louisville","KY","40214"
64180,"3801 Oakburn Ct","Louisville","KY","40258"
64181,"3410 Pinnacle Gardens Dr","Louisville","KY","40245"
64182,"3418 Pinnacle Gardens Dr","Louisville","KY","40245"
64183,"7251 Briscoe Vista Way","Louisville","KY","40228"
64184,"11608 La Grange Rd","Louisville","KY","40223"
64185,"4018 Hillbrook Dr","Louisville","KY","40220"
64186,"3205 Greendale Dr","Louisville","KY","40216"
64187,"3409 Mildred Dr","Louisville","KY","40216"
64188,"5504 Shorewood Dr","Louisville","KY","40214"
64189,"1014 Sarah Dr","Louisville","KY","40219"
64190,"4312 Willowview Blvd","Louisville","KY","40299"
64191,"2198 Stephan Ln","Louisville","KY","40214"
64192,"10220 Glenmary Farm Dr","Louisville","KY","40291"
64193,"1034 Franelm Rd","Louisville","KY","40214"
64194,"9402 Magnolia Ridge Dr","Unit 102","Louisville",
64195,"502 Lyndon Ln","Louisville","KY","40222"
64196,"2411 Emil Ave","Louisville","KY","40217"
64197,"2907 Meadow Farms Pl","Louisville","KY","40245"
64198,"4315 Stoltz Ct","Louisville","KY","40215"
64199,"5308 Rayburn Rd","Louisville","KY","40272"
64200,"3771 Southern Pkwy","Louisville","KY","40214"
64201,"711 Sentry Way","Louisville","KY","40223"
64202,"8109 Aspen Ave","Louisville","KY","40258"
64203,"3612 Saint Germaine Ct","Louisville","KY","40207"
64204,"2520 Parkwood Rd","Louisville","KY","40214"
64205,"1320 S Brook St","Louisville","KY","40208"
64206,"520 Montana Ave","Louisville","KY","40208"
64207,"1011 E Muhammad Ali Blvd","Louisville","KY","40204"
64208,"4761 Shenandoah Dr","Louisville","KY","40241"
64209,"5213 Charmane Dr","Louisville","KY","40219"
64210,"6600 Watch Hill Rd","Louisville","KY","40228"
64211,"507 Coachouse Ct","Louisville","KY","40223"
64212,"3807 Layside Dr","Louisville","KY","40220"
64213,"1959 Gardiner Ln","Louisville","KY","40205"
64214,"6609 Holly Lake Dr","Louisville","KY","40291"
64215,"6112 Six Mile Ln","Louisville","KY","40218"
64216,"1871 Princeton Dr","Louisville","KY","40205"
64217,"3130 Dogwood Dr","Louisville","KY","40220"
64218,"4014 Serene Way","Louisville","KY","40219"
64219,"2815 Windsor Forest Dr","Louisville","KY","40272"
64220,"3009 Pioneer Rd","Louisville","KY","40216"
64221,"4520 S 3rd St","Louisville","KY","40214"
64222,"1024 Sylvia St","Louisville","KY","40217"
64223,"3908 Forest Crest Way","Louisville","KY","40245"
64224,"518 Montana Ave","Louisville","KY","40208"
64225,"5406 Bold Venture Rd","Louisville","KY","40272"
64226,"511 N 37th St","Louisville","KY","40212"
64227,"4841 Partridge Run","Louisville","KY","40213"
64228,"11813 Mondamon Dr","Louisville","KY","40272"
64229,"5920 Count Turf Dr","Louisville","KY","40272"
64230,"2423 Paddock Ln","Louisville","KY","40216"
64231,"10713 Blue Lick Rd","Louisville","KY","40229"
64232,"8215 Rocky Gap Rd","Louisville","KY","40214"
64233,"7015 Wooded Meadow Rd","Louisville","KY","40241"
64234,"4504 Trumpet Way","Louisville","KY","40216"
64235,"1727 Luken Dr","Louisville","KY","40216"
64236,"3605 Hughes Rd","Louisville","KY","40207"
64237,"12702 Willow Park Dr","Louisville","KY","40299"
64238,"3403 Norita Ct","Louisville","KY","40220"
64239,"8001 Rochelle Rd","Louisville","KY","40228"
64240,"701 Dresden Ave","Louisville","KY","40215"
64241,"508 Wendover Ave","Louisville","KY","40207"
64242,"537 N 42nd St","Louisville","KY","40212"
64243,"2219 Garland Ave","Louisville","KY","40211"
64244,"9106 3rd Street Rd","Louisville","KY","40272"
64245,"620 Stivers Rd","Louisville","KY","40207"
64246,"3428 Bryan Way","Louisville","KY","40220"
64247,"11402 Jefferson Trace Blvd","Louisville","KY","40291"
64248,"1363 S 2nd St","Louisville","KY","40208"
64249,"4909 Applegrove Ln","Louisville","KY","40218"
64250,"7418 Old North Church Rd","Louisville","KY","40214"
64251,"6308 Price Lane Rd","Louisville","KY","40229"
64252,"4404 Maxwell Cir","Louisville","KY","40245"
64253,"6822 Brook Bend Way","Louisville","KY","40229"
64254,"208 Beckley Woods Dr","Louisville","KY","40245"
64255,"848 Clarks Ln","Louisville","KY","40217"
64256,"5402 Red Leaf Rd","Louisville","KY","40218"
64257,"8101 Kellerman Rd","Louisville","KY","40219"
64258,"4503 Haney Way","Louisville","KY","40272"
64259,"10412 Vantage Rd","Louisville","KY","40299"
64260,"304 Mill Stream Pl","Louisville","KY","40222"
64261,"13920 Darwin Blvd","Louisville","KY","40272"
64262,"1833 Grand Ridge Rd","Louisville","KY","40214"
64263,"903 Ahland Rd","Louisville","KY","40207"
64264,"8206 Grandfield Way","Louisville","KY","40258"
64265,"2504 Greenwood Ave","Louisville","KY","40210"
64266,"4109 Heatherview Rd","Louisville","KY","40218"
64267,"4612 Andalusia Ln","Louisville","KY","40272"
64268,"7205 Astin Ct","Louisville","KY","40219"
64269,"9208 Hawthorne Pointe Dr","Unit 102","Louisville",
64270,"14220 Troon Dr","Louisville","KY","40245"
64271,"2017 Fairway Vista Dr","Louisville","KY","40245"
64272,"431 Kaelin Dr","Louisville","KY","40207"
64273,"2616 Grand Ave","Louisville","KY","40211"
64274,"8612 Juarez Ct","Louisville","KY","40219"
64275,"7102 Bennington Ct","Louisville","KY","40214"
64276,"740 Brent St","Louisville","KY","40204"
64277,"1305 Lydia St","Louisville","KY","40217"
64278,"8215 Granwood Ln","Louisville","KY","40258"
64279,"4609 S 2nd St","Louisville","KY","40214"
64280,"7719 Pear View Ln","Louisville","KY","40218"
64281,"6709 Moorhampton Dr","Louisville","KY","40228"
64282,"7032 Shutesbury Cir","Louisville","KY","40258"
64283,"2242 Boulevard","Napoleon","Louisville",
64284,"8709 Birchline Ct","Louisville","KY","40291"
64285,"1606 Crosstimbers Dr","Louisville","KY","40245"
64286,"4412 Green Pine Dr","Louisville","KY","40220"
64287,"8702 Oldbury Pl","Louisville","KY","40222"
64288,"3908 Charter Oaks Dr","Apt 4","Louisville",
64289,"4415 Fallen Apple Ln","Louisville","KY","40218"
64290,"1154 S 6th St","Louisville","KY","40203"
64291,"2500 W Muhammad Ali Blvd","Louisville","KY","40212"
64292,"5603 Sullivan Way","Louisville","KY","40229"
64293,"6403 Mossy Oaks Dr","Louisville","KY","40291"
64294,"6726 Bluffview Cir","Louisville","KY","40299"
64295,"13000 Mills Edge Ct","Louisville","KY","40272"
64296,"4148 Wheeler Ave","Louisville","KY","40215"
64297,"217 Cumberland Ave","Louisville","KY","40214"
64298,"1251 Belmar Dr","Louisville","KY","40213"
64299,"107 E Tenny Ave","Louisville","KY","40214"
64300,"6028 Woodhaven Place Cir","Louisville","KY","40228"
64301,"518 Creel Ave","Louisville","KY","40208"
64302,"527 Auburndale Ave","Louisville","KY","40214"
64303,"6510 Harrogate Rd","Louisville","KY","40229"
64304,"1220 Reutlinger Ave","Louisville","KY","40204"
64305,"5013 Runic Way","Louisville","KY","40218"
64306,"820 Franklin St","Louisville","KY","40206"
64307,"7201 Kort Way","Louisville","KY","40220"
64308,"1504 Wurtele Ave","Louisville","KY","40208"
64309,"1502 Wurtele Ave","Louisville","KY","40208"
64310,"7815 Alyssum Dr","Louisville","KY","40258"
64311,"3818 Gaywood Dr","Louisville","KY","40272"
64312,"5201 Chasewood Pl","Louisville","KY","40229"
64313,"1129 Ellison Ave","Louisville","KY","40204"
64314,"291 Hillside Ln","Louisville","KY","40229"
64315,"1814 Chaucer Ct","Louisville","KY","40220"
64316,"1811 Dixie Hwy","Louisville","KY","40210"
64317,"300 Stilz Ave","Louisville","KY","40206"
64318,"9906 Northridge Dr","Louisville","KY","40272"
64319,"4009 White Plains Ct","Louisville","KY","40218"
64320,"405 Willenhall Ct","Louisville","KY","40243"
64321,"5113 Barnes Dr","Louisville","KY","40219"
64322,"3110 Parkside Ct","Louisville","KY","40214"
64323,"8906 Cottingham Way","Louisville","KY","40258"
64324,"3124 Northland Dr","Louisville","KY","40216"
64325,"4915 Southern Pkwy","Louisville","KY","40214"
64326,"1004 Burning Springs Cir","Louisville","KY","40223"
64327,"8019 Kellerman Rd","Louisville","KY","40219"
64328,"741 Hillview Blvd","Louisville","KY","40229"
64329,"1003 Corn Island Ct","Louisville","KY","40207"
64330,"1203 Terudon Dr","Louisville","KY","40214"
64331,"10304 Rock Falls Ct","Louisville","KY","40223"
64332,"404 Duff Ln","Louisville","KY","40207"
64333,"3709 Hillcreek Rd","Louisville","KY","40220"
64334,"2315 S 36th St","Louisville","KY","40211"
64335,"202 Dunblane Pl","Louisville","KY","40243"
64336,"305 Donard Park Ave","Louisville","KY","40218"
64337,"507 Southland Blvd","Louisville","KY","40214"
64338,"14501 Deercross Pl","Louisville","KY","40245"
64339,"827 Overdale Dr","Louisville","KY","40229"
64340,"3220 Virginia Ave","Louisville","KY","40211"
64341,"7606 Fort Sumter Ct","Louisville","KY","40214"
64342,"4010 Hillsboro Rd","Louisville","KY","40207"
64343,"7406 Diehl Ct","Louisville","KY","40220"
64344,"3530 Greenwood Ave","Louisville","KY","40211"
64345,"3532 Greenwood Ave","Louisville","KY","40211"
64346,"7015 Fontendleau Way","Louisville","KY","40291"
64347,"3832 Spring Arbor Dr","Louisville","KY","40245"
64348,"9310 Justine Ct","Louisville","KY","40299"
64349,"8608 Cheffield Dr","Louisville","KY","40222"
64350,"3310 Cawein Way","Louisville","KY","40220"
64351,"2003 Lynn Way","Louisville","KY","40222"
64352,"8204 Adams Run Rd","Louisville","KY","40228"
64353,"3914 S 5th St","Louisville","KY","40214"
64354,"5105 Middlesex Dr","Louisville","KY","40245"
64355,"2931 White Plains Rd","Louisville","KY","40218"
64356,"7110 Glen Arbor Rd","Louisville","KY","40222"
64357,"3507 Paragon Ct","Unit 13","Louisville",
64358,"3113 Graystone Manor Pkwy","Louisville","KY","40241"
64359,"543 Jennymac Dr","Louisville","KY","40229"
64360,"9813 Spring Pointe Ct","Louisville","KY","40229"
64361,"9102 Danby Ct","Louisville","KY","40291"
64362,"9611 Tiverton Way","Louisville","KY","40242"
64363,"1205 Homeview Dr","Louisville","KY","40215"
64364,"2524 Frankfort Ave","Louisville","KY","40206"
64365,"8320 Lacevine Rd","Louisville","KY","40220"
64366,"1711 Dumesnil St","Louisville","KY","40210"
64367,"1108 Louis Coleman Jr Dr","Louisville","KY","40211"
64368,"768 Greenridge Ln","Louisville","KY","40207"
64369,"6300 Morning Glory Ln","Louisville","KY","40258"
64370,"3202 Patricia Dr","Louisville","KY","40216"
64371,"7904 Stonydale Ln","Louisville","KY","40220"
64372,"2126 Sherwood Ave","Louisville","KY","40205"
64373,"7416 Nachand Place Ct","Louisville","KY","40218"
64374,"1750 Deer Ln","Louisville","KY","40205"
64375,"125 N Charlton St","Louisville","KY","40206"
64376,"206 Travois Rd","Louisville","KY","40207"
64377,"1422 Phyllis Ave","Louisville","KY","40215"
64378,"7303 Aurora Dr","Louisville","KY","40214"
64379,"6300 Winding Stream Dr","Louisville","KY","40272"
64380,"416 Montana Ave","Louisville","KY","40208"
64381,"1416 Willow Ave","Apt 11A","Louisville",
64382,"9201 Axminster Dr","Louisville","KY","40299"
64383,"2311 Village Dr","Louisville","KY","40205"
64384,"2345 W Muhammad Ali Blvd","Louisville","KY","40212"
64385,"4456 Charlotte Ann Dr","Louisville","KY","40216"
64386,"8700 Hidden Grove Pl","Louisville","KY","40291"
64387,"7101 Birnamwood Dr","Louisville","KY","40258"
64388,"4316 Willowview Blvd","Louisville","KY","40299"
64389,"3308 Heather Ln","Louisville","KY","40218"
64390,"6528 Norbert Ct","Louisville","KY","40258"
64391,"4220 Brookhaven Ave","Louisville","KY","40220"
64392,"10709 Grafton Hall Rd","Louisville","KY","40272"
64393,"6312 Mercury Dr","Louisville","KY","40291"
64394,"8910 Zabel Way","Louisville","KY","40291"
64395,"2225 Griffiths Ave","Louisville","KY","40212"
64396,"1033 E Kentucky St","Louisville","KY","40204"
64397,"11704 Wetherby Ave","Louisville","KY","40243"
64398,"6515 Cady Dr","Louisville","KY","40258"
64399,"1104 Longfield Ave","Louisville","KY","40215"
64400,"2423 W Broadway","Louisville","KY","40211"
64401,"1359 Lillian Ave","Louisville","KY","40208"
64402,"6914 Casey Pl","Louisville","KY","40229"
64403,"11207 Kendalton Pl","Louisville","KY","40241"
64404,"3228 Cheval Way","Louisville","KY","40299"
64405,"10907 Golden Dr","Louisville","KY","40272"
64406,"3707 Luken Dr","Louisville","KY","40216"
64407,"371 Blossom Rd","Louisville","KY","40229"
64408,"415 Mac Brae Rd","Louisville","KY","40214"
64409,"1706 Claremoor Dr","Louisville","KY","40223"
64410,"1837 Alfresco Pl","Louisville","KY","40205"
64411,"1200 Pickings Pl","Unit 201","Louisville",
64412,"9320 Cloverwood Ln","Louisville","KY","40291"
64413,"8613 Garden Gate Cir","Louisville","KY","40291"
64414,"2122 Weber Ave","Louisville","KY","40205"
64415,"206 Roundstone Ct","Louisville","KY","40223"
64416,"3005 Biloxi Ct","Louisville","KY","40205"
64417,"9515 Gutenberg Rd","Louisville","KY","40299"
64418,"418 Leyton Ave","Louisville","KY","40222"
64419,"7104 Nanisinh Way","Louisville","KY","40258"
64420,"1892 Ivanhoe Ct","Louisville","KY","40205"
64421,"5609 Mcdeane Rd","Louisville","KY","40216"
64422,"2309 Dumesnil St","Louisville","KY","40210"
64423,"2334 W Gaulbert Ave","Louisville","KY","40210"
64424,"7918 Columbine Dr","Louisville","KY","40258"
64425,"376 Shadowlawn Dr","Louisville","KY","40229"
64426,"2321 Perth Dr","Louisville","KY","40216"
64427,"8316 Huntsman Trl","Louisville","KY","40291"
64428,"1219 S 1st St","Louisville","KY","40203"
64429,"8208 Granwood Ln","Louisville","KY","40258"
64430,"7509 Westbrook Rd","Louisville","KY","40258"
64431,"6008 Larkgrove Dr","Louisville","KY","40229"
64432,"10803 Beatrice Way","Louisville","KY","40272"
64433,"10613 Hillcross Ct","Louisville","KY","40229"
64434,"1715 Sonne Ave","Louisville","KY","40216"
64435,"3127 Oriole Dr","Louisville","KY","40213"
64436,"1332 Vim Dr","Louisville","KY","40213"
64437,"3704 Glengyle Ave","Louisville","KY","40218"
64438,"8305 Damascus Rd","Louisville","KY","40228"
64439,"2424 Valley Vista Rd","Louisville","KY","40205"
64440,"4003 Saddlecreek Ct","Louisville","KY","40245"
64441,"2016 Hounz Ln","Louisville","KY","40223"
64442,"8908 Fox Chase Pl","Louisville","KY","40228"
64443,"1229 S Floyd St","Louisville","KY","40203"
64444,"2800 Montgomery St","Louisville","KY","40212"
64445,"1513 Hale Ave","Louisville","KY","40210"
64446,"3508 Chauncey Ave","Louisville","KY","40211"
64447,"441 S 32nd St","Louisville","KY","40212"
64448,"9026 Black Powder Ln","Louisville","KY","40228"
64449,"4237 Hale Ave","Louisville","KY","40211"
64450,"6704 Kingslook Ct","Louisville","KY","40207"
64451,"1609 Grey Owl Ct","Louisville","KY","40223"
64452,"8502 Butternut Ct","Louisville","KY","40242"
64453,"804 W Evelyn Ave","Louisville","KY","40215"
64454,"1204 Algonquin Pkwy","Louisville","KY","40208"
64455,"9711 Turnpike View Dr","Louisville","KY","40229"
64456,"10402 Long Home Rd","Louisville","KY","40291"
64457,"3302 Belmont Rd","Louisville","KY","40218"
64458,"1411 Highland Ave","Louisville","KY","40204"
64459,"836 Louis Coleman Jr Dr","Louisville","KY","40211"
64460,"4700 Kiefer Rd","Louisville","KY","40216"
64461,"240 S Hite Ave","Louisville","KY","40206"
64462,"7310 Apple Mill Dr","Louisville","KY","40228"
64463,"5300 Saratoga Estates Cir","Louisville","KY","40299"
64464,"2441 Proctor Knott Dr","Louisville","KY","40218"
64465,"14302 Academy Ridge Blvd","Louisville","KY","40245"
64466,"8502 Missionary Ct","Louisville","KY","40291"
64467,"1800 Manor House Dr","Apt 204","Louisville",
64468,"3822 Poplar Level Rd","Louisville","KY","40213"
64469,"405 S 28th St","Louisville","KY","40212"
64470,"3504 Winterberry Cir","Louisville","KY","40207"
64471,"7414 Yorktown Rd","Louisville","KY","40214"
64472,"3003 Boaires Ln","Louisville","KY","40220"
64473,"3717 Glen Oak Dr","Louisville","KY","40218"
64474,"1017 Greenleaf Rd","Louisville","KY","40213"
64475,"8137 Blake Ln","Louisville","KY","40258"
64476,"7407 Rainbow Dr","Louisville","KY","40272"
64477,"9111 Pomona Pl","Louisville","KY","40272"
64478,"12112 Preakness Ct","Louisville","KY","40299"
64479,"9620 Creekwood Rd","Louisville","KY","40223"
64480,"2301 Newmarket Dr","Louisville","KY","40222"
64481,"9502 Whiteblossom Estates Pl","Louisville","KY","40241"
64482,"3919 Warner Ave","Louisville","KY","40207"
64483,"5708 Mount Washington Rd","Louisville","KY","40229"
64484,"2116 Grand Ave","Louisville","KY","40210"
64485,"6403 Fenwick Dr","Louisville","KY","40228"
64486,"7616 Lesane Dr","Louisville","KY","40214"
64487,"2605 Woodsdale Ave","Louisville","KY","40220"
64488,"2904 Harrison Ave","Louisville","KY","40217"
64489,"822 S 40th St","Louisville","KY","40211"
64490,"306 Marshall Dr","Louisville","KY","40207"
64491,"10102 Westwego Pl","Louisville","KY","40299"
64492,"311 Mill Stream Pl","Louisville","KY","40222"
64493,"1608 Texas Ave","Louisville","KY","40217"
64494,"10013 Robsion Rd","Louisville","KY","40299"
64495,"8615 Garden Gate Cir","Louisville","KY","40291"
64496,"1170 Neon Way","Louisville","KY","40204"
64497,"9720 River Trail Dr","Louisville","KY","40229"
64498,"6712 Bluffview Cir","Louisville","KY","40299"
64499,"8818 Justice Way","Louisville","KY","40229"
64500,"11603 Sun Glow Ct","Louisville","KY","40272"
64501,"24 Rio Vista Dr","Louisville","KY","40207"
64502,"2701 W Market St","Louisville","KY","40212"
64503,"2030 Sherwood Ave","Louisville","KY","40205"
64504,"1651 Prentice St","Louisville","KY","40210"
64505,"5503 Wilke Farm Ave","Louisville","KY","40216"
64506,"1924 Goldsmith Ln","Unit 4","Louisville",
64507,"5910 W Pages Ln","Louisville","KY","40258"
64508,"2235 Farnsley Rd","Louisville","KY","40216"
64509,"2402 Phoenix Hill Dr","Louisville","KY","40207"
64510,"5618 Grandel Blvd","Louisville","KY","40258"
64511,"10532 Providence Dr","Louisville","KY","40291"
64512,"2618 Windsor Forest Dr","Louisville","KY","40272"
64513,"3928 Leland Rd","Louisville","KY","40207"
64514,"3417 Mount Rainier Dr","Louisville","KY","40241"
64515,"8404 Rock Brook Cir","Louisville","KY","40220"
64516,"4317 Tulip Grove Ct","Louisville","KY","40241"
64517,"7809 Edsel Ln","Louisville","KY","40291"
64518,"1803 Parkridge Pkwy","Louisville","KY","40214"
64519,"9014 Shepherdsville Rd","Louisville","KY","40219"
64520,"6117 Titanic Way","Louisville","KY","40258"
64521,"7316 Glen Arbor Rd","Louisville","KY","40222"
64522,"4107 Sanford Ave","Louisville","KY","40218"
64523,"6907 Homestead Dr","Louisville","KY","40214"
64524,"1607 Two Springs Pl","Louisville","KY","40207"
64525,"3607 Windward Way","Louisville","KY","40220"
64526,"1030 Milton St","Louisville","KY","40217"
64527,"1621 Sale Ave","Louisville","KY","40215"
64528,"7608 Norbourne Ave","Louisville","KY","40222"
64529,"9011 Wilson Ave","Louisville","KY","40242"
64530,"1221 Lydia St","Louisville","KY","40217"
64531,"9107 Satinwood Ct","Louisville","KY","40229"
64532,"710 Flicker Rd","Louisville","KY","40214"
64533,"1425 Rutland Club Ct","Louisville","KY","40245"
64534,"6703 Cape Ct","Louisville","KY","40219"
64535,"4618 Deepwood Ct","Louisville","KY","40241"
64536,"7309 Ridge Creek Rd","Louisville","KY","40291"
64537,"6806 Hill Peak Ct","Louisville","KY","40214"
64538,"6909 W Orell Rd","Louisville","KY","40272"
64539,"11708 Oak Bay Dr","Louisville","KY","40245"
64540,"321 Mockingbird Hill Rd","Louisville","KY","40207"
64541,"211 Ring Rd","Louisville","KY","40207"
64542,"8413 Damascus Cir","Louisville","KY","40228"
64543,"6115 Titanic Way","Louisville","KY","40258"
64544,"4604 Springfield Ct","Louisville","KY","40229"
64545,"2711 Grand Ave","Louisville","KY","40211"
64546,"8000 Red Bud Hill Dr","Louisville","KY","40228"
64547,"9221 Artis Way","Louisville","KY","40291"
64548,"9304 Grandstand Ct","Louisville","KY","40291"
64549,"1746 Deer Park Ave","Louisville","KY","40205"
64550,"4900 Bova Way","Louisville","KY","40291"
64551,"18300 Bridgemore Ln","Louisville","KY","40245"
64552,"284 Spring House Ln","Louisville","KY","40229"
64553,"130 Bonner Ave","Louisville","KY","40207"
64554,"9705 Mary Dell Ln","Louisville","KY","40291"
64555,"9915 East Ave","Louisville","KY","40272"
64556,"4621 Vinita Way","Louisville","KY","40272"
64557,"2617 Valletta Rd","Louisville","KY","40205"
64558,"6111 Scottwood Dr","Louisville","KY","40258"
64559,"3012 Knollview Ct","Louisville","KY","40214"
64560,"257 Topfield Rd","Louisville","KY","40229"
64561,"3616 College Dr","Louisville","KY","40299"
64562,"506 N Beckley Station Rd","Louisville","KY","40245"
64563,"9411 Holiday Dr","Louisville","KY","40272"
64564,"4102 Steeple Way","Louisville","KY","40245"
64565,"4611 Wolfspring Dr","Louisville","KY","40241"
64566,"6008 Highplace Dr","Louisville","KY","40291"
64567,"6911 Woodhaven Place Dr","Louisville","KY","40228"
64568,"1142 Cecil Ave","Louisville","KY","40211"
64569,"7507 Warrenton Hill Ct","Louisville","KY","40291"
64570,"4708 Napa Ridge Way","Louisville","KY","40299"
64571,"6317 Big Ben Dr","Louisville","KY","40291"
64572,"4401 Gills Ct","Louisville","KY","40219"
64573,"1239 Pigeon Pass Rd","Louisville","KY","40213"
64574,"10615 Irvin Pines Dr","Louisville","KY","40229"
64575,"301 Crescent Ct","Louisville","KY","40206"
64576,"11703 Kewana Ct","Louisville","KY","40299"
64577,"1513 Helmridge Ct","Louisville","KY","40222"
64578,"717 Circle Hill Rd","Louisville","KY","40207"
64579,"14303 Troon Dr","Louisville","KY","40245"
64580,"714 Brendon Hills Pl","Louisville","KY","40245"
64581,"5210 Witten Dr","Louisville","KY","40258"
64582,"4013 Spring Mill Pl","Louisville","KY","40245"
64583,"604 Turnstile Trce","Louisville","KY","40223"
64584,"11804 Reality Trl","Louisville","KY","40229"
64585,"8509 Atrium Dr","Apt 104","Louisville",
64586,"3427 Hardwood Forest Dr","Louisville","KY","40214"
64587,"1216 Park Hills Dr","Louisville","KY","40207"
64588,"3534 Graham Rd","Louisville","KY","40207"
64589,"2227 Bank St","Louisville","KY","40212"
64590,"1786 Wilart Dr","Louisville","KY","40210"
64591,"4806 Stony Brook Dr","Louisville","KY","40291"
64592,"4417 Fallen Apple Ln","Louisville","KY","40218"
64593,"4427 Fallen Apple Ln","Louisville","KY","40218"
64594,"8203 Ponce De Leon Ct","Louisville","KY","40219"
64595,"5409 Tupelo Pass","Louisville","KY","40213"
64596,"3209 Taylor Blvd","Louisville","KY","40215"
64597,"1302 Pickings Pl","Unit 204","Louisville",
64598,"841 Lake Forest Pkwy","Louisville","KY","40245"
64599,"4611 S 3rd St","Louisville","KY","40214"
64600,"5428 Bold Venture Rd","Louisville","KY","40272"
64601,"1120 Neon Way","Louisville","KY","40204"
64602,"6511 Hunters Chase Ln","Louisville","KY","40258"
64603,"6521 Hunters Chase Ln","Louisville","KY","40258"
64604,"318 Crescent Ct","Louisville","KY","40206"
64605,"10407 Cedar Glen Ct","Louisville","KY","40291"
64606,"6720 Bluffview Cir","Louisville","KY","40299"
64607,"2511 Ransdell Ave","Louisville","KY","40204"
64608,"2526 Jenlee Ln","Louisville","KY","40216"
64609,"7507 Stone Brook Dr","Louisville","KY","40291"
64610,"1307 Flat Rock Rd","Louisville","KY","40245"
64611,"8120 Acme Way","Louisville","KY","40219"
64612,"4009 Elmwood Ave","Louisville","KY","40207"
64613,"2200 S Shelby St","Louisville","KY","40217"
64614,"330 Alger Ave","Louisville","KY","40214"
64615,"11601 Winding Stream Way","Louisville","KY","40272"
64616,"505 W Kenwood Dr","Louisville","KY","40214"
64617,"9808 Saturn Dr","Louisville","KY","40229"
64618,"1208 Ellison Ave","Louisville","KY","40204"
64619,"10715 Vintage Creek Dr","Louisville","KY","40299"
64620,"3636 Greenwood Ave","Louisville","KY","40211"
64621,"130 Red Bird Ct","Louisville","KY","40229"
64622,"16803 Mallet Hill Dr","Louisville","KY","40245"
64623,"12401 Bethany Oaks Pkwy","Louisville","KY","40272"
64624,"9408 Shanna Dr","Louisville","KY","40299"
64625,"1819 W Ormsby Ave","Louisville","KY","40210"
64626,"7544 Justan Ave","Louisville","KY","40214"
64627,"1103 W Whitney Ave","Louisville","KY","40215"
64628,"4623 Brewster Ave","Louisville","KY","40211"
64629,"215 N 35th St","Louisville","KY","40212"
64630,"2537 Bank St","Louisville","KY","40212"
64631,"9507 Wales Ct","Louisville","KY","40272"
64632,"2619 S 6th St","Louisville","KY","40208"
64633,"1413 S 1st St","Louisville","KY","40208"
64634,"8200 Cris Dr","Louisville","KY","40291"
64635,"9701 Meadow Vale Dr","Louisville","KY","40242"
64636,"9300 Cane Run Rd","Louisville","KY","40258"
64637,"8009 Kellerman Rd","Louisville","KY","40219"
64638,"4506 Haney Way","Louisville","KY","40272"
64639,"126 Woodmore Ave","Louisville","KY","40214"
64640,"12908 Willow Forest Dr","Louisville","KY","40245"
64641,"1920 Floradora Dr","Louisville","KY","40272"
64642,"9042 Black Powder Ln","Louisville","KY","40228"
64643,"8310 Running Spring Dr","Louisville","KY","40241"
64644,"2505 Concord Dr","Louisville","KY","40217"
64645,"2104 Ann Marie Dr","Louisville","KY","40299"
64646,"901 W Whitney Ave","Louisville","KY","40215"
64647,"231 Sage Rd","Louisville","KY","40207"
64648,"9806 Blue Lick Rd","Louisville","KY","40229"
64649,"2613 Ballantrae Cir","Louisville","KY","40242"
64650,"9815 Oakshire Dr","Louisville","KY","40299"
64651,"4313 Juniper Forest Pl","Louisville","KY","40245"
64652,"2207 Brighton Dr","Louisville","KY","40205"
64653,"701 Oxmoor Woods Pkwy","Louisville","KY","40222"
64654,"8607 Gamekeeper Ct","Louisville","KY","40291"
64655,"227 Southwestern Pkwy","Louisville","KY","40212"
64656,"5421 Southview Dr","Louisville","KY","40214"
64657,"7510 Warrenton Hill Ct","Louisville","KY","40291"
64658,"1707 Kennedy Rd","Louisville","KY","40216"
64659,"2629 W Chestnut St","Louisville","KY","40211"
64660,"8704 Cotswold Dr","Louisville","KY","40258"
64661,"1922 Richmond Dr","Louisville","KY","40205"
64662,"7109 Shutesbury Cir","Louisville","KY","40258"
64663,"2906 Bradford Grove Ln","Louisville","KY","40220"
64664,"1327 Winter Ave","Louisville","KY","40204"
64665,"5708 Georgia Ln","Louisville","KY","40219"
64666,"10411 Florian Rd","Louisville","KY","40223"
64667,"4530 Lincoln Rd","Louisville","KY","40220"
64668,"12403 Old Shelbyville Rd","Louisville","KY","40243"
64669,"8802 Perry Rd","Louisville","KY","40222"
64670,"8609 Smithton Rd","Louisville","KY","40219"
64671,"5606 Mary Ellen Dr","Louisville","KY","40214"
64672,"8729 Broadwood Ct","Louisville","KY","40291"
64673,"10233 Arbor Oak Dr","Louisville","KY","40229"
64674,"7907 Tolls Ln","Louisville","KY","40214"
64675,"4205 Narcissus Dr","Louisville","KY","40219"
64676,"3538 Cotter Dr","Louisville","KY","40211"
64677,"10712 Alderbrook Pl","Louisville","KY","40299"
64678,"10609 Dry Creek Way","Louisville","KY","40299"
64679,"4220 Jackson Ave","Louisville","KY","40213"
64680,"4408 Titus Ct","Louisville","KY","40218"
64681,"4202 Meadowbend Way","Louisville","KY","40218"
64682,"5023 Reed Ave","Louisville","KY","40214"
64683,"9312 Villa Fair Ct","Louisville","KY","40291"
64684,"334 S Ewing Ave","Louisville","KY","40206"
64685,"11538 Reality Trl","Louisville","KY","40229"
64686,"3905 Northumberland Dr","Louisville","KY","40245"
64687,"5717 New Cut Rd","Louisville","KY","40214"
64688,"3814 Woodmont Park Ln","Louisville","KY","40245"
64689,"300 Ethridge Ave","Unit 207","Louisville",
64690,"4401 Dannywood Rd","Louisville","KY","40220"
64691,"960 Eastern Pkwy","Louisville","KY","40217"
64692,"10004 Michaele Ln","Louisville","KY","40299"
64693,"6605 Woodrow Way","Louisville","KY","40228"
64694,"7805 Creekbottom Rd","Louisville","KY","40241"
64695,"14006 Beckley Trce","Louisville","KY","40245"
64696,"3721 Bardstown Rd","Apt 505","Louisville",
64697,"127 N 37th St","Louisville","KY","40212"
64698,"5621 Elmer Ln","Louisville","KY","40214"
64699,"9508 Wessex Pl","Louisville","KY","40222"
64700,"4402 S 1st St","Louisville","KY","40214"
64701,"8012 Red Bud Hill Dr","Louisville","KY","40228"
64702,"2503 Broadmeade Rd","Louisville","KY","40205"
64703,"2439 Broadmeade Rd","Louisville","KY","40205"
64704,"3506 Lisbon Ln","Louisville","KY","40218"
64705,"5401 Hickory Hill Rd","Louisville","KY","40214"
64706,"15623 Beckley Hills Dr","Louisville","KY","40245"
64707,"14506 Fawn Hill Pl","Louisville","KY","40245"
64708,"5709 Undine Dr","Louisville","KY","40216"
64709,"1907 Crossgate Ln","Louisville","KY","40222"
64710,"602 Willowbrook Rd","Louisville","KY","40243"
64711,"3103 Northland Dr","Louisville","KY","40216"
64712,"3728 Chevy Chase Rd","Louisville","KY","40218"
64713,"219 W Southland Blvd","Louisville","KY","40214"
64714,"5009 Winding Spring Cir","Louisville","KY","40245"
64715,"415 Freeman Ave","Louisville","KY","40214"
64716,"1825 Heaton Rd","Louisville","KY","40216"
64717,"3000 Eleanor Ave","Louisville","KY","40205"
64718,"3711 Center St","Louisville","KY","40215"
64719,"713 Kathleen Ave","Louisville","KY","40215"
64720,"2616 Martin Ave","Louisville","KY","40216"
64721,"8822 Mountain Brook Dr","Louisville","KY","40272"
64722,"3135 Pamela Way","Louisville","KY","40220"
64723,"4614 S 6th St","Apt 4","Louisville",
64724,"152 Totem Rd","Louisville","KY","40207"
64725,"928 Fenley Ave","Louisville","KY","40222"
64726,"2542 Jenlee Ln","Louisville","KY","40216"
64727,"11915 Tazwell Dr","Apt 2","Louisville",
64728,"8001 Kellerman Rd","Louisville","KY","40219"
64729,"5904 Bucks Ln","Louisville","KY","40291"
64730,"11900 Running Creek Rd","Louisville","KY","40243"
64731,"570 Lilly Ave","Louisville","KY","40217"
64732,"301 Alcott Rd","Louisville","KY","40207"
64733,"54 Harwood Rd","Louisville","KY","40222"
64734,"2576 Filson Ave","Louisville","KY","40217"
64735,"3760 Chamberlain Ct","Louisville","KY","40241"
64736,"4804 Nottinghamshire Dr","Louisville","KY","40299"
64737,"866 Clarks Ln","Louisville","KY","40217"
64738,"1805 Shady Ln","Unit 5","Louisville",
64739,"406 Browns Ln","Louisville","KY","40207"
64740,"9222 Pagoda Dr","Louisville","KY","40229"
64741,"4633 S 2nd St","Louisville","KY","40214"
64742,"1118 Neon Way","Louisville","KY","40204"
64743,"3731 Rouge Way","Louisville","KY","40218"
64744,"540 Poppy Way","Louisville","KY","40206"
64745,"4007 Britt Ln","Louisville","KY","40219"
64746,"312 Gheens Ave","Louisville","KY","40214"
64747,"3411 Sumac Rd","Louisville","KY","40216"
64748,"3312 Van Winkle Dr","Louisville","KY","40216"
64749,"4008 Old Outer Loop","Louisville","KY","40219"
64750,"1935 Deer Park Ave","Louisville","KY","40205"
64751,"1919 Yale Dr","Louisville","KY","40205"
64752,"5925 Bay Harbor Dr","Louisville","KY","40228"
64753,"5923 Bay Harbor Dr","Louisville","KY","40228"
64754,"2411 Valley Vista Rd","Louisville","KY","40205"
64755,"7057 Beechland Ave","Louisville","KY","40258"
64756,"8404 Oxford Woods Ct","Louisville","KY","40222"
64757,"4629 Westchester Ave","Louisville","KY","40211"
64758,"4146 Sunset Ave","Louisville","KY","40211"
64759,"5224 Oldshire Rd","Louisville","KY","40229"
64760,"10115 Wingfield Rd","Louisville","KY","40291"
64761,"6207 Darrell Ct","Louisville","KY","40216"
64762,"9115 Hawthorne Pointe Dr","Louisville","KY","40272"
64763,"1935 Gardiner Ln","Apt B17","Louisville",
64764,"14704 Hartwood Pl","Louisville","KY","40245"
64765,"10434 Monticello Forest Cir","Louisville","KY","40299"
64766,"328 Mockingbird Hill Rd","Louisville","KY","40207"
64767,"5311 Lone Oak Trl","Louisville","KY","40214"
64768,"13408 Forest Springs Dr","Louisville","KY","40245"
64769,"2708 Alanmede Rd","Louisville","KY","40205"
64770,"7001 Daisy Ave","Louisville","KY","40258"
64771,"2559 Kings Hwy","Louisville","KY","40205"
64772,"4820 Westmar Ter","Apt 6","Louisville",
64773,"5304 Carolina Crossings Way","Unit 101","Louisville",
64774,"5430 Count Fleet Dr","Louisville","KY","40272"
64775,"4404 Mackenzie Pl","Louisville","KY","40241"
64776,"5907 Edgetree Ct","Louisville","KY","40229"
64777,"5502 Fairwood Oaks Pl","Louisville","KY","40291"
64778,"14607 Landis Lakes Dr","Louisville","KY","40245"
64779,"4723 S Rutland Ave","Louisville","KY","40215"
64780,"1935 Gardiner Ln","Apt A12","Louisville",
64781,"4000 Keal Run Way","Louisville","KY","40241"
64782,"7475 Ralston Ave","Louisville","KY","40258"
64783,"9808 Dixie Hwy","Louisville","KY","40272"
64784,"2606 Bagby Way","Louisville","KY","40216"
64785,"6714 Green Manor Dr","Louisville","KY","40228"
64786,"10934 Hobbs Station Rd","Louisville","KY","40223"
64787,"8401 Sunny Oak Ln","Louisville","KY","40299"
64788,"5509 Briscoe Ln","Louisville","KY","40219"
64789,"9703 Fairmount Rd","Louisville","KY","40291"
64790,"3243 New Lynnview Dr","Louisville","KY","40216"
64791,"8305 Trakia Ct","Louisville","KY","40219"
64792,"9405 Cavalcade Ave","Louisville","KY","40272"
64793,"1605 Lyman Johnson Dr","Louisville","KY","40211"
64794,"5204 Monaco Dr","Louisville","KY","40219"
64795,"1617 Frankfort Ave","Louisville","KY","40206"
64796,"5431 Bruce Ave","Louisville","KY","40214"
64797,"10203 Ledbury Way","Louisville","KY","40223"
64798,"5702 Windy Elm Ct","Louisville","KY","40214"
64799,"9102 Cedar Creek Rd","Louisville","KY","40291"
64800,"2607 Titleist Rd","Louisville","KY","40242"
64801,"203 Lanark Pl","Louisville","KY","40243"
64802,"2525 George Rogers Clark Pl","Apt T05","Louisville",
64803,"514 Rolling Ln","Louisville","KY","40207"
64804,"7312 Edenroc Ln","Louisville","KY","40258"
64805,"16402 Donnington Ct","Louisville","KY","40245"
64806,"117 Brown Ave","Louisville","KY","40207"
64807,"14810 Fox Bend Ct","Louisville","KY","40245"
64808,"3611 Winchester Rd","Louisville","KY","40207"
64809,"4403 Wolfspring Dr","Louisville","KY","40241"
64810,"5520 Halstead Ave","Louisville","KY","40213"
64811,"1425 Cloverhills Dr","Louisville","KY","40216"
64812,"10213 Woodknoll Rd","Louisville","KY","40223"
64813,"8345 Grand Trevi Dr","Louisville","KY","40228"
64814,"1214 Wolfe Ave","Louisville","KY","40213"
64815,"4502 Spring Bay Ct","Louisville","KY","40241"
64816,"9813 Whipps Mill Rd","Louisville","KY","40223"
64817,"126 Don Allen Rd","Louisville","KY","40207"
64818,"11303 Woodsong Ct","Louisville","KY","40291"
64819,"6527 Hunters Chase Ln","Louisville","KY","40258"
64820,"7705 Pear View Ln","Louisville","KY","40218"
64821,"8502 Beulah Church Ct","Louisville","KY","40291"
64822,"2500 Glenmary Ave","Apt 301","Louisville",
64823,"4320 Old Springdale Rd","Louisville","KY","40241"
64824,"3203 Judy Ln","Louisville","KY","40216"
64825,"3901 Springbrooke Cv","Louisville","KY","40241"
64826,"118 Wood Rd","Louisville","KY","40222"
64827,"1107 Powerhouse Ln","Unit 105","Louisville",
64828,"1805 Arboro Pl","Louisville","KY","40220"
64829,"1707 Saint Louis Ave","Louisville","KY","40210"
64830,"3021 Aubert Ave","Louisville","KY","40206"
64831,"1717 Eastern Pkwy","Louisville","KY","40204"
64832,"3800 Saint Germaine Ct","Louisville","KY","40207"
64833,"2810 Winterhaven Rd","Louisville","KY","40220"
64834,"9503 River Trail Dr","Louisville","KY","40229"
64835,"8404 Blossom Ln","Louisville","KY","40242"
64836,"5512 Tamarack Ln","Louisville","KY","40258"
64837,"1020 Lynnhurst Ave","Louisville","KY","40215"
64838,"136 Fenley Ave","Louisville","KY","40206"
64839,"520 Virginia Ave","Louisville","KY","40222"
64840,"6705 Falling Star Dr","Louisville","KY","40272"
64841,"5506 Sullivan Way","Louisville","KY","40229"
64842,"395 Beechland Rd","Louisville","KY","40229"
64843,"542 Rawlings St","Louisville","KY","40217"
64844,"4211 Morgan Jaymes Dr","Louisville","KY","40299"
64845,"612 Logsdon Ct","Louisville","KY","40243"
64846,"304 Bromwick Ct","Louisville","KY","40243"
64847,"162 Nelida Way","Louisville","KY","40229"
64848,"5030 Kames Sq","Louisville","KY","40241"
64849,"5410 Dannyboy Ln","Louisville","KY","40214"
64850,"1208 Autumn Sun Ct","Unit 204","Louisville",
64851,"7111 Green Spring Dr","Louisville","KY","40241"
64852,"3808 Napanee Rd","Louisville","KY","40207"
64853,"2313 Hardesty Ave","Louisville","KY","40216"
64854,"6004 Moorhaven Dr","Louisville","KY","40219"
64855,"1501 Paula Ct","Louisville","KY","40216"
64856,"12018 Bay Run Dr","Louisville","KY","40245"
64857,"1024 Rosemary Dr","Louisville","KY","40213"
64858,"8209 Siesta Way","Louisville","KY","40219"
64859,"1200 Crosstimbers Dr","Louisville","KY","40245"
64860,"7728 Rochelle Rd","Louisville","KY","40228"
64861,"6813 Nalery Way","Louisville","KY","40228"
64862,"3116 Dumesnil St","Louisville","KY","40211"
64863,"2537 Carolina Ave","Louisville","KY","40205"
64864,"3013 Lynnwood Way","Louisville","KY","40299"
64865,"1100 Swindon Ct","Louisville","KY","40222"
64866,"4322 Westport Ter","Louisville","KY","40207"
64867,"7100 Mckenna Ct","Louisville","KY","40291"
64868,"314 Redding Rd","Louisville","KY","40218"
64869,"2523 Portland Ave","Louisville","KY","40212"
64870,"9505 Candywood Ln","Louisville","KY","40291"
64871,"5904 Morning Glory Ln","Louisville","KY","40258"
64872,"6913 Woodhaven Place Dr","Louisville","KY","40228"
64873,"3455 Glendale Ave","Louisville","KY","40215"
64874,"5642 New Cut Rd","Louisville","KY","40214"
64875,"1902 Lauderdale Rd","Louisville","KY","40205"
64876,"6918 Sandstone Blvd","Louisville","KY","40219"
64877,"9703 Thor Ave","Louisville","KY","40229"
64878,"3833 W Muhammad Ali Blvd","Louisville","KY","40212"
64879,"10202 Cambrie Ct","Louisville","KY","40241"
64880,"6401 Lower Hunters Trce","Louisville","KY","40258"
64881,"3453 Illinois Ave","Louisville","KY","40213"
64882,"1286 Farmdale Ave","Louisville","KY","40213"
64883,"5310 Senator Ln","Louisville","KY","40219"
64884,"10615 Dry Creek Way","Louisville","KY","40299"
64885,"9308 Michael Edward Dr","Louisville","KY","40291"
64886,"12020 Running Creek Rd","Louisville","KY","40243"
64887,"4305 Alicent Rd","Louisville","KY","40207"
64888,"102 Reid Ave","Louisville","KY","40213"
64889,"436 Kaelin Dr","Louisville","KY","40207"
64890,"9306 Hunter Rd","Louisville","KY","40242"
64891,"6212 Two Springs Ln","Louisville","KY","40207"
64892,"6822 Crossmoor Ln","Louisville","KY","40222"
64893,"3020 Falmouth Dr","Louisville","KY","40205"
64894,"9714 Cedar Lake Dr","Louisville","KY","40291"
64895,"3632 Robin Dr","Louisville","KY","40216"
64896,"3801 Norbourne Blvd","Louisville","KY","40207"
64897,"5134 Craigs Creek Dr","Louisville","KY","40241"
64898,"5509 Oakcreek Ln","Louisville","KY","40291"
64899,"11427 Whitney Hill Rd","Louisville","KY","40299"
64900,"4308 Brownhurst Way","Louisville","KY","40241"
64901,"6814 Moorhaven Dr","Louisville","KY","40228"
64902,"9714 Lanesboro Way","Louisville","KY","40242"
64903,"5610 Stansbury Ln","Louisville","KY","40291"
64904,"8503 Jenny Lind Dr","Louisville","KY","40219"
64905,"11114 Oak Bend Ct","Louisville","KY","40241"
64906,"4016 Greenwood Ave","Louisville","KY","40211"
64907,"8025 Kellerman Rd","Louisville","KY","40219"
64908,"6704 Island Pointe Pl","Louisville","KY","40258"
64909,"600 Indian Ridge Rd","Louisville","KY","40207"
64910,"4812 Palma Rd","Louisville","KY","40272"
64911,"443 Swing Ln","Louisville","KY","40207"
64912,"10803 Somerhill Ct","Louisville","KY","40223"
64913,"9005 Old Whipps Mill Rd","Louisville","KY","40242"
64914,"1817 Arboro Pl","Louisville","KY","40220"
64915,"7910 Princess Wood Ct","Louisville","KY","40214"
64916,"511 Village Lake Dr","Louisville","KY","40245"
64917,"9900 Melissa Dr","Louisville","KY","40223"
64918,"12613 Bernay Pl","Louisville","KY","40243"
64919,"2622 Greenwood Ave","Louisville","KY","40211"
64920,"1675 Harold Ave","Louisville","KY","40210"
64921,"1210 Winding Creek Pl","Louisville","KY","40245"
64922,"6004 Woodhaven Place Cir","Louisville","KY","40228"
64923,"3221 Teakwood Cir","Louisville","KY","40216"
64924,"1027 Forrest St","Louisville","KY","40217"
64925,"1924 Princeton Dr","Louisville","KY","40205"
64926,"11016 Bay Run Dr","Louisville","KY","40245"
64927,"401 Creason Ct","Unit 101","Louisville",
64928,"7708 Alyssum Dr","Louisville","KY","40258"
64929,"864 Eastern Pkwy","Louisville","KY","40217"
64930,"2604 Harmony Rd","Louisville","KY","40299"
64931,"7911 Bala Ct","Louisville","KY","40291"
64932,"105 Ambling Way","Louisville","KY","40243"
64933,"3539 Kahlert Ave","Louisville","KY","40215"
64934,"4016 Pixley Way","Louisville","KY","40219"
64935,"8602 Linda Rd","Louisville","KY","40219"
64936,"4416 Parker Ave","Louisville","KY","40212"
64937,"5022 Cotehele Pl","Louisville","KY","40241"
64938,"617 Montana Ave","Louisville","KY","40208"
64939,"207 N Longworth Ave","Louisville","KY","40212"
64940,"519 Lone Oak Trl","Louisville","KY","40214"
64941,"3909 Canopus Ct","Louisville","KY","40219"
64942,"7207 Victoria Dr","Louisville","KY","40228"
64943,"6509 Lure Ln","Louisville","KY","40229"
64944,"13504 Cypress Springs Ct","Louisville","KY","40245"
64945,"6301 Regal Rd","Louisville","KY","40222"
64946,"1016 Elaine Dr","Louisville","KY","40219"
64947,"14121 Spring Mill Rd","Louisville","KY","40245"
64948,"3007 Mcmahan Blvd","Louisville","KY","40220"
64949,"5303 Ridge Lake Ct","Louisville","KY","40272"
64950,"4009 Hurstbourne Woods Dr","Louisville","KY","40299"
64951,"4705 Seville Dr","Louisville","KY","40272"
64952,"8733 Broadwood Ct","Louisville","KY","40291"
64953,"496 Shadowlawn Dr","Louisville","KY","40229"
64954,"10601 Hobbs Station Rd","Louisville","KY","40223"
64955,"2882 Regan Ave","Louisville","KY","40206"
64956,"6529 Hunters Chase Ln","Louisville","KY","40258"
64957,"3944 Northwestern Pkwy","Louisville","KY","40212"
64958,"16914 Polo Fields Ln","Louisville","KY","40245"
64959,"8607 Wintergreen Ct","Louisville","KY","40242"
64960,"12706 Razor Branch Ct","Louisville","KY","40299"
64961,"13629 Arbor Crest Cir","Louisville","KY","40245"
64962,"104 Declaration Dr","Louisville","KY","40214"
64963,"12410 Tamworth Ct","Louisville","KY","40299"
64964,"5915 Bay Harbor Dr","Louisville","KY","40228"
64965,"3922 Pinoak View Ct","Louisville","KY","40299"
64966,"6819 Astral Dr","Louisville","KY","40258"
64967,"902 Locust Pointe Pl","Louisville","KY","40245"
64968,"4809 Hames Trce","Louisville","KY","40291"
64969,"3006 Iris Way","Louisville","KY","40220"
64970,"1810 Grantham Ct","Louisville","KY","40222"
64971,"10606 Bracken Branch Ct","Louisville","KY","40223"
64972,"8800 Lantern Lite Pkwy","Louisville","KY","40220"
64973,"8324 Huntsman Trl","Louisville","KY","40291"
64974,"7009 Village Gate Trce","Louisville","KY","40291"
64975,"6006 Woodhaven Place Cir","Louisville","KY","40228"
64976,"10705 Slippery Elm Dr","Louisville","KY","40291"
64977,"5401 Valley Park Dr","Louisville","KY","40299"
64978,"3010 Michael Dr","Louisville","KY","40220"
64979,"6607 Hidden Hollow Ct","Louisville","KY","40229"
64980,"1531 S 35th St","Louisville","KY","40211"
64981,"1548 Louis Coleman Jr Dr","Louisville","KY","40211"
64982,"10102 Afton Rd","Louisville","KY","40223"
64983,"8211 Cris Dr","Louisville","KY","40291"
64984,"2312 W Broadway","Louisville","KY","40211"
64985,"2820 S 5th St","Louisville","KY","40208"
64986,"2220 Garrs Ln","Louisville","KY","40216"
64987,"6816 Green Meadow Cir","Louisville","KY","40207"
64988,"3514 Hardwood Forest Dr","Louisville","KY","40214"
64989,"9003 Spruce Tree Pl","Louisville","KY","40242"
64990,"315 Brentford Ct","Louisville","KY","40243"
64991,"5334 Vista John Dr","Louisville","KY","40214"
64992,"4103 Slack Ave","Louisville","KY","40229"
64993,"9709 Keeling Place Ct","Louisville","KY","40291"
64994,"1030 Clayborne Rd","Louisville","KY","40214"
64995,"2305 Rausch Dr","Louisville","KY","40216"
64996,"2804 Ralph Ave","Louisville","KY","40216"
64997,"8115 Pinecastle Dr","Louisville","KY","40219"
64998,"2913 Rowan St","Louisville","KY","40212"
64999,"7313 Maria Ave","Louisville","KY","40222"
65000,"7506 Crabtree Dr","Louisville","KY","40228"
65001,"236 Spring House Ln","Louisville","KY","40229"
65002,"3158 Bushmill Park","Louisville","KY","40241"
65003,"4603 Asbury Park Ter","Louisville","KY","40241"
65004,"1328 Lynmar Dr","Apt 7","Louisville",
65005,"3736 Rouge Way","Louisville","KY","40218"
65006,"10602 Hobbs Station Rd","Louisville","KY","40223"
65007,"9320 Taylorsville Rd","Louisville","KY","40299"
65008,"2610 Meadow Dr","Louisville","KY","40220"
65009,"5117 Red Fern Rd","Louisville","KY","40218"
65010,"6707 Green Meadow Ct","Louisville","KY","40207"
65011,"10608 Hume Ct","Louisville","KY","40272"
65012,"2134 Lakeside Dr","Louisville","KY","40205"
65013,"12608 Saint Clair Dr","Louisville","KY","40243"
65014,"7108 Wesboro Rd","Louisville","KY","40222"
65015,"1516 Carlimar Ln","Louisville","KY","40222"
65016,"5609 Bunning Dr","Louisville","KY","40272"
65017,"10915 Lake Vista Ct","Louisville","KY","40241"
65018,"1607 Crossridge Ln","Louisville","KY","40222"
65019,"7701 Norbourne Ave","Louisville","KY","40222"
65020,"9014 Wooded Glen Rd","Louisville","KY","40220"
65021,"1602 Norris Pl","Louisville","KY","40205"
65022,"3413 Fern Lea Rd","Louisville","KY","40216"
65023,"4005 Addison Ln","Louisville","KY","40216"
65024,"6508 Tradesmill Dr","Louisville","KY","40291"
65025,"4807 Cedar Forest Pl","Louisville","KY","40245"
65026,"7408 Old North Church Rd","Louisville","KY","40214"
65027,"9803 Williamsborough Ln","Louisville","KY","40291"
65028,"10201 Wingfield Rd","Louisville","KY","40291"
65029,"3501 Illinois Ave","Apt D2","Louisville",
65030,"918 Rosemary Dr","Louisville","KY","40213"
65031,"11207 Carriage View Way","Louisville","KY","40299"
65032,"4917 Southern Pkwy","Louisville","KY","40214"
65033,"3036 Wentworth Ave","Louisville","KY","40206"
65034,"9502 Shoshone Way","Louisville","KY","40258"
65035,"8807 Temperate Ct","Louisville","KY","40229"
65036,"10904 Cedar Creek Rd","Louisville","KY","40229"
65037,"6801 Memory Ln","Louisville","KY","40258"
65038,"8002 Watterson Trl","Louisville","KY","40291"
65039,"315 Kilmory Ave","Louisville","KY","40214"
65040,"4712 Spen Lea Rd","Louisville","KY","40216"
65041,"3716 Norbourne Blvd","Louisville","KY","40207"
65042,"4405 Lochridge Pkwy","Louisville","KY","40299"
65043,"4100 Steeple Way","Louisville","KY","40245"
65044,"1012 Lake Forest Pkwy","Louisville","KY","40245"
65045,"7811 Pine Ridge Rd","Louisville","KY","40241"
65046,"2807 Woodmont Dr","Louisville","KY","40220"
65047,"504 Altagate Rd","Louisville","KY","40206"
65048,"4050 Taylor Blvd","Louisville","KY","40215"
65049,"2237 Boulevard","Napoleon","Louisville",
65050,"3411 Buckeye Rd","Louisville","KY","40216"
65051,"6402 Birchline Blvd","Louisville","KY","40291"
65052,"5001 Mount Holyoke Dr","Louisville","KY","40216"
65053,"2301 Duncan St","Louisville","KY","40212"
65054,"4924 Hunters Point Cir","Louisville","KY","40216"
65055,"4212 Sunny Crossing Dr","Louisville","KY","40299"
65056,"3221 Radiance Rd","Louisville","KY","40220"
65057,"1233 Belmar Dr","Louisville","KY","40213"
65058,"1510 W Saint Catherine St","Louisville","KY","40210"
65059,"6902 Blackhorse Dr","Louisville","KY","40291"
65060,"3130 Bohannon Ave","Louisville","KY","40215"
65061,"6911 Yuma Way","Louisville","KY","40258"
65062,"1042 Charles St","Louisville","KY","40204"
65063,"811 S 39th St","Louisville","KY","40211"
65064,"3305 Rainview Cir","Louisville","KY","40220"
65065,"3312 Colonial Manor Cir","Unit 4B","Louisville",
65066,"4007 Parthenia Ave","Louisville","KY","40215"
65067,"7507 Six Mile Ln","Louisville","KY","40220"
65068,"2553 Seneca Dr","Louisville","KY","40205"
65069,"9111 Hawthorne Pointe Dr","Louisville","KY","40272"
65070,"5419 Bruce Ave","Louisville","KY","40214"
65071,"3805 Broken Branch Pl","Louisville","KY","40245"
65072,"5113 Stewart Dr","Louisville","KY","40216"
65073,"3124 Teal Ave","Louisville","KY","40213"
65074,"2808 Mayford Way","Louisville","KY","40220"
65075,"7108 Brook Garden Pl","Louisville","KY","40258"
65076,"5912 Cole Ave","Louisville","KY","40258"
65077,"1638 Edenside Ave","Louisville","KY","40204"
65078,"6214 Richiewayne Dr","Louisville","KY","40219"
65079,"4407 Cavelle Ave","Louisville","KY","40213"
65080,"4324 Rudy Ln","Louisville","KY","40207"
65081,"11006 Lansford Dr","Louisville","KY","40272"
65082,"14614 Inspiration Ct","Louisville","KY","40245"
65083,"7700 Brewer Dr","Louisville","KY","40258"
65084,"1100 Clay Ave","Louisville","KY","40219"
65085,"13606 Tennis Blvd","Louisville","KY","40272"
65086,"746 S 22nd St","Louisville","KY","40211"
65087,"4318 Woodgate Ln","Louisville","KY","40220"
65088,"3515 Regatta Way","Louisville","KY","40211"
65089,"13001 Cedar Forest Way","Louisville","KY","40245"
65090,"232 Alpha Ave","Louisville","KY","40218"
65091,"4708 Asbury Park Ter","Louisville","KY","40241"
65092,"9011 Thelma Ln","Louisville","KY","40220"
65093,"8206 Granwood Ln","Louisville","KY","40258"
65094,"8706 Nottingham Pkwy","Louisville","KY","40222"
65095,"9630 Combs Ln","Louisville","KY","40258"
65096,"4419 Santa Paula Ln","Louisville","KY","40219"
65097,"9808 Dea Dea Ct","Louisville","KY","40291"
65098,"4107 Mimosa View Dr","Louisville","KY","40299"
65099,"4406 Saratoga Hill Rd","Louisville","KY","40299"
65100,"8208 Bohannon Station Rd","Louisville","KY","40291"
65101,"7715 Columbine Dr","Louisville","KY","40258"
65102,"7901 Pickwick Ln","Louisville","KY","40219"
65103,"4511 Fallen Apple Ln","Louisville","KY","40218"
65104,"10728 Vintage Creek Dr","Louisville","KY","40299"
65105,"8827 Vision Pl","Louisville","KY","40229"
65106,"10406 Edgewater Rd","Louisville","KY","40223"
65107,"307 Chanel Ct","Apt 6","Louisville",
65108,"5508 Vevia Pl","Louisville","KY","40272"
65109,"6105 Windrow Pl","Louisville","KY","40207"
65110,"1300 Delmar Ln","Louisville","KY","40216"
65111,"2206 Westridge Rd","Louisville","KY","40242"
65112,"5512 Johnsontown Rd","Louisville","KY","40272"
65113,"11007 Keene Rd","Louisville","KY","40241"
65114,"9603 Maple Rd","Louisville","KY","40229"
65115,"9704 Thor Ave","Louisville","KY","40229"
65116,"6600 Price Lane Rd","Louisville","KY","40229"
65117,"1816 Princeton Dr","Louisville","KY","40205"
65118,"6105 E Manslick Rd","Louisville","KY","40219"
65119,"10513 Dry Creek Way","Louisville","KY","40299"
65120,"831 S 23rd St","Louisville","KY","40211"
65121,"817 French St","Louisville","KY","40217"
65122,"1301 Cherokee Rd","Apt 3","Louisville",
65123,"8407 Biggin Hill Ln","Louisville","KY","40220"
65124,"2710 Wendell Ave","Louisville","KY","40205"
65125,"1310 Cherokee Rd","Apt A2","Louisville",
65126,"1301 Cherokee Rd","Apt 2","Louisville",
65127,"1827 Hale Ave","Louisville","KY","40210"
65128,"1022 Camden Ave","Louisville","KY","40215"
65129,"726 Zorn Ave","Apt 17","Louisville",
65130,"8016 Columbine Dr","Louisville","KY","40258"
65131,"3944 Stonyrun Dr","Louisville","KY","40220"
65132,"728 Zorn Ave","Apt 8","Louisville",
65133,"728 Zorn Ave","Apt 3","Louisville",
65134,"1306 Donard Park Ave","Louisville","KY","40218"
65135,"10310 Timberwood Cir","Louisville","KY","40223"
65136,"4713 Graston Ave","Louisville","KY","40216"
65137,"3321 Duvalle Dr","Louisville","KY","40211"
65138,"4218 Lilac Vista Dr","Louisville","KY","40241"
65139,"5412 Gaskin Ct","Louisville","KY","40229"
65140,"8707 Lakeridge Dr","Louisville","KY","40272"
65141,"3117 Chickadee Rd","Louisville","KY","40213"
65142,"4009 Graf Dr","Louisville","KY","40220"
65143,"8605 Honor Ave","Louisville","KY","40219"
65144,"6723 Pendleton Rd","Louisville","KY","40272"
65145,"9401 Cornflower Rd","Louisville","KY","40272"
65146,"2229 Tyler Ln","Louisville","KY","40205"
65147,"619 Bluegrass Ave","Louisville","KY","40214"
65148,"4204 Graf Dr","Louisville","KY","40220"
65149,"1479 Belmar Dr","Louisville","KY","40213"
65150,"4637 Oak Pointe Dr","Louisville","KY","40245"
65151,"1427 Garvey Dr","Louisville","KY","40216"
65152,"1103 Franelm Rd","Louisville","KY","40214"
65153,"4800 Simpson Dr","Louisville","KY","40218"
65154,"5309 Rolling Rock Ct","Apt 101","Louisville",
65155,"7106 Venetian Way","Louisville","KY","40214"
65156,"11512 Spring Heath Ct","Louisville","KY","40223"
65157,"701 Vannah Ave","Louisville","KY","40223"
65158,"8349 Grand Trevi Dr","Louisville","KY","40228"
65159,"9305 Grandstand Ct","Louisville","KY","40291"
65160,"5010 Abbydale Ct","Louisville","KY","40229"
65161,"527 N 42nd St","Louisville","KY","40212"
65162,"3760 Illinois Ave","Louisville","KY","40213"
65163,"3909 Pembroke Rd","Louisville","KY","40220"
65164,"8616 Forest Way Dr","Louisville","KY","40258"
65165,"7901 Nottoway Cir","Louisville","KY","40214"
65166,"10100 Charleswood Rd","Louisville","KY","40229"
65167,"3622 W Kentucky St","Louisville","KY","40211"
65168,"10410 Colonel Hancock Dr","Louisville","KY","40291"
65169,"1829 W Ormsby Ave","Louisville","KY","40210"
65170,"4802 Edge Valley Ln","Louisville","KY","40258"
65171,"3715 Sourwood Ct","Louisville","KY","40220"
65172,"1608 Ellwood Ave","Louisville","KY","40204"
65173,"522 Camden Ave","Louisville","KY","40215"
65174,"2425 Parkdale Ave","Louisville","KY","40220"
65175,"9214 Pagoda Dr","Louisville","KY","40229"
65176,"5604 Maryman Rd","Louisville","KY","40258"
65177,"623 Rymer Way","Louisville","KY","40223"
65178,"3501 Illinois Ave","Apt D13","Louisville",
65179,"16715 Polo Fields Ln","Louisville","KY","40245"
65180,"9834 Oakshire Dr","Louisville","KY","40299"
65181,"118 Forest Place Ct","Louisville","KY","40245"
65182,"2212 Fairland Ave","Louisville","KY","40218"
65183,"4902 Cutnek Ct","Louisville","KY","40258"
65184,"8501 Jenny Lind Dr","Louisville","KY","40219"
65185,"203 Kinnaird Ln","Louisville","KY","40243"
65186,"314 Buckingham Ter","Louisville","KY","40222"
65187,"202 Bellemeade Rd","Louisville","KY","40222"
65188,"1314 Dahl Rd","Louisville","KY","40213"
65189,"7535 Justan Ave","Louisville","KY","40214"
65190,"2720 Flat Rock Rd","Louisville","KY","40245"
65191,"2715 Pindell Ave","Louisville","KY","40217"
65192,"3103 Bon Air Ave","Louisville","KY","40205"
65193,"3107 Doreen Way","Louisville","KY","40220"
65194,"6310 Hanses Dr","Louisville","KY","40219"
65195,"1717 W Kentucky St","Louisville","KY","40210"
65196,"237 Bonnie Ln","Louisville","KY","40218"
65197,"1009 Springside Way","Louisville","KY","40223"
65198,"4113 Crestview Rd","Louisville","KY","40207"
65199,"7910 Annella Way","Louisville","KY","40219"
65200,"9902 Spring Gate Dr","Louisville","KY","40241"
65201,"11716 Fountain Hall Ct","Louisville","KY","40299"
65202,"529 Fountain Ave","Louisville","KY","40222"
65203,"3906 Springhill Rd","Louisville","KY","40207"
65204,"948 Charles St","Louisville","KY","40204"
65205,"8709 Filson Fields Ct","Louisville","KY","40219"
65206,"7250 Briscoe Vista Way","Louisville","KY","40228"
65207,"3304 Behr Ct","Louisville","KY","40220"
65208,"2610 Harmony Rd","Louisville","KY","40299"
65209,"5615 Southern Pkwy","Louisville","KY","40214"
65210,"6001 Hurstview Rd","Louisville","KY","40291"
65211,"1704 Magazine St","Louisville","KY","40203"
65212,"7404 Chant Ct","Louisville","KY","40214"
65213,"8209 Old Toll Rd","Louisville","KY","40291"
65214,"612 S 41st St","Louisville","KY","40211"
65215,"907 Burton Ave","Louisville","KY","40208"
65216,"4915 Southside Dr","Louisville","KY","40214"
65217,"10504 Stonebreaker Rd","Louisville","KY","40291"
65218,"8424 Biggin Hill Ln","Louisville","KY","40220"
65219,"11109 Oak Bend Ct","Louisville","KY","40241"
65220,"1227 W Ashland Ave","Louisville","KY","40215"
65221,"4010 Therina Way","Louisville","KY","40241"
65222,"4719 Poplar View Dr","Louisville","KY","40216"
65223,"4518 Dickerson Ct","Louisville","KY","40245"
65224,"3030 Aubert Ave","Louisville","KY","40206"
65225,"10924 Oak Harbor Dr","Louisville","KY","40299"
65226,"1617 S 32nd St","Louisville","KY","40211"
65227,"107 N Rastetter Ave","Louisville","KY","40206"
65228,"12105 Triple Crown Ct","Louisville","KY","40243"
65229,"629 S 16th St","Apt 2","Louisville",
65230,"23 Chamberry Cir","Louisville","KY","40207"
65231,"4204 Buxton Dr","Louisville","KY","40218"
65232,"2301 Braided Tail Ct","Louisville","KY","40245"
65233,"8001 Woodfern Way","Louisville","KY","40291"
65234,"4313 Leaf Dr","Louisville","KY","40216"
65235,"4823 Hames Trce","Louisville","KY","40291"
65236,"4821 Hames Trce","Louisville","KY","40291"
65237,"2628 Alanmede Rd","Louisville","KY","40205"
65238,"514 Dover Rd","Louisville","KY","40206"
65239,"2404 Saint Xavier St","Louisville","KY","40212"
65240,"3013 Seneca Blvd","Louisville","KY","40205"
65241,"11101 Coventry Greens Dr","Louisville","KY","40241"
65242,"8326 Roseborough Rd","Louisville","KY","40228"
65243,"404 Rockstone Pl","Louisville","KY","40243"
65244,"4513 Southcrest Dr","Louisville","KY","40215"
65245,"3703 Sudbury Ln","Louisville","KY","40220"
65246,"8813 Lakeridge Dr","Louisville","KY","40272"
65247,"7908 Westbrook Rd","Louisville","KY","40258"
65248,"6308 Red Spruce Dr","Louisville","KY","40229"
65249,"6805 Yvonne Ct","Louisville","KY","40228"
65250,"2500 Glenmary Ave","Apt 302","Louisville",
65251,"5104 Harvest Dr","Louisville","KY","40216"
65252,"1214 Park Hills Dr","Louisville","KY","40207"
65253,"10704 Leven Blvd","Louisville","KY","40229"
65254,"216 Alcott Rd","Louisville","KY","40207"
65255,"5211 Oaklawn Park Dr","Louisville","KY","40299"
65256,"3005 Beaumont Rd","Louisville","KY","40205"
65257,"401 Golden Gate Ct","Louisville","KY","40243"
65258,"6612 Monty Ln","Louisville","KY","40291"
65259,"2306 Ecton Ln","Louisville","KY","40216"
65260,"5711 Hasbrook Dr","Louisville","KY","40229"
65261,"9111 Loch Lea Ln","Louisville","KY","40291"
65262,"12600 Coffee Tree Pl","Louisville","KY","40299"
65263,"6703 Whippany Ct","Louisville","KY","40258"
65264,"3914 Lovin Ct","Louisville","KY","40216"
65265,"1811 Alfresco Pl","Louisville","KY","40205"
65266,"10002 Afton Rd","Louisville","KY","40223"
65267,"11421 Catalpa View Ct","Louisville","KY","40299"
65268,"10428 Monticello Forest Cir","Louisville","KY","40299"
65269,"7212 Quail Ridge Rd","Louisville","KY","40291"
65270,"4612 Mud Ln","Louisville","KY","40229"
65271,"3012 Meadowview Cir","Louisville","KY","40220"
65272,"7005 Lower Hunters Trce","Louisville","KY","40258"
65273,"1 Cillia Rd","Louisville","KY","40216"
65274,"8900 Acushnet Rd","Louisville","KY","40242"
65275,"1020 W Indian Trl","Louisville","KY","40213"
65276,"8105 Parkshire Ct","Louisville","KY","40220"
65277,"1727 Cloverbrook Dr","Louisville","KY","40215"
65278,"1302 Golden Springs Ct","Louisville","KY","40205"
65279,"3107 Sora Ave","Louisville","KY","40213"
65280,"9123 Hampton Ridge Ct","Louisville","KY","40220"
65281,"946 Vine St","Louisville","KY","40204"
65282,"9200 Burlwood Ct","Louisville","KY","40229"
65283,"1334 S 32nd St","Louisville","KY","40211"
65284,"10306 Arbor Oak Dr","Louisville","KY","40229"
65285,"7211 Peppermill Ct","Louisville","KY","40228"
65286,"8100 Judge Blvd","Louisville","KY","40219"
65287,"5205 Robbs Ln","Louisville","KY","40219"
65288,"10012 Rimfire Rd","Louisville","KY","40291"
65289,"214 Brown Ave","Louisville","KY","40207"
65290,"1623 S 32nd St","Louisville","KY","40211"
65291,"11311 Prince George Ct","Louisville","KY","40241"
65292,"2414 Farnsley Rd","Louisville","KY","40216"
65293,"14112 Henderson Ave","Louisville","KY","40272"
65294,"6408 Moorhaven Dr","Louisville","KY","40228"
65295,"1808 Tyler Pkwy","Louisville","KY","40204"
65296,"3108 Shady Springs Dr","Louisville","KY","40299"
65297,"7225 Southside Dr","Louisville","KY","40214"
65298,"8007 Greenhurst Ct","Louisville","KY","40299"
65299,"414 Lotis Way","Louisville","KY","40207"
65300,"17314 Curry Branch Rd","Louisville","KY","40245"
65301,"180 Coral Ave","Louisville","KY","40206"
65302,"132 Gardiner Lake Rd","Louisville","KY","40205"
65303,"3423 Richmont Rd","Louisville","KY","40216"
65304,"5507 Fairwood Oaks Pl","Louisville","KY","40291"
65305,"1918 Trevilian Way","Louisville","KY","40205"
65306,"7705 Carnation Dr","Louisville","KY","40258"
65307,"107 Declaration Dr","Louisville","KY","40214"
65308,"1556 Cherokee Rd","Louisville","KY","40205"
65309,"9809 Sonrisa Dr","Louisville","KY","40291"
65310,"915 Iola Rd","Louisville","KY","40207"
65311,"9408 Gutenberg Rd","Louisville","KY","40291"
65312,"2150 Baringer Ave","Louisville","KY","40204"
65313,"6216 Winding Stream Dr","Louisville","KY","40272"
65314,"805 Inverness Ave","Louisville","KY","40214"
65315,"1048 Euclid Ave","Louisville","KY","40208"
65316,"3010 Blue Wing Ct","Louisville","KY","40216"
65317,"13609 Greystone Ave","Louisville","KY","40272"
65318,"4022 Mapleton Ave","Louisville","KY","40215"
65319,"5304 Carolina Crossings Way","Unit 102","Louisville",
65320,"3315 Sumner Rd","Louisville","KY","40218"
65321,"5515 Fairwood Oaks Pl","Louisville","KY","40291"
65322,"8004 Beech Ave","Louisville","KY","40222"
65323,"5805 Shelby St","Louisville","KY","40291"
65324,"5200 Roman Dr","Louisville","KY","40291"
65325,"113 N Shawnee Ter","Louisville","KY","40212"
65326,"1951 Meadowcreek Dr","Louisville","KY","40218"
65327,"1943 Lewiston Dr","Louisville","KY","40216"
65328,"10417 Saint Roche Dr","Louisville","KY","40299"
65329,"9511 Antioch Dr","Louisville","KY","40291"
65330,"1935 Gardiner Ln","Apt C38","Louisville",
65331,"10542 Monticello Forest Cir","Louisville","KY","40299"
65332,"4821 Fielding Way","Louisville","KY","40216"
65333,"3721 Bardstown Rd","Apt 307","Louisville",
65334,"11205 United Blvd","Louisville","KY","40229"
65335,"5610 Tall Oaks Ct","Louisville","KY","40214"
65336,"1935 Gardiner Ln","Apt H129","Louisville",
65337,"4426 Manner Dale Dr","Louisville","KY","40220"
65338,"222 Broadland Ct","Louisville","KY","40229"
65339,"9313 Talitha Dr","Louisville","KY","40299"
65340,"11200 New Stone Ct","Louisville","KY","40223"
65341,"3121 Doreen Way","Louisville","KY","40220"
65342,"3320 Noe Way","Louisville","KY","40220"
65343,"9106 Woodchat Way","Louisville","KY","40272"
65344,"3532 Northwestern Pkwy","Louisville","KY","40212"
65345,"12802 Willow Park Dr","Louisville","KY","40299"
65346,"2317 W Chestnut St","Louisville","KY","40211"
65347,"1011 S 1st St","Louisville","KY","40203"
65348,"4952 Winding Spring Cir","Louisville","KY","40245"
65349,"5712 Hasbrook Dr","Louisville","KY","40229"
65350,"8111 Rome Beauty Way","Louisville","KY","40228"
65351,"4907 Miles Ln","Louisville","KY","40219"
65352,"5100 Us Hwy","42 Apt 323","Louisville",
65353,"627 S 18th St","Louisville","KY","40203"
65354,"1830 Lauderdale Rd","Louisville","KY","40205"
65355,"6425 Glendale Rd","Louisville","KY","40291"
65356,"10835 Hobbs Station Rd","Louisville","KY","40223"
65357,"5006 Ana Ter","Louisville","KY","40272"
65358,"609 Virginia Ave","Louisville","KY","40222"
65359,"2013 Redleaf Dr","Louisville","KY","40242"
65360,"1100 Miles View Ct","Louisville","KY","40245"
65361,"3315 W Market St","Louisville","KY","40212"
65362,"513 Lake Forest Pkwy","Louisville","KY","40245"
65363,"4210 Jackson Ave","Louisville","KY","40213"
65364,"9405 Tiverton Ct","Louisville","KY","40242"
65365,"6741 Vandre Ave","Louisville","KY","40228"
65366,"1404 Cross Rd","Louisville","KY","40204"
65367,"3609 Downing Way","Louisville","KY","40218"
65368,"12308 Saratoga Estates Rd","Louisville","KY","40299"
65369,"2309 Edgin Ct","Louisville","KY","40216"
65370,"7702 Trillium Dr","Louisville","KY","40258"
65371,"6408 Mossy Oaks Dr","Louisville","KY","40291"
65372,"214 Westwood Dr","Louisville","KY","40243"
65373,"109 S Charlton St","Louisville","KY","40206"
65374,"2429 Lindbergh Dr","Louisville","KY","40208"
65375,"4425 Fallen Apple Ln","Louisville","KY","40218"
65376,"3703 Glenmeade Rd","Louisville","KY","40218"
65377,"13602 Bronte Dr","Louisville","KY","40299"
65378,"611 Edna Rd","Louisville","KY","40206"
65379,"4204 Dolphin Rd","Louisville","KY","40220"
65380,"609 Country Club Rd","Louisville","KY","40206"
65381,"1613 Russell Lee Dr","Louisville","KY","40211"
65382,"10311 Arbor Oak Dr","Louisville","KY","40229"
65383,"14514 Clear Meadow Ct","Louisville","KY","40245"
65384,"1205 Lexington Rd","Louisville","KY","40204"
65385,"1203 Lexington Rd","Louisville","KY","40204"
65386,"9909 Harlech Ln","Louisville","KY","40299"
65387,"10519 Bay Pointe Ct","Louisville","KY","40241"
65388,"2570 Martin Ave","Louisville","KY","40216"
65389,"9407 Aylesbury Dr","Louisville","KY","40242"
65390,"2708 Avenue","of the Woods","Louisville",
65391,"5420 Ilex Ave","Louisville","KY","40213"
65392,"502 Tellson Ct","Louisville","KY","40245"
65393,"1102 Girard Dr","Louisville","KY","40222"
65394,"2923 Nepperhan Rd","Louisville","KY","40218"
65395,"6429 Cottagemeadow Dr","Louisville","KY","40218"
65396,"9508 Corinthian Dr","Louisville","KY","40299"
65397,"519 Club Ln","Louisville","KY","40207"
65398,"7605 Old Salem Rd","Louisville","KY","40242"
65399,"3756 Rosemont Blvd","Louisville","KY","40218"
65400,"7909 Brynwood Ln","Louisville","KY","40291"
65401,"3919 Woodmont Park Ln","Louisville","KY","40245"
65402,"1113 Hilliard Ave","Louisville","KY","40204"
65403,"13312 Eastgate Village Dr","Louisville","KY","40223"
65404,"4816 Ferrer Way","Louisville","KY","40291"
65405,"7606 Charron Rd","Louisville","KY","40220"
65406,"4040 Laurelwood Ave","Louisville","KY","40220"
65407,"6301 Morning Glory Ln","Louisville","KY","40258"
65408,"203 Troon Village Way","Louisville","KY","40245"
65409,"514 Gablewood Cir","Louisville","KY","40245"
65410,"5408 Hubbards Ct","Louisville","KY","40207"
65411,"10105 Timberwood Cir","Louisville","KY","40223"
65412,"4602 Braves Ln","Louisville","KY","40272"
65413,"4119 Willowview Blvd","Louisville","KY","40299"
65414,"8808 High Point Cir","Louisville","KY","40299"
65415,"2005 Ben Ali Rd","Louisville","KY","40223"
65416,"2147 Bank St","Louisville","KY","40212"
65417,"11103 Albion Dr","Louisville","KY","40272"
65418,"5512 Dione Ave","Louisville","KY","40216"
65419,"10401 Timberwood Cir","Louisville","KY","40223"
65420,"1926 Goldsmith Ln","Unit 102","Louisville",
65421,"8206 Twin Lakes Ct","Louisville","KY","40214"
65422,"3226 Hale Ave","Louisville","KY","40211"
65423,"915 W Whitney Ave","Louisville","KY","40215"
65424,"9823 Spring Gate Dr","Louisville","KY","40241"
65425,"8210 Granwood Ln","Louisville","KY","40258"
65426,"529 Dale Ave","Louisville","KY","40214"
65427,"8306 Seaforth Dr","Louisville","KY","40258"
65428,"8501 Rhett Butler Dr","Louisville","KY","40242"
65429,"1706 Kurz Way","Louisville","KY","40216"
65430,"3008 Wellbrooke Rd","Louisville","KY","40205"
65431,"10518 Providence Dr","Louisville","KY","40291"
65432,"3424 Warner Ave","Louisville","KY","40207"
65433,"316 Circle Valley Dr","Louisville","KY","40229"
65434,"3306 Colonial Manor Cir","Unit 7B","Louisville",
65435,"3601 Mud Ln","Louisville","KY","40229"
65436,"9205 Wooddale Dr","Louisville","KY","40272"
65437,"1126 Oneida Ave","Louisville","KY","40214"
65438,"2406 Omaha Ln","Louisville","KY","40216"
65439,"11815 Reality Trl","Louisville","KY","40229"
65440,"5304 Alyssum Ct","Louisville","KY","40258"
65441,"1108 Carlimar Ln","Louisville","KY","40222"
65442,"2333 Winston Ave","Louisville","KY","40205"
65443,"4602 Myrick Pl","Louisville","KY","40272"
65444,"7506 Meaganwood Pl","Louisville","KY","40214"
65445,"331 E Southside Ct","Louisville","KY","40214"
65446,"235 Haldeman Ave","Louisville","KY","40206"
65447,"7103 Field Ridge Ct","Louisville","KY","40291"
65448,"2210 Richland Ave","Louisville","KY","40218"
65449,"2002 Starmont Rd","Louisville","KY","40207"
65450,"1805 Chaucer Ct","Louisville","KY","40220"
65451,"7204 Aurora Dr","Louisville","KY","40214"
65452,"7408 Springdale Rd","Louisville","KY","40241"
65453,"10412 Grazing Ct","Louisville","KY","40223"
65454,"3504 Olive Rd","Louisville","KY","40219"
65455,"7204 Hillside Dr","Louisville","KY","40214"
65456,"210 Topfield Rd","Louisville","KY","40229"
65457,"8304 Bost Ln","Louisville","KY","40219"
65458,"3405 Tucker Wood Ln","Louisville","KY","40299"
65459,"326 Hatcher Ave","Louisville","KY","40214"
65460,"11008 Fox Moore Ct","Louisville","KY","40223"
65461,"8513 Coco Ct","Louisville","KY","40219"
65462,"7511 Yorktown Rd","Louisville","KY","40214"
65463,"2404 Vinedale Ave","Louisville","KY","40220"
65464,"2902 Aspendale Ct","Louisville","KY","40241"
65465,"1065 Highland Ave","Louisville","KY","40204"
65466,"10808 Tattenham Ln","Louisville","KY","40243"
65467,"3616 Stonyrun Dr","Louisville","KY","40220"
65468,"1024 Windsong Way","Louisville","KY","40207"
65469,"2609 Hedgepath Trl","Louisville","KY","40245"
65470,"1111 Crosstimbers Dr","Louisville","KY","40245"
65471,"11608 Chinook Ct","Louisville","KY","40299"
65472,"5815 Benny Rd","Louisville","KY","40258"
65473,"1308 Hepburn Ave","Louisville","KY","40204"
65474,"4310 Southern Pkwy","Louisville","KY","40214"
65475,"4316 Clarene Dr","Louisville","KY","40216"
65476,"12478 Spring Trace Ct","Louisville","KY","40229"
65477,"1026 Anchorage Woods Cir","Louisville","KY","40223"
65478,"1250 Dixie Hwy","Louisville","KY","40210"
65479,"4108 Gloucester Rd","Louisville","KY","40207"
65480,"11310 Baumler Pl","Louisville","KY","40291"
65481,"6411 Riverdale Rd","Louisville","KY","40272"
65482,"1911 Meadowcreek Dr","Louisville","KY","40218"
65483,"6002 Pageant Way","Louisville","KY","40214"
65484,"7017 Hadley Ct","Louisville","KY","40241"
65485,"4620 Wolfspring Dr","Louisville","KY","40241"
65486,"6813 Carolyn Rd","Louisville","KY","40214"
65487,"3913 Bonifay Ct","Louisville","KY","40299"
65488,"11 Muirfield Pl","Louisville","KY","40222"
65489,"3715 Blevins Gap Rd","Louisville","KY","40272"
65490,"2222 Payne St","Louisville","KY","40206"
65491,"3524 Capri Dr","Louisville","KY","40218"
65492,"3516 Tyrone Dr","Louisville","KY","40218"
65493,"4723 Lunenburg Dr","Louisville","KY","40245"
65494,"8601 Branchtree Pl","Louisville","KY","40228"
65495,"2820 Avenue","of the Woods","Louisville",
65496,"2502 Top Hill Rd","Louisville","KY","40206"
65497,"1312 Rufer Ave","Louisville","KY","40204"
65498,"201 Ramsgate Gardens Ct","Apt 104","Louisville",
65499,"3902 Moorfield Pl","Louisville","KY","40241"
65500,"6615 Sky Blue Ave","Louisville","KY","40258"
65501,"17613 Curry Branch Rd","Louisville","KY","40245"
65502,"7605 Ledge Pointe Ct","Louisville","KY","40291"
65503,"1915 Arboro Pl","Louisville","KY","40220"
65504,"8512 Perry Rd","Louisville","KY","40222"
65505,"212 E Burnett Ave","Louisville","KY","40208"
65506,"812 Browns Ln","Louisville","KY","40207"
65507,"3813 Wewoka Ave","Louisville","KY","40212"
65508,"819 Texas Ave","Louisville","KY","40217"
65509,"2117 W Lee St","Louisville","KY","40210"
65510,"3366 Peachtree Ave","Louisville","KY","40215"
65511,"2836 Hoock Ave","Louisville","KY","40205"
65512,"2130 East Ln","Louisville","KY","40216"
65513,"550 Barberry Ln","Louisville","KY","40206"
65514,"2541 Ridgewood Ave","Louisville","KY","40217"
65515,"15614 Beckley Hills Dr","Louisville","KY","40245"
65516,"6106 Trena Trl","Louisville","KY","40258"
65517,"8506 Mckenna Way","Louisville","KY","40291"
65518,"1522 Beech St","Louisville","KY","40211"
65519,"509 S Wenzel St","Louisville","KY","40204"
65520,"5405 Beth Rd","Louisville","KY","40219"
65521,"2811 S 3rd St","Louisville","KY","40208"
65522,"5604 Random Way","Louisville","KY","40291"
65523,"3800 Sunrise Way","Louisville","KY","40220"
65524,"2612 Summerfield Dr","Louisville","KY","40220"
65525,"3511 Dorset Rd","Louisville","KY","40214"
65526,"706 Wicklow Rd","Louisville","KY","40207"
65527,"120 N Watterson Trl","Louisville","KY","40243"
65528,"14804 Hedgewick Way","Louisville","KY","40245"
65529,"3905 S 5th St","Louisville","KY","40214"
65530,"500 Browns Ln","Louisville","KY","40207"
65531,"3213 Pomeroy Dr","Louisville","KY","40220"
65532,"3812 Taylorsville Rd","Louisville","KY","40220"
65533,"3104 Cabinwood Dr","Louisville","KY","40220"
65534,"7415 Switch Bark Rd","Louisville","KY","40228"
65535,"2830 Hoock Ave","Louisville","KY","40205"
65536,"1504 Applewood Ln","Louisville","KY","40222"
65537,"3107 Hartlage Ct","Louisville","KY","40216"
65538,"9201 Albans Ct","Louisville","KY","40241"
65539,"9508 Stillridge Pl","Louisville","KY","40229"
65540,"165 Thierman Ln","Apt 215","Louisville",
65541,"5216 Pluto Dr","Louisville","KY","40258"
65542,"11726 Oak Bay Dr","Louisville","KY","40245"
65543,"1110 Old Cannons Ln","Louisville","KY","40207"
65544,"5403 Mount Holyoke Dr","Louisville","KY","40216"
65545,"2207 Peaslee Rd","Louisville","KY","40216"
65546,"7231 Briscoe Vista Way","Unit 7231","Louisville",
65547,"4606 Haney Way","Louisville","KY","40272"
65548,"4515 Greymont Dr","Louisville","KY","40229"
65549,"4502 Stone Lakes Dr","Louisville","KY","40299"
65550,"10008 Michaele Ln","Louisville","KY","40299"
65551,"1403 Paul Ave","Louisville","KY","40215"
65552,"314 Mockingbird Gardens Dr","Louisville","KY","40207"
65553,"1710 Colsterworth Ln","Louisville","KY","40215"
65554,"8511 William Cummins Ct","Louisville","KY","40228"
65555,"3124 Wilkie Rd","Louisville","KY","40216"
65556,"7801 Hidden Oak Ct","Louisville","KY","40222"
65557,"1220 Tallow Ln","Louisville","KY","40214"
65558,"3112 Northland Dr","Louisville","KY","40216"
65559,"5302 Ronwood Dr","Louisville","KY","40219"
65560,"3307 Cawein Way","Louisville","KY","40220"
65561,"10804 Dorton Dr","Louisville","KY","40272"
65562,"8915 La Costa Rd","Louisville","KY","40299"
65563,"2107 Woodford Pl","Louisville","KY","40205"
65564,"1700 Cherokee Rd","Louisville","KY","40205"
65565,"8316 Twisted Pine Rd","Louisville","KY","40219"
65566,"3915 Mulberry Row Way","Louisville","KY","40299"
65567,"4623 Haeringdon Dr","Louisville","KY","40299"
65568,"1601 Hale Ave","Louisville","KY","40210"
65569,"1041 Tennessee Ave","Louisville","KY","40208"
65570,"9608 Michael Edward Dr","Louisville","KY","40291"
65571,"922 Southview Rd","Louisville","KY","40214"
65572,"228 Saint Joseph St","Louisville","KY","40203"
65573,"201 Sequoya Rd","Louisville","KY","40207"
65574,"410 Mockingbird Valley Rd","Apt 18","Louisville",
65575,"10107 Landwood Dr","Louisville","KY","40291"
65576,"146 Knollwood Cir","Louisville","KY","40229"
65577,"2218 Paris Dr","Louisville","KY","40218"
65578,"4105 Bay Pointe Dr","Louisville","KY","40241"
65579,"4300 Burnt Cedar Ln","Louisville","KY","40219"
65580,"527 Malcolm Ave","Louisville","KY","40223"
65581,"17301 Polo Fields Ln","Louisville","KY","40245"
65582,"5752 Alanadale Dr","Louisville","KY","40272"
65583,"2720 Maxey Ln","Louisville","KY","40245"
65584,"8400 Adams Run Rd","Louisville","KY","40228"
65585,"3808 Charter Oaks Dr","Apt 2","Louisville",
65586,"8509 Peggy Dr","Louisville","KY","40219"
65587,"1360 Eastern Pkwy","Apt 2","Louisville",
65588,"5404 Rustic Way","Louisville","KY","40218"
65589,"5301 Carolina Crossings Way","Unit 103","Louisville",
65590,"2316 Elmhurst Ave","Louisville","KY","40216"
65591,"6338 Doe Run Rd","Louisville","KY","40216"
65592,"9110 Docks Ln","Louisville","KY","40272"
65593,"2424 Griffiths Ave","Louisville","KY","40212"
65594,"8800 Loch Lea Ln","Louisville","KY","40291"
65595,"1209 Williams Ridge Rd","Louisville","KY","40243"
65596,"136 Sunset Ln","Louisville","KY","40229"
65597,"221 Eastern Wood Ct","Louisville","KY","40243"
65598,"4604 Riders Row Ct","Louisville","KY","40220"
65599,"9604 Fern Creek Rd","Louisville","KY","40291"
65600,"3000 Nepperhan Rd","Louisville","KY","40220"
65601,"8121 Damascus Rd","Louisville","KY","40228"
65602,"6512 Six Mile Ln","Apt 7","Louisville",
65603,"5612 Fruitwood Dr","Louisville","KY","40272"
65604,"842 Milton St","Louisville","KY","40217"
65605,"1132 W Indian Trl","Louisville","KY","40213"
65606,"2509 Bradley Ave","Louisville","KY","40217"
65607,"3804 Old Brownsboro Hills Rd","Louisville","KY","40241"
65608,"671 S 43rd St","Louisville","KY","40211"
65609,"609 Montana Ave","Louisville","KY","40208"
65610,"3200 Oak Haven Ct","Louisville","KY","40220"
65611,"3304 Freys Hill Rd","Louisville","KY","40241"
65612,"5405 Sir Barton Dr","Louisville","KY","40272"
65613,"8013 Beech Ave","Louisville","KY","40222"
65614,"4912 Honeylore Ct","Louisville","KY","40241"
65615,"2422 Meadow Rd","Louisville","KY","40205"
65616,"2100 Duncan St","Louisville","KY","40212"
65617,"5307 Cedrus Cir","Louisville","KY","40213"
65618,"4406 Deepwood Dr","Louisville","KY","40241"
65619,"1538 Belmar Dr","Louisville","KY","40213"
65620,"7309 Edenroc Ln","Louisville","KY","40258"
65621,"9711 Keeling Place Ct","Louisville","KY","40291"
65622,"11906 Wetherby Ave","Louisville","KY","40243"
65623,"9924 Melissa Dr","Louisville","KY","40223"
65624,"3209 La Follette Ct","Louisville","KY","40299"
65625,"701 Elsmere Cir","Louisville","KY","40223"
65626,"4138 La Salle Ave","Louisville","KY","40215"
65627,"2107 Pirtle St","Louisville","KY","40212"
65628,"10617 Sycamore Trl","Louisville","KY","40223"
65629,"318 Stilz Ave","Louisville","KY","40206"
65630,"5004 Falkland Ln","Louisville","KY","40241"
65631,"8329 Grand Trevi Dr","Louisville","KY","40228"
65632,"912 Brierly Hill Ct","Louisville","KY","40299"
65633,"321 N Bonner Ave","Louisville","KY","40207"
65634,"528 S 18th St","Louisville","KY","40203"
65635,"7303 Trail Crest Ct","Louisville","KY","40241"
65636,"1114 Neon Way","Louisville","KY","40204"
65637,"2532 Adrienne Way","Louisville","KY","40216"
65638,"3529 Hurstbourne Ridge Blvd","Louisville","KY","40299"
65639,"3706 Camp Ground Rd","Louisville","KY","40211"
65640,"6310 Doe Run Rd","Louisville","KY","40216"
65641,"4908 Daleray Dr","Louisville","KY","40219"
65642,"3901 Hillsboro Rd","Louisville","KY","40207"
65643,"10715 Alderbrook Pl","Louisville","KY","40299"
65644,"6007 Hurstview Rd","Louisville","KY","40291"
65645,"3522 Norbourne Blvd","Louisville","KY","40207"
65646,"3819 Gaywood Dr","Louisville","KY","40272"
65647,"4501 Gothic Ct","Louisville","KY","40299"
65648,"3907 Hillbrook Dr","Louisville","KY","40220"
65649,"8505 Broecker Blvd","Louisville","KY","40241"
65650,"1716 Kensington Place Ln","Louisville","KY","40205"
65651,"2642 Bank St","Louisville","KY","40212"
65652,"7912 Ridgehurst Pl","Louisville","KY","40299"
65653,"7101 Village Gate Trce","Louisville","KY","40291"
65654,"405 Blenheim Ct","Louisville","KY","40207"
65655,"1802 Fernwood Ave","Louisville","KY","40205"
65656,"4922 S 4th St","Louisville","KY","40214"
65657,"1023 Charles St","Louisville","KY","40204"
65658,"5519 Fairwood Oaks Pl","Louisville","KY","40291"
65659,"2008 Nelson Ave","Louisville","KY","40216"
65660,"5622 Sullivan Way","Louisville","KY","40229"
65661,"8305 Rosebowl Ct","Louisville","KY","40291"
65662,"118 Ridgeway Ave","Louisville","KY","40207"
65663,"10800 Foxgate Ct","Louisville","KY","40223"
65664,"534 Harris Pl","Louisville","KY","40222"
65665,"1615 Texas Ave","Louisville","KY","40217"
65666,"422 Atwood St","Louisville","KY","40217"
65667,"135 Northwestern Pkwy","Louisville","KY","40212"
65668,"7514 Greenwood Rd","Louisville","KY","40258"
65669,"3637 Windward Way","Louisville","KY","40220"
65670,"6018 Woodhaven Place Cir","Louisville","KY","40228"
65671,"4104 Stony Brook Dr","Louisville","KY","40299"
65672,"3909 Yardley Ct","Unit 205","Louisville",
65673,"5818 Granwood Pl","Louisville","KY","40258"
65674,"8510 Blue Lick Rd","Louisville","KY","40219"
65675,"5004 Graston Ave","Louisville","KY","40216"
65676,"5106 Arbor Oak Ct","Louisville","KY","40229"
65677,"3415 Hurstbourne Ridge Blvd","Louisville","KY","40299"
65678,"6634 Calm River Way","Louisville","KY","40299"
65679,"8901 Honor Ave","Louisville","KY","40219"
65680,"1371 S 4th St","Apt 1","Louisville",
65681,"2434 Concord Dr","Louisville","KY","40217"
65682,"1825 Olenda Ave","Louisville","KY","40216"
65683,"2119 Strathmoor Blvd","Louisville","KY","40205"
65684,"905 Shady Ln","Louisville","KY","40223"
65685,"805 Foxfire Dr","Louisville","KY","40223"
65686,"7215 Astin Ct","Louisville","KY","40219"
65687,"3013 Wilkie Rd","Louisville","KY","40216"
65688,"2364 Carlton Ter","Louisville","KY","40205"
65689,"8606 Jan Way","Louisville","KY","40219"
65690,"1717 Rosewood Ave","Louisville","KY","40204"
65691,"407 Dublin Cir","Louisville","KY","40229"
65692,"1212 W Ashland Ave","Louisville","KY","40215"
65693,"819 Melford Ave","Louisville","KY","40217"
65694,"3014 Freys Hill Rd","Louisville","KY","40241"
65695,"9111 Lantana Dr","Louisville","KY","40229"
65696,"4504 Grand Ave","Louisville","KY","40211"
65697,"4145 Dover Rd","Louisville","KY","40216"
65698,"7901 White Cedar Pl","Louisville","KY","40219"
65699,"11302 Cottage View Ct","Louisville","KY","40299"
65700,"2015 Lowell Ave","Louisville","KY","40205"
65701,"9812 Boxford Ct","Louisville","KY","40242"
65702,"2513 Paddock Ct","Louisville","KY","40216"
65703,"4018 Greenwood Ave","Louisville","KY","40211"
65704,"4504 Cod Dr","Louisville","KY","40272"
65705,"8605 Shelbyville Rd","Apt 131","Louisville",
65706,"1210 Mcbroom Ct","Louisville","KY","40214"
65707,"3534 Lentz Ave","Louisville","KY","40215"
65708,"4012 S 3rd St","Louisville","KY","40214"
65709,"224 Thompson Ave","Louisville","KY","40206"
65710,"8000 Judge Blvd","Louisville","KY","40219"
65711,"5331 Pavilion Way","Louisville","KY","40291"
65712,"4815 Preston Dr","Louisville","KY","40213"
65713,"4012 Cutlass Ct","Louisville","KY","40229"
65714,"11203 New Stone Ct","Louisville","KY","40223"
65715,"8207 Casualwood Way","Louisville","KY","40291"
65716,"3715 Grandview Ave","Louisville","KY","40207"
65717,"1207 Delor Ave","Louisville","KY","40217"
65718,"11816 Reality Trl","Louisville","KY","40229"
65719,"7716 Crest Way","Louisville","KY","40219"
65720,"7907 Maple Hill Rd","Louisville","KY","40219"
65721,"3008 Seneca Blvd","Louisville","KY","40205"
65722,"8803 Mckenna Way","Louisville","KY","40291"
65723,"7116 Austinwood Rd","Louisville","KY","40214"
65724,"821 Iroquois Ave","Louisville","KY","40214"
65725,"2003 Baringer Ave","Louisville","KY","40204"
65726,"3011 Eleanor Ave","Louisville","KY","40205"
65727,"206 Mcbroom Dr","Louisville","KY","40214"
65728,"9614 Combs Ln","Louisville","KY","40258"
65729,"4111 Woodmont Park Ln","Louisville","KY","40245"
65730,"4825 Dover Rd","Louisville","KY","40216"
65731,"108 Sweetbriar Ln","Louisville","KY","40207"
65732,"4912 Lagoona Dr","Louisville","KY","40219"
65733,"8510 Missionary Ct","Louisville","KY","40291"
65734,"1611 Crosstimbers Dr","Louisville","KY","40245"
65735,"8405 Damascus Cir","Louisville","KY","40228"
65736,"12508 Berrytown Rd","Louisville","KY","40223"
65737,"9508 Cedarlook Dr","Louisville","KY","40291"
65738,"8008 Osborne Dr","Louisville","KY","40222"
65739,"1835 W Ormsby Ave","Louisville","KY","40210"
65740,"8528 Applegate Village Dr","Louisville","KY","40219"
65741,"410 Kentucky Ave","Louisville","KY","40222"
65742,"120 N Skyline Dr","Louisville","KY","40229"
65743,"3743 Lentz Ave","Louisville","KY","40215"
65744,"7017 Shutesbury Cir","Louisville","KY","40258"
65745,"6605 Calm River Way","Louisville","KY","40299"
65746,"3517 Algonquin Pkwy","Louisville","KY","40211"
65747,"3901 Barbour Manor Ct","Louisville","KY","40241"
65748,"5216 Greenwood Rd","Louisville","KY","40258"
65749,"6732 North Dr","Louisville","KY","40272"
65750,"3122 Northland Dr","Louisville","KY","40216"
65751,"5309 Rolling Rock Ct","Apt 302","Louisville",
65752,"9001 Fawn Ct","Louisville","KY","40242"
65753,"6609 Moorhaven Dr","Louisville","KY","40228"
65754,"1501 Delmar Ct","Louisville","KY","40216"
65755,"6917 Applegate Ln","Louisville","KY","40228"
65756,"9911 Evening Star Dr","Louisville","KY","40272"
65757,"2630 Martin Ave","Louisville","KY","40216"
65758,"10416 Saint Rene Rd","Louisville","KY","40299"
65759,"4106 Retreat Rd","Louisville","KY","40219"
65760,"1401 Lancaster Essex Ct","Louisville","KY","40242"
65761,"6213 Fox Ave","Louisville","KY","40272"
65762,"13502 Dixie Hwy","Louisville","KY","40272"
65763,"9312 Alex Ct","Louisville","KY","40299"
65764,"174 Butterfly Ln","Louisville","KY","40229"
65765,"3149 Sunny Ln","Louisville","KY","40205"
65766,"2714 Alice Ave","Louisville","KY","40220"
65767,"2124 Allston Ave","Louisville","KY","40210"
65768,"5309 Cranwood Ln","Louisville","KY","40291"
65769,"4505 Shenandoah Dr","Louisville","KY","40241"
65770,"1924 Muncie Ave","Apt 4","Louisville",
65771,"1926 Goldsmith Ln","Unit 120","Louisville",
65772,"3404 Tucker Wood Ln","Louisville","KY","40299"
65773,"3301 Chinquapin Ln","Louisville","KY","40219"
65774,"9815 Spring Gate Dr","Louisville","KY","40241"
65775,"12414 Saint Clair Dr","Louisville","KY","40243"
65776,"11009 Deering Rd","Louisville","KY","40272"
65777,"3431 Westwood Farms Dr","Louisville","KY","40220"
65778,"3010 Summerfield Dr","Louisville","KY","40220"
65779,"1211 Cooper Ave","Louisville","KY","40219"
65780,"635 Floral Ter","Louisville","KY","40208"
65781,"3915 Hillcross Dr","Louisville","KY","40229"
65782,"1225 Bates Ave","Louisville","KY","40219"
65783,"6805 Spourtland Dr","Louisville","KY","40228"
65784,"735 Waterford Rd","Louisville","KY","40207"
65785,"252 Derby Ave","Louisville","KY","40218"
65786,"8001 Hunter Green Way","Louisville","KY","40291"
65787,"4525 Dove Park Blvd","Louisville","KY","40299"
65788,"14811 Hedgewick Way","Louisville","KY","40245"
65789,"6800 Barfield Rd","Louisville","KY","40258"
65790,"1808 Lauderdale Rd","Louisville","KY","40205"
65791,"10001 Bentford Dr","Louisville","KY","40272"
65792,"721 S 38th St","Louisville","KY","40211"
65793,"7507 Appletree Way","Louisville","KY","40228"
65794,"509 Winyan Ln","Louisville","KY","40223"
65795,"4918 Valley Station Rd","Louisville","KY","40272"
65796,"9306 3rd Street Rd","Louisville","KY","40272"
65797,"1201 Homeview Dr","Louisville","KY","40215"
65798,"1507 Homeview Dr","Louisville","KY","40215"
65799,"10601 Dry Creek Way","Louisville","KY","40299"
65800,"3910 Pembroke Rd","Louisville","KY","40220"
65801,"4201 Stonemeadow Ct","Louisville","KY","40218"
65802,"9505 Montalto Dr","Louisville","KY","40299"
65803,"9300 Alex Ct","Louisville","KY","40299"
65804,"2507 Ballad Blvd","Louisville","KY","40299"
65805,"2008 Round Ridge Rd","Louisville","KY","40207"
65806,"3915 Dellafay Dr","Louisville","KY","40219"
65807,"3626 Twin Oak Ln","Louisville","KY","40219"
65808,"3022 Grand Ave","Louisville","KY","40211"
65809,"14505 Clear Meadow Ct","Louisville","KY","40245"
65810,"1440 Hazel St","Louisville","KY","40211"
65811,"8614 Garden Gate Cir","Louisville","KY","40291"
65812,"1308 Lexington Rd","Louisville","KY","40204"
65813,"4515 Amerivan Ct","Louisville","KY","40299"
65814,"9009 Sagebrush Ct","Louisville","KY","40228"
65815,"6712 Oak Valley Dr","Louisville","KY","40214"
65816,"10304 Royce Ct","Apt 102","Louisville",
65817,"1923 Hikes Ln","Louisville","KY","40218"
65818,"111 Saguaro Ct","Louisville","KY","40229"
65819,"3320 W Kentucky St","Louisville","KY","40211"
65820,"8806 Denington Dr","Louisville","KY","40222"
65821,"11005 Perwinkle Ln","Louisville","KY","40291"
65822,"6621 Sylvania Rd","Louisville","KY","40258"
65823,"5503 Symington Ct","Louisville","KY","40241"
65824,"9003 Wooded Glen Rd","Louisville","KY","40220"
65825,"806 Alden Rd","Louisville","KY","40207"
65826,"427 Bauer Ave","Louisville","KY","40207"
65827,"5517 Wilke Farm Ave","Louisville","KY","40216"
65828,"5716 Ree Dr","Louisville","KY","40216"
65829,"211 S Lyndon Ln","Louisville","KY","40222"
65830,"1155 Julia Ave","Louisville","KY","40204"
65831,"144 E Francis Ave","Louisville","KY","40214"
65832,"819 S 23rd St","Louisville","KY","40211"
65833,"503 Sycamore Shoals Trce","Louisville","KY","40223"
65834,"6419 Cottagemeadow Dr","Louisville","KY","40218"
65835,"3705 Canterbury Dr","Louisville","KY","40299"
65836,"8901 Fox Chase Pl","Louisville","KY","40228"
65837,"8408 Adams Run Rd","Louisville","KY","40228"
65838,"605 S 37th St","Louisville","KY","40211"
65839,"3005 S Melrose Dr","Louisville","KY","40299"
65840,"7906 Tuckaway Ct","Louisville","KY","40291"
65841,"5016 Middlesex Dr","Louisville","KY","40245"
65842,"11205 Garden Trace Dr","Louisville","KY","40229"
65843,"3414 Tucker Wood Ln","Louisville","KY","40299"
65844,"7507 Faxon Ct","Louisville","KY","40258"
65845,"4414 S 8th St","Louisville","KY","40215"
65846,"11709 Fountain Hall Ct","Louisville","KY","40299"
65847,"5913 Grandel Meadow Ct","Louisville","KY","40258"
65848,"1018 S Shelby St","Louisville","KY","40203"
65849,"2120 Woodbourne Ave","Louisville","KY","40205"
65850,"182 State St","Louisville","KY","40206"
65851,"3208 Young Ave","Louisville","KY","40211"
65852,"227 Mackie Ln","Louisville","KY","40214"
65853,"6303 Maravian Dr","Louisville","KY","40258"
65854,"8105 Smithton Rd","Louisville","KY","40219"
65855,"7010 Monty Ln","Louisville","KY","40291"
65856,"11813 Oak Bay Dr","Louisville","KY","40245"
65857,"814 Huntington Rd","Louisville","KY","40207"
65858,"5105 Fairwood Ln","Louisville","KY","40291"
65859,"5129 Oaklawn Park Dr","Louisville","KY","40299"
65860,"1504 Helmridge Ct","Louisville","KY","40222"
65861,"1069 Hillview Blvd","Louisville","KY","40229"
65862,"1205 Donard Ave","Louisville","KY","40218"
65863,"1306 Cherry Hill Ct","Louisville","KY","40229"
65864,"9816 Mccrea Ln","Louisville","KY","40229"
65865,"3510 Barbour Place Cir","Louisville","KY","40241"
65866,"22 Rio Vista Dr","Louisville","KY","40207"
65867,"4500 Statton Rd","Louisville","KY","40220"
65868,"3638 Lentz Ave","Louisville","KY","40215"
65869,"3028 Kaye Lawn Dr","Louisville","KY","40220"
65870,"600 W Florence Ave","Louisville","KY","40215"
65871,"9902 Northridge Dr","Louisville","KY","40272"
65872,"4411 Buttonbush Glen Dr","Louisville","KY","40241"
65873,"9900 Spring Gate Dr","Louisville","KY","40241"
65874,"506 Candlelight Ln","Louisville","KY","40214"
65875,"2107 Belmont Rd","Louisville","KY","40218"
65876,"7913 Red Cedar Way","Louisville","KY","40219"
65877,"18801 Weatherford Cir","Louisville","KY","40245"
65878,"4200 Blue Teal Pl","Louisville","KY","40245"
65879,"2346 Carolina Ave","Louisville","KY","40205"
65880,"2181 Millvale Rd","Louisville","KY","40205"
65881,"4802 Chenoweth Run Rd","Louisville","KY","40299"
65882,"303 Kilderry Way","Louisville","KY","40245"
65883,"14502 Hearthside Ct","Louisville","KY","40245"
65884,"2614 Longview Ave","Louisville","KY","40206"
65885,"9600 Harvard Commons Ct","Louisville","KY","40291"
65886,"12609 Bay Arbor Pl","Louisville","KY","40245"
65887,"4927 Celeste Dr","Louisville","KY","40228"
65888,"2016 Emerson Ave","Louisville","KY","40205"
65889,"2904 Flair Knoll Ct","Louisville","KY","40216"
65890,"4403 Plantus Pl","Louisville","KY","40213"
65891,"316 Pleasantview Ave","Louisville","KY","40206"
65892,"6010 Bay Harbor Dr","Louisville","KY","40228"
65893,"9504 Marceitta Way","Louisville","KY","40291"
65894,"10419 Pine Glen Cir","Louisville","KY","40291"
65895,"2132 Sherwood Ave","Louisville","KY","40205"
65896,"4112 Saint Joseph Ave","Louisville","KY","40216"
65897,"3915 Carbine Ln","Louisville","KY","40229"
65898,"12419 Kiawah Ct","Louisville","KY","40245"
65899,"10012 Cardigan Dr","Louisville","KY","40299"
65900,"4211 Lucas Ct","Louisville","KY","40213"
65901,"6409 Regal Rd","Louisville","KY","40222"
65902,"627 Upland Rd","Louisville","KY","40206"
65903,"3446 Heatherfield Dr","Louisville","KY","40216"
65904,"15619 Beckley Hills Dr","Louisville","KY","40245"
65905,"5705 Georgia Ln","Louisville","KY","40219"
65906,"5318 Greenwood Rd","Louisville","KY","40258"
65907,"5906 Brandon Dunes Dr","Louisville","KY","40228"
65908,"5913 Bay Harbor Dr","Louisville","KY","40228"
65909,"5905 Bay Harbor Dr","Louisville","KY","40228"
65910,"5904 Brandon Dunes Dr","Louisville","KY","40228"
65911,"2812 Murray Hill Pike","Louisville","KY","40242"
65912,"6724 North Dr","Louisville","KY","40272"
65913,"2414 Merriwood Dr","Louisville","KY","40299"
65914,"2425 Emil Ave","Louisville","KY","40217"
65915,"1509 Thackeray Dr","Louisville","KY","40205"
65916,"10903 Lanette Ct","Louisville","KY","40229"
65917,"862 Clarks Ln","Louisville","KY","40217"
65918,"3627 Johnston Way","Louisville","KY","40220"
65919,"3117 Roypom Dr","Louisville","KY","40220"
65920,"111 Buttercup Rd","Louisville","KY","40218"
65921,"3504 Mildred Dr","Louisville","KY","40216"
65922,"2219 Perth Ct","Louisville","KY","40216"
65923,"4400 Murphy Ln","Louisville","KY","40241"
65924,"8444 Grand Trevi Dr","Louisville","KY","40228"
65925,"222 Biltmore Rd","Louisville","KY","40207"
65926,"207 Southwood Ter","Louisville","KY","40214"
65927,"4319 Jacob Glenn Way","Louisville","KY","40241"
65928,"607 Sunnygate Pl","Louisville","KY","40223"
65929,"4501 Cornice Ct","Louisville","KY","40299"
65930,"1228 Morgan Ave","Louisville","KY","40213"
65931,"5007 Woodhill Ln","Louisville","KY","40219"
65932,"3329 Duvalle Dr","Louisville","KY","40211"
65933,"8600 Charing Cross Rd","Louisville","KY","40222"
65934,"1033 Bluegrass Ave","Louisville","KY","40215"
65935,"5105 Mount Marcy Rd","Louisville","KY","40216"
65936,"4412 Norene Ln","Louisville","KY","40219"
65937,"1611 Texas Ave","Louisville","KY","40217"
65938,"7908 Edsel Ln","Louisville","KY","40291"
65939,"6900 John Adams Way","Louisville","KY","40272"
65940,"6201 Tabor Dr","Louisville","KY","40218"
65941,"4706 Church Rd","Louisville","KY","40272"
65942,"9311 Taylorsville Rd","Louisville","KY","40299"
65943,"4934 Hames Trce","Louisville","KY","40291"
65944,"3013 Joan Ave","Louisville","KY","40205"
65945,"4229 Woodmont Park Ln","Louisville","KY","40245"
65946,"4711 Lacey Ct","Louisville","KY","40218"
65947,"9217 Fairmount Rd","Louisville","KY","40291"
65948,"9804 Lakewood Dr","Louisville","KY","40272"
65949,"3700 W Kentucky St","Louisville","KY","40211"
65950,"12902 Willow Forest Dr","Louisville","KY","40245"
65951,"2574 Taylorsville Rd","Louisville","KY","40205"
65952,"6712 Poplar Forest Ln","Louisville","KY","40291"
65953,"5911 Grandel Meadow Ct","Louisville","KY","40258"
65954,"6505 Burlwood Dr","Louisville","KY","40229"
65955,"3645 Nichols Meadow Cir","Louisville","KY","40215"
65956,"4319 Dannywood Rd","Louisville","KY","40220"
65957,"5700 Revere Dr","Louisville","KY","40218"
65958,"122 Spruce Ln","Louisville","KY","40207"
65959,"4925 Forest Park Dr","Louisville","KY","40219"
65960,"8902 Peterborough Dr","Louisville","KY","40222"
65961,"9200 Morgan Jaymes Ct","Louisville","KY","40299"
65962,"8506 Eula Rd","Louisville","KY","40219"
65963,"2615 Meadow Rd","Louisville","KY","40205"
65964,"119 N Keats Ave","Louisville","KY","40206"
65965,"2225 Perth Ct","Louisville","KY","40216"
65966,"10001 Brownsboro Gardens Cir","Louisville","KY","40241"
65967,"10109 Landwood Dr","Louisville","KY","40291"
65968,"343 N 24th St","Louisville","KY","40212"
65969,"1102 Oneida Ave","Louisville","KY","40214"
65970,"7014 Meihaus Way","Louisville","KY","40272"
65971,"6703 Elmwood St","Louisville","KY","40216"
65972,"205 Hemingway Rd","Louisville","KY","40207"
65973,"4308 Winter Garden Ct","Louisville","KY","40218"
65974,"4341 Dover Rd","Louisville","KY","40216"
65975,"4518 Fallen Apple Ln","Louisville","KY","40218"
65976,"1918 Crimson Dr","Louisville","KY","40272"
65977,"3515 Janell Rd","Louisville","KY","40216"
65978,"1922 Lowell Ave","Louisville","KY","40205"
65979,"8312 Huntsman Trl","Louisville","KY","40291"
65980,"3807 Stigwood Ct","Louisville","KY","40218"
65981,"4101 Northland Ct","Louisville","KY","40216"
65982,"2204 Stannye Dr","Louisville","KY","40222"
65983,"8610 River Terrace Dr","Louisville","KY","40258"
65984,"2202 Lytle St","Louisville","KY","40212"
65985,"6716 Watch Hill Rd","Louisville","KY","40228"
65986,"1845 Roanoke Ave","Louisville","KY","40205"
65987,"4305 Dawkins Ct","Louisville","KY","40229"
65988,"9703 Mary Dell Ln","Louisville","KY","40291"
65989,"2137 Woodbourne Ave","Louisville","KY","40205"
65990,"1903 Alfresco Pl","Louisville","KY","40205"
65991,"305 Academy Lake Way","Louisville","KY","40245"
65992,"4316 Dohn Ave","Louisville","KY","40216"
65993,"2719 Hale Ave","Louisville","KY","40211"
65994,"2902 Carlingford Dr","Louisville","KY","40222"
65995,"6706 Grandfield Rd","Louisville","KY","40258"
65996,"4106 Winchester Rd","Louisville","KY","40207"
65997,"838 Ash St","Louisville","KY","40217"
65998,"2319 Oregon Ave","Louisville","KY","40210"
65999,"10201 Eve Adam Dr","Louisville","KY","40272"
66000,"1026 E Oak St","Louisville","KY","40204"
66001,"8602 Summertree Ln","Louisville","KY","40291"
66002,"7407 Nachand Place Ct","Louisville","KY","40218"
66003,"3002 Whiteway Ave","Louisville","KY","40205"
66004,"2538 Griffiths Ave","Louisville","KY","40212"
66005,"718 Foxgate Rd","Louisville","KY","40223"
66006,"7719 Cottage Cove Way","Louisville","KY","40214"
66007,"1008 Wagner Ave","Louisville","KY","40217"
66008,"10906 Ballardsville Rd","Louisville","KY","40241"
66009,"4604 Fox Run Rd","Louisville","KY","40207"
66010,"1414 Knight Rd","Louisville","KY","40214"
66011,"4903 Applegrove Ln","Louisville","KY","40218"
66012,"2227 Alta Ave","Louisville","KY","40205"
66013,"594 Overdale Dr","Louisville","KY","40229"
66014,"1716 Youngland Ave","Louisville","KY","40216"
66015,"7609 Fort Sumter Ct","Louisville","KY","40214"
66016,"6604 Elmwood St","Louisville","KY","40216"
66017,"5310 Tupelo Pass","Louisville","KY","40213"
66018,"13608 Sample Ct","Louisville","KY","40245"
66019,"6605 Creston Dr","Louisville","KY","40258"
66020,"1502 Sand Dr","Louisville","KY","40258"
66021,"5500 Euclid Ave","Louisville","KY","40272"
66022,"6728 North Dr","Louisville","KY","40272"
66023,"301 Fairmeade Rd","Louisville","KY","40207"
66024,"549 Wainwright Ave","Louisville","KY","40217"
66025,"1271 Weller Ave","Louisville","KY","40208"
66026,"3133 Northland Dr","Louisville","KY","40216"
66027,"9618 Old Six Mile Ln","Louisville","KY","40299"
66028,"3706 Freedom Way","Louisville","KY","40229"
66029,"1304 Southgate Ave","Louisville","KY","40215"
66030,"1306 Southgate Ave","Louisville","KY","40215"
66031,"4112 Massie Ave","Apt 3","Louisville",
66032,"4802 Miles Ln","Louisville","KY","40219"
66033,"527 Beecher St","Louisville","KY","40215"
66034,"5300 Carolina Crossings Way","Unit 102","Louisville",
66035,"7315 Manslick Rd","Louisville","KY","40214"
66036,"2301 Upper Hunters Trce","Louisville","KY","40216"
66037,"3807 Benje Way","Louisville","KY","40241"
66038,"8602 Juarez Ct","Louisville","KY","40219"
66039,"15418 Beckley Hills Dr","Louisville","KY","40245"
66040,"12484 Spring Trace Ct","Louisville","KY","40229"
66041,"1500 Carlimar Ln","Louisville","KY","40222"
66042,"1904 Floradora Dr","Louisville","KY","40272"
66043,"8107 Barbour Manor Dr","Louisville","KY","40241"
66044,"2330 W Gaulbert Ave","Louisville","KY","40210"
66045,"4111 Pixley Way","Louisville","KY","40219"
66046,"1904 Rudy Ln","Louisville","KY","40207"
66047,"10201 Pine Glen Cir","Louisville","KY","40291"
66048,"702 Baroness Ave","Louisville","KY","40203"
66049,"4104 Old Heady Rd","Louisville","KY","40299"
66050,"3222 Murray Hill Pike","Louisville","KY","40241"
66051,"1516 Cherokee Rd","Apt 7","Louisville",
66052,"1516 Cherokee Rd","Apt 8","Louisville",
66053,"4322 Brownsboro Glen Rd","Louisville","KY","40241"
66054,"10303 Grafton Hall Rd","Louisville","KY","40272"
66055,"8504 Nottingham Pkwy","Louisville","KY","40222"
66056,"5580 Mark Dr","Louisville","KY","40258"
66057,"2223 Rowan St","Louisville","KY","40212"
66058,"928 Packard Ave","Louisville","KY","40217"
66059,"401 Malcolm Ave","Louisville","KY","40223"
66060,"2075 Ravinia Ave","Louisville","KY","40205"
66061,"10805 Vintage Creek Dr","Louisville","KY","40299"
66062,"8747 Running Fox Cir","Louisville","KY","40291"
66063,"8007 Albrecht Cir","Louisville","KY","40241"
66064,"2308 Blevins Gap Rd","Louisville","KY","40272"
66065,"7619 White Post Way","Louisville","KY","40220"
66066,"10614 Edgewater Rd","Louisville","KY","40223"
66067,"12501 Essex Bay Ct","Louisville","KY","40245"
66068,"840 Linwood Ave","Louisville","KY","40217"
66069,"17309 Curry Branch Rd","Louisville","KY","40245"
66070,"9012 Hurstbourne Ln","Louisville","KY","40220"
66071,"3322 Nanz Ave","Louisville","KY","40207"
66072,"700 Lexington Pl","Louisville","KY","40206"
66073,"4663 Shenandoah Dr","Louisville","KY","40241"
66074,"7817 Bramble Ln","Louisville","KY","40258"
66075,"3508 Marlin Dr","Louisville","KY","40299"
66076,"616 Creekvalley Rd","Louisville","KY","40243"
66077,"281 Granvil Dr","Louisville","KY","40218"
66078,"3206 Cawein Way","Louisville","KY","40220"
66079,"2106 S Shelby St","Louisville","KY","40217"
66080,"1936 Cypress St","Louisville","KY","40210"
66081,"3509 Mayo Dr","Louisville","KY","40218"
66082,"2915 Thistlewood Dr","Louisville","KY","40206"
66083,"7411 Wesboro Rd","Louisville","KY","40242"
66084,"2514 Wendell Ave","Louisville","KY","40205"
66085,"4811 Cedar Forest Pl","Louisville","KY","40245"
66086,"3021 Wurtele Ave","Louisville","KY","40216"
66087,"4011 Hispanyola Ct","Louisville","KY","40229"
66088,"4914 Woodhill Ln","Louisville","KY","40219"
66089,"712 Braeview Rd","Louisville","KY","40206"
66090,"1323 Arling Ave","Louisville","KY","40215"
66091,"3811 Foreman Ln","Louisville","KY","40219"
66092,"7454 Greenwood Manor Rd","Louisville","KY","40258"
66093,"709 Cadogan Ct","Louisville","KY","40222"
66094,"2808 Woodward Dr","Louisville","KY","40220"
66095,"117 S Arbor Park","Louisville","KY","40214"
66096,"10205 Pine Glen Cir","Louisville","KY","40291"
66097,"10530 Providence Dr","Louisville","KY","40291"
66098,"1007 Chesley Dr","Louisville","KY","40219"
66099,"1027 Payne St","Louisville","KY","40204"
66100,"700 W Woodlawn Ave","Louisville","KY","40215"
66101,"11401 Whitney Hill Rd","Louisville","KY","40299"
66102,"4722 Brownsboro Rd","Louisville","KY","40207"
66103,"2411 Farnsley Rd","Louisville","KY","40216"
66104,"5410 Catalina Ave","Louisville","KY","40272"
66105,"4404 Rudy Ln","Louisville","KY","40207"
66106,"12514 Nursery Ln","Louisville","KY","40243"
66107,"3603 Sudbury Ln","Louisville","KY","40220"
66108,"4611 E Manslick Rd","Louisville","KY","40219"
66109,"1204 Blackthorn Rd","Louisville","KY","40299"
66110,"8001 Broadfern Dr","Louisville","KY","40291"
66111,"8315 Sunny Ridge Ct","Louisville","KY","40299"
66112,"9007 Cinderella Ln","Louisville","KY","40229"
66113,"2014 Cypress St","Louisville","KY","40210"
66114,"10119 John Ashley Ct","Louisville","KY","40299"
66115,"410 Ethridge Ave","Unit 208","Louisville",
66116,"8557 Applegate Village Dr","Louisville","KY","40219"
66117,"3700 Hycliffe Ave","Louisville","KY","40207"
66118,"3526 Warner Ave","Louisville","KY","40207"
66119,"5819 Granwood Pl","Louisville","KY","40258"
66120,"757 Harrison Ave","Louisville","KY","40217"
66121,"734 Palatka Rd","Louisville","KY","40214"
66122,"152 Thierman Ln","Louisville","KY","40207"
66123,"3124 Pamela Way","Louisville","KY","40220"
66124,"4121 Browns Ln","Unit B9","Louisville",
66125,"4727 Lunenburg Dr","Louisville","KY","40245"
66126,"5313 Oldshire Rd","Louisville","KY","40229"
66127,"324 Franck Ave","Louisville","KY","40206"
66128,"1286 Parkway Gardens Ct","Apt 223","Louisville",
66129,"2208 De Mel Ave","Louisville","KY","40214"
66130,"1907 Brentmoor Ln","Louisville","KY","40223"
66131,"7210 Hunters Run Dr","Louisville","KY","40059"
66132,"667 S 38th St","Louisville","KY","40211"
66133,"1851 Osage Ave","Louisville","KY","40210"
66134,"2302 W Kentucky St","Louisville","KY","40210"
66135,"2703 Conestoga Ave","Louisville","KY","40210"
66136,"4907 New Cut Rd","Louisville","KY","40214"
66137,"816 Beecher St","Louisville","KY","40215"
66138,"709 W Kenwood Dr","Louisville","KY","40214"
66139,"8006 Village Gate Ct","Louisville","KY","40291"
66140,"122 E Southern Heights Ave","Louisville","KY","40214"
66141,"10301 Broadwood Dr","Louisville","KY","40291"
66142,"2904 Six Mile Ln","Louisville","KY","40220"
66143,"14813 Landis Lakes Dr","Louisville","KY","40245"
66144,"4927 S 3rd St","Louisville","KY","40214"
66145,"1533 S 35th St","Louisville","KY","40211"
66146,"6308 Maravian Dr","Louisville","KY","40258"
66147,"7715 Rochelle Rd","Louisville","KY","40228"
66148,"6434 Cottagemeadow Dr","Louisville","KY","40218"
66149,"6607 Holly Lake Dr","Louisville","KY","40291"
66150,"7409 Gaymont Dr","Louisville","KY","40214"
66151,"4605 Riders Row Ct","Louisville","KY","40220"
66152,"9510 Fairground Rd","Louisville","KY","40291"
66153,"9021 Lakewood Dr","Louisville","KY","40272"
66154,"1737 Kensington Place Ln","Louisville","KY","40205"
66155,"227 S 24th St","Louisville","KY","40212"
66156,"6515 Flagler Ave","Louisville","KY","40216"
66157,"410 N 38th St","Louisville","KY","40212"
66158,"14225 Academy Ridge Blvd","Louisville","KY","40245"
66159,"4501 Malcolm Rd","Louisville","KY","40216"
66160,"1731 Deerwood Ave","Louisville","KY","40205"
66161,"1012 Southern Ave","Louisville","KY","40218"
66162,"4514 Fallen Apple Ln","Louisville","KY","40218"
66163,"8310 Blue Lick Rd","Louisville","KY","40219"
66164,"3500 Broadwell Pl","Louisville","KY","40245"
66165,"1603 Wilson Ave","Louisville","KY","40210"
66166,"13617 Meadow Vista Ct","Louisville","KY","40299"
66167,"3328 Belmont Rd","Louisville","KY","40218"
66168,"212 S 24th St","Louisville","KY","40212"
66169,"3308 Mardale Dr","Louisville","KY","40299"
66170,"3604 Brookhollow Dr","Louisville","KY","40220"
66171,"10403 Trotters Pointe Dr","Apt 203","Louisville",
66172,"11918 Pond Creek Dr","Louisville","KY","40272"
66173,"813 Dorsey Way","Louisville","KY","40223"
66174,"3038 Casswood Dr","Louisville","KY","40220"
66175,"8604 Bost Ln","Louisville","KY","40219"
66176,"11046 Symington Cir","Louisville","KY","40241"
66177,"11609 Winding Stream Way","Louisville","KY","40272"
66178,"4606 Cliff Ave","Louisville","KY","40215"
66179,"614 N Hite Ave","Louisville","KY","40206"
66180,"1827 Eastern Pkwy","Louisville","KY","40204"
66181,"14645 Cressington Cir","Louisville","KY","40245"
66182,"3100 Binnacle Pl","Louisville","KY","40220"
66183,"10529 Providence Dr","Louisville","KY","40291"
66184,"6800 James Madison Way","Louisville","KY","40272"
66185,"4517 Barrowdale Dr","Louisville","KY","40216"
66186,"802 S 33rd St","Louisville","KY","40211"
66187,"1312 Payne St","Louisville","KY","40204"
66188,"8913 Alphin Ct","Louisville","KY","40299"
66189,"201 Lesane Ct","Louisville","KY","40214"
66190,"202 Academy Ct","Louisville","KY","40245"
66191,"711 W Main St","Apt M","Louisville",
66192,"4329 Statton Rd","Louisville","KY","40220"
66193,"10113 Radford Rd","Louisville","KY","40223"
66194,"5301 Pavilion Way","Louisville","KY","40291"
66195,"3002 Meadow Farms Pl","Louisville","KY","40245"
66196,"1207 Bentwood Way","Louisville","KY","40223"
66197,"7021 Linton Ct","Louisville","KY","40258"
66198,"2916 W Main St","Louisville","KY","40212"
66199,"3909 Kennison Ave","Louisville","KY","40207"
66200,"1814 Bolling Ave","Louisville","KY","40210"
66201,"3417 Vermont Ave","Louisville","KY","40211"
66202,"615 Colorado Ave","Louisville","KY","40208"
66203,"8630 Applegate Village Dr","Louisville","KY","40219"
66204,"2608 Alva Dr","Louisville","KY","40216"
66205,"2305 Phoenix Hill Dr","Louisville","KY","40207"
66206,"4110 Foreman Ln","Louisville","KY","40219"
66207,"1609 Lois Morris Dr","Louisville","KY","40211"
66208,"3906 Meadowfield Dr","Louisville","KY","40245"
66209,"3200 Cross Bill Rd","Louisville","KY","40213"
66210,"805 N Arbor Dr","Louisville","KY","40223"
66211,"3110 Roypom Dr","Louisville","KY","40220"
66212,"4715 Cofer Ave","Louisville","KY","40258"
66213,"9108 Docks Ln","Louisville","KY","40272"
66214,"10312 Greenfield Park Rd","Louisville","KY","40258"
66215,"189 Springwood Dr","Louisville","KY","40229"
66216,"2230 Lower Hunters Trce","Louisville","KY","40216"
66217,"12804 Willow Tree Ln","Louisville","KY","40299"
66218,"3022 Joan Ave","Louisville","KY","40205"
66219,"2120 Speed Ave","Louisville","KY","40205"
66220,"3912 Glen Oak Dr","Louisville","KY","40218"
66221,"4300 Estate Dr","Louisville","KY","40216"
66222,"5703 Undine Dr","Louisville","KY","40216"
66223,"3519 Grand Ave","Louisville","KY","40211"
66224,"6606 Calm River Way","Louisville","KY","40299"
66225,"3914 Springhill Rd","Louisville","KY","40207"
66226,"1618 Lois Morris Dr","Louisville","KY","40211"
66227,"7817 Texlyn Ct","Louisville","KY","40258"
66228,"4911 N Forest Park Dr","Louisville","KY","40219"
66229,"1102 Fruitful Ct","Louisville","KY","40214"
66230,"7705 Vaughn Mill Rd","Louisville","KY","40228"
66231,"212 Prestwick Pl","Louisville","KY","40243"
66232,"1621 Lyman Johnson Dr","Louisville","KY","40211"
66233,"1324 Rufer Ave","Louisville","KY","40204"
66234,"7801 Alyssum Dr","Louisville","KY","40258"
66235,"7213 Wood Rock Rd","Louisville","KY","40291"
66236,"13309 Forge Cir","Louisville","KY","40272"
66237,"6303 Apex Dr","Louisville","KY","40219"
66238,"1521 Hawkshead Ln","Louisville","KY","40220"
66239,"8901 Maplecreek Dr","Louisville","KY","40219"
66240,"2506 Blevins Gap Rd","Louisville","KY","40272"
66241,"888 Clarks Ln","Louisville","KY","40217"
66242,"677 S 41st St","Louisville","KY","40211"
66243,"1732 Gregg Ave","Louisville","KY","40210"
66244,"1825 W Ormsby Ave","Louisville","KY","40210"
66245,"2907 Cleveland Blvd","Louisville","KY","40206"
66246,"1608 Ormsby Ln","Louisville","KY","40222"
66247,"9304 Villa Fair Ct","Louisville","KY","40291"
66248,"8600 Raintree Dr","Louisville","KY","40220"
66249,"5914 Grandel Meadow Ct","Louisville","KY","40258"
66250,"216 S 43rd St","Louisville","KY","40212"
66251,"8711 Longborough Way","Louisville","KY","40299"
66252,"3614 Marlin Dr","Louisville","KY","40299"
66253,"3111 Northland Dr","Louisville","KY","40216"
66254,"1055 Runell Rd","Louisville","KY","40214"
66255,"146 Fenley Ave","Louisville","KY","40206"
66256,"7502 Kendrick Crossing Ln","Louisville","KY","40291"
66257,"4311 Leaf Dr","Louisville","KY","40216"
66258,"1817 W Burnett Ave","Louisville","KY","40210"
66259,"6821 Wynde Manor Dr","Louisville","KY","40228"
66260,"121 Blue Fields Rd","Louisville","KY","40223"
66261,"4924 Cedar Brook Ct","Louisville","KY","40219"
66262,"5303 Oldshire Rd","Louisville","KY","40229"
66263,"3500 Allison Way","Louisville","KY","40220"
66264,"9718 Titan Dr","Louisville","KY","40229"
66265,"12009 Bay Run Dr","Louisville","KY","40245"
66266,"1615 Haskin Ave","Louisville","KY","40215"
66267,"6514 Brightstone Pl","Louisville","KY","40228"
66268,"4001 Landherr Dr","Louisville","KY","40299"
66269,"7809 Poinsettia Dr","Louisville","KY","40258"
66270,"10522 Clayton Allen Blvd","Louisville","KY","40229"
66271,"4113 Blossomwood Dr","Louisville","KY","40220"
66272,"4315 Juniper Forest Pl","Louisville","KY","40245"
66273,"7926 Nature Way","Louisville","KY","40218"
66274,"9120 Thompson Ln","Louisville","KY","40258"
66275,"7600 Texlyn Ct","Louisville","KY","40258"
66276,"8000 Hunter Green Way","Louisville","KY","40291"
66277,"4702 Chauncey Lee Ln","Louisville","KY","40241"
66278,"4039 Parthenia Ave","Louisville","KY","40215"
66279,"8209 Joyce Dr","Louisville","KY","40219"
66280,"6022 Lewis Way","Louisville","KY","40272"
66281,"708 Berwyn Dr","Louisville","KY","40223"
66282,"8480 Sally Dr","Louisville","KY","40258"
66283,"7064 Wildwood Cir","Apt 135","Louisville",
66284,"13611 Meadow Vista Ct","Louisville","KY","40299"
66285,"13131 Willow Forest Dr","Louisville","KY","40245"
66286,"8521 Smithton Rd","Louisville","KY","40219"
66287,"1317 Bellwood Ave","Louisville","KY","40204"
66288,"527 Brentwood Ave","Louisville","KY","40215"
66289,"6600 Queens Falls Ct","Louisville","KY","40229"
66290,"2501 Dora Dr","Louisville","KY","40214"
66291,"14813 Hedgewick Way","Louisville","KY","40245"
66292,"7204 Glen Arbor Rd","Louisville","KY","40222"
66293,"9300 Collingwood Rd","Louisville","KY","40299"
66294,"2505 Brownsboro Rd","Apt A3","Louisville",
66295,"208 Declaration Dr","Louisville","KY","40214"
66296,"4111 Bank St","Louisville","KY","40212"
66297,"2 Mockingbird Pl","Louisville","KY","40207"
66298,"6303 Labor Ln","Louisville","KY","40291"
66299,"9810 Stanalouise Dr","Louisville","KY","40291"
66300,"1415 Taylor Ave","Louisville","KY","40213"
66301,"1611 Lyman Johnson Dr","Louisville","KY","40211"
66302,"4009 Landherr Dr","Louisville","KY","40299"
66303,"1733 Larkmoor Ln","Louisville","KY","40218"
66304,"344 Crestwood Ln","Louisville","KY","40229"
66305,"11710 Oak Bay Dr","Louisville","KY","40245"
66306,"4500 Mosaic Ct","Louisville","KY","40299"
66307,"8015 Cedar Glen Ln","Louisville","KY","40291"
66308,"3510 Ripple Creek Dr","Louisville","KY","40229"
66309,"4311 Gaudet Rd","Louisville","KY","40299"
66310,"9719 Caven Ave","Louisville","KY","40229"
66311,"5512 Mcdeane Rd","Louisville","KY","40216"
66312,"4546 Greymont Dr","Louisville","KY","40229"
66313,"1615 Forest Hill Dr","Louisville","KY","40205"
66314,"3701 Glengyle Ave","Louisville","KY","40218"
66315,"3334 Radiance Rd","Louisville","KY","40220"
66316,"9900 Mary Dell Ln","Louisville","KY","40291"
66317,"1056 Seelbach Ave","Louisville","KY","40215"
66318,"6402 Farmstead Ct","Louisville","KY","40291"
66319,"1230 Garvin Pl","Louisville","KY","40203"
66320,"10708 Water Oaks Ct","Louisville","KY","40241"
66321,"6506 Burlwood Dr","Louisville","KY","40229"
66322,"3203 Allison Way","Louisville","KY","40220"
66323,"9707 Nordic Dr","Louisville","KY","40272"
66324,"608 Barret Ave","Louisville","KY","40204"
66325,"11913 Tazwell Dr","Apt 4","Louisville",
66326,"4017 Parthenia Ave","Louisville","KY","40215"
66327,"10309 Vantage Rd","Louisville","KY","40299"
66328,"736 Wicklow Rd","Louisville","KY","40207"
66329,"1324 Morgan Ave","Louisville","KY","40213"
66330,"3414 Pinnacle Gardens Dr","Louisville","KY","40245"
66331,"3403 Lenoir Ave","Louisville","KY","40216"
66332,"3805 Sedalia Trl","Louisville","KY","40272"
66333,"11612 Running Creek Rd","Louisville","KY","40243"
66334,"4917 Celeste Dr","Louisville","KY","40228"
66335,"4799 Westside Dr","Louisville","KY","40219"
66336,"130 Dorsey Station Rd","Louisville","KY","40223"
66337,"3724 Fairway Ln","Louisville","KY","40207"
66338,"1718 Odaniel Ave","Apt 13","Louisville",
66339,"5906 Saddle Blanket Dr","Louisville","KY","40219"
66340,"2223 St Xavier St","Louisville","KY","40212"
66341,"2709 Stephan Rd","Louisville","KY","40214"
66342,"4406 Oboe Dr","Louisville","KY","40216"
66343,"12301 E Orell Rd","Louisville","KY","40272"
66344,"6810 Astral Dr","Louisville","KY","40258"
66345,"1203 Winterbranch Way","Louisville","KY","40245"
66346,"6608 El Toro Ct","Louisville","KY","40291"
66347,"3100 Beargrass Run Ct","Unit 112","Louisville",
66348,"807 Dresden Ave","Louisville","KY","40215"
66349,"1105 Dresden Ave","Louisville","KY","40215"
66350,"415 Wood Rd","Louisville","KY","40222"
66351,"9607 Titan Dr","Louisville","KY","40229"
66352,"1215 Payne St","Louisville","KY","40204"
66353,"8004 Annella Way","Louisville","KY","40219"
66354,"3705 Chamberlain Ct","Louisville","KY","40241"
66355,"5314 Velle Vista Dr","Louisville","KY","40272"
66356,"8003 Magnolia Ridge Ct","Unit 104","Louisville",
66357,"2806 Woodmont Dr","Louisville","KY","40220"
66358,"4122 Hazelwood Ave","Louisville","KY","40215"
66359,"3540 Dayton Ave","Louisville","KY","40207"
66360,"1577 Parsons Pl","Apt 5","Louisville",
66361,"1605 Ormsby Ln","Louisville","KY","40222"
66362,"2007 Auburn Dr","Louisville","KY","40216"
66363,"3111 Portland Ave","Louisville","KY","40212"
66364,"4221 Lilac Vista Dr","Louisville","KY","40241"
66365,"1012 High School Dr","Louisville","KY","40219"
66366,"3706 Timber Hollow Dr","Louisville","KY","40219"
66367,"10713 Leelah Ct","Louisville","KY","40272"
66368,"1103 Willow Park Cir","Louisville","KY","40299"
66369,"4209 Cottagehill Rd","Louisville","KY","40299"
66370,"4108 Northland Ct","Louisville","KY","40216"
66371,"13303 Shady Creek Cir","Louisville","KY","40299"
66372,"1716 Tyler Pkwy","Louisville","KY","40204"
66373,"10512 Yager Ct","Louisville","KY","40241"
66374,"5300 Carolina Crossings Way","Unit 206","Louisville",
66375,"8802 Wisdom Ln","Louisville","KY","40229"
66376,"3021 Petty Jay Rd","Louisville","KY","40220"
66377,"1138 Eastern Pkwy","Louisville","KY","40217"
66378,"8504 Atrium Dr","Apt 912","Louisville",
66379,"4308 Winter Park Dr","Louisville","KY","40218"
66380,"2442 Concord Dr","Louisville","KY","40217"
66381,"1299 Summitt Dr","Louisville","KY","40229"
66382,"12472 Spring Trace Ct","Louisville","KY","40229"
66383,"1531 Bicknell Ave","Louisville","KY","40215"
66384,"1465 Dixie Hwy","Louisville","KY","40210"
66385,"1513 Rufer Ave","Louisville","KY","40204"
66386,"3030 Breckenridge Ln","Apt 504","Louisville",
66387,"5016 Fay Ave","Louisville","KY","40214"
66388,"3233 Lencott Dr","Louisville","KY","40216"
66389,"14808 Landis Lakes Dr","Louisville","KY","40245"
66390,"1218 Fern St","Louisville","KY","40204"
66391,"3513 Whippoorwill Rd","Louisville","KY","40213"
66392,"1017 Anchorage Woods Cir","Louisville","KY","40223"
66393,"6002 Shean Ct","Louisville","KY","40291"
66394,"6510 Cady Dr","Louisville","KY","40258"
66395,"7813 Barbour Manor Dr","Louisville","KY","40241"
66396,"6911 Casey Pl","Louisville","KY","40229"
66397,"5501 Riata Dr","Louisville","KY","40218"
66398,"3812 Gaywood Dr","Louisville","KY","40272"
66399,"1503 Herr Ln","Louisville","KY","40222"
66400,"1109 Willow Park Cir","Louisville","KY","40299"
66401,"4908 Nottinghamshire Dr","Louisville","KY","40299"
66402,"3447 Park Row Dr","Louisville","KY","40216"
66403,"1504 Lincoln Ave","Louisville","KY","40213"
66404,"6817 Brighton Springs Ln","Louisville","KY","40291"
66405,"10403 Bayport Rd","Louisville","KY","40299"
66406,"10945 Symington Cir","Louisville","KY","40241"
66407,"13602 Dickens Ct","Louisville","KY","40299"
66408,"2516 Griffiths Ave","Louisville","KY","40212"
66409,"4815 Cedar Forest Pl","Louisville","KY","40245"
66410,"10006 Nanka Rd","Louisville","KY","40272"
66411,"11201 Garden Trace Dr","Louisville","KY","40229"
66412,"4065 S 5th St","Louisville","KY","40214"
66413,"8204 Jenny Lind Dr","Louisville","KY","40219"
66414,"5016 Roy William Pl","Louisville","KY","40228"
66415,"3502 Broadwell Pl","Louisville","KY","40245"
66416,"3617 Stanton Blvd","Louisville","KY","40220"
66417,"10218 Pine Glen Cir","Louisville","KY","40291"
66418,"4917 Ferrer Way","Louisville","KY","40291"
66419,"1121 Sylvia St","Louisville","KY","40217"
66420,"6500 Larch Ct","Louisville","KY","40229"
66421,"9513 Arrowridge Dr","Louisville","KY","40229"
66422,"3610 Rock Bay Dr","Louisville","KY","40245"
66423,"9921 White Blossom Blvd","Louisville","KY","40241"
66424,"4215 Stonemeadow Ct","Louisville","KY","40218"
66425,"9001 Blossom Ln","Louisville","KY","40242"
66426,"3413 Bonaventure Blvd","Louisville","KY","40219"
66427,"1628 S 25th St","Louisville","KY","40210"
66428,"1100 Oleanda Ave","Louisville","KY","40215"
66429,"640 Davies Ave","Louisville","KY","40208"
66430,"5804 Granwood Pl","Louisville","KY","40258"
66431,"608 Sunnygate Pl","Louisville","KY","40223"
66432,"8806 Terry Rd","Louisville","KY","40258"
66433,"3709 Vanguard Dr","Louisville","KY","40229"
66434,"955 Barret Ave","Louisville","KY","40204"
66435,"2504 Krause Dr","Louisville","KY","40216"
66436,"2801 Tucker Station Rd","Louisville","KY","40299"
66437,"2011 Nelson Ave","Louisville","KY","40216"
66438,"5303 Alyssum Ct","Louisville","KY","40258"
66439,"8902 Blue Lick Rd","Louisville","KY","40219"
66440,"2616 Alps Rd","Louisville","KY","40216"
66441,"300 Kenny Blvd","Louisville","KY","40214"
66442,"3044 Wentworth Ave","Louisville","KY","40206"
66443,"4628 Shenandoah Dr","Louisville","KY","40241"
66444,"10763 Colonial Woods Ct","Louisville","KY","40223"
66445,"1507 Delmar Ct","Louisville","KY","40216"
66446,"5313 Guest Ave","Louisville","KY","40213"
66447,"1709 Westmoorland Way","Louisville","KY","40242"
66448,"7934 Nature Way","Louisville","KY","40218"
66449,"4505 Fox Run Rd","Louisville","KY","40207"
66450,"415 Timberlake Trl","Louisville","KY","40245"
66451,"907 Ahland Rd","Louisville","KY","40207"
66452,"4617 Stony Brook Dr","Louisville","KY","40299"
66453,"1717 Kensington Place Ln","Louisville","KY","40205"
66454,"10763 Colonial Woods Way","Louisville","KY","40223"
66455,"3217 Cawein Way","Louisville","KY","40220"
66456,"2723 Rockford Ln","Louisville","KY","40216"
66457,"1706 Sweetbriar Ln","Louisville","KY","40207"
66458,"1318 Morton Ave","Louisville","KY","40204"
66459,"512 Cloverlea Rd","Louisville","KY","40206"
66460,"3212 La Follette Ct","Louisville","KY","40299"
66461,"4630 Lunenburg Dr","Louisville","KY","40245"
66462,"11124 Perwinkle Ln","Louisville","KY","40291"
66463,"6512 Keeling Place Rd","Louisville","KY","40291"
66464,"6515 Keeling Place Rd","Louisville","KY","40291"
66465,"45 Narwood Dr","Louisville","KY","40299"
66466,"8210 Denise Dr","Louisville","KY","40219"
66467,"11012 Perwinkle Ln","Louisville","KY","40291"
66468,"10310 Hartley Dr","Louisville","KY","40223"
66469,"1849 Kendall Ln","Louisville","KY","40216"
66470,"3215 Grand Ave","Louisville","KY","40211"
66471,"1327 Villa Park Dr","Louisville","KY","40219"
66472,"953 Baxter Ave","Unit 106","Louisville",
66473,"414 Browns Ln","Louisville","KY","40207"
66474,"707 Denmark St","Louisville","KY","40215"
66475,"2812 Deshler Dr","Louisville","KY","40213"
66476,"4804 Libby Ln","Louisville","KY","40272"
66477,"10704 Briar Turn Dr","Louisville","KY","40291"
66478,"7714 Chet Ln","Louisville","KY","40214"
66479,"10205 Springside Pl","Louisville","KY","40223"
66480,"323 Alger Ave","Louisville","KY","40214"
66481,"8610 Jan Way","Louisville","KY","40219"
66482,"2845 Eleanor Ave","Louisville","KY","40205"
66483,"606 Maryhill Ln","Louisville","KY","40207"
66484,"6112 Moorhaven Dr","Louisville","KY","40219"
66485,"6207 Rocky Mountain Dr","Louisville","KY","40228"
66486,"307 Mill Stream Pl","Louisville","KY","40222"
66487,"730 Braeview Rd","Louisville","KY","40206"
66488,"2206 De Mel Ave","Louisville","KY","40214"
66489,"504 Pennyroyal Way","Louisville","KY","40223"
66490,"4248 Regina Ln","Louisville","KY","40213"
66491,"6113 Scottwood Dr","Louisville","KY","40258"
66492,"3214 Stegner Ave","Louisville","KY","40216"
66493,"622 Dresden Ave","Louisville","KY","40215"
66494,"9509 Gateway Dr","Louisville","KY","40299"
66495,"4024 Vermont Ave","Louisville","KY","40211"
66496,"712 Compton St","Louisville","KY","40208"
66497,"125 E Southern Heights Ave","Louisville","KY","40214"
66498,"2807 W Muhammad Ali Blvd","Louisville","KY","40212"
66499,"5407 Indian Woods Dr","Louisville","KY","40207"
66500,"2104 Eastbridge Ct","Louisville","KY","40223"
66501,"1132 Samuel St","Louisville","KY","40204"
66502,"3509 Wexford Dr","Louisville","KY","40218"
66503,"8801 Ferndale Rd","Louisville","KY","40291"
66504,"9213 Taylorsville Rd","Louisville","KY","40299"
66505,"5405 Rolling Ridge Rd","Louisville","KY","40214"
66506,"11303 Roden Ct","Louisville","KY","40241"
66507,"4706 Aledo Ct","Louisville","KY","40229"
66508,"4507 Fallen Apple Ln","Louisville","KY","40218"
66509,"1108 Marquis Trce","Louisville","KY","40223"
66510,"1823 W Ormsby Ave","Louisville","KY","40210"
66511,"4535 Meridale Ave","Louisville","KY","40214"
66512,"8413 Ambrosse Ln","Unit 208","Louisville",
66513,"2001 Dogoon Dr","Louisville","KY","40223"
66514,"1231 W Woodlawn Ave","Louisville","KY","40215"
66515,"1372 Trinity Park Dr","Louisville","KY","40213"
66516,"6516 Spencerwood Ct","Louisville","KY","40229"
66517,"4610 Chenoweth Run Rd","Louisville","KY","40299"
66518,"9906 River Trail Dr","Louisville","KY","40229"
66519,"1327 Vim Dr","Louisville","KY","40213"
66520,"4012 Meadow Crest Ct","Louisville","KY","40245"
66521,"1206 Belmont Park Way","Louisville","KY","40243"
66522,"4324 Juniper Forest Pl","Louisville","KY","40245"
66523,"1105 Woodcroft Ct","Louisville","KY","40223"
66524,"678 S 38th St","Louisville","KY","40211"
66525,"6214 Serenity Ct","Louisville","KY","40219"
66526,"406 Trinity Hills Ln","Louisville","KY","40207"
66527,"909 Donard Park Ave","Louisville","KY","40218"
66528,"129 N 40th St","Louisville","KY","40212"
66529,"1209 Lincoln Ave","Louisville","KY","40208"
66530,"1026 Eigelbach Ave","Louisville","KY","40217"
66531,"13912 Fancy Gap Dr","Louisville","KY","40299"
66532,"10709 Hobbs Station Rd","Louisville","KY","40223"
66533,"6005 Count Turf Dr","Louisville","KY","40272"
66534,"6602 Hidden Hollow Ct","Louisville","KY","40229"
66535,"1617 Lois Morris Dr","Louisville","KY","40211"
66536,"1613 Lois Morris Dr","Louisville","KY","40211"
66537,"5701 Larkgrove Dr","Louisville","KY","40229"
66538,"3545 Hurstbourne Ridge Blvd","Louisville","KY","40299"
66539,"2506 Sharon Cir","Louisville","KY","40218"
66540,"7823 Edsel Ln","Louisville","KY","40291"
66541,"13405 Hinchbrook Blvd","Louisville","KY","40272"
66542,"13505 Forest Bend Cir","Louisville","KY","40245"
66543,"9703 Keeling Place Ct","Louisville","KY","40291"
66544,"14401 Oxford Station Ln","Louisville","KY","40299"
66545,"8605 Shelbyville Rd","Apt 215","Louisville",
66546,"14803 Fox Bend Ct","Louisville","KY","40245"
66547,"413 E Southside Ct","Louisville","KY","40214"
66548,"11809 Olde Spring Rd","Louisville","KY","40245"
66549,"4113 Wooded Way","Louisville","KY","40219"
66550,"716 E Coke Aly","Louisville","KY","40203"
66551,"718 E Coke Aly","Louisville","KY","40203"
66552,"3230 Grant Ave","Louisville","KY","40214"
66553,"1406 Falcon Dr","Louisville","KY","40213"
66554,"1020 Milton St","Louisville","KY","40217"
66555,"3301 Broeck Pointe Ct","Louisville","KY","40241"
66556,"5935 Brandon Dunes Dr","Louisville","KY","40228"
66557,"4115 Hurstbourne Woods Dr","Louisville","KY","40299"
66558,"914 W Evelyn Ave","Louisville","KY","40215"
66559,"5219 Moccasin Trl","Louisville","KY","40207"
66560,"1915 Strathmoor Blvd","Louisville","KY","40205"
66561,"9517 Arrowridge Dr","Louisville","KY","40229"
66562,"730 S 39th St","Louisville","KY","40211"
66563,"634 E Oak St","Louisville","KY","40203"
66564,"7906 Conifer Dr","Louisville","KY","40258"
66565,"4238 Brownsboro Glen Rd","Louisville","KY","40241"
66566,"125 Promenade Ct","Louisville","KY","40223"
66567,"1811 Dubourg Ave","Louisville","KY","40216"
66568,"7932 Candleglow Ln","Louisville","KY","40214"
66569,"4801 Lunenburg Dr","Louisville","KY","40245"
66570,"16621 Taunton Vale Rd","Louisville","KY","40245"
66571,"1273 Lipps Ln","Louisville","KY","40219"
66572,"323 Lanai Ct","Louisville","KY","40245"
66573,"112 Wickfield Dr","Louisville","KY","40245"
66574,"10514 Moonlight Way","Louisville","KY","40272"
66575,"6528 Cottagemeadow Dr","Louisville","KY","40218"
66576,"3811 Crestridge Dr","Louisville","KY","40272"
66577,"9705 Forestwood Dr","Louisville","KY","40299"
66578,"1111 Red Fox Rd","Louisville","KY","40205"
66579,"11629 Reality Trl","Louisville","KY","40229"
66580,"4016 Retreat Rd","Louisville","KY","40219"
66581,"8905 Harmony Place Ct","Louisville","KY","40242"
66582,"7221 Meadow Ridge Dr","Louisville","KY","40218"
66583,"2721 Field Ave","Louisville","KY","40206"
66584,"905 Forest Park Rd","Louisville","KY","40223"
66585,"3503 Eastside Dr","Louisville","KY","40220"
66586,"4213 W Market St","Louisville","KY","40212"
66587,"13305 Forge Cir","Louisville","KY","40272"
66588,"10212 El Coco Ct","Louisville","KY","40291"
66589,"3411 Audubon Ridge Ct","Louisville","KY","40213"
66590,"830 1/2 Fountain Ave","Louisville","KY","40222"
66591,"1008 Ambridge Dr","Louisville","KY","40207"
66592,"10524 Saint Rene Rd","Louisville","KY","40299"
66593,"4705 Lowe Rd","Louisville","KY","40220"
66594,"2724 Riedling Dr","Louisville","KY","40206"
66595,"9412 Amber Ridge Ct","Louisville","KY","40272"
66596,"7904 Grandmeadow Ln","Louisville","KY","40258"
66597,"1222 S Brook St","Louisville","KY","40203"
66598,"8515 Glaser Ln","Louisville","KY","40291"
66599,"305 Willowbrook Rd","Louisville","KY","40243"
66600,"6710 Memory Ln","Louisville","KY","40258"
66601,"4710 Church Rd","Louisville","KY","40272"
66602,"6302 Windygo Ct","Louisville","KY","40207"
66603,"14803 Woodmont Park Pl","Louisville","KY","40245"
66604,"4014 Breckenridge Ln","Louisville","KY","40218"
66605,"12302 Meadow Ln","Louisville","KY","40243"
66606,"503 Westwood Dr","Louisville","KY","40243"
66607,"2910 Northwestern Pkwy","Louisville","KY","40212"
66608,"7705 Sunbury Ln","Louisville","KY","40220"
66609,"1792 W Hill St","Louisville","KY","40210"
66610,"3640 Warner Ave","Louisville","KY","40207"
66611,"4915 S 4th St","Louisville","KY","40214"
66612,"6004 Middleground Dr","Louisville","KY","40272"
66613,"10212 Arbor Oak Dr","Louisville","KY","40229"
66614,"8011 Poinsettia Dr","Louisville","KY","40258"
66615,"1614 Earl Ave","Louisville","KY","40215"
66616,"1505 Glenrock Rd","Louisville","KY","40216"
66617,"4512 Marse Pl","Louisville","KY","40299"
66618,"8413 Damascus Rd","Louisville","KY","40228"
66619,"4812 Hummingbird Cir","Louisville","KY","40213"
66620,"7504 Maurer Ln","Louisville","KY","40258"
66621,"10803 Waycross Ave","Louisville","KY","40229"
66622,"15102 Meadow Farms Ct","Louisville","KY","40245"
66623,"10322 Whipps Mill Rd","Louisville","KY","40223"
66624,"3453 Powell Ave","Louisville","KY","40215"
66625,"15109 Meadow Farms Ct","Louisville","KY","40245"
66626,"9302 Artis Way","Louisville","KY","40291"
66627,"621 Floral Ter","Louisville","KY","40208"
66628,"17326 Curry Branch Rd","Louisville","KY","40245"
66629,"4721 Van Hoose Rd","Louisville","KY","40216"
66630,"17117 Mallet Hill Dr","Louisville","KY","40245"
66631,"7505 Meaganwood Pl","Louisville","KY","40214"
66632,"10307 Chimney Ridge Ct","Louisville","KY","40299"
66633,"2006 Eastview Ave","Louisville","KY","40205"
66634,"3921 Woodmont Park Ln","Louisville","KY","40245"
66635,"5512 Valley Park Dr","Louisville","KY","40299"
66636,"3700 Ethelwood Dr","Louisville","KY","40299"
66637,"1701 Meadowgate Ln","Louisville","KY","40223"
66638,"1446 Beech St","Louisville","KY","40211"
66639,"15608 Beckley Hills Dr","Louisville","KY","40245"
66640,"3216 Garland Ave","Louisville","KY","40211"
66641,"5806 Toebbe Ln","Louisville","KY","40229"
66642,"5116 Bardstown Rd","Louisville","KY","40291"
66643,"3311 Quinton Dr","Louisville","KY","40216"
66644,"5607 Archtree Pl","Louisville","KY","40229"
66645,"7105 Black Walnut Cir","Louisville","KY","40229"
66646,"10809 Bardstown Woods Blvd","Louisville","KY","40291"
66647,"11406 United Blvd","Louisville","KY","40229"
66648,"2338 Embassy Ln","Louisville","KY","40216"
66649,"3117 S Crums Ln","Louisville","KY","40216"
66650,"1723 Baird St","Louisville","KY","40203"
66651,"3303 Mount Shasta Way","Louisville","KY","40241"
66652,"12800 Razor Creek Ct","Louisville","KY","40299"
66653,"9912 Shirewick Way","Louisville","KY","40272"
66654,"4702 Huckleberry Ct","Louisville","KY","40216"
66655,"9101 Linn Station Rd","Louisville","KY","40222"
66656,"4703 Hollis Ln","Louisville","KY","40241"
66657,"336 S Skyline Dr","Louisville","KY","40229"
66658,"2307 Dixdale Ave","Louisville","KY","40210"
66659,"2303 Dixdale Ave","Louisville","KY","40210"
66660,"117 N 38th St","Louisville","KY","40212"
66661,"3408 Pemaquid Rd","Louisville","KY","40218"
66662,"808 S 40th St","Louisville","KY","40211"
66663,"6716 Poplar Forest Ln","Louisville","KY","40291"
66664,"11400 Saratoga Ridge Dr","Louisville","KY","40299"
66665,"211 Kim Ct","Louisville","KY","40214"
66666,"1126 Hennepin Dr","Louisville","KY","40214"
66667,"3747 Rouge Way","Louisville","KY","40218"
66668,"221 Mackie Ln","Louisville","KY","40214"
66669,"10215 Brownhurst Ct","Louisville","KY","40241"
66670,"1516 Sable Wing Cir","Louisville","KY","40223"
66671,"4804 Valley Station Rd","Louisville","KY","40272"
66672,"5613 Barksdale Dr","Louisville","KY","40258"
66673,"614 Wickfield Dr","Louisville","KY","40245"
66674,"6003 Croxie Ct","Louisville","KY","40258"
66675,"440 Country Ln","Louisville","KY","40207"
66676,"5615 Mcdeane Rd","Louisville","KY","40216"
66677,"3534 Saint Germaine Ct","Louisville","KY","40207"
66678,"3534 St Germaine Ct","Louisville","KY","40207"
66679,"5915 Alanadale Dr","Louisville","KY","40272"
66680,"8822 Wisdom Ln","Louisville","KY","40229"
66681,"11024 Neptune Pl","Louisville","KY","40272"
66682,"7500 Deer View Ct","Louisville","KY","40241"
66683,"600 Selkirk Ln","Louisville","KY","40243"
66684,"3124 Radiance Rd","Louisville","KY","40220"
66685,"2602 Wendell Ave","Louisville","KY","40205"
66686,"1505 Bluegrass Ave","Louisville","KY","40215"
66687,"9606 Firwood Ct","Louisville","KY","40291"
66688,"2824 Six Mile Ln","Louisville","KY","40220"
66689,"3033 Meade Ave","Louisville","KY","40217"
66690,"3111 Grand Ave","Louisville","KY","40211"
66691,"3816 Saint Germaine Ct","Louisville","KY","40207"
66692,"1027 Berry Blvd","Louisville","KY","40215"
66693,"3815 Chatham Rd","Louisville","KY","40218"
66694,"8510 Michael Edward Dr","Louisville","KY","40291"
66695,"6925 Sandstone Blvd","Louisville","KY","40219"
66696,"10609 Irvin Pines Dr","Louisville","KY","40229"
66697,"9806 Hillary Ct","Louisville","KY","40291"
66698,"4214 Southern Farm Blvd","Louisville","KY","40216"
66699,"8803 Zabel Way","Louisville","KY","40291"
66700,"2407 Brownsboro Rd","Louisville","KY","40206"
66701,"221 N Clifton Ave","Apt 12","Louisville",
66702,"168 N Keats Ave","Louisville","KY","40206"
66703,"163 N Keats Ave","Louisville","KY","40206"
66704,"159 N Keats Ave","Louisville","KY","40206"
66705,"189 Vernon Ave","Louisville","KY","40206"
66706,"601 Riverwood Dr","Louisville","KY","40207"
66707,"760 Greenridge Ln","Louisville","KY","40207"
66708,"5006 Marjorie Dr","Louisville","KY","40229"
66709,"5007 Glen Rose Rd","Louisville","KY","40229"
66710,"4109 Blevins Gap Rd","Louisville","KY","40272"
66711,"4313 Blevins Gap Rd","Louisville","KY","40272"
66712,"4303 Blevins Gap Rd","Louisville","KY","40272"
66713,"4203 Blevins Gap Rd","Louisville","KY","40272"
66714,"6907 Arbor Creek Dr","Louisville","KY","40228"
66715,"1722 Nobel Pl","Louisville","KY","40216"
66716,"1821 Nobel Pl","Louisville","KY","40216"
66717,"3701 Dixie Hwy","Louisville","KY","40216"
66718,"2642 Landor Ave","Unit 4F","Louisville",
66719,"2615 Kings Hwy","Louisville","KY","40205"
66720,"2648 Kings Hwy","Louisville","KY","40205"
66721,"2641 Kings Hwy","Louisville","KY","40205"
66722,"2601 Kings Hwy","Louisville","KY","40205"
66723,"2409 Tyler Ln","Louisville","KY","40205"
66724,"2604 Taylorsville Rd","Louisville","KY","40205"
66725,"2662 Kings Hwy","Louisville","KY","40205"
66726,"2436 Tyler Ln","Louisville","KY","40205"
66727,"2609 Montrose Ave","Louisville","KY","40205"
66728,"2603 Kings Hwy","Louisville","KY","40205"
66729,"2611 Kings Hwy","Louisville","KY","40205"
66730,"9608 Walnutwood Way","Louisville","KY","40299"
66731,"9614 Walnutwood Way","Louisville","KY","40299"
66732,"9601 Willowwood Way","Louisville","KY","40299"
66733,"3600 Lisa Ln","Louisville","KY","40299"
66734,"9509 Willowwood Way","Louisville","KY","40299"
66735,"9415 Willowwood Way","Louisville","KY","40299"
66736,"9704 Willowwood Way","Louisville","KY","40299"
66737,"9500 Garden Dr","Louisville","KY","40299"
66738,"3601 Cedarwood Way","Louisville","KY","40299"
66739,"9512 Willowwood Way","Louisville","KY","40299"
66740,"3708 Glenwillow Way","Louisville","KY","40299"
66741,"9605 Willowwood Way","Louisville","KY","40299"
66742,"9600 Willowwood Way","Louisville","KY","40299"
66743,"9409 Willowwood Way","Louisville","KY","40299"
66744,"3600 Willowwood Ct","Louisville","KY","40299"
66745,"3610 Lisa Ln","Louisville","KY","40299"
66746,"9610 Walnutwood Way","Louisville","KY","40299"
66747,"3619 Saint Edwards Dr","Louisville","KY","40299"
66748,"10007 Spruce Grove Dr","Louisville","KY","40299"
66749,"9602 Walnutwood Way","Louisville","KY","40299"
66750,"10015 Spruce Grove Dr","Louisville","KY","40299"
66751,"9512 Walnutwood Way","Louisville","KY","40299"
66752,"3622 Saint Edwards Dr","Louisville","KY","40299"
66753,"9411 Willowwood Way","Louisville","KY","40299"
66754,"9417 Willowwood Way","Louisville","KY","40299"
66755,"1914 Heaton Rd","Louisville","KY","40216"
66756,"1909 San Jose Ave","Apt 12","Louisville",
66757,"1914 Lynn Lea Rd","Louisville","KY","40216"
66758,"1862 Kendall Ln","Louisville","KY","40216"
66759,"1851 Heaton Rd","Louisville","KY","40216"
66760,"1900 Lynn Lea Rd","Louisville","KY","40216"
66761,"1849 Heaton Rd","Louisville","KY","40216"
66762,"1908 Heaton Rd","Louisville","KY","40216"
66763,"4409 Hillside Dr","Louisville","KY","40216"
66764,"1904 Lynn Lea Rd","Louisville","KY","40216"
66765,"5802 Dellrose Dr","Louisville","KY","40258"
66766,"5601 Sterling Dr","Louisville","KY","40216"
66767,"5607 Sterling Dr","Louisville","KY","40216"
66768,"2512 Lower Hunters Trce","Louisville","KY","40216"
66769,"2404 Mcgee Dr","Louisville","KY","40216"
66770,"5611 Arvis Dr","Louisville","KY","40216"
66771,"2500 Lower Hunters Trce","Louisville","KY","40216"
66772,"5506 Sterling Dr","Louisville","KY","40216"
66773,"5711 Arvis Dr","Louisville","KY","40258"
66774,"2504 Lower Hunters Trce","Louisville","KY","40216"
66775,"5505 Arvis Dr","Louisville","KY","40216"
66776,"6302 Sonnette Way","Louisville","KY","40258"
66777,"2615 Tregaron Ave","Louisville","KY","40299"
66778,"9901 Timberwood Cir","Louisville","KY","40223"
66779,"6014 Applegate Ln","Louisville","KY","40219"
66780,"3505 Stillbrook Pl","Louisville","KY","40245"
66781,"4925 Celeste Dr","Louisville","KY","40228"
66782,"2802 Smoke Rd","Louisville","KY","40220"
66783,"211 Sam Dr","Louisville","KY","40214"
66784,"6703 Astral Dr","Louisville","KY","40258"
66785,"3521 Capri Dr","Louisville","KY","40218"
66786,"2419 Merriwood Dr","Louisville","KY","40299"
66787,"4300 Malcolm Ave","Louisville","KY","40215"
66788,"14713 Oxford Hill Ct","Louisville","KY","40245"
66789,"9823 Turnpike View Dr","Louisville","KY","40229"
66790,"4307 Winter Park Dr","Louisville","KY","40218"
66791,"429 Wallace Ave","Louisville","KY","40207"
66792,"508 Penwood Rd","Louisville","KY","40206"
66793,"11013 Perwinkle Ln","Louisville","KY","40291"
66794,"5405 Cedarwood Dr","Louisville","KY","40272"
66795,"3918 Gilman Ave","Louisville","KY","40207"
66796,"2115 Osage Ave","Louisville","KY","40210"
66797,"6808 Shareith Dr","Louisville","KY","40228"
66798,"4618 Varble Ave","Louisville","KY","40211"
66799,"1711 Crop St","Louisville","KY","40203"
66800,"2924 Virginia Ave","Louisville","KY","40211"
66801,"4000 Hycliffe Ave","Louisville","KY","40207"
66802,"7611 Colson Dr","Louisville","KY","40220"
66803,"6219 Helenjean Way","Louisville","KY","40272"
66804,"9912 Lancewood Rd","Louisville","KY","40229"
66805,"9409 Minute Men Ct","Louisville","KY","40214"
66806,"12002 Running Creek Rd","Louisville","KY","40243"
66807,"10008 Falling Tree Way","Louisville","KY","40223"
66808,"7204 Rutledge Rd","Louisville","KY","40258"
66809,"6200 Serenity Ct","Louisville","KY","40219"
66810,"609 Dr W J Hodge St","Louisville","KY","40203"
66811,"3427 Rudd Ave","Louisville","KY","40212"
66812,"3005 Pioneer Rd","Louisville","KY","40216"
66813,"3501 Lennox View Ct","Unit 312","Louisville",
66814,"8400 Grand Trevi Dr","Louisville","KY","40228"
66815,"260 Chenoweth Ln","Apt 3","Louisville",
66816,"6111 Morning Glory Ln","Louisville","KY","40258"
66817,"2238 Talbott Ave","Louisville","KY","40205"
66818,"5306 Ilex Ave","Louisville","KY","40213"
66819,"651 Breckenridge Ln","Apt 207","Louisville",
66820,"1602 Marne Ct","Louisville","KY","40242"
66821,"1470 S 2nd St","Louisville","KY","40208"
66822,"3709 Freestone Ct","Louisville","KY","40218"
66823,"4736 Lynn Lea Rd","Louisville","KY","40216"
66824,"604 Malcolm Ave","Louisville","KY","40223"
66825,"1022 Lynnhurst Ave","Louisville","KY","40215"
66826,"3902 Cutler Rd","Louisville","KY","40219"
66827,"4314 Kinloch Rd","Louisville","KY","40207"
66828,"2602 Saddle Ct","Louisville","KY","40220"
66829,"6935 Norlynn Dr","Louisville","KY","40228"
66830,"9816 Lakewood Dr","Louisville","KY","40272"
66831,"624 S 37th St","Louisville","KY","40211"
66832,"7921 Nature Way","Louisville","KY","40218"
66833,"2632 Algonquin Pkwy","Louisville","KY","40210"
66834,"7811 Donegal Dr","Louisville","KY","40219"
66835,"5005 Long Knife Run","Louisville","KY","40207"
66836,"1725 Crop St","Louisville","KY","40203"
66837,"1827 Nobel Pl","Louisville","KY","40216"
66838,"1807 Knollwood Rd","Louisville","KY","40207"
66839,"1811 Westmoorland Way","Louisville","KY","40242"
66840,"3405 Garland Ave","Louisville","KY","40211"
66841,"10220 Arbor Oak Dr","Louisville","KY","40229"
66842,"6328 Maravian Dr","Louisville","KY","40258"
66843,"7712 Pear View Ln","Louisville","KY","40218"
66844,"2911 Wurtele Ave","Louisville","KY","40216"
66845,"4630 Martin Ave","Louisville","KY","40216"
66846,"11905 Stable Springs Dr","Louisville","KY","40299"
66847,"6710 Rockview Way","Louisville","KY","40299"
66848,"15628 Beckley Hills Dr","Louisville","KY","40245"
66849,"2215 Cottage Ln","Louisville","KY","40216"
66850,"5923 Brandon Dunes Dr","Louisville","KY","40228"
66851,"4217 Jackson Ave","Louisville","KY","40213"
66852,"205 Lees Ln N","Louisville","KY","40229"
66853,"7930 Nature Way","Louisville","KY","40218"
66854,"4508 Fallen Apple Ln","Louisville","KY","40218"
66855,"5328 Ilex Ave","Louisville","KY","40213"
66856,"1015 Milton St","Louisville","KY","40217"
66857,"2727 Rockford Ln","Louisville","KY","40216"
66858,"1015 Carlisle Ave","Louisville","KY","40215"
66859,"8402 Grand Trevi Dr","Louisville","KY","40228"
66860,"1606 Eskridge Ln","Louisville","KY","40216"
66861,"265 El Conquistador Pl","Louisville","KY","40220"
66862,"211 E Magnolia Ave","Louisville","KY","40208"
66863,"10216 Arbor Oak Dr","Louisville","KY","40229"
66864,"3318 Rainview Cir","Louisville","KY","40220"
66865,"3529 Capri Dr","Louisville","KY","40218"
66866,"1108 Tallow Ln","Louisville","KY","40214"
66867,"284 Ridgeway Ave","Louisville","KY","40207"
66868,"3215 Duvalle Dr","Louisville","KY","40211"
66869,"2525 George Rogers Clark Pl","Apt 205","Louisville",
66870,"1804 Arboro Pl","Louisville","KY","40220"
66871,"1919 Herbert Ln","Louisville","KY","40272"
66872,"8442 Grand Trevi Dr","Louisville","KY","40228"
66873,"4426 Rudy Ln","Louisville","KY","40207"
66874,"1626 Rosewood Ave","Louisville","KY","40204"
66875,"1036 Oakwood Ave","Louisville","KY","40215"
66876,"12410 Valley Park Ct","Louisville","KY","40299"
66877,"122 N 44th St","Louisville","KY","40212"
66878,"318 Longview Park Pl","Louisville","KY","40245"
66879,"1041 Garrow Ct","Louisville","KY","40219"
66880,"7234 Briscoe Vista Way","Louisville","KY","40228"
66881,"4204 Mimosa View Dr","Louisville","KY","40299"
66882,"10006 Merioneth Dr","Louisville","KY","40299"
66883,"2918 Windsor Forest Dr","Louisville","KY","40272"
66884,"2119 S 39th St","Louisville","KY","40211"
66885,"711 N 34th St","Louisville","KY","40212"
66886,"521 Zorn Ave","Apt H3","Louisville",
66887,"1622 Belmar Dr","Louisville","KY","40213"
66888,"4113 Pirate Ct","Louisville","KY","40229"
66889,"11101 Huntley Pl","Louisville","KY","40243"
66890,"850 N Pope Lick Rd","Louisville","KY","40243"
66891,"6603 Woodrow Way","Louisville","KY","40228"
66892,"8000 Saint Andrews Village Dr","Louisville","KY","40241"
66893,"5200 Sand Wood Ln","Louisville","KY","40272"
66894,"2241 Landan Dr","Louisville","KY","40218"
66895,"4708 Palma Rd","Louisville","KY","40272"
66896,"8406 Grand Trevi Dr","Louisville","KY","40228"
66897,"12914 Willow Forest Dr","Louisville","KY","40245"
66898,"8013 Village Gate Ct","Louisville","KY","40291"
66899,"2315 Pikes Peak Blvd","Louisville","KY","40214"
66900,"1228 Fern St","Louisville","KY","40204"
66901,"116 W Ormsby Ave","Louisville","KY","40203"
66902,"10215 Arbor Oak Dr","Louisville","KY","40229"
66903,"6631 Calm River Way","Louisville","KY","40299"
66904,"2207 Highland Springs Pl","Louisville","KY","40245"
66905,"5921 Brandon Dunes Dr","Louisville","KY","40228"
66906,"5909 Brandon Dunes Dr","Louisville","KY","40228"
66907,"4808 Cedar Forest Pl","Louisville","KY","40245"
66908,"3800 Glenwillow Way","Louisville","KY","40299"
66909,"306 N Steedland Dr","Louisville","KY","40229"
66910,"7508 Deer View Ct","Louisville","KY","40241"
66911,"411 Creason Ct","Unit 205","Louisville",
66912,"4913 Andalusia Ln","Louisville","KY","40272"
66913,"7806 Kenhurst Dr","Louisville","KY","40258"
66914,"4700 Oaklawn Ln","Louisville","KY","40219"
66915,"6001 Fox Creek Ct","Louisville","KY","40222"
66916,"330 S Peterson Ave","Louisville","KY","40206"
66917,"4008 Wilmoth Ave","Louisville","KY","40216"
66918,"4504 Razor Creek Way","Louisville","KY","40299"
66919,"3915 Gardenia Ct","Louisville","KY","40220"
66920,"4007 Whiteblossom Estates Ct","Louisville","KY","40241"
66921,"3511 Coventry Tee Ct","Louisville","KY","40241"
66922,"6409 Cottagemeadow Dr","Louisville","KY","40218"
66923,"13504 Springs Station Rd","Louisville","KY","40245"
66924,"4319 Juniper Forest Pl","Louisville","KY","40245"
66925,"5517 Bruns Dr","Louisville","KY","40216"
66926,"208 Buckland Trce","Louisville","KY","40245"
66927,"1211 Witawanga Ave","Louisville","KY","40222"
66928,"5304 Oldshire Rd","Louisville","KY","40229"
66929,"6309 Red Spruce Dr","Louisville","KY","40229"
66930,"128 Tanglewood Trl","Louisville","KY","40223"
66931,"1404 Rutland Club Ct","Louisville","KY","40245"
66932,"15624 Beckley Hills Dr","Louisville","KY","40245"
66933,"6430 Cottagemeadow Dr","Louisville","KY","40218"
66934,"12906 Wooded Forest Rd","Louisville","KY","40243"
66935,"905 Broadfields Dr","Louisville","KY","40207"
66936,"5905 Brandon Dunes Dr","Louisville","KY","40228"
66937,"1622 Cherry Way","Louisville","KY","40216"
66938,"9405 Janna Dr","Louisville","KY","40272"
66939,"1020 Winkler Ave","Louisville","KY","40208"
66940,"6010 Crossbeak Ct","Louisville","KY","40229"
66941,"712 Eastgate Village Pl","Louisville","KY","40223"
66942,"3407 Heatherfield Dr","Louisville","KY","40216"
66943,"6512 Firethorn Way","Louisville","KY","40229"
66944,"5511 Rustic Way","Louisville","KY","40218"
66945,"1420 Rutland Club Ct","Louisville","KY","40245"
66946,"4606 Mile Of Sunshine Dr","Louisville","KY","40219"
66947,"4815 Chenwood Ln","Louisville","KY","40299"
66948,"5900 Creighton Hill Rd","Apt 219","Louisville",
66949,"7314 Saint Andrews Woods Cir","Unit 103","Louisville",
66950,"2125 Palatka Rd","Louisville","KY","40214"
66951,"10920 Symington Cir","Louisville","KY","40241"
66952,"1345 S 4th St","Unit B","Louisville",
66953,"810 Ahland Rd","Louisville","KY","40207"
66954,"6311 Linstead Rd","Louisville","KY","40228"
66955,"3524 Hedgewick Pl","Louisville","KY","40245"
66956,"6808 John Paul Ln","Louisville","KY","40229"
66957,"952 S Hancock St","Louisville","KY","40203"
66958,"3111 Meadowlark Ave","Louisville","KY","40213"
66959,"2906 Swope Rd","Louisville","KY","40241"
66960,"8810 Mountain Brook Dr","Louisville","KY","40272"
66961,"6818 Brook Bend Way","Louisville","KY","40229"
66962,"919 E Washington St","Louisville","KY","40206"
66963,"120 N Jane St","Louisville","KY","40206"
66964,"734 Wicklow Rd","Louisville","KY","40207"
66965,"4903 Shadoheck Dr","Louisville","KY","40216"
66966,"1536 Cherokee Rd","Louisville","KY","40205"
66967,"7202 Ridge Creek Rd","Louisville","KY","40291"
66968,"4108 Glen Valley Rd","Louisville","KY","40219"
66969,"718 Inspiration Way","Louisville","KY","40245"
66970,"5002 Cronin Dr","Louisville","KY","40245"
66971,"6100 Mount Washington Rd","Louisville","KY","40229"
66972,"8210 Devonshire Dr","Louisville","KY","40258"
66973,"224 Hillside Ln","Louisville","KY","40229"
66974,"3203 Wayside Dr","Louisville","KY","40216"
66975,"1103 Bay Leaf Dr","Louisville","KY","40222"
66976,"681 S 41st St","Louisville","KY","40211"
66977,"5309 Carolina Crossings Way","Unit 102","Louisville",
66978,"432 Sprite Rd","Apt 9","Louisville",
66979,"1220 Westlynne Way","Louisville","KY","40222"
66980,"8810 Vision Pl","Louisville","KY","40229"
66981,"6406 Maravian Dr","Louisville","KY","40258"
66982,"7421 Spring Run Dr","Louisville","KY","40291"
66983,"1914 Hillcircle Rd","Louisville","KY","40214"
66984,"708 Marquette Dr","Louisville","KY","40222"
66985,"3607 Larkwood Ave","Louisville","KY","40212"
66986,"4719 Cavalier Dr","Louisville","KY","40216"
66987,"9008 Trentham Ln","Louisville","KY","40242"
66988,"4816 Greymoor Ct","Louisville","KY","40229"
66989,"3005 Pelham Ct","Louisville","KY","40299"
66990,"5152 Cane Run Rd","Louisville","KY","40216"
66991,"11710 Mahogany Dr","Louisville","KY","40272"
66992,"131 N Bayly Ave","Louisville","KY","40206"
66993,"7805 Stonydale Ln","Louisville","KY","40220"
66994,"11014 Symington Cir","Louisville","KY","40241"
66995,"5904 W Pages Ln","Louisville","KY","40258"
66996,"7402 King William Ct","Louisville","KY","40214"
66997,"916 Camden Ave","Louisville","KY","40215"
66998,"1141 Dove Rd","Louisville","KY","40213"
66999,"4000 Saint Ives Ct","Louisville","KY","40207"
67000,"4722 Ferrer Way","Louisville","KY","40299"
67001,"840 Louis Coleman Jr Dr","Louisville","KY","40211"
67002,"1207 Reutlinger Ave","Louisville","KY","40204"
67003,"4210 Norene Ln","Louisville","KY","40219"
67004,"1611 Lois Morris Dr","Louisville","KY","40211"
67005,"5602 Maryman Rd","Louisville","KY","40258"
67006,"5120 Frey Dr","Louisville","KY","40219"
67007,"7202 Briscoe Vista Way","Louisville","KY","40228"
67008,"14208 Markleham Way","Louisville","KY","40245"
67009,"5710 Emmalee Dr","Louisville","KY","40219"
67010,"5918 Saddle Blanket Dr","Louisville","KY","40219"
67011,"12004 Log Cabin Ln","Louisville","KY","40223"
67012,"2309 Alice Kay Dr","Louisville","KY","40214"
67013,"6116 Ashby Ln","Louisville","KY","40272"
67014,"7408 Highview Dr","Louisville","KY","40228"
67015,"4105 Waterford Cir","Louisville","KY","40207"
67016,"659 Curry Ct","Louisville","KY","40211"
67017,"6709 Stana Dr","Louisville","KY","40258"
67018,"1418 Woody Ave","Louisville","KY","40215"
67019,"5607 Chestnutwood Way","Louisville","KY","40272"
67020,"5613 Chestnutwood Way","Louisville","KY","40272"
67021,"6202 Serenity Ct","Louisville","KY","40219"
67022,"2811 Narragansett Dr","Louisville","KY","40210"
67023,"4106 Hillsboro Rd","Louisville","KY","40207"
67024,"637 S 36th St","Louisville","KY","40211"
67025,"1815 Rosewood Ave","Apt 8","Louisville",
67026,"1829 Osage Ave","Louisville","KY","40210"
67027,"2120 Date St","Louisville","KY","40210"
67028,"2411 Burwell Ave","Louisville","KY","40210"
67029,"2318 Ratcliffe Ave","Louisville","KY","40210"
67030,"2306 Oregon Ave","Louisville","KY","40210"
67031,"2521 Greenwood Ave","Louisville","KY","40210"
67032,"7913 Nature Way","Louisville","KY","40218"
67033,"10520 Eagle Pines Ln","Louisville","KY","40223"
67034,"4925 Feys Dr","Louisville","KY","40216"
67035,"1060 S 43rd St","Louisville","KY","40211"
67036,"1615 Vivian Ln","Louisville","KY","40205"
67037,"221 Brunswick Rd","Louisville","KY","40207"
67038,"128 N 42nd St","Louisville","KY","40212"
67039,"5304 Pavilion Way","Louisville","KY","40291"
67040,"109 Norwood Dr","Louisville","KY","40222"
67041,"6702 Barfield Rd","Louisville","KY","40258"
67042,"624 W Ormsby Ave","Louisville","KY","40203"
67043,"308 Eline Ave","Louisville","KY","40207"
67044,"2169 Winston Ave","Louisville","KY","40205"
67045,"3232 New Lynnview Dr","Louisville","KY","40216"
67046,"14624 Inspiration Ct","Louisville","KY","40245"
67047,"1410 S 28th St","Louisville","KY","40211"
67048,"10536 Providence Dr","Louisville","KY","40291"
67049,"3105 Valleyside Ct","Louisville","KY","40214"
67050,"3226 Virginia Ave","Louisville","KY","40211"
67051,"6407 Fernview Rd","Louisville","KY","40291"
67052,"424 Wood Rd","Louisville","KY","40222"
67053,"7 Muirfield Pl","Louisville","KY","40222"
67054,"1811 Strand Ave","Louisville","KY","40205"
67055,"4551 Cherry Forest Cir","Louisville","KY","40245"
67056,"1881 Douglass Blvd","Louisville","KY","40205"
67057,"742 S 32nd St","Louisville","KY","40211"
67058,"206 Cannons Ln","Louisville","KY","40206"
67059,"8606 Michael Edward Dr","Louisville","KY","40291"
67060,"202 Lesane Ct","Louisville","KY","40214"
67061,"704 Sinclair St","Louisville","KY","40118"
67062,"1650 Alliant Ave","Louisville","KY","40299"
67063,"3326 Blanton Ln","Louisville","KY","40214"
67064,"1703 Sheridan Ave","Louisville","KY","40213"
67065,"4906 Rosalind Ct","Louisville","KY","40218"
67066,"4724 Bellevue Ave","Louisville","KY","40215"
67067,"8133 Afterglow Dr","Louisville","KY","40214"
67068,"8011 Candleglow Ln","Louisville","KY","40214"
67069,"5002 Ramona Ln","Louisville","KY","40272"
67070,"4213 Southern Farm Blvd","Louisville","KY","40216"
67071,"11704 Oak Bay Dr","Louisville","KY","40245"
67072,"11802 Cedardale Rd","Louisville","KY","40223"
67073,"9410 Minute Men Ct","Louisville","KY","40214"
67074,"10114 Rimfire Rd","Louisville","KY","40291"
67075,"9108 Hudson Ln","Louisville","KY","40291"
67076,"703 Lydgate Cv","Louisville","KY","40222"
67077,"8507 Cheltenham Cir","Louisville","KY","40222"
67078,"423 N 20th St","Louisville","KY","40203"
67079,"6006 Grandel Pointe Ct","Louisville","KY","40258"
67080,"9408 Chambers Way","Louisville","KY","40229"
67081,"1528 Mckay Ave","Louisville","KY","40213"
67082,"7111 Wood Briar Rd","Louisville","KY","40241"
67083,"14111 Victory Ridge Dr","Louisville","KY","40245"
67084,"10711 Providence Dr","Louisville","KY","40291"
67085,"40 Nichols Dr","Louisville","KY","40215"
67086,"335 Lennox Ave","Louisville","KY","40209"
67087,"723 Savoy Rd","Louisville","KY","40223"
67088,"6432 Cottagemeadow Dr","Louisville","KY","40218"
67089,"3312 Enridge Dr","Louisville","KY","40220"
67090,"6715 Triangle Dr","Louisville","KY","40214"
67091,"9907 Old Six Mile Ln","Louisville","KY","40299"
67092,"3218 Cheval Way","Louisville","KY","40299"
67093,"2428 Emil Ave","Louisville","KY","40217"
67094,"10120 Stonestreet Rd","Louisville","KY","40272"
67095,"6805 Capella Ln","Louisville","KY","40258"
67096,"5220 Planet Dr","Louisville","KY","40258"
67097,"9806 Watterson Trl","Louisville","KY","40299"
67098,"4031 Laurelwood Ave","Louisville","KY","40220"
67099,"8003 Magnolia Ridge Ct","Unit 203","Louisville",
67100,"4400 Maple Forest Dr","Louisville","KY","40245"
67101,"8027 Watterson Trl","Louisville","KY","40291"
67102,"4032 Lambert Ave","Louisville","KY","40218"
67103,"4125 Browns Ln","Unit 122","Louisville",
67104,"2601 Acushnet Ct","Louisville","KY","40242"
67105,"10108 Browns Ct","Louisville","KY","40299"
67106,"6808 Yvonne Ct","Louisville","KY","40228"
67107,"7218 Lora Dr","Louisville","KY","40214"
67108,"7207 Earl Dr","Louisville","KY","40258"
67109,"13110 Medora Rd","Louisville","KY","40272"
67110,"4501 Jett Thomas Dr","Louisville","KY","40228"
67111,"7903 Albrecht Cir","Louisville","KY","40241"
67112,"4300 Chambers Way","Louisville","KY","40299"
67113,"607 Dorsey Way","Louisville","KY","40223"
67114,"12403 Valley Park Ct","Louisville","KY","40299"
67115,"15304 Champion Lakes Pl","Louisville","KY","40245"
67116,"1216 Larue Ave","Louisville","KY","40213"
67117,"8301 Acme Way","Louisville","KY","40219"
67118,"3621 Stanton Blvd","Louisville","KY","40220"
67119,"1903 Grand Ridge Rd","Louisville","KY","40214"
67120,"10433 Ghentwood Row","Louisville","KY","40223"
67121,"13621 Meadow Vista Ct","Louisville","KY","40299"
67122,"11004 Symington Cir","Louisville","KY","40241"
67123,"4212 Southern Farm Blvd","Louisville","KY","40216"
67124,"134 E Ashland Ave","Louisville","KY","40214"
67125,"11406 Kendrick Dr","Louisville","KY","40241"
67126,"2919 Cannons Ln","Louisville","KY","40205"
67127,"3315 Oleanda Ave","Louisville","KY","40215"
67128,"931 Westview Dr","Louisville","KY","40214"
67129,"1014 Andle Ct","Louisville","KY","40214"
67130,"4704 Mile Of Sunshine Dr","Louisville","KY","40219"
67131,"7496 Virginia Ave","Louisville","KY","40258"
67132,"15101 Abington Ridge Pl","Louisville","KY","40245"
67133,"3711 Trail Ridge Rd","Louisville","KY","40241"
67134,"3502 Lodge Ln","Apt 133","Louisville",
67135,"9806 Tucson Ct","Louisville","KY","40223"
67136,"4001 Hycliffe Ave","Louisville","KY","40207"
67137,"8507 Moody Rd","Louisville","KY","40219"
67138,"9806 Stonehenge Way","Louisville","KY","40241"
67139,"1021 Pitchford Rd","Louisville","KY","40219"
67140,"144 Pennsylvania Ave","Louisville","KY","40206"
67141,"5416 Winding Rd","Louisville","KY","40214"
67142,"3427 Allison Way","Louisville","KY","40220"
67143,"5525 Shorewood Dr","Louisville","KY","40214"
67144,"3904 Emerald Leaf Ct","Louisville","KY","40219"
67145,"3713 Saint Francis Ave","Louisville","KY","40218"
67146,"3313 Donald Dr","Louisville","KY","40216"
67147,"806 Stoneykirk Dr","Louisville","KY","40223"
67148,"3723 Taylorsville Rd","Louisville","KY","40220"
67149,"5304 Ridge Lake Ct","Louisville","KY","40272"
67150,"6507 Moorhaven Dr","Louisville","KY","40228"
67151,"18402 Shallowford Ln","Louisville","KY","40245"
67152,"1603 Woodluck Ave","Louisville","KY","40205"
67153,"5803 Granwood Pl","Louisville","KY","40258"
67154,"905 W Florence Ave","Louisville","KY","40215"
67155,"5005 Abbydale Ct","Louisville","KY","40229"
67156,"554 Sunnyside Dr","Louisville","KY","40206"
67157,"1609 Hale Ave","Louisville","KY","40210"
67158,"3508 Briarglen Ln","Louisville","KY","40220"
67159,"6200 Cronin Farm Dr","Louisville","KY","40216"
67160,"6115 Cronin Farm Dr","Louisville","KY","40216"
67161,"11804 Chippewa Ridge Ln","Louisville","KY","40299"
67162,"244 Overlook Rd","Louisville","KY","40229"
67163,"1010 Clerkenwell Rd","Louisville","KY","40207"
67164,"440 Whiteheath Ln","Louisville","KY","40243"
67165,"7609 Labrador Dr","Louisville","KY","40258"
67166,"1100 S 3rd St","Louisville","KY","40203"
67167,"6002 Clearwater Cir","Louisville","KY","40219"
67168,"109 Dorchester Rd","Louisville","KY","40223"
67169,"4922 Celeste Dr","Louisville","KY","40228"
67170,"8709 Gorham Ct","Louisville","KY","40291"
67171,"3108 Springcrest Dr","Louisville","KY","40241"
67172,"4210 Blossomwood Dr","Louisville","KY","40220"
67173,"4616 Shasta Trl","Louisville","KY","40213"
67174,"1717 Southlake Dr","Louisville","KY","40223"
67175,"10815 Grafton Hall Rd","Louisville","KY","40272"
67176,"4142 Winnrose Way","Louisville","KY","40211"
67177,"4103 Riveroaks Ln","Louisville","KY","40241"
67178,"3912 Jenica Way","Louisville","KY","40241"
67179,"7803 Mango Dr","Louisville","KY","40258"
67180,"1305 Vim Dr","Louisville","KY","40213"
67181,"5303 Pacer Ln","Apt 103","Louisville",
67182,"8017 Kellerman Rd","Louisville","KY","40219"
67183,"2809 Kosmar Ct","Louisville","KY","40242"
67184,"7505 Belinda Way","Louisville","KY","40291"
67185,"7910 Briarcliff Rd","Louisville","KY","40219"
67186,"300 N 34th St","Louisville","KY","40212"
67187,"7023 Village Gate Trce","Louisville","KY","40291"
67188,"158 N Ewing Ave","Louisville","KY","40206"
67189,"2811 W Chestnut St","Louisville","KY","40211"
67190,"5225 Craigs Creek Dr","Louisville","KY","40241"
67191,"1114 Bentwood Place Ct","Louisville","KY","40207"
67192,"724 Dearborn Ave","Louisville","KY","40211"
67193,"1289 Lucas Ave","Louisville","KY","40213"
67194,"4108 Neagli Ct","Louisville","KY","40229"
67195,"3706 Southern Ave","Louisville","KY","40211"
67196,"10115 Radford Rd","Louisville","KY","40223"
67197,"6920 Bowen Ave","Louisville","KY","40272"
67198,"9309 Acres Ln","Louisville","KY","40272"
67199,"8706 Thompson Ln","Louisville","KY","40258"
67200,"2802 Bexley Ct","Louisville","KY","40206"
67201,"631 Atwood St","Louisville","KY","40217"
67202,"8927 La Costa Rd","Louisville","KY","40299"
67203,"620 E Oak St","Louisville","KY","40203"
67204,"1840 Alfresco Pl","Louisville","KY","40205"
67205,"4513 Freda Way","Louisville","KY","40272"
67206,"8905 Peterborough Dr","Louisville","KY","40222"
67207,"7001 John Adams Way","Louisville","KY","40272"
67208,"3419 Pinnacle Gardens Dr","Louisville","KY","40245"
67209,"10210 Charleswood Rd","Louisville","KY","40229"
67210,"9105 Mapleview Dr","Louisville","KY","40258"
67211,"2029 Bonnycastle Ave","Louisville","KY","40205"
67212,"2115 Grinstead Dr","Louisville","KY","40204"
67213,"10701 Slippery Elm Dr","Louisville","KY","40291"
67214,"1419 Knight Rd","Louisville","KY","40214"
67215,"2006 Farnsley Rd","Louisville","KY","40216"
67216,"2211 Farnsley Rd","Louisville","KY","40216"
67217,"302 Santee Path","Louisville","KY","40207"
67218,"7909 Cresthaven Dr","Louisville","KY","40228"
67219,"4 Rio Vista Dr","Louisville","KY","40207"
67220,"310 W Whitney Ave","Louisville","KY","40214"
67221,"17750 Long Run Hill Pl","Louisville","KY","40245"
67222,"6609 El Toro Ct","Louisville","KY","40291"
67223,"5615 Chestnutwood Way","Louisville","KY","40272"
67224,"2818 Smilax Ave","Louisville","KY","40213"
67225,"1797 W Lee St","Louisville","KY","40210"
67226,"7002 Walnut Creek Ct","Louisville","KY","40229"
67227,"3806 Village Green Dr","Louisville","KY","40299"
67228,"1934 Rutherford Ave","Louisville","KY","40205"
67229,"17034 Ashburton Dr","Louisville","KY","40245"
67230,"7712 Bluebonnet Rd","Louisville","KY","40258"
67231,"4122 Sunflower Ave","Louisville","KY","40216"
67232,"211 Cumberland Ave","Louisville","KY","40214"
67233,"12617 Bay Tree Way","Louisville","KY","40245"
67234,"16703 Taunton Vale Rd","Louisville","KY","40245"
67235,"5202 Oaklawn Park Dr","Louisville","KY","40299"
67236,"3239 W Jefferson St","Louisville","KY","40212"
67237,"1711 Bachmann Dr","Louisville","KY","40216"
67238,"12803 Willow Tree Ln","Louisville","KY","40299"
67239,"10912 Marbado Ct","Louisville","KY","40229"
67240,"9501 Slayton Ct","Louisville","KY","40229"
67241,"6605 Amigo Ct","Louisville","KY","40291"
67242,"915 Beecher St","Louisville","KY","40215"
67243,"112 E Ormsby Ave","Louisville","KY","40203"
67244,"10003 Afton Rd","Louisville","KY","40223"
67245,"2005 Leahurst Ct","Louisville","KY","40216"
67246,"2023 San Jose Ave","Louisville","KY","40216"
67247,"9617 Farmstead Ln","Louisville","KY","40291"
67248,"4916 Andalusia Ln","Louisville","KY","40272"
67249,"10208 Mary Dell Ln","Louisville","KY","40299"
67250,"8107 Shepherdsville Rd","Louisville","KY","40219"
67251,"4316 Wilmoth Ave","Louisville","KY","40216"
67252,"13903 Fancy Gap Dr","Louisville","KY","40299"
67253,"2123 Winston Ave","Louisville","KY","40205"
67254,"6112 Yellow Pine Dr","Louisville","KY","40229"
67255,"12008 Fallen Oak Ct","Louisville","KY","40245"
67256,"11316 Cottage View Ct","Louisville","KY","40299"
67257,"13202 Meadowlawn Dr","Louisville","KY","40272"
67258,"5913 Santa Rosa Dr","Louisville","KY","40219"
67259,"8708 Fernview Dr","Louisville","KY","40291"
67260,"9513 Holiday Dr","Louisville","KY","40272"
67261,"5706 Grandel Blvd","Louisville","KY","40258"
67262,"5408 Jessamine Ln","Louisville","KY","40258"
67263,"5408 Speedway Ave","Louisville","KY","40272"
67264,"3213 Duvalle Dr","Louisville","KY","40211"
67265,"10503 Dry Creek Way","Louisville","KY","40299"
67266,"12218 Hardwick Rd","Louisville","KY","40243"
67267,"2212 Stowers Ln","Louisville","KY","40216"
67268,"6604 Moorhaven Dr","Louisville","KY","40228"
67269,"4502 Silverleaf Dr","Louisville","KY","40213"
67270,"220 Sage Rd","Louisville","KY","40207"
67271,"6802 Creston Dr","Louisville","KY","40258"
67272,"10802 Dartford Pl","Louisville","KY","40243"
67273,"1217 Eastern Pkwy","Louisville","KY","40204"
67274,"1804 Harvard Dr","Louisville","KY","40205"
67275,"6217 Upper Hunters Trce","Louisville","KY","40216"
67276,"12431 Brothers Ave","Louisville","KY","40243"
67277,"1906 Richmond Dr","Louisville","KY","40205"
67278,"4512 Sunset Dr","Louisville","KY","40216"
67279,"2105 Mammoth Way","Louisville","KY","40299"
67280,"7701 Conifer Dr","Louisville","KY","40258"
67281,"10208 Meadow Glen Way","Louisville","KY","40241"
67282,"4315 Woodgate Ln","Louisville","KY","40220"
67283,"4708 John Law Ct","Louisville","KY","40272"
67284,"3903 Longview Rd","Louisville","KY","40299"
67285,"1307 Pigeon Pass Rd","Louisville","KY","40213"
67286,"6012 Clearwater Cir","Louisville","KY","40219"
67287,"6518 Keeling Place Rd","Louisville","KY","40291"
67288,"12112 Bay Run Dr","Louisville","KY","40245"
67289,"9810 Tamarisk Pkwy","Louisville","KY","40223"
67290,"9014 Linn Station Rd","Louisville","KY","40222"
67291,"2843 Brookdale Ave","Louisville","KY","40220"
67292,"1003 Round Table Ct","Louisville","KY","40222"
67293,"3703 Alameter Dr","Louisville","KY","40258"
67294,"720 Dr W J Hodge St","Louisville","KY","40210"
67295,"1651 Dixdale Ave","Louisville","KY","40210"
67296,"4322 Estate Dr","Louisville","KY","40216"
67297,"2627 W Kentucky St","Louisville","KY","40211"
67298,"5820 Bay Harbor Dr","Louisville","KY","40228"
67299,"5926 Brandon Dunes Dr","Louisville","KY","40228"
67300,"4520 Fallen Apple Ln","Louisville","KY","40218"
67301,"5060 Stephan Dr","Louisville","KY","40258"
67302,"4214 Beechcrest Ave","Louisville","KY","40220"
67303,"4221 Bubbling Over Dr","Louisville","KY","40216"
67304,"1127 Willow Ave","Apt 1","Louisville",
67305,"1356 S Floyd St","Louisville","KY","40208"
67306,"2602 Briargate Ave","Louisville","KY","40216"
67307,"6412 Maravian Dr","Louisville","KY","40258"
67308,"11105 Eagles Cove Dr","Louisville","KY","40241"
67309,"3754 Sheridan Rd","Louisville","KY","40220"
67310,"9514 3rd Street Rd","Louisville","KY","40272"
67311,"5500 Walnut Way","Louisville","KY","40229"
67312,"11713 Montwood Ln","Louisville","KY","40272"
67313,"3806 Stonyrun Cir","Louisville","KY","40220"
67314,"148 N Keats Ave","Louisville","KY","40206"
67315,"5409 Sunnybrook Dr","Louisville","KY","40214"
67316,"1038 Samuel St","Louisville","KY","40204"
67317,"3313 Sumner Rd","Louisville","KY","40218"
67318,"439 E Brandeis Ave","Louisville","KY","40217"
67319,"3904 Stone Hollow Dr","Louisville","KY","40299"
67320,"1911 Trevilian Way","Louisville","KY","40205"
67321,"400 N 34th St","Louisville","KY","40212"
67322,"6313 Hanses Dr","Louisville","KY","40219"
67323,"1827 Rosedale Ave","Louisville","KY","40205"
67324,"2216 Landan Dr","Louisville","KY","40218"
67325,"7901 Windgate Dr","Louisville","KY","40291"
67326,"8404 Grand Trevi Dr","Louisville","KY","40228"
67327,"734 S 39th St","Louisville","KY","40211"
67328,"6708 Musket Dr","Louisville","KY","40228"
67329,"4307 Sunflower Ave","Louisville","KY","40216"
67330,"8813 Preston Hwy","Louisville","KY","40219"
67331,"6110 Briscoe Ln","Louisville","KY","40228"
67332,"1802 Oakcrest Ct","Louisville","KY","40214"
67333,"6713 Morning Star Way","Louisville","KY","40272"
67334,"3720 Ethel Ave","Louisville","KY","40218"
67335,"2713 Benoch Ave","Louisville","KY","40216"
67336,"4523 Cherry Forest Cir","Louisville","KY","40245"
67337,"2512 Brighton Dr","Louisville","KY","40205"
67338,"1834 Dumesnil St","Louisville","KY","40210"
67339,"4207 Naneen Dr","Louisville","KY","40216"
67340,"2136 Garrs Ln","Louisville","KY","40216"
67341,"1511 Beech St","Louisville","KY","40211"
67342,"9203 New Maple Rd","Louisville","KY","40229"
67343,"1012 Sarah Dr","Louisville","KY","40219"
67344,"9805 Mcneely Lake Dr","Louisville","KY","40229"
67345,"3518 Tyrone Dr","Louisville","KY","40218"
67346,"7708 Adam Steven Cir","Louisville","KY","40220"
67347,"5507 Sprigwood Ln","Louisville","KY","40291"
67348,"311 Academy Lake Way","Louisville","KY","40245"
67349,"4831 Southern Pkwy","Louisville","KY","40214"
67350,"8015 Kellerman Rd","Louisville","KY","40219"
67351,"12019 Running Creek Rd","Louisville","KY","40243"
67352,"412 Tucker Station Rd","Louisville","KY","40243"
67353,"126 Ridgeway Ave","Louisville","KY","40207"
67354,"5207 Baywood Dr","Louisville","KY","40241"
67355,"11101 Kinnaird Ct","Louisville","KY","40243"
67356,"1524 Central Ave","Louisville","KY","40208"
67357,"3303 Algonquin Pkwy","Louisville","KY","40211"
67358,"8411 Fieldcrest Ct","Louisville","KY","40299"
67359,"13604 Grenden Ct","Louisville","KY","40299"
67360,"7207 Mount Washington Rd","Louisville","KY","40229"
67361,"1327 E Washington St","Louisville","KY","40206"
67362,"219 Crestwood Ln","Louisville","KY","40229"
67363,"4326 Retreat Rd","Louisville","KY","40219"
67364,"6421 Maravian Dr","Louisville","KY","40258"
67365,"12613 Bay Tree Way","Louisville","KY","40245"
67366,"7405 Ireland Dr","Louisville","KY","40219"
67367,"8200 Rocky Gap Rd","Louisville","KY","40214"
67368,"508 Marengo Dr","Louisville","KY","40243"
67369,"412 Crestwood Ln","Louisville","KY","40229"
67370,"2028 Northwestern Pkwy","Louisville","KY","40203"
67371,"7509 Clipping Cross Rd","Louisville","KY","40241"
67372,"2823 Field Ave","Louisville","KY","40206"
67373,"3411 Fernheather Dr","Louisville","KY","40216"
67374,"1541 Clara Ave","Louisville","KY","40215"
67375,"3415 Bennett Ln","Louisville","KY","40219"
67376,"7303 Edenderry Ln","Louisville","KY","40219"
67377,"5718 Mary Ellen Dr","Louisville","KY","40214"
67378,"10102 Rolling Stone Dr","Louisville","KY","40229"
67379,"4310 Dover Rd","Louisville","KY","40216"
67380,"4014 Woodmont Park Ln","Louisville","KY","40245"
67381,"3644 Lentz Ave","Louisville","KY","40215"
67382,"718 E Caldwell St","Louisville","KY","40203"
67383,"4840 Brenda Dr","Louisville","KY","40219"
67384,"805 Brentwood Ave","Louisville","KY","40215"
67385,"1451 S 6th St","Louisville","KY","40208"
67386,"3209 Chickadee Rd","Louisville","KY","40213"
67387,"908 Fountain Ave","Louisville","KY","40222"
67388,"3615 Taxus Trl","Louisville","KY","40299"
67389,"2800 S 3rd St","Louisville","KY","40208"
67390,"3403 La Follette Dr","Louisville","KY","40299"
67391,"4413 Estate Dr","Louisville","KY","40216"
67392,"5412 Rolling Ridge Rd","Louisville","KY","40214"
67393,"220 Blackburn Ave","Louisville","KY","40206"
67394,"8819 Shelbyville Rd","Louisville","KY","40222"
67395,"658 S 37th St","Louisville","KY","40211"
67396,"2114 W Madison St","Louisville","KY","40211"
67397,"5708 Maryman Rd","Louisville","KY","40258"
67398,"4647 Cliff Ave","Louisville","KY","40215"
67399,"1705 S Wheatmore Dr","Louisville","KY","40215"
67400,"1331 Scholar St","Louisville","KY","40213"
67401,"1230 Carrico Ave","Louisville","KY","40215"
67402,"12007 Rustburg Ct","Louisville","KY","40245"
67403,"4004 Windbrook Ct","Louisville","KY","40220"
67404,"10125 Rimfire Rd","Louisville","KY","40291"
67405,"2010 Appleton Ln","Louisville","KY","40216"
67406,"3522 Hedgewick Pl","Louisville","KY","40245"
67407,"3510 Kerry Dr","Louisville","KY","40218"
67408,"4101 Brownsboro Glen Rd","Louisville","KY","40241"
67409,"821 Reading Rd","Louisville","KY","40217"
67410,"6504 Larch Ct","Louisville","KY","40229"
67411,"1916 Nelson Ave","Louisville","KY","40216"
67412,"3004 Faywood Way","Louisville","KY","40215"
67413,"9417 Minute Men Ct","Louisville","KY","40214"
67414,"3221 Welman Dr","Louisville","KY","40216"
67415,"160 Westwind Rd","Louisville","KY","40207"
67416,"13521 Oliver Station Ct","Louisville","KY","40245"
67417,"2802 Floore Ct","Louisville","KY","40299"
67418,"3606 Regatta Way","Louisville","KY","40211"
67419,"137 N Birchwood Ave","Louisville","KY","40206"
67420,"2222 Paris Dr","Louisville","KY","40218"
67421,"1118 Milton St","Louisville","KY","40217"
67422,"9821 Titan Dr","Louisville","KY","40229"
67423,"8720 Loch Lea Ln","Louisville","KY","40299"
67424,"7502 Astrid Way","Louisville","KY","40228"
67425,"811 Samoa Way","Louisville","KY","40207"
67426,"3323 Oriole Dr","Louisville","KY","40213"
67427,"11132 Brookley Dr","Louisville","KY","40229"
67428,"6808 Longlake Dr","Louisville","KY","40291"
67429,"3106 Sunny Ln","Louisville","KY","40205"
67430,"975 Samuel St","Louisville","KY","40204"
67431,"11000 Deering Rd","Louisville","KY","40272"
67432,"816 Sinclair St","Louisville","KY","40118"
67433,"4006 Gingerwood Dr","Louisville","KY","40220"
67434,"1626 Hemlock Ct","Louisville","KY","40211"
67435,"5606 Locust Way","Louisville","KY","40229"
67436,"1811 Wenatchee Pl","Louisville","KY","40210"
67437,"9301 Grandstand Ct","Louisville","KY","40291"
67438,"6017 Apex Dr","Louisville","KY","40219"
67439,"4125 Browns Ln","Unit 114","Louisville",
67440,"712 Old Harrods Creek Rd","Louisville","KY","40223"
67441,"6705 Leverett Ln","Louisville","KY","40258"
67442,"9401 Old Bardstown Rd","Louisville","KY","40291"
67443,"1923 Alfresco Pl","Louisville","KY","40205"
67444,"8304 Sunny Ridge Ct","Louisville","KY","40299"
67445,"7300 Wesboro Rd","Louisville","KY","40222"
67446,"3014 Joan Ave","Louisville","KY","40205"
67447,"2334 W Burnett Ave","Louisville","KY","40210"
67448,"2613 Narragansett Dr","Louisville","KY","40210"
67449,"8502 Ambrosse Ln","Unit 101","Louisville",
67450,"10911 Symington Cir","Louisville","KY","40241"
67451,"2412 Briargate Ave","Louisville","KY","40216"
67452,"1161 S 1st St","Apt 3","Louisville",
67453,"119 N 43rd St","Louisville","KY","40212"
67454,"10706 Slippery Elm Dr","Louisville","KY","40291"
67455,"4043 Laurelwood Ave","Louisville","KY","40220"
67456,"706 Wolford Ridge Ct","Louisville","KY","40245"
67457,"3750 Lentz Ave","Louisville","KY","40215"
67458,"9230 Vevey Rd","Louisville","KY","40291"
67459,"3243 Trinity Rd","Louisville","KY","40206"
67460,"1011 S 40th St","Louisville","KY","40211"
67461,"3216 Greendale Dr","Louisville","KY","40216"
67462,"3540 Wheeler Ave","Louisville","KY","40215"
67463,"212 Cambridge Dr","Louisville","KY","40214"
67464,"1509 Sable Wing Cir","Louisville","KY","40223"
67465,"2415 Briargate Ave","Louisville","KY","40216"
67466,"1609 Ormsby Ln","Louisville","KY","40222"
67467,"1201 Taxus Top Ln","Unit 203","Louisville",
67468,"1 Dupont Way","Apt 8","Louisville",
67469,"2902 Glenafton Ln","Louisville","KY","40217"
67470,"9803 Mcneely Lake Dr","Louisville","KY","40229"
67471,"2707 Durbing Ave","Louisville","KY","40299"
67472,"938 Hess Ln","Louisville","KY","40217"
67473,"1431 Wurtele Ave","Louisville","KY","40208"
67474,"2303 Becker Ct","Louisville","KY","40216"
67475,"11124 Brookley Dr","Louisville","KY","40229"
67476,"7935 Nature Way","Louisville","KY","40218"
67477,"7907 Sherry Lynn Ct","Louisville","KY","40228"
67478,"8826 Vision Pl","Louisville","KY","40229"
67479,"1015 Parkway Dr","Louisville","KY","40217"
67480,"2212 Garland Ave","Louisville","KY","40211"
67481,"4604 Maris Ln","Louisville","KY","40241"
67482,"1522 W Ormsby Ave","Louisville","KY","40210"
67483,"4140 W Market St","Louisville","KY","40212"
67484,"1212 Audubon Pkwy","Louisville","KY","40213"
67485,"3030 Breckenridge Ln","Apt 108","Louisville",
67486,"3310 Oleanda Ave","Louisville","KY","40215"
67487,"4108 Stoneview Dr","Apt 1","Louisville",
67488,"9016 Wooddale Dr","Louisville","KY","40272"
67489,"1607 Lois Morris Dr","Louisville","KY","40211"
67490,"6620 Huff Ln","Louisville","KY","40216"
67491,"9718 Brooks Bend Rd","Louisville","KY","40258"
67492,"1908 Elmore St","Louisville","KY","40216"
67493,"4000 Old Outer Loop","Louisville","KY","40219"
67494,"9110 Shepherdsville Rd","Louisville","KY","40219"
67495,"5202 Vassar Ave","Louisville","KY","40258"
67496,"3410 Sumac Rd","Louisville","KY","40216"
67497,"1816 Allston Ave","Louisville","KY","40210"
67498,"306 Downes Ln","Louisville","KY","40214"
67499,"5607 Pleasure Ct","Louisville","KY","40272"
67500,"5710 Bunning Dr","Louisville","KY","40272"
67501,"7312 Rambo Way","Louisville","KY","40228"
67502,"8906 Wilson Ave","Louisville","KY","40242"
67503,"2402 Dundee Rd","Louisville","KY","40205"
67504,"3703 River Park Dr","Louisville","KY","40211"
67505,"3154 S Crums Ln","Louisville","KY","40216"
67506,"1608 Lyman Johnson Dr","Louisville","KY","40211"
67507,"120 S 46th St","Louisville","KY","40212"
67508,"3034 Wentworth Ave","Louisville","KY","40206"
67509,"5804 Toebbe Ln","Louisville","KY","40229"
67510,"12007 Brinley Ave","Louisville","KY","40243"
67511,"3118 Mid Dale Ln","Louisville","KY","40220"
67512,"10703 English Oak Ct","Louisville","KY","40241"
67513,"2409 Overlook Hill Ct","Louisville","KY","40205"
67514,"11506 Saratoga Ridge Dr","Louisville","KY","40299"
67515,"520 E Barbee Ave","Louisville","KY","40217"
67516,"4100 Naomi Dr","Louisville","KY","40219"
67517,"4207 Monticello Ave","Louisville","KY","40218"
67518,"1818 Allanwood Rd","Louisville","KY","40214"
67519,"3124 Maywood Pl","Louisville","KY","40220"
67520,"4107 Elmwood Ave","Louisville","KY","40207"
67521,"9315 Ponder Ln","Louisville","KY","40272"
67522,"3602 Rudd Ave","Louisville","KY","40212"
67523,"241 Crestwood Ln","Louisville","KY","40229"
67524,"10701 Mcmeekin Ln","Unit 205","Louisville",
67525,"3110 Widgeon Ave","Louisville","KY","40213"
67526,"1926 Goldsmith Ln","Unit 88","Louisville",
67527,"1850 Farnsley Rd","Louisville","KY","40216"
67528,"5303 Carolina Crossings Way","Unit 203","Louisville",
67529,"6908 Catalpa Springs Dr","Louisville","KY","40228"
67530,"331 S Shawnee Ter","Louisville","KY","40212"
67531,"8001 Bluebonnet Rd","Louisville","KY","40258"
67532,"1618 Lyman Johnson Dr","Louisville","KY","40211"
67533,"4555 S 2nd St","Louisville","KY","40214"
67534,"4411 Saratoga Woods Dr","Louisville","KY","40299"
67535,"4213 S 2nd St","Louisville","KY","40214"
67536,"4920 Manslick Rd","Louisville","KY","40216"
67537,"3517 Lees Ln","Louisville","KY","40216"
67538,"9805 Orlandi Ct","Louisville","KY","40299"
67539,"2502 Charles Ct","Louisville","KY","40218"
67540,"4811 Fegenbush Ln","Louisville","KY","40228"
67541,"712 N 34th St","Louisville","KY","40212"
67542,"2109 Cherokee Pkwy","Louisville","KY","40204"
67543,"2110 Allston Ave","Louisville","KY","40210"
67544,"207 Mohawk Ave","Louisville","KY","40209"
67545,"3108 Maywood Pl","Louisville","KY","40220"
67546,"5500 Morning Glory Ln","Louisville","KY","40258"
67547,"5218 Silverton Ln","Louisville","KY","40241"
67548,"4202 Sanford Ave","Louisville","KY","40218"
67549,"938 E Muhammad Ali Blvd","Louisville","KY","40204"
67550,"4145 Roosevelt Ave","Louisville","KY","40213"
67551,"3534 Cotter Dr","Louisville","KY","40211"
67552,"8912 Lantern Lite Pkwy","Louisville","KY","40220"
67553,"9706 Old Six Mile Ln","Louisville","KY","40299"
67554,"521 E Oak St","Louisville","KY","40203"
67555,"221 Granvil Dr","Louisville","KY","40218"
67556,"202 Whitland Ct","Louisville","KY","40243"
67557,"3028 Roselawn Blvd","Louisville","KY","40220"
67558,"10409 Cottonwood Ct","Louisville","KY","40223"
67559,"1001 Eigelbach Ave","Louisville","KY","40217"
67560,"8002 Beechlawn Ct","Louisville","KY","40220"
67561,"8728 Loch Lea Ln","Louisville","KY","40299"
67562,"1301 Southwestern Pkwy","Louisville","KY","40211"
67563,"4421 Burnt Cedar Ln","Louisville","KY","40219"
67564,"10415 Martinside Dr","Louisville","KY","40291"
67565,"13623 Broken Branch Way","Louisville","KY","40245"
67566,"8811 Mount Gerald Ct","Louisville","KY","40291"
67567,"11513 Magnolia View Ct","Louisville","KY","40299"
67568,"2110 Ben Ali Rd","Louisville","KY","40223"
67569,"2513 Hale Ave","Louisville","KY","40210"
67570,"12806 Willow Park Dr","Louisville","KY","40299"
67571,"303 Chanel Ct","Apt 7","Louisville",
67572,"5100 Laughlin Ave","Louisville","KY","40214"
67573,"1643 Eastern Pkwy","Louisville","KY","40204"
67574,"3232 Villanova Dr","Louisville","KY","40220"
67575,"12843 Bay Tree Way","Louisville","KY","40245"
67576,"10415 Lower River Rd","Louisville","KY","40272"
67577,"124 Northwestern Pkwy","Louisville","KY","40212"
67578,"3913 Gardenia Ct","Louisville","KY","40220"
67579,"1806 Fust Ave","Louisville","KY","40216"
67580,"4700 Plum Tree Ln","Louisville","KY","40218"
67581,"6001 Titanic Way","Louisville","KY","40258"
67582,"4817 Hames Trce","Louisville","KY","40291"
67583,"4502 Jett Thomas Dr","Louisville","KY","40228"
67584,"9212 Wakulla Ct","Louisville","KY","40299"
67585,"1107 Oxmoor Woods Pkwy","Louisville","KY","40222"
67586,"4922 Southside Dr","Louisville","KY","40214"
67587,"2604 Lomond Dr","Louisville","KY","40216"
67588,"5520 Innwood Dr","Louisville","KY","40214"
67589,"2122 Crittenden Dr","Louisville","KY","40217"
67590,"4224 Lilac Vista Dr","Louisville","KY","40241"
67591,"1944 Duker Ave","Louisville","KY","40205"
67592,"1278 Farmdale Ave","Louisville","KY","40213"
67593,"309 Franck Ave","Louisville","KY","40206"
67594,"3433 Heatherfield Dr","Louisville","KY","40216"
67595,"10310 La Plaza Ave","Louisville","KY","40272"
67596,"1312 Stonewall Way","Louisville","KY","40242"
67597,"8606 Herefordshire Dr","Louisville","KY","40222"
67598,"6909 Sky Blue Ave","Louisville","KY","40258"
67599,"2227 Osage Ave","Louisville","KY","40210"
67600,"1107 Kirkham Trce","Louisville","KY","40299"
67601,"9409 Michael Edward Dr","Louisville","KY","40291"
67602,"2012 Wilson Ave","Louisville","KY","40210"
67603,"8209 Granwood Ln","Louisville","KY","40258"
67604,"1300 Bee Ln","Unit 203","Louisville",
67605,"1924 Alfresco Pl","Louisville","KY","40205"
67606,"8603 Cool Brook Ct","Louisville","KY","40291"
67607,"4306 Brownhurst Way","Louisville","KY","40241"
67608,"7605 Carmil Ct","Louisville","KY","40291"
67609,"107 N Charlton St","Louisville","KY","40206"
67610,"9507 Arrowridge Dr","Louisville","KY","40229"
67611,"3826 Illinois Ave","Louisville","KY","40213"
67612,"3032 Klonway Dr","Louisville","KY","40220"
67613,"1701 Deerwood Ave","Louisville","KY","40205"
67614,"10802 Jacqueline Way","Louisville","KY","40272"
67615,"4206 Searcy Dr","Louisville","KY","40216"
67616,"6502 Kenmore Ave","Louisville","KY","40216"
67617,"672 S 36th St","Louisville","KY","40211"
67618,"713 W Kenwood Dr","Louisville","KY","40214"
67619,"1400 Willow Ave","Apt 605","Louisville",
67620,"10213 Pine Glen Cir","Louisville","KY","40291"
67621,"2538 Trevilian Way","Louisville","KY","40205"
67622,"622 Harris Ridge Rd","Louisville","KY","40223"
67623,"1056 Wetterau Ave","Louisville","KY","40217"
67624,"4015 Druid Hills Rd","Louisville","KY","40207"
67625,"1608 Lois Morris Dr","Louisville","KY","40211"
67626,"4717 Dover Rd","Louisville","KY","40216"
67627,"2110 Millside Dr","Louisville","KY","40223"
67628,"3021 S 6th St","Louisville","KY","40208"
67629,"3014 S 6th St","Louisville","KY","40208"
67630,"10323 Moonlight Way","Louisville","KY","40272"
67631,"4201 Southern Farm Blvd","Louisville","KY","40216"
67632,"10904 Youngtown Dr","Louisville","KY","40272"
67633,"540 Spring House Ln","Louisville","KY","40229"
67634,"134 Cactus Ct","Louisville","KY","40229"
67635,"9501 Elk Hill Ct","Louisville","KY","40299"
67636,"6020 Princess Way","Louisville","KY","40219"
67637,"809 Rugby Pl","Louisville","KY","40222"
67638,"3024 Likens Ave","Louisville","KY","40211"
67639,"6313 Terry Rd","Louisville","KY","40258"
67640,"8023 Arnoldtown Rd","Louisville","KY","40214"
67641,"7700 Gayeway Dr","Louisville","KY","40219"
67642,"317 Lanai Ct","Louisville","KY","40245"
67643,"2829 Alta Vista Ct","Louisville","KY","40206"
67644,"14709 Oxford Hill Ct","Louisville","KY","40245"
67645,"3008 Zorn Ave","Louisville","KY","40206"
67646,"506 Lyndale Ave","Louisville","KY","40222"
67647,"6002 Gloria Ln","Louisville","KY","40213"
67648,"10303 Statia Lynn Ct","Louisville","KY","40223"
67649,"9216 Watterson Trl","Louisville","KY","40299"
67650,"1804 Brentmoor Ln","Louisville","KY","40223"
67651,"10715 Eagle Ridge Pl","Louisville","KY","40223"
67652,"515 Woodlake Dr","Louisville","KY","40245"
67653,"813 Texas Ave","Louisville","KY","40217"
67654,"6810 Shibley Ave","Louisville","KY","40291"
67655,"107 Algiers Ct","Apt 2","Louisville",
67656,"1770 Wathen Ln","Louisville","KY","40216"
67657,"7107 Nachand Ln","Louisville","KY","40218"
67658,"1861 Farnsley Rd","Louisville","KY","40216"
67659,"3744 Illinois Ave","Louisville","KY","40213"
67660,"8912 Mitchell Ln","Louisville","KY","40272"
67661,"9106 Hawthorne Pointe Dr","Unit 104","Louisville",
67662,"3102 Tremont Dr","Louisville","KY","40205"
67663,"4506 Razor Creek Way","Louisville","KY","40299"
67664,"8505 Atrium Dr","Apt 303","Louisville",
67665,"4415 Case Way","Louisville","KY","40272"
67666,"1630 Al Mara Cir","Louisville","KY","40205"
67667,"310 Gatehouse Ln","Louisville","KY","40243"
67668,"209 Sycamore Dr","Louisville","KY","40223"
67669,"3008 Meade Ave","Louisville","KY","40217"
67670,"4606 Delphene Cir","Louisville","KY","40241"
67671,"609 Cannons Ln","Louisville","KY","40207"
67672,"5304 Red Fern Rd","Louisville","KY","40218"
67673,"13619 Pinnacle Gardens Cir","Louisville","KY","40245"
67674,"6007 Titanic Way","Louisville","KY","40258"
67675,"4806 Crawford Ave","Louisville","KY","40258"
67676,"2610 Pioneer Rd","Louisville","KY","40216"
67677,"4600 Exeter Ave","Louisville","KY","40218"
67678,"10407 Prescott Ct","Louisville","KY","40299"
67679,"2113 S Preston St","Louisville","KY","40217"
67680,"3814 Ashridge Dr","Louisville","KY","40241"
67681,"2013 Edgeland Ave","Louisville","KY","40204"
67682,"10421 Pine Glen Cir","Louisville","KY","40291"
67683,"213 S Sherrin Ave","Louisville","KY","40207"
67684,"1212 Bicknell Ave","Louisville","KY","40215"
67685,"5605 Sullivan Way","Louisville","KY","40229"
67686,"3927 Fieldside Cir","Louisville","KY","40299"
67687,"14501 Gablewood Pl","Louisville","KY","40245"
67688,"12804 Razor Creek Ct","Louisville","KY","40299"
67689,"201 Summers Dr","Louisville","KY","40229"
67690,"12813 Bay Tree Way","Louisville","KY","40245"
67691,"3117 Deibel Ct","Louisville","KY","40220"
67692,"10104 Plaudit Way","Louisville","KY","40272"
67693,"2006 Newmarket Dr","Louisville","KY","40222"
67694,"6513 South Dr","Louisville","KY","40272"
67695,"844 Dearborn Ave","Louisville","KY","40211"
67696,"3628 Kelly Way","Louisville","KY","40220"
67697,"3901 Alford Ave","Louisville","KY","40212"
67698,"10500 Vining Pl","Apt 200","Louisville",
67699,"2408 Glenview Ave","Louisville","KY","40222"
67700,"1729 Bachmann Dr","Louisville","KY","40216"
67701,"5309 Rolling Rock Ct","Apt 204","Louisville",
67702,"1902 Payne St","Louisville","KY","40206"
67703,"4022 Brownlee Rd","Louisville","KY","40207"
67704,"10810 Symington Cir","Louisville","KY","40241"
67705,"1850 Edgeland Ave","Louisville","KY","40204"
67706,"212 Marshall Dr","Louisville","KY","40207"
67707,"3513 Gladden Dr","Louisville","KY","40218"
67708,"2317 Woodford Pl","Louisville","KY","40205"
67709,"5212 Tamerlane Rd","Louisville","KY","40207"
67710,"8605 Shelbyville Rd","Apt 120","Louisville",
67711,"6014 Woodhaven Cir","Louisville","KY","40228"
67712,"108 Alger Ave","Louisville","KY","40214"
67713,"2319 W Hill St","Louisville","KY","40210"
67714,"2726 Hollywood Ter","Apt 119","Louisville",
67715,"8402 Ambrosse Ln","Unit 206","Louisville",
67716,"4719 John Law Ct","Louisville","KY","40272"
67717,"8707 Nottingham Pkwy","Louisville","KY","40222"
67718,"4118 Northumberland Dr","Louisville","KY","40245"
67719,"1852 Mary Catherine Dr","Louisville","KY","40216"
67720,"1128 Rammers Ave","Louisville","KY","40204"
67721,"305 Kenny Blvd","Louisville","KY","40214"
67722,"11114 Eagles Cove Dr","Louisville","KY","40241"
67723,"100 N Bayly Ave","Louisville","KY","40206"
67724,"7612 Old Salem Rd","Louisville","KY","40242"
67725,"801 Stivers Rd","Louisville","KY","40207"
67726,"4801 Fury Way","Louisville","KY","40258"
67727,"11018 Symington Cir","Louisville","KY","40241"
67728,"2924 Winterhaven Rd","Louisville","KY","40220"
67729,"1452 Saint James Ct","Louisville","KY","40208"
67730,"8409 Rock Brook Cir","Louisville","KY","40220"
67731,"4114 Foreman Ln","Louisville","KY","40219"
67732,"1632 Deer Ln","Louisville","KY","40205"
67733,"5010 Yew Ln","Louisville","KY","40213"
67734,"4413 Lynnview Dr","Louisville","KY","40216"
67735,"6810 Fegenbush Ln","Louisville","KY","40228"
67736,"3413 Blanton Ln","Louisville","KY","40214"
67737,"2934 Bon Air Ave","Louisville","KY","40205"
67738,"854 Shady Brook Ln","Louisville","KY","40229"
67739,"4662 Cliff Ave","Louisville","KY","40215"
67740,"3012 S Melrose Dr","Louisville","KY","40299"
67741,"2223 Peaslee Rd","Louisville","KY","40216"
67742,"306 El Conquistador Pl","Louisville","KY","40220"
67743,"5207 Cedrus Cir","Louisville","KY","40213"
67744,"3615 Sudbury Ln","Louisville","KY","40220"
67745,"3129 Northland Dr","Louisville","KY","40216"
67746,"10509 Pinoak View Dr","Louisville","KY","40299"
67747,"4632 Southcrest Dr","Louisville","KY","40215"
67748,"8906 Lantern Lite Pkwy","Louisville","KY","40220"
67749,"8805 Roman Ct","Louisville","KY","40291"
67750,"2622 Meadow Rd","Louisville","KY","40205"
67751,"2403 Elmhurst Ave","Louisville","KY","40216"
67752,"7909 Nature Way","Louisville","KY","40218"
67753,"2730 Brownsboro Rd","Apt 132","Louisville",
67754,"3314 Leith Ln","Louisville","KY","40218"
67755,"10312 Timberwood Cir","Louisville","KY","40223"
67756,"2410 Hayward Rd","Louisville","KY","40242"
67757,"220 Fairmeade Rd","Louisville","KY","40207"
67758,"11001 Saybrook Ct","Louisville","KY","40229"
67759,"3113 Albans Pl","Louisville","KY","40241"
67760,"474 E Brandeis Ave","Louisville","KY","40217"
67761,"7709 Kendrick Crossing Ln","Louisville","KY","40291"
67762,"6645 Calm River Way","Louisville","KY","40299"
67763,"3614 Woodruff Ave","Louisville","KY","40215"
67764,"14208 Troon Dr","Louisville","KY","40245"
67765,"12312 Holly Ln","Louisville","KY","40223"
67766,"5733 Bay Harbor Dr","Louisville","KY","40228"
67767,"3604 Ripple Creek Dr","Louisville","KY","40229"
67768,"5107 Baywood Dr","Louisville","KY","40241"
67769,"7109 Gageland Rd","Louisville","KY","40258"
67770,"6708 Grandfield Rd","Louisville","KY","40258"
67771,"902 E Jefferson St","Louisville","KY","40206"
67772,"4210 W Muhammad Ali Blvd","Louisville","KY","40212"
67773,"3040 Woodland Ave","Louisville","KY","40211"
67774,"2500 Brownsboro Rd","Louisville","KY","40206"
67775,"5506 Sprigwood Ln","Louisville","KY","40291"
67776,"9908 Colonnades Pl","Louisville","KY","40299"
67777,"507 Leyton Ave","Louisville","KY","40222"
67778,"501 Turnstile Trce","Louisville","KY","40223"
67779,"4701 Arroyo Trl","Louisville","KY","40229"
67780,"7912 Nature Way","Louisville","KY","40218"
67781,"621 Beecher St","Louisville","KY","40215"
67782,"11010 Saybrook Ct","Louisville","KY","40229"
67783,"5329 Rodgers Rd","Louisville","KY","40258"
67784,"4312 Dawkins Ct","Louisville","KY","40229"
67785,"3621 Kelly Way","Louisville","KY","40220"
67786,"6606 E Manslick Rd","Louisville","KY","40228"
67787,"734 S 31st St","Louisville","KY","40211"
67788,"203 Granvil Dr","Louisville","KY","40218"
67789,"5727 Bay Harbor Dr","Louisville","KY","40228"
67790,"2707 Llandovery Dr","Louisville","KY","40299"
67791,"1218 S Preston St","Louisville","KY","40203"
67792,"1148 W Indian Trl","Louisville","KY","40213"
67793,"616 Inverness Ave","Louisville","KY","40214"
67794,"1007 Walter Ave","Louisville","KY","40215"
67795,"1711 Meyers Ln","Louisville","KY","40216"
67796,"4408 Wilmoth Ave","Louisville","KY","40216"
67797,"948 S Hancock St","Louisville","KY","40203"
67798,"3414 Grand Ave","Louisville","KY","40211"
67799,"1325 Lydia St","Louisville","KY","40217"
67800,"4408 Exeter Ave","Louisville","KY","40218"
67801,"8206 Candleglow Ln","Louisville","KY","40214"
67802,"7902 Westbrook Rd","Louisville","KY","40258"
67803,"4314 Hickoryview Dr","Louisville","KY","40299"
67804,"8200 Latania Dr","Louisville","KY","40258"
67805,"2510 Proctor Knott Dr","Louisville","KY","40218"
67806,"9207 Fawnridge Pl","Louisville","KY","40229"
67807,"1018 Lynnhurst Ave","Louisville","KY","40215"
67808,"9205 Whipps Mill Rd","Louisville","KY","40242"
67809,"1119 Ireland Dr","Louisville","KY","40219"
67810,"4926 Hames Trce","Louisville","KY","40291"
67811,"9209 Woodhurst Ct","Louisville","KY","40222"
67812,"1731 Dumesnil St","Louisville","KY","40210"
67813,"430 Ethridge Ave","Unit 205","Louisville",
67814,"1524 Longfield Ave","Louisville","KY","40215"
67815,"6907 Catalpa Springs Dr","Louisville","KY","40228"
67816,"2159 Sherwood Ave","Louisville","KY","40205"
67817,"6704 Tamarind Ct","Louisville","KY","40219"
67818,"12507 Nassau Ln","Louisville","KY","40243"
67819,"3810 Parker Ave","Louisville","KY","40212"
67820,"1268 Cherokee Rd","Louisville","KY","40204"
67821,"106 E Collins Ct","Louisville","KY","40214"
67822,"2210 Dumesnil St","Louisville","KY","40210"
67823,"459 S 41st St","Louisville","KY","40212"
67824,"823 Sylvia St","Louisville","KY","40217"
67825,"924 Cecil Ave","Louisville","KY","40211"
67826,"1802 Sherwood Ave","Louisville","KY","40205"
67827,"4933 S 3rd St","Louisville","KY","40214"
67828,"3029 Wedgewood Way","Louisville","KY","40220"
67829,"4507 Saint Rita Dr","Louisville","KY","40219"
67830,"1160 S 41st St","Louisville","KY","40211"
67831,"7007 Bedford Ln","Louisville","KY","40222"
67832,"12618 Bay Tree Way","Louisville","KY","40245"
67833,"1708 Cloverbrook Dr","Louisville","KY","40215"
67834,"2132 S 40th St","Louisville","KY","40211"
67835,"4006 Glenhurst Ave","Louisville","KY","40216"
67836,"337 Oxford Ln","Louisville","KY","40229"
67837,"3804 Sedalia Trl","Louisville","KY","40272"
67838,"3702 Cutler Rd","Louisville","KY","40219"
67839,"7904 Avanti Way","Louisville","KY","40291"
67840,"12228 Ridgemont Rd","Louisville","KY","40229"
67841,"10964 Old Harrods Woods Cir","Louisville","KY","40223"
67842,"3008 Christiana Woods Ct","Louisville","KY","40299"
67843,"7211 Calico Ct","Louisville","KY","40219"
67844,"5301 Carolina Crossings Way","Unit 208","Louisville",
67845,"4906 Oak Park Dr","Louisville","KY","40258"
67846,"1816 Roosevelt Ave","Louisville","KY","40242"
67847,"1931 Yale Dr","Louisville","KY","40205"
67848,"4703 Napa Ridge Ct","Louisville","KY","40299"
67849,"3609 Winchester Rd","Louisville","KY","40207"
67850,"7010 Peppermill Ln","Louisville","KY","40228"
67851,"14111 Tree Crest Ct","Louisville","KY","40245"
67852,"3509 Lodge Ln","Apt 118","Louisville",
67853,"3006 Lencott Dr","Louisville","KY","40216"
67854,"10807 Symington Cir","Louisville","KY","40241"
67855,"10809 Symington Cir","Louisville","KY","40241"
67856,"10813 Symington Cir","Louisville","KY","40241"
67857,"958 S Hancock St","Louisville","KY","40203"
67858,"503 Fairlawn Rd","Louisville","KY","40207"
67859,"4503 Paducah Ct","Louisville","KY","40272"
67860,"5817 Granwood Pl","Louisville","KY","40258"
67861,"1429 Sale Ave","Louisville","KY","40215"
67862,"10822 Dorton Dr","Louisville","KY","40272"
67863,"4009 Fairfield Gardens Ct","Louisville","KY","40245"
67864,"405 Mockingbird Valley Rd","Louisville","KY","40207"
67865,"6419 Maravian Dr","Louisville","KY","40258"
67866,"2915 Windsor Forest Dr","Louisville","KY","40272"
67867,"4208 Shady Villa Dr","Louisville","KY","40219"
67868,"11000 Wooded Lake Ct","Louisville","KY","40299"
67869,"2409 Pikes Peak Blvd","Louisville","KY","40214"
67870,"3712 Hanover Rd","Louisville","KY","40207"
67871,"2813 Windsor Forest Dr","Louisville","KY","40272"
67872,"7213 Calico Ct","Louisville","KY","40219"
67873,"13019 Willow Forest Dr","Louisville","KY","40245"
67874,"11416 Flowervale Ln","Louisville","KY","40272"
67875,"1035 Lydia St","Louisville","KY","40217"
67876,"1204 E Kentucky St","Louisville","KY","40204"
67877,"155 William St","Louisville","KY","40206"
67878,"6325 Maravian Dr","Louisville","KY","40258"
67879,"12122 Bay Run Dr","Louisville","KY","40245"
67880,"5814 Lake Erie Dr","Louisville","KY","40291"
67881,"4409 Chenwood Ln","Louisville","KY","40299"
67882,"5103 Oldshire Rd","Louisville","KY","40229"
67883,"9809 Tiverton Way","Louisville","KY","40242"
67884,"10216 Springhurst Gardens Cir","Louisville","KY","40241"
67885,"3603 Hughes Rd","Louisville","KY","40207"
67886,"11122 Brookley Dr","Louisville","KY","40229"
67887,"10110 Woodlea Way","Louisville","KY","40229"
67888,"9808 Lakewood Dr","Louisville","KY","40272"
67889,"1026 E Saint Catherine St","Louisville","KY","40204"
67890,"4001 Stoneview Dr","Apt 3","Louisville",
67891,"9200 Wilson Ave","Louisville","KY","40242"
67892,"4018 Winchester Rd","Louisville","KY","40207"
67893,"7308 Paiute Rd","Louisville","KY","40214"
67894,"3610 Stonyrun Dr","Louisville","KY","40220"
67895,"6407 Glendale Rd","Louisville","KY","40291"
67896,"6711 El Rancho Rd","Louisville","KY","40291"
67897,"1809 Dubourg Ave","Louisville","KY","40216"
67898,"4013 Mimosa View Dr","Louisville","KY","40299"
67899,"3507 Winterberry Cir","Louisville","KY","40207"
67900,"9007 Seaton Springs Pkwy","Louisville","KY","40222"
67901,"12604 S Pope Lick Rd","Louisville","KY","40299"
67902,"7509 Pintail Dr","Louisville","KY","40258"
67903,"8806 Temperate Ct","Louisville","KY","40229"
67904,"6304 Southside Dr","Louisville","KY","40214"
67905,"10818 Symington Cir","Louisville","KY","40241"
67906,"4522 Trey Ct","Louisville","KY","40220"
67907,"1424 Rutland Club Ct","Louisville","KY","40245"
67908,"217 Haldeman Ave","Louisville","KY","40206"
67909,"3911 Landherr Dr","Louisville","KY","40299"
67910,"4734 Brownsboro Rd","Louisville","KY","40207"
67911,"9415 Alex Ct","Louisville","KY","40299"
67912,"9720 Hunting Ground Ct","Louisville","KY","40228"
67913,"10402 Falling Tree Way","Louisville","KY","40223"
67914,"14018 Waters Edge Dr","Louisville","KY","40245"
67915,"1625 Dumesnil St","Louisville","KY","40210"
67916,"13700 English Ivy Ct","Louisville","KY","40299"
67917,"11103 Oliverda Dr","Louisville","KY","40272"
67918,"1157 S 1st St","Apt 1","Louisville",
67919,"1714 W Chestnut St","Louisville","KY","40203"
67920,"4711 Southern Pkwy","Louisville","KY","40214"
67921,"11210 Bakers Falls Ct","Louisville","KY","40299"
67922,"5900 Whispering Hills Blvd","Louisville","KY","40219"
67923,"1207 Hull St","Louisville","KY","40204"
67924,"9610 River Trail Dr","Louisville","KY","40229"
67925,"9724 Stream View Trl","Louisville","KY","40258"
67926,"6417 Maravian Dr","Louisville","KY","40258"
67927,"3623 Breckenridge Ln","Louisville","KY","40218"
67928,"9908 Windfall Trce","Louisville","KY","40223"
67929,"219 Fairmeade Rd","Louisville","KY","40207"
67930,"11808 Longview Farm Dr","Louisville","KY","40299"
67931,"9203 Springbrooke Cir","Louisville","KY","40241"
67932,"153 Springwood Dr","Louisville","KY","40229"
67933,"5719 Bay Harbor Dr","Louisville","KY","40228"
67934,"5717 Bay Harbor Dr","Louisville","KY","40228"
67935,"12604 Bay Tree Way","Louisville","KY","40245"
67936,"12906 Willow Forest Dr","Louisville","KY","40245"
67937,"7212 Blazier Ct","Louisville","KY","40228"
67938,"10901 Lanette Ct","Louisville","KY","40229"
67939,"8803 Maplecreek Dr","Louisville","KY","40219"
67940,"8500 Chase Rd","Louisville","KY","40258"
67941,"10909 Symington Cir","Louisville","KY","40241"
67942,"2716 W Jefferson St","Louisville","KY","40212"
67943,"1004 Dixon Ave","Louisville","KY","40217"
67944,"1652 Richmond Dr","Louisville","KY","40205"
67945,"6221 Upper Hunters Trce","Louisville","KY","40216"
67946,"4809 Arling Ct","Louisville","KY","40215"
67947,"112 N Longworth Ave","Louisville","KY","40212"
67948,"230 Gheens Ave","Louisville","KY","40214"
67949,"7109 Nachand Ln","Louisville","KY","40218"
67950,"8535 Aspen Glen Way","Louisville","KY","40228"
67951,"5511 Fairwood Oaks Pl","Louisville","KY","40291"
67952,"8816 Jan Way","Louisville","KY","40219"
67953,"5423 Carol Way","Louisville","KY","40214"
67954,"3423 Fayette Ave","Louisville","KY","40213"
67955,"10304 Old Altar Ct","Louisville","KY","40291"
67956,"8631 Sanctuary Ln","Louisville","KY","40291"
67957,"1229 Krupp Park Dr","Louisville","KY","40213"
67958,"376 Winton Ave","Louisville","KY","40206"
67959,"9901 Red Run Ct","Louisville","KY","40291"
67960,"9700 Long Rifle Ln","Louisville","KY","40291"
67961,"1016 Lincoln Ave","Louisville","KY","40208"
67962,"3916 Stonyrun Dr","Louisville","KY","40220"
67963,"7109 Atur Ln","Louisville","KY","40258"
67964,"9202 Artis Way","Louisville","KY","40291"
67965,"8104 Jasmine Ln","Louisville","KY","40228"
67966,"6721 Cassidy Cir","Louisville","KY","40229"
67967,"9308 Old Six Mile Ln","Louisville","KY","40299"
67968,"3618 Gaymont Ct","Louisville","KY","40214"
67969,"13707 Saddlecreek Dr","Louisville","KY","40245"
67970,"11513 Fisherman Way","Louisville","KY","40241"
67971,"12464 Spring Trace Ct","Louisville","KY","40229"
67972,"406 Westwood Dr","Louisville","KY","40243"
67973,"9000 Fawn Ct","Louisville","KY","40242"
67974,"2819 Griffiths Ave","Louisville","KY","40212"
67975,"901 Algonquin Pkwy","Louisville","KY","40208"
67976,"7819 Windgate Dr","Louisville","KY","40291"
67977,"3214 Taylor Blvd","Louisville","KY","40215"
67978,"1815 Gardiner Ln","Apt D40","Louisville",
67979,"529 Leicester Cir","Louisville","KY","40222"
67980,"4103 Tuxford Way","Louisville","KY","40241"
67981,"12200 Brookgreen Dr","Louisville","KY","40243"
67982,"230 Idlewylde Dr","Louisville","KY","40206"
67983,"2240 Valley Vista Rd","Louisville","KY","40205"
67984,"1398 S 1st St","Louisville","KY","40208"
67985,"300 Bakers Ln","Louisville","KY","40214"
67986,"510 Vineleaf Dr","Louisville","KY","40222"
67987,"4210 Southern Farm Blvd","Louisville","KY","40216"
67988,"1212 Larue Ave","Louisville","KY","40213"
67989,"1013 Sale Ave","Louisville","KY","40215"
67990,"1713 Cardinal Ct","Louisville","KY","40216"
67991,"12809 Willow Tree Ln","Louisville","KY","40299"
67992,"3008 Somber Way","Louisville","KY","40220"
67993,"2552 Martin Ave","Louisville","KY","40216"
67994,"12402 Alfred Berry Ct","Louisville","KY","40223"
67995,"7613 Stone Ledge Rd","Louisville","KY","40291"
67996,"2808 Girard Dr","Louisville","KY","40213"
67997,"9502 Walnutwood Way","Louisville","KY","40299"
67998,"736 S 40th St","Louisville","KY","40211"
67999,"169 Ledgewood Ct","Louisville","KY","40229"
68000,"3501 Illinois Ave","Apt E4","Louisville",
68001,"1468 Cypress St","Louisville","KY","40210"
68002,"945 Palatka Rd","Louisville","KY","40214"
68003,"9305 Wood Hollow Rd","Louisville","KY","40229"
68004,"3919 S 3rd St","Louisville","KY","40214"
68005,"9611 Riverwalk Ave","Louisville","KY","40229"
68006,"9615 Riverwalk Ave","Louisville","KY","40229"
68007,"1112 Highland Ave","Louisville","KY","40204"
68008,"6420 Maravian Dr","Louisville","KY","40258"
68009,"907 E Washington St","Louisville","KY","40206"
68010,"6518 Cady Dr","Louisville","KY","40258"
68011,"14200 Victory Ridge Dr","Louisville","KY","40245"
68012,"5926 Saddle Blanket Dr","Louisville","KY","40219"
68013,"1015 Fenley Ave","Louisville","KY","40222"
68014,"7519 Nachand Ln","Louisville","KY","40218"
68015,"12348 Springmeadow Dr","Louisville","KY","40229"
68016,"6204 Sheila Rd","Louisville","KY","40219"
68017,"1017 Windsong Way","Louisville","KY","40207"
68018,"13920 Fancy Gap Dr","Louisville","KY","40299"
68019,"3215 Oak Haven Ct","Louisville","KY","40220"
68020,"11718 La Grange Rd","Louisville","KY","40223"
68021,"3101 Lynnwood Way","Louisville","KY","40299"
68022,"5014 Feys Dr","Louisville","KY","40216"
68023,"3142 Northland Dr","Louisville","KY","40216"
68024,"4405 Billy Bone Ct","Louisville","KY","40229"
68025,"1613 Texas Ave","Louisville","KY","40217"
68026,"2538 Garland Ave","Louisville","KY","40211"
68027,"9309 Wood Hollow Rd","Louisville","KY","40229"
68028,"221 Bramton Rd","Louisville","KY","40207"
68029,"4817 Burris Dr","Louisville","KY","40291"
68030,"7703 Dominique Dr","Louisville","KY","40228"
68031,"4908 Roman Dr","Louisville","KY","40291"
68032,"1510 Quadrant Ave","Louisville","KY","40205"
68033,"3514 Wexford Dr","Louisville","KY","40218"
68034,"115 Brown Ave","Louisville","KY","40207"
68035,"10214 Starlight Way","Louisville","KY","40272"
68036,"2000 Marilee Dr","Louisville","KY","40272"
68037,"2913 Meadow Farms Pl","Louisville","KY","40245"
68038,"13702 English Ivy Ct","Louisville","KY","40299"
68039,"10814 Symington Cir","Louisville","KY","40241"
68040,"206 Butterfly Ln","Louisville","KY","40229"
68041,"14205 Fairfield Meadows Ct","Louisville","KY","40245"
68042,"8201 Candelabrum Pl","Louisville","KY","40214"
68043,"125 Fairfax Ave","Louisville","KY","40207"
68044,"6808 Green Meadow Cir","Louisville","KY","40207"
68045,"6305 Krause Ave","Louisville","KY","40216"
68046,"3915 Staebler Ave","Louisville","KY","40207"
68047,"139 Stoll Ave","Louisville","KY","40206"
68048,"9307 Wood Hollow Rd","Louisville","KY","40229"
68049,"4330 Hillside Dr","Louisville","KY","40216"
68050,"5207 Johnsontown Rd","Louisville","KY","40272"
68051,"2814 Deshler Dr","Louisville","KY","40213"
68052,"3215 Kirby Ave","Louisville","KY","40211"
68053,"2325 Quinn Dr","Louisville","KY","40216"
68054,"1463 Mellwood Ave","Louisville","KY","40206"
68055,"9702 River Birch Dr","Louisville","KY","40291"
68056,"5214 Mount Holyoke Dr","Louisville","KY","40216"
68057,"8407 Blue Lick Rd","Louisville","KY","40219"
68058,"4906 D Lue Ct","Louisville","KY","40216"
68059,"1611 Tunisian Way","Louisville","KY","40214"
68060,"403 Fellswood Pl","Louisville","KY","40243"
68061,"5705 Bay Harbor Dr","Louisville","KY","40228"
68062,"9004 Green Garden Ct","Louisville","KY","40220"
68063,"6801 Chepstow Ct","Louisville","KY","40207"
68064,"4106 Pixley Way","Louisville","KY","40219"
68065,"715 W Whitney Ave","Louisville","KY","40215"
68066,"4010 Norbourne Blvd","Louisville","KY","40207"
68067,"133 S Crestmoor Ave","Louisville","KY","40206"
68068,"326 E Esplanade Ave","Louisville","KY","40214"
68069,"4402 Bradshaw Pl","Louisville","KY","40218"
68070,"8803 Cottingham Way","Louisville","KY","40258"
68071,"5212 Monticello Ave","Louisville","KY","40218"
68072,"3306 Young Ave","Louisville","KY","40211"
68073,"8207 Flicker Pl","Louisville","KY","40214"
68074,"8515 Carmil Dr","Louisville","KY","40291"
68075,"5615 Bradbury Ave","Louisville","KY","40258"
68076,"10623 Black Iron Rd","Louisville","KY","40291"
68077,"4205 S Park Rd","Louisville","KY","40219"
68078,"4526 Borney Cir","Louisville","KY","40299"
68079,"3611 Little John Ct","Louisville","KY","40219"
68080,"4423 Malcolm Rd","Louisville","KY","40216"
68081,"14625 Inspiration Ct","Louisville","KY","40245"
68082,"4406 Bridgeman Ct","Louisville","KY","40218"
68083,"15302 Champion Lakes Pl","Louisville","KY","40245"
68084,"408 Marquette Dr","Louisville","KY","40222"
68085,"3409 Nelinda May Dr","Louisville","KY","40213"
68086,"3306 Noe Way","Louisville","KY","40220"
68087,"638 S 37th St","Louisville","KY","40211"
68088,"1764 W Gaulbert Ave","Louisville","KY","40210"
68089,"948 Burton Ave","Louisville","KY","40208"
68090,"3708 Montclair Ave","Louisville","KY","40218"
68091,"221 N Clifton Ave","Apt 17","Louisville",
68092,"311 N 42nd St","Louisville","KY","40212"
68093,"3518 Autumn Way","Louisville","KY","40218"
68094,"6100 Frey Dr","Louisville","KY","40219"
68095,"195 Crescent Ave","Louisville","KY","40206"
68096,"5509 Barksdale Dr","Louisville","KY","40258"
68097,"371 S Galt Ave","Louisville","KY","40206"
68098,"6413 Southside Dr","Louisville","KY","40214"
68099,"8008 Barbour Manor Dr","Louisville","KY","40241"
68100,"114 Stoll Ave","Louisville","KY","40206"
68101,"1040 Cherokee Rd","Apt D1","Louisville",
68102,"6707 Wynde Manor Dr","Louisville","KY","40228"
68103,"4413 Bellevue Ave","Louisville","KY","40215"
68104,"6904 Woodhaven Place Dr","Louisville","KY","40228"
68105,"9608 Marceitta Way","Louisville","KY","40291"
68106,"2311 Wrocklage Ave","Louisville","KY","40205"
68107,"1625 Sutherland Dr","Louisville","KY","40205"
68108,"1506 Hobart Ct","Louisville","KY","40216"
68109,"3216 Welman Dr","Louisville","KY","40216"
68110,"7832 Texlyn Ct","Louisville","KY","40258"
68111,"8116 Horizon Ln","Louisville","KY","40219"
68112,"1613 Linda Way","Louisville","KY","40216"
68113,"4206 Berkshire Ave","Louisville","KY","40220"
68114,"307 Winston Ct","Louisville","KY","40229"
68115,"401 Fairmeade Ct","Louisville","KY","40207"
68116,"6214 Winding Stream Dr","Louisville","KY","40272"
68117,"203 Logsdon Ct","Louisville","KY","40243"
68118,"1813 Duncan St","Louisville","KY","40203"
68119,"5100 Us Hwy","42 Apt 521","Louisville",
68120,"5911 Colebrooke Ln","Louisville","KY","40219"
68121,"5511 Shorewood Dr","Louisville","KY","40214"
68122,"2809 Newburg Rd","Louisville","KY","40205"
68123,"811 Hazel St","Louisville","KY","40211"
68124,"4213 Hillview Ave","Louisville","KY","40216"
68125,"8819 Mountain Brook Dr","Louisville","KY","40272"
68126,"7210 Briscoe Vista Way","Louisville","KY","40228"
68127,"4724 Quinn Dr","Louisville","KY","40216"
68128,"5209 Alba Way","Louisville","KY","40213"
68129,"410 Westwood Dr","Louisville","KY","40243"
68130,"9319 Springbrooke Cir","Louisville","KY","40241"
68131,"714 Wicklow Rd","Louisville","KY","40207"
68132,"4017 Cheviot Dr","Louisville","KY","40216"
68133,"441 Swing Ln","Louisville","KY","40207"
68134,"309 Alcott Rd","Louisville","KY","40207"
68135,"10512 Irvin Pines Dr","Louisville","KY","40229"
68136,"12466 Spring Trace Ct","Louisville","KY","40229"
68137,"15120 Meadow Farms Ct","Louisville","KY","40245"
68138,"5503 Velvet Ct","Louisville","KY","40272"
68139,"7509 Yorktown Rd","Louisville","KY","40214"
68140,"9406 Coolridge Dr","Louisville","KY","40229"
68141,"6116 Leonard Way","Louisville","KY","40229"
68142,"6111 Red Spruce Dr","Louisville","KY","40229"
68143,"1234 Payne St","Louisville","KY","40204"
68144,"9502 Arrowridge Dr","Louisville","KY","40229"
68145,"4529 Sandhill Rd","Louisville","KY","40219"
68146,"801 Candleglow Ct","Louisville","KY","40214"
68147,"1610 S 32nd St","Louisville","KY","40211"
68148,"14710 Forbes Cir","Louisville","KY","40245"
68149,"8800 Mount Gerald Ct","Louisville","KY","40291"
68150,"3214 Cheval Way","Louisville","KY","40299"
68151,"4826 S 5th St","Louisville","KY","40214"
68152,"12811 Dove Lake Dr","Louisville","KY","40299"
68153,"9006 Wooded Glen Rd","Louisville","KY","40220"
68154,"5408 Mt Holyoke Dr","Louisville","KY","40216"
68155,"3020 W Main St","Louisville","KY","40212"
68156,"3924 S 3rd St","Louisville","KY","40214"
68157,"3421 W Muhammad Ali Blvd","Louisville","KY","40212"
68158,"3035 Virginia Ave","Louisville","KY","40211"
68159,"3009 Juniper Hill Rd","Louisville","KY","40206"
68160,"212 Kim Ct","Louisville","KY","40214"
68161,"3801 Chatham Rd","Louisville","KY","40218"
68162,"5324 Layne Rd","Louisville","KY","40219"
68163,"2717 Cranston Dr","Louisville","KY","40299"
68164,"4515 Chenwood Ln","Louisville","KY","40299"
68165,"5406 Clover Ave","Louisville","KY","40272"
68166,"5201 Regent Way","Louisville","KY","40218"
68167,"12411 Somerset Dr","Louisville","KY","40229"
68168,"5702 Walnut Way","Louisville","KY","40229"
68169,"2709 Shannon Dr","Louisville","KY","40220"
68170,"3303 Bohannon Ave","Louisville","KY","40215"
68171,"10811 Symington Cir","Louisville","KY","40241"
68172,"13004 Willow Forest Dr","Louisville","KY","40245"
68173,"2309 Franklin Ave","Louisville","KY","40216"
68174,"1829 Farnsley Rd","Louisville","KY","40216"
68175,"230 Moser Rd","Louisville","KY","40223"
68176,"4742 Brownsboro Gardens Dr","Louisville","KY","40241"
68177,"9904 Robsion Rd","Louisville","KY","40299"
68178,"1904 Lauderdale Rd","Louisville","KY","40205"
68179,"8304 Chel Ct","Louisville","KY","40219"
68180,"7413 York River Rd","Louisville","KY","40214"
68181,"2605 Summerfield Dr","Louisville","KY","40220"
68182,"3219 Dupin Dr","Louisville","KY","40219"
68183,"9926 Appollo Ln","Louisville","KY","40272"
68184,"4307 Seagrape Rd","Louisville","KY","40299"
68185,"620 Ervay Ave","Louisville","KY","40217"
68186,"10320 Overoaks Ct","Louisville","KY","40291"
68187,"961 S Jackson St","Louisville","KY","40203"
68188,"120 N 43rd St","Louisville","KY","40212"
68189,"9600 Marceitta Way","Louisville","KY","40291"
68190,"3103 Claridge Green Park","Louisville","KY","40241"
68191,"7705 Mackie Ln","Louisville","KY","40214"
68192,"2306 Meadow Dr","Louisville","KY","40218"
68193,"303 E Kenwood Dr","Louisville","KY","40214"
68194,"947 Audubon Pkwy","Louisville","KY","40213"
68195,"4117 Bay Pointe Dr","Louisville","KY","40241"
68196,"10502 Pointe Bay Blvd","Louisville","KY","40241"
68197,"6717 Fernbush Dr","Louisville","KY","40228"
68198,"510 Denmark St","Louisville","KY","40215"
68199,"5005 Barbara Ave","Louisville","KY","40258"
68200,"8507 Atrium Dr","Apt 301","Louisville",
68201,"5613 Ridgecrest Rd","Louisville","KY","40218"
68202,"5407 Minor Ln","Louisville","KY","40219"
68203,"2808 Thistlewood Dr","Louisville","KY","40206"
68204,"5501 Velvet Ct","Louisville","KY","40272"
68205,"4200 Gingerwood Dr","Louisville","KY","40220"
68206,"9 Denham Rd","Louisville","KY","40205"
68207,"12503 Kirkham Rd","Louisville","KY","40299"
68208,"1903 The Meadow Rd","Louisville","KY","40223"
68209,"2237 7th Street Rd","Louisville","KY","40208"
68210,"8722 Vision Pl","Louisville","KY","40229"
68211,"10920 Youngtown Dr","Louisville","KY","40272"
68212,"1711 Sonne Ave","Louisville","KY","40216"
68213,"1105 Rostrevor Cir","Louisville","KY","40205"
68214,"5209 Bonita Ln","Louisville","KY","40213"
68215,"5002 Axtell Ave","Louisville","KY","40258"
68216,"6918 Bartlett Rd","Louisville","KY","40218"
68217,"4208 Hewitt Ave","Louisville","KY","40220"
68218,"403 Mckirkland Pl","Louisville","KY","40245"
68219,"13607 Sample Ct","Louisville","KY","40245"
68220,"2626 Neblett Ave","Louisville","KY","40216"
68221,"5701 Locust Way","Louisville","KY","40229"
68222,"3012 Dartmouth Ave","Louisville","KY","40205"
68223,"8409 Old Boundary Rd","Louisville","KY","40291"
68224,"750 Zorn Ave","Apt 16","Louisville",
68225,"4901 S Watterson Trl","Louisville","KY","40291"
68226,"2207 Garrs Ln","Louisville","KY","40216"
68227,"1010 Charles St","Louisville","KY","40204"
68228,"9315 Felsmere Cir","Louisville","KY","40241"
68229,"3106 Klonway Dr","# 3106","Louisville",
68230,"216 Gheens Ave","Louisville","KY","40214"
68231,"4800 Kingfisher Way","Louisville","KY","40213"
68232,"3502 Janell Rd","Louisville","KY","40216"
68233,"1704 Loney Ln","Louisville","KY","40216"
68234,"12841 Bay Tree Way","Louisville","KY","40245"
68235,"4205 Gaudet Rd","Louisville","KY","40299"
68236,"1265 Springdale Dr","Louisville","KY","40213"
68237,"3106 Klonway Dr","Louisville","KY","40220"
68238,"2500 Longest Ave","Louisville","KY","40204"
68239,"2611 Aylesbury Ct","Louisville","KY","40242"
68240,"512 Gheens Ave","Louisville","KY","40214"
68241,"5900 Saddle Blanket Dr","Louisville","KY","40219"
68242,"3027 Wynfield Mews Ln","Louisville","KY","40206"
68243,"4416 Estate Dr","Louisville","KY","40216"
68244,"359 Blossom Rd","Louisville","KY","40229"
68245,"710 Inspiration Way","Louisville","KY","40245"
68246,"3916 Tally Ho Ct","Louisville","KY","40299"
68247,"312 Merriman Rd","Louisville","KY","40207"
68248,"9802 Whipps Mill Rd","Unit 3","Louisville",
68249,"1440 Lillian Ave","Louisville","KY","40208"
68250,"2602 Wilburlook Ln","Louisville","KY","40220"
68251,"1914 W Chestnut St","Louisville","KY","40203"
68252,"6000 Morning Glory Ln","Louisville","KY","40258"
68253,"6353 Limewood Cir","Louisville","KY","40222"
68254,"7004 Applegate Ln","Louisville","KY","40228"
68255,"10411 Going Ct","Louisville","KY","40241"
68256,"3825 Parker Ave","Louisville","KY","40212"
68257,"3220 Welman Dr","Louisville","KY","40216"
68258,"9603 Riverwalk Ave","Louisville","KY","40229"
68259,"4605 Palma Rd","Louisville","KY","40272"
68260,"4106 Southern Farm Blvd","Louisville","KY","40216"
68261,"118 Blaine Rd","Louisville","KY","40222"
68262,"4201 Retreat Rd","Louisville","KY","40219"
68263,"2319 Carolina Ave","Louisville","KY","40205"
68264,"420 Bermuda Way","Louisville","KY","40243"
68265,"801 Thorpe Dr","Louisville","KY","40243"
68266,"309 Longview Park Pl","Louisville","KY","40245"
68267,"1404 Mckinley Ave","Louisville","KY","40217"
68268,"4308 Retreat Rd","Louisville","KY","40219"
68269,"10708 Slippery Elm Dr","Louisville","KY","40291"
68270,"18220 Bridgemore Ln","Louisville","KY","40245"
68271,"1201 Taxus Top Ln","Unit 201","Louisville",
68272,"576 Sunset Rd","Louisville","KY","40206"
68273,"6805 Rock Hollow Dr","Louisville","KY","40219"
68274,"2916 W Kentucky St","Louisville","KY","40211"
68275,"3611 Grand Ave","Louisville","KY","40211"
68276,"1403 Community Way","Louisville","KY","40222"
68277,"12107 Saint Clair Dr","Louisville","KY","40243"
68278,"811 S 31st St","Louisville","KY","40211"
68279,"13711 Reamers Rd","Louisville","KY","40245"
68280,"15326 Champion Lakes Pl","Louisville","KY","40245"
68281,"2548 Saint Cecilia St","Louisville","KY","40212"
68282,"558 Longfield Ave","Louisville","KY","40215"
68283,"509 Creel Ave","Louisville","KY","40208"
68284,"1286 Willow Ave","Louisville","KY","40204"
68285,"100 E Tenny Ave","Louisville","KY","40214"
68286,"4432 S 6th St","Louisville","KY","40214"
68287,"6932 Village Gate Trce","Louisville","KY","40291"
68288,"1165 Loretta St","Louisville","KY","40213"
68289,"14810 Hedgewick Way","Louisville","KY","40245"
68290,"2714 S 4th St","Louisville","KY","40208"
68291,"3421 Fern Lea Rd","Louisville","KY","40216"
68292,"6107 Port Antonio Rd","Louisville","KY","40219"
68293,"185 Coral Ave","Louisville","KY","40206"
68294,"618 Atwood St","Louisville","KY","40217"
68295,"661 Jennymac Dr","Louisville","KY","40229"
68296,"216 Idlewylde Dr","Louisville","KY","40206"
68297,"7504 Nicole Ct","Louisville","KY","40220"
68298,"6361 Doe Run Rd","Louisville","KY","40216"
68299,"2610 Cornwall St","Louisville","KY","40212"
68300,"3013 Garey Ln","Louisville","KY","40216"
68301,"2614 Swing Dr","Louisville","KY","40299"
68302,"4211 La Salle Ave","Louisville","KY","40215"
68303,"2004 Upper Hunters Trce","Louisville","KY","40216"
68304,"7216 Hillside Dr","Louisville","KY","40214"
68305,"461 E Brandeis Ave","Louisville","KY","40217"
68306,"17218 Mallet Hill Dr","Louisville","KY","40245"
68307,"12702 Bay Tree Way","Louisville","KY","40245"
68308,"7310 Arnoldtown Rd","Louisville","KY","40214"
68309,"4522 Lake Dreamland Dr","Louisville","KY","40216"
68310,"4111 Woods View Pl","Louisville","KY","40245"
68311,"2816 Conroy Pl","Louisville","KY","40218"
68312,"7023 Rogers Ln","Louisville","KY","40272"
68313,"4424 Saint Regis Ln","Louisville","KY","40220"
68314,"14410 Willow Grove Cir","Louisville","KY","40245"
68315,"7213 Sky Blue Ave","Louisville","KY","40258"
68316,"2812 Griffiths Ave","Louisville","KY","40212"
68317,"1308 Earl Ave","Louisville","KY","40215"
68318,"4228 Grand Ave","Louisville","KY","40211"
68319,"8202 Cortland Dr","Louisville","KY","40228"
68320,"1304 Girard Dr","Louisville","KY","40222"
68321,"840 Lake Forest Pkwy","Louisville","KY","40245"
68322,"223 S 24th St","Louisville","KY","40212"
68323,"4102 Northumberland Dr","Louisville","KY","40245"
68324,"10822 Hobbs Station Rd","Louisville","KY","40223"
68325,"1921 Russell Lee Dr","Louisville","KY","40211"
68326,"3105 Flair Knoll Dr","Louisville","KY","40216"
68327,"4342 Charlotte Ann Dr","Louisville","KY","40216"
68328,"4015 Cheviot Dr","Louisville","KY","40216"
68329,"9402 Magnolia Ridge Dr","Unit 104","Louisville",
68330,"415 Buckland Trce","Louisville","KY","40245"
68331,"4012 Berkshire Ave","Louisville","KY","40220"
68332,"1708 Fraser Dr","Louisville","KY","40205"
68333,"9007 Dove Creek Ct","Louisville","KY","40242"
68334,"8400 Running Spring Dr","Louisville","KY","40241"
68335,"2613 Allston Ave","Louisville","KY","40210"
68336,"1855 Gresham Rd","Louisville","KY","40205"
68337,"1851 Kendall Ln","Louisville","KY","40216"
68338,"1810 Lauderdale Rd","Louisville","KY","40205"
68339,"4900 Rossmoor Dr","Louisville","KY","40219"
68340,"3110 Lemmah Dr","Louisville","KY","40216"
68341,"10402 Southern Meadows Dr","Apt 102","Louisville",
68342,"7314 Ridge Creek Rd","Louisville","KY","40291"
68343,"201 Wakefield Trce","Louisville","KY","40245"
68344,"4410 Dyer Ave","Louisville","KY","40213"
68345,"4403 Winter Garden Ct","Louisville","KY","40218"
68346,"8603 Loftingham Ct","Louisville","KY","40222"
68347,"4903 S Watterson Trl","Louisville","KY","40291"
68348,"4626 Idle Hour Dr","Louisville","KY","40216"
68349,"4710 Arnold Ave","Louisville","KY","40219"
68350,"13319 Eastgate Village Dr","Louisville","KY","40223"
68351,"5009 Tolkien Ct","Louisville","KY","40229"
68352,"2408 W Madison St","Louisville","KY","40211"
68353,"3110 Kipling Way","Louisville","KY","40205"
68354,"1214 Twin Willows Ln","Louisville","KY","40214"
68355,"8321 Zelma Fields Ave","Louisville","KY","40228"
68356,"10812 Taylorsville Rd","Louisville","KY","40299"
68357,"6004 Jeanine Dr","Louisville","KY","40219"
68358,"7914 Woodfern Way","Louisville","KY","40291"
68359,"10401 Grafton Hall Rd","Louisville","KY","40272"
68360,"9809 Long Rifle Ln","Louisville","KY","40291"
68361,"5407 Fruitwood Dr","Louisville","KY","40272"
68362,"1036 Queen Ave","Louisville","KY","40215"
68363,"5206 Idlewood Ln","Louisville","KY","40291"
68364,"2538 Saint Cecilia St","Louisville","KY","40212"
68365,"6900 Bellcrest Ct","Louisville","KY","40291"
68366,"4313 Billtown Rd","Louisville","KY","40299"
68367,"3236 Radiance Rd","Louisville","KY","40220"
68368,"3141 Bushmill Park","Louisville","KY","40241"
68369,"3414 Fernheather Dr","Louisville","KY","40216"
68370,"6401 Upper Hunters Trce","Louisville","KY","40216"
68371,"4011 Sea Wave Ct","Louisville","KY","40229"
68372,"6812 Applegate Ln","Louisville","KY","40228"
68373,"6803 Spourtland Dr","Louisville","KY","40228"
68374,"2403 Steeplechase Dr","Louisville","KY","40299"
68375,"4909 Mile Of Sunshine Dr","Louisville","KY","40219"
68376,"604 Maryhill Ln","Louisville","KY","40207"
68377,"4611 Jermar Dr","Louisville","KY","40216"
68378,"4515 Rita Mary Ct","Louisville","KY","40229"
68379,"1240 Hogarth Dr","Louisville","KY","40222"
68380,"3823 Jewell Ave","Louisville","KY","40212"
68381,"7907 Windgate Dr","Louisville","KY","40291"
68382,"8820 Old Ironsides Dr","Louisville","KY","40228"
68383,"4121 Browns Ln","Unit C24","Louisville",
68384,"2707 Woodmere Ave","Louisville","KY","40216"
68385,"6002 Grandel Pointe Ct","Louisville","KY","40258"
68386,"1403 Cunningham Ct","Louisville","KY","40211"
68387,"1113 Tindall Ln","Louisville","KY","40245"
68388,"3420 Pinnacle Gardens Dr","Louisville","KY","40245"
68389,"5214 Robinwood Rd","Louisville","KY","40218"
68390,"903 E Madison St","Louisville","KY","40204"
68391,"4705 Dover Rd","Louisville","KY","40216"
68392,"3425 Hardwood Forest Dr","Louisville","KY","40214"
68393,"11041 Perwinkle Ln","Louisville","KY","40291"
68394,"7701 Roswell Way","Louisville","KY","40218"
68395,"5212 Plume Dr","Louisville","KY","40258"
68396,"1043 Runell Rd","Louisville","KY","40214"
68397,"8320 Saint Armands Ct","Louisville","KY","40219"
68398,"15314 Champion Lakes Pl","Louisville","KY","40245"
68399,"2335 W Oak St","Louisville","KY","40210"
68400,"1345 Sale Ave","Louisville","KY","40215"
68401,"3802 Brody Ln","Louisville","KY","40299"
68402,"3920 Stonyrun Dr","Louisville","KY","40220"
68403,"4801 Famous Way","Louisville","KY","40219"
68404,"7200 Kane Ct","Louisville","KY","40214"
68405,"807 Palatka Rd","Louisville","KY","40214"
68406,"2169 Emerson Ave","Louisville","KY","40205"
68407,"6701 Everton Dr","Louisville","KY","40258"
68408,"4501 Southwestern Pkwy","Louisville","KY","40212"
68409,"17013 Ashburton Dr","Louisville","KY","40245"
68410,"7709 Manslick Rd","Louisville","KY","40214"
68411,"6301 Sheila Rd","Louisville","KY","40219"
68412,"3806 Landherr Dr","Louisville","KY","40299"
68413,"3902 Meadowfield Dr","Louisville","KY","40245"
68414,"10209 Windrow Ct","Louisville","KY","40223"
68415,"180 Hillside Ln","Louisville","KY","40229"
68416,"3021 Klonway Dr","Louisville","KY","40220"
68417,"5209 Oaklawn Park Dr","Louisville","KY","40299"
68418,"107 Ambling Way","Louisville","KY","40243"
68419,"1115 Kirkham Trce","Louisville","KY","40299"
68420,"10413 Buzzman Dr","Louisville","KY","40291"
68421,"1706 Yale Dr","Louisville","KY","40205"
68422,"2841 Bexley Ct","Louisville","KY","40206"
68423,"1807 Roosevelt Ave","Louisville","KY","40242"
68424,"9711 Stanalouise Dr","Louisville","KY","40291"
68425,"9922 Wyncliff Ct","Louisville","KY","40241"
68426,"8510 Atrium Dr","Apt 202","Louisville",
68427,"4013 Saint Francis Ln","Louisville","KY","40218"
68428,"7106 Brook Garden Pl","Louisville","KY","40258"
68429,"3512 Hillsboro Rd","Louisville","KY","40207"
68430,"1617 Thornberry Ave","Louisville","KY","40215"
68431,"1533 Dumesnil St","Louisville","KY","40210"
68432,"2915 Saint Xavier St","Louisville","KY","40212"
68433,"5201 Idlewood Ln","Louisville","KY","40291"
68434,"2816 Alice Ave","Louisville","KY","40220"
68435,"8376 Grand Trevi Dr","Louisville","KY","40228"
68436,"5810 Benny Rd","Louisville","KY","40258"
68437,"671 Southwestern Pkwy","Louisville","KY","40211"
68438,"10505 Harrogate Ct","Louisville","KY","40229"
68439,"509 Dorsey Way","Louisville","KY","40223"
68440,"3502 Indocin Ct","Louisville","KY","40220"
68441,"1418 St Jude Ave","Louisville","KY","40215"
68442,"648 Edith Rd","Louisville","KY","40206"
68443,"825 Washburn Ave","Louisville","KY","40222"
68444,"11115 Perwinkle Ln","Louisville","KY","40291"
68445,"7510 Eider Dr","Louisville","KY","40258"
68446,"901 Old Harrods Creek Rd","Louisville","KY","40223"
68447,"6612 Orchard Club Pl","Louisville","KY","40291"
68448,"511 Dorsey Way","Louisville","KY","40223"
68449,"4548 S 2nd St","Louisville","KY","40214"
68450,"4809 Burris Dr","Louisville","KY","40291"
68451,"4817 Jean Ave","Louisville","KY","40216"
68452,"3003 Brownsboro Vista Dr","Louisville","KY","40242"
68453,"3104 Kipling Way","Louisville","KY","40205"
68454,"431 N 41st St","Louisville","KY","40212"
68455,"6802 Yvonne Ct","Louisville","KY","40228"
68456,"7604 Blue Boy Pl","Louisville","KY","40291"
68457,"2406 Valley Vista Rd","Louisville","KY","40205"
68458,"9610 Cochise Way","Louisville","KY","40258"
68459,"4303 Stonemeadow Ct","Louisville","KY","40218"
68460,"2404 Sunshine Way","Louisville","KY","40216"
68461,"228 Buckland Trce","Louisville","KY","40245"
68462,"4600 Maris Ln","Louisville","KY","40241"
68463,"1201 Tile Factory Ln","Louisville","KY","40213"
68464,"2503 Clearbrook Dr","Louisville","KY","40220"
68465,"8902 Spalago Ct","Louisville","KY","40299"
68466,"508 Macon Ave","Louisville","KY","40207"
68467,"2056 Eastern Pkwy","Louisville","KY","40204"
68468,"5113 Withorn Sq","Louisville","KY","40241"
68469,"105 N 42nd St","Louisville","KY","40212"
68470,"5013 Woodhill Ln","Louisville","KY","40219"
68471,"5504 Hasbrook Dr","Louisville","KY","40229"
68472,"4307 Santa Paula Ln","Louisville","KY","40219"
68473,"4812 Rossmoor Dr","Louisville","KY","40219"
68474,"8308 Delightful Ct","Louisville","KY","40291"
68475,"7506 Greenwood Manor Rd","Louisville","KY","40258"
68476,"1926 Upper Hunters Trce","Louisville","KY","40216"
68477,"6208 Elizabeth Ave","Louisville","KY","40272"
68478,"16708 Mallet Hill Dr","Louisville","KY","40245"
68479,"3923 Northwestern Pkwy","Louisville","KY","40212"
68480,"5204 Cool Brook Rd","Louisville","KY","40291"
68481,"10023 Glen Meadow Rd","Louisville","KY","40241"
68482,"3805 Warner Ave","Louisville","KY","40207"
68483,"9721 Boxford Way","Louisville","KY","40242"
68484,"3814 Bonaventure Blvd","Louisville","KY","40219"
68485,"12498 Spring Falls Ct","Louisville","KY","40229"
68486,"7100 Meihaus Way","Louisville","KY","40272"
68487,"351 Oxford Ln","Louisville","KY","40229"
68488,"10824 Milwaukee Way","Louisville","KY","40272"
68489,"5202 Venus Dr","Louisville","KY","40258"
68490,"8010 Bramble Ln","Louisville","KY","40258"
68491,"10204 Easum Rd","Louisville","KY","40299"
68492,"4803 Hames Trce","Louisville","KY","40291"
68493,"269 Hillside Ln","Louisville","KY","40229"
68494,"4612 Springfield Ct","Louisville","KY","40229"
68495,"10306 Royce Ct","Apt 102","Louisville",
68496,"2316 Portland Ave","Louisville","KY","40212"
68497,"3014 Petty Jay Rd","Louisville","KY","40220"
68498,"10535 Black Iron Rd","Louisville","KY","40291"
68499,"12104 Landherr Ct","Louisville","KY","40299"
68500,"8412 Biggin Hill Ln","Louisville","KY","40220"
68501,"915 Vine St","Louisville","KY","40204"
68502,"8802 Abingdon Ct","Louisville","KY","40258"
68503,"1216 Rufer Ave","Louisville","KY","40204"
68504,"1230 Hull St","Louisville","KY","40204"
68505,"4804 Andalusia Ln","Louisville","KY","40272"
68506,"1000 High School Dr","Louisville","KY","40219"
68507,"3006 Shoreham Ln","Louisville","KY","40216"
68508,"3212 Welman Dr","Louisville","KY","40216"
68509,"10906 Blackwood Rd","Louisville","KY","40299"
68510,"1809 Janlyn Rd","Louisville","KY","40299"
68511,"1507 Weaver Ct","Louisville","KY","40211"
68512,"1225 Krupp Park Dr","Louisville","KY","40213"
68513,"9402 Fairground Rd","Louisville","KY","40291"
68514,"6911 Capella Ln","Louisville","KY","40258"
68515,"622 Woodlake Dr","Louisville","KY","40245"
68516,"1945 Deerwood Ave","Louisville","KY","40205"
68517,"1030 Garden Creek Cir","Louisville","KY","40223"
68518,"2229 Cleveland Ave","Louisville","KY","40212"
68519,"508 Auburndale Ave","Louisville","KY","40214"
68520,"3019 Stonebridge Rd","Louisville","KY","40241"
68521,"10117 Winding River Way","Louisville","KY","40229"
68522,"2823 Eleanor Ave","Louisville","KY","40205"
68523,"341 S Shawnee Ter","Louisville","KY","40212"
68524,"9703 Stream View Trl","Louisville","KY","40258"
68525,"10811 Jacqueline Way","Louisville","KY","40272"
68526,"243 Saunders Ave","Louisville","KY","40206"
68527,"5011 Graston Ave","Louisville","KY","40216"
68528,"318 Academy Lake Way","Louisville","KY","40245"
68529,"7320 Helen Ave","Louisville","KY","40258"
68530,"12500 Old Dixie Hwy","Louisville","KY","40272"
68531,"1014 E Jefferson St","Louisville","KY","40206"
68532,"5210 Briscoe Ridge Ln","Louisville","KY","40219"
68533,"4710 Plum Tree Ln","Louisville","KY","40218"
68534,"7314 Maria Ave","Louisville","KY","40222"
68535,"8411 Broecker Blvd","Louisville","KY","40241"
68536,"3709 Hillsboro Rd","Louisville","KY","40207"
68537,"9013 Dove Creek Ct","Louisville","KY","40242"
68538,"12114 Vanherr Dr","Louisville","KY","40299"
68539,"1842 Bonnycastle Ave","Louisville","KY","40205"
68540,"9616 El Prado St","Louisville","KY","40272"
68541,"1209 Taxus Top Ln","Unit 204","Louisville",
68542,"1023 Berry Blvd","Louisville","KY","40215"
68543,"619 Hatherleigh Ln","Louisville","KY","40222"
68544,"5122 Braidwood Dr","Louisville","KY","40219"
68545,"6800 Currington Cir","Louisville","KY","40258"
68546,"13619 Broken Branch Way","Louisville","KY","40245"
68547,"2419 Griffiths Ave","Louisville","KY","40212"
68548,"4702 Peach Meadow Dr","Louisville","KY","40218"
68549,"212 N Chadwick Rd","Louisville","KY","40223"
68550,"3818 Warner Ave","Louisville","KY","40207"
68551,"4108 Pleasant Glen Dr","Louisville","KY","40299"
68552,"6704 Greenlawn Rd","Louisville","KY","40222"
68553,"128 Gofton Ct","Louisville","KY","40229"
68554,"9803 Forest Village Ln","Louisville","KY","40223"
68555,"3602 Frankfort Ave","Louisville","KY","40207"
68556,"1201 Fox Gap Trce","Louisville","KY","40223"
68557,"2425 W Main St","Louisville","KY","40212"
68558,"1301 Cherokee Rd","Apt 1","Louisville",
68559,"1268 Lydia St","Louisville","KY","40217"
68560,"1367 S Brook St","Louisville","KY","40208"
68561,"4204 Greenwood Ave","Louisville","KY","40211"
68562,"4711 S 6th St","Louisville","KY","40214"
68563,"1517 Goddard Ave","Louisville","KY","40204"
68564,"4005 Greenbrook Ct","Louisville","KY","40220"
68565,"315 Franck Ave","Louisville","KY","40206"
68566,"1308 Walter Ave","Louisville","KY","40215"
68567,"14113 Spring Mill Rd","Louisville","KY","40245"
68568,"3507 Coventry Tee Ct","Louisville","KY","40241"
68569,"7814 Fair Ln","Louisville","KY","40291"
68570,"4304 Rockwood Dr","Louisville","KY","40220"
68571,"122 Winston Ct","Louisville","KY","40229"
68572,"6900 Lower Hunters Trce","Louisville","KY","40258"
68573,"4010 Springhill Rd","Louisville","KY","40207"
68574,"1819 Allston Ave","Louisville","KY","40210"
68575,"1610 Cypress St","Louisville","KY","40210"
68576,"2902 Meadowlark Ave","Louisville","KY","40206"
68577,"5012 Woodsend Rd","Louisville","KY","40229"
68578,"502 Landis Lakes Ct","Louisville","KY","40245"
68579,"10409 Pebblestone Cir","Louisville","KY","40229"
68580,"4008 Smallboat Ct","Louisville","KY","40229"
68581,"2927 Grinstead Dr","Louisville","KY","40206"
68582,"1263 E Burnett Ave","Louisville","KY","40217"
68583,"359 Saguaro Dr","Louisville","KY","40229"
68584,"8903 Bolivar Ct","Louisville","KY","40299"
68585,"908 Locust Pointe Pl","Louisville","KY","40245"
68586,"2824 Saint Xavier St","Louisville","KY","40212"
68587,"11622 Pierce Way","Louisville","KY","40272"
68588,"4973 Winding Spring Cir","Louisville","KY","40245"
68589,"4113 Berenger Field Dr","Louisville","KY","40299"
68590,"640 Zorn Ave","Apt 5D","Louisville",
68591,"8309 Roseborough Rd","Louisville","KY","40228"
68592,"804 Flicker Rd","Louisville","KY","40214"
68593,"6101 Dutchmans Ln","Louisville","KY","40205"
68594,"5408 Tracy Way","Louisville","KY","40214"
68595,"839 S 31st St","Louisville","KY","40211"
68596,"12206 Jonel Ct","Louisville","KY","40245"
68597,"4522 Meadowlark Manor Ln","Louisville","KY","40245"
68598,"9811 Oakshire Dr","Louisville","KY","40299"
68599,"4718 Mud Ln","Louisville","KY","40229"
68600,"6021 Clearwater Cir","Louisville","KY","40219"
68601,"1431 Homeview Dr","Louisville","KY","40215"
68602,"4705 Granada Dr","Louisville","KY","40272"
68603,"4105 Willow Reed Pl","Louisville","KY","40299"
68604,"6840 Arbor Creek Dr","Louisville","KY","40228"
68605,"4608 Shasta Trl","Louisville","KY","40213"
68606,"2345 Payne St","Louisville","KY","40206"
68607,"10521 Providence Dr","Louisville","KY","40291"
68608,"2910 Annie Ave","Louisville","KY","40211"
68609,"6736 Cassidy Cir","Louisville","KY","40229"
68610,"3031 Aubert Ave","Louisville","KY","40206"
68611,"5208 Mount Holyoke Dr","Louisville","KY","40216"
68612,"14318 Woodland Ridge Dr","Louisville","KY","40245"
68613,"8011 Aspen Green Ln","Louisville","KY","40291"
68614,"3916 Kurtz Ave","Louisville","KY","40229"
68615,"4005 Mulberry Row Way","Louisville","KY","40299"
68616,"936 Lydia St","Louisville","KY","40217"
68617,"811 Algonquin Pkwy","Louisville","KY","40208"
68618,"3120 Roselawn Blvd","Louisville","KY","40220"
68619,"4026 Midland Ave","Louisville","KY","40220"
68620,"9006 Admiral Dr","Louisville","KY","40229"
68621,"2653 Taylorsville Rd","Apt 1A","Louisville",
68622,"1119 Balmoral Dr","Louisville","KY","40205"
68623,"3014 Eagle Pass","Louisville","KY","40217"
68624,"1209 Euclid Ave","Louisville","KY","40208"
68625,"5100 Us Hwy","42 Apt 111","Louisville",
68626,"2304 Loney Ln","Louisville","KY","40216"
68627,"309 Glendora Ave","Louisville","KY","40212"
68628,"10910 Keene Rd","Louisville","KY","40241"
68629,"2514 Coronet Dr","Louisville","KY","40216"
68630,"1619 Lois Morris Dr","Louisville","KY","40211"
68631,"3907 Mimosa View Dr","Louisville","KY","40299"
68632,"7101 Columbia Ave","Louisville","KY","40222"
68633,"1443 Taylor Ave","Louisville","KY","40213"
68634,"14112 Victory Ridge Dr","Louisville","KY","40245"
68635,"310 Academy Lake Way","Louisville","KY","40245"
68636,"237 S 39th St","Louisville","KY","40212"
68637,"6404 Regal Rd","Louisville","KY","40222"
68638,"4205 Savage Dr","Louisville","KY","40216"
68639,"516 Moser Rd","Louisville","KY","40223"
68640,"4503 Mosaic Ct","Louisville","KY","40299"
68641,"4608 Yocumshire Dr","Louisville","KY","40299"
68642,"7100 Leisure Ln","Louisville","KY","40229"
68643,"3802 Ridgehurst Ct","Louisville","KY","40299"
68644,"5403 Chenoweth Park Ln","Louisville","KY","40291"
68645,"1516 Edgewood Pl","Louisville","KY","40205"
68646,"6209 Kenyon Dr","Louisville","KY","40272"
68647,"1 Dupont Way","Apt 7","Louisville",
68648,"2925 Delor Ave","Louisville","KY","40217"
68649,"943 S 47th St","Louisville","KY","40211"
68650,"9622 Combs Ln","Louisville","KY","40258"
68651,"8013 Kendrick Crossing Ln","Louisville","KY","40291"
68652,"1608 S 32nd St","Louisville","KY","40211"
68653,"2031 Payne St","Louisville","KY","40206"
68654,"7528 Pimlico Dr","Louisville","KY","40214"
68655,"407 Scarsdale Rd","Louisville","KY","40243"
68656,"4513 Sanders Ln","Louisville","KY","40216"
68657,"1614 Stevens Ave","Louisville","KY","40205"
68658,"4702 Plum Tree Ln","Louisville","KY","40218"
68659,"4640 Oak Pointe Dr","Louisville","KY","40245"
68660,"8607 Claudia Dr","Louisville","KY","40219"
68661,"4422 Saint Regis Ln","Louisville","KY","40220"
68662,"4808 Warbler Way","Louisville","KY","40213"
68663,"13526 Forest Bend Cir","Louisville","KY","40245"
68664,"1204 Pickings Pl","Unit 104","Louisville",
68665,"1139 S 16th St","Louisville","KY","40210"
68666,"7805 Alfred Schlatter Dr","Apt 6","Louisville",
68667,"3811 W Main St","Louisville","KY","40212"
68668,"11418 Expedition Trl","Louisville","KY","40291"
68669,"8417 Ambrosse Ln","Unit 206","Louisville",
68670,"4110 Le Rente Way","Louisville","KY","40299"
68671,"122 E Tenny Ave","Louisville","KY","40214"
68672,"3447 Glendale Ave","Louisville","KY","40215"
68673,"1816 Richmond Dr","Louisville","KY","40205"
68674,"7009 Mary Laverne Dr","Louisville","KY","40219"
68675,"608 Montana Ave","Louisville","KY","40208"
68676,"10801 Golden Maple Pl","Louisville","KY","40223"
68677,"2328 Strotman Rd","Louisville","KY","40216"
68678,"3416 Chauncey Ave","Louisville","KY","40211"
68679,"9601 Riverwalk Ave","Louisville","KY","40229"
68680,"4330 Louisville Ave","Louisville","KY","40209"
68681,"112 Hillcrest Ave","Louisville","KY","40206"
68682,"3908 Sparta Dr","Louisville","KY","40219"
68683,"6608 Silo Ridge Ct","Louisville","KY","40299"
68684,"3721 Kahlert Ave","Louisville","KY","40215"
68685,"17523 Mimich Way","Louisville","KY","40245"
68686,"14115 Spring Mill Rd","Louisville","KY","40245"
68687,"264 S Steedland Dr","Louisville","KY","40229"
68688,"927 Burning Springs Cir","Louisville","KY","40223"
68689,"9503 Gutenberg Rd","Louisville","KY","40299"
68690,"4010 Brownlee Rd","Louisville","KY","40207"
68691,"1115 S 38th St","Louisville","KY","40211"
68692,"1407 Sylvan Way","Louisville","KY","40205"
68693,"1102 Timber Oak Dr","Louisville","KY","40223"
68694,"8113 Ponce De Leon Ct","Louisville","KY","40219"
68695,"6111 Port Antonio Rd","Louisville","KY","40219"
68696,"6113 Port Antonio Rd","Louisville","KY","40219"
68697,"512 Foxwick Ct","Louisville","KY","40223"
68698,"919 W Ashland Ave","Louisville","KY","40215"
68699,"2407 Elmore St","Louisville","KY","40216"
68700,"1625 Cowling Ave","Louisville","KY","40205"
68701,"9610 Marceitta Way","Louisville","KY","40291"
68702,"2920 Rainbow Dr","Louisville","KY","40206"
68703,"11517 Spring Heath Ct","Louisville","KY","40223"
68704,"4701 Carolina Springs Ct","Louisville","KY","40299"
68705,"1235 Hull St","Louisville","KY","40204"
68706,"4211 Narcissus Dr","Louisville","KY","40219"
68707,"6507 Lovers Ln","Louisville","KY","40291"
68708,"5912 Leon Way","Louisville","KY","40214"
68709,"2502 Veronica Dr","Louisville","KY","40216"
68710,"1515 Thackeray Dr","Louisville","KY","40205"
68711,"213 Freeman Ave","Louisville","KY","40214"
68712,"9905 Sprig Way","Louisville","KY","40291"
68713,"12018 Rock Spring Dr","Louisville","KY","40245"
68714,"8558 Applegate Village Dr","Louisville","KY","40219"
68715,"8512 Autumn Ridge Ct","Louisville","KY","40242"
68716,"7408 Oswego Cir","Louisville","KY","40214"
68717,"5914 Outer Loop","Louisville","KY","40219"
68718,"104 Gibson Rd","Louisville","KY","40207"
68719,"7921 Arlis Dr","Louisville","KY","40258"
68720,"4305 Holly Tree Dr","Louisville","KY","40241"
68721,"6 Normandie Village Ct","Louisville","KY","40205"
68722,"2914 Frankfort Ave","Louisville","KY","40206"
68723,"4805 Margo Ave","Louisville","KY","40258"
68724,"924 Audubon Pkwy","Louisville","KY","40213"
68725,"2007 Acorn Way","Louisville","KY","40216"
68726,"3428 Peleske Dr","Louisville","KY","40216"
68727,"2522 Frankfort Ave","Louisville","KY","40206"
68728,"3521 Lisbon Ln","Louisville","KY","40218"
68729,"3456 Newburg Rd","Louisville","KY","40218"
68730,"4824 Greenvale Cir","Louisville","KY","40272"
68731,"2814 Yorkshire Blvd","Louisville","KY","40220"
68732,"3500 Stony Brook Dr","Louisville","KY","40299"
68733,"2116 Cherokee Pkwy","Louisville","KY","40204"
68734,"10317 Glenmary Farm Dr","Louisville","KY","40291"
68735,"1528 W Oak St","Louisville","KY","40210"
68736,"1427 Delmar Ln","Louisville","KY","40216"
68737,"10605 Sycamore Trl","Louisville","KY","40223"
68738,"4517 S 1st St","Louisville","KY","40214"
68739,"5418 Reflection Dr","Louisville","KY","40218"
68740,"4024 Mapleton Ave","Louisville","KY","40215"
68741,"4801 Hat Ct","Louisville","KY","40291"
68742,"305 Arterburn Dr","Louisville","KY","40222"
68743,"6621 Bluffview Cir","Louisville","KY","40299"
68744,"3106 Bushmill Park","Louisville","KY","40241"
68745,"664 Cecil Ave","Louisville","KY","40211"
68746,"5003 Mansfield Ln","Louisville","KY","40218"
68747,"812 Skylark Dr","Louisville","KY","40223"
68748,"5901 Mercury Dr","Louisville","KY","40291"
68749,"6306 Triplett Dr","Louisville","KY","40258"
68750,"203 Academy Ct","Louisville","KY","40245"
68751,"10812 Cherry Grove Ct","Louisville","KY","40299"
68752,"2704 Alford Ave","Louisville","KY","40212"
68753,"1313 Vim Dr","Louisville","KY","40213"
68754,"3804 Oakburn Ct","Louisville","KY","40258"
68755,"3437 Hardwood Forest Dr","Louisville","KY","40214"
68756,"801 Stoneykirk Dr","Louisville","KY","40223"
68757,"7910 Canonero Way","Louisville","KY","40291"
68758,"2620 Gardiner Ln","Louisville","KY","40205"
68759,"3644 Kelly Way","Louisville","KY","40220"
68760,"5319 Dahl Rd","Louisville","KY","40213"
68761,"3906 Riveroaks Cir","Louisville","KY","40241"
68762,"310 Chelsea Rd","Louisville","KY","40207"
68763,"205 Locust Creek Blvd","Louisville","KY","40245"
68764,"1404 Autumn Ridge Rd","Louisville","KY","40242"
68765,"6604 Jefferson Trace Ct","Louisville","KY","40291"
68766,"4615 Deepwood Ct","Louisville","KY","40241"
68767,"9304 Wood Hollow Rd","Louisville","KY","40229"
68768,"1210 Westlynne Way","Louisville","KY","40222"
68769,"4910 Maryman Rd","Louisville","KY","40258"
68770,"9519 Arrowridge Dr","Louisville","KY","40229"
68771,"508 E Ormsby Ave","Louisville","KY","40203"
68772,"4328 Lake Louisvilla Dr","Louisville","KY","40245"
68773,"3310 Kirby Ave","Louisville","KY","40211"
68774,"6515 Beech Grove Ct","Louisville","KY","40229"
68775,"6925 Norlynn Dr","Louisville","KY","40228"
68776,"303 Pencross Pl","Louisville","KY","40223"
68777,"10905 Pineview Ct","Louisville","KY","40299"
68778,"2502 Wyckford Way","Louisville","KY","40218"
68779,"10409 Saint Roche Dr","Louisville","KY","40299"
68780,"4573 S 1st St","Louisville","KY","40214"
68781,"2842 Klondike Ln","Louisville","KY","40218"
68782,"12412 Kingsley Dr","Louisville","KY","40229"
68783,"8810 Malvern Hill Rd","Louisville","KY","40242"
68784,"9000 Fairground Rd","Louisville","KY","40291"
68785,"2617 Old Hickory Rd","Louisville","KY","40299"
68786,"8504 Bucking Trail Ct","Louisville","KY","40291"
68787,"11203 Fairmount Rd","Louisville","KY","40291"
68788,"905 Stoneykirk Dr","Louisville","KY","40223"
68789,"2524 Osage Ave","Louisville","KY","40210"
68790,"2802 Montana Ave","Louisville","KY","40208"
68791,"18510 Longview Park Ln","Louisville","KY","40245"
68792,"5616 Undine Dr","Louisville","KY","40216"
68793,"4807 Saint Leo Pl","Louisville","KY","40214"
68794,"9821 Spring Gate Dr","Louisville","KY","40241"
68795,"4104 Brownsboro Glen Rd","Louisville","KY","40241"
68796,"621 Harris Ridge Rd","Louisville","KY","40223"
68797,"3209 Wilkie Rd","Louisville","KY","40216"
68798,"6409 Labor Ln","Louisville","KY","40291"
68799,"6104 Green Manor Dr","Louisville","KY","40219"
68800,"8125 Arthur Goins Blvd","Louisville","KY","40228"
68801,"720 Yorkwood Pl","Louisville","KY","40223"
68802,"9300 Marse Henry Dr","Louisville","KY","40299"
68803,"9301 Marse Henry Dr","Louisville","KY","40299"
68804,"16911 Aiken Rd","Louisville","KY","40245"
68805,"8606 Soverign Way","Louisville","KY","40258"
68806,"14709 Forest Creek Way","Louisville","KY","40245"
68807,"4316 Lonsdale Ave","Louisville","KY","40215"
68808,"205 N Arbor Park","Louisville","KY","40214"
68809,"605 Riverwood Dr","Louisville","KY","40207"
68810,"4505 Grand Ave","Louisville","KY","40211"
68811,"300 Chippendale Ct","Louisville","KY","40214"
68812,"11208 Deering Rd","Louisville","KY","40272"
68813,"3448 W Jefferson St","Louisville","KY","40212"
68814,"1283 Farmdale Ave","Louisville","KY","40213"
68815,"4228 Fordson Way","Louisville","KY","40211"
68816,"817 Locust Pointe Pl","Louisville","KY","40245"
68817,"3626 Taylor Blvd","Louisville","KY","40215"
68818,"4726 Walnut Grove Ave","Louisville","KY","40216"
68819,"3202 Welman Dr","Louisville","KY","40216"
68820,"211 N 21st St","Louisville","KY","40203"
68821,"3007 Groveview Ct","Louisville","KY","40214"
68822,"236 Granvil Dr","Louisville","KY","40218"
68823,"1598 Sadie Ln","Louisville","KY","40216"
68824,"12912 Willow Forest Dr","Louisville","KY","40245"
68825,"1714 Cardinal Ct","Louisville","KY","40216"
68826,"1330 Walter Ave","Louisville","KY","40215"
68827,"518 W Evelyn Ave","Louisville","KY","40215"
68828,"5014 Tolkien Ct","Louisville","KY","40229"
68829,"135 William St","Louisville","KY","40206"
68830,"2604 Lower Hunters Trce","Louisville","KY","40216"
68831,"3141 Taylor Blvd","Louisville","KY","40215"
68832,"1928 Woodbourne Ave","Louisville","KY","40205"
68833,"9601 Cambridge Commons Ct","Louisville","KY","40291"
68834,"1401 Hobart Dr","Louisville","KY","40216"
68835,"3609 Brad Ct","Louisville","KY","40220"
68836,"4200 Southern Farm Blvd","Louisville","KY","40216"
68837,"4410 Charlotte Ann Dr","Louisville","KY","40216"
68838,"7608 Burrice Ct","Louisville","KY","40258"
68839,"3718 Hillsboro Rd","Louisville","KY","40207"
68840,"4707 Hollis Ln","Louisville","KY","40241"
68841,"3106 Bon Air Ave","Louisville","KY","40205"
68842,"11718 Kings Ln","Louisville","KY","40243"
68843,"434 Cornell Pl","Louisville","KY","40207"
68844,"1348 Sale Ave","Louisville","KY","40215"
68845,"609 Tessin Way","Louisville","KY","40223"
68846,"101 E Oak St","Louisville","KY","40203"
68847,"2013 Croghan House Dr","Louisville","KY","40207"
68848,"5116 Christie Ave","Louisville","KY","40216"
68849,"2322 Lindsey Dr","Louisville","KY","40216"
68850,"5910 Eldorado Ave","Louisville","KY","40291"
68851,"10702 Easum Rd","Louisville","KY","40299"
68852,"8108 Watterson Trl","Louisville","KY","40299"
68853,"9704 Creekwood Rd","Louisville","KY","40223"
68854,"2008 The Meadow Rd","Louisville","KY","40223"
68855,"3914 Manner Dale Dr","Louisville","KY","40220"
68856,"804 Farmingham Rd","Louisville","KY","40243"
68857,"1304 Rhonda Way","Louisville","KY","40216"
68858,"4008 Hycliffe Ave","Louisville","KY","40207"
68859,"12312 Springmeadow Dr","Louisville","KY","40229"
68860,"6708 Miller Park Dr","Louisville","KY","40258"
68861,"1002 Guenevere Ct","Louisville","KY","40222"
68862,"707 Creekvalley Rd","Louisville","KY","40243"
68863,"3708 Carpenter Dr","Louisville","KY","40229"
68864,"2628 Colin Ave","Louisville","KY","40217"
68865,"2328 Greenwood Ave","Louisville","KY","40210"
68866,"3421 Vetter Ave","Louisville","KY","40215"
68867,"220 N 36th St","Louisville","KY","40212"
68868,"8402 Fieldcrest Ct","Louisville","KY","40299"
68869,"205 Flanders Ct","Apt 2","Louisville",
68870,"303 Chanel Ct","Apt 4","Louisville",
68871,"6702 Kingslook Ct","Louisville","KY","40207"
68872,"8111 Bohannon Station Rd","Louisville","KY","40291"
68873,"175 Vernon Ave","Louisville","KY","40206"
68874,"3631 Warner Ave","Louisville","KY","40207"
68875,"4601 Brownsboro Gardens Dr","Louisville","KY","40241"
68876,"505 Dale Ave","Louisville","KY","40214"
68877,"1103 Lydia St","Louisville","KY","40217"
68878,"7018 Whipple Rd","Louisville","KY","40272"
68879,"7907 Cresthaven Dr","Louisville","KY","40228"
68880,"4620 Saratoga Hill Rd","Louisville","KY","40299"
68881,"7110 Billie Ln","Louisville","KY","40219"
68882,"3119 Horton Ave","Louisville","KY","40220"
68883,"2005 Strathmoor Blvd","Louisville","KY","40205"
68884,"13725 Forest Bend Cir","Louisville","KY","40245"
68885,"633 E Barbee Ave","Louisville","KY","40217"
68886,"2206 Portland Ave","Louisville","KY","40212"
68887,"1233 Dixie Hwy","Louisville","KY","40210"
68888,"2320 Strotman Rd","Louisville","KY","40216"
68889,"3717 Warner Ave","Louisville","KY","40207"
68890,"7400 Tangelo Dr","Louisville","KY","40228"
68891,"9211 Tiverton Way","Louisville","KY","40242"
68892,"1765 Cherokee Ter","Louisville","KY","40205"
68893,"14902 Bircham Rd","Louisville","KY","40245"
68894,"1304 Blue Vale Way","Louisville","KY","40222"
68895,"1520 S 2nd St","Louisville","KY","40208"
68896,"2440 Proctor Knott Dr","Louisville","KY","40218"
68897,"6706 Shallow Rock Dr","Louisville","KY","40299"
68898,"1613 Lyman Johnson Dr","Louisville","KY","40211"
68899,"3409 Bennett Ln","Louisville","KY","40219"
68900,"9917 Fringe Tree Ct","Louisville","KY","40241"
68901,"3115 Klonway Dr","Louisville","KY","40220"
68902,"110 S Hite Ave","Louisville","KY","40206"
68903,"268 Claremont Ave","Louisville","KY","40206"
68904,"3926 Graf Dr","Louisville","KY","40220"
68905,"1117 Lehigh Ave","Louisville","KY","40215"
68906,"9725 Mason Ln","Louisville","KY","40118"
68907,"3503 Olive Rd","Louisville","KY","40219"
68908,"2313 Village Dr","Louisville","KY","40205"
68909,"7412 Manslick Rd","Louisville","KY","40214"
68910,"3607 Freedom Way","Louisville","KY","40229"
68911,"8814 Persistence Dr","Louisville","KY","40229"
68912,"1114 Garden Creek Cir","Louisville","KY","40223"
68913,"8016 La Fon Ave","Louisville","KY","40228"
68914,"5010 Oldshire Rd","Louisville","KY","40229"
68915,"6600 Silo Ridge Ct","Louisville","KY","40299"
68916,"4714 Southern Pkwy","Louisville","KY","40214"
68917,"4512 Flushing Way","Louisville","KY","40272"
68918,"1406 Eagle Run Dr","Louisville","KY","40222"
68919,"7017 Kentucky Ave","Louisville","KY","40258"
68920,"6609 Sylvania 4 Rd","Louisville","KY","40258"
68921,"9605 Firwood Ct","Louisville","KY","40291"
68922,"2014 Kenilworth Pl","Louisville","KY","40205"
68923,"2408 Northwestern Pkwy","Louisville","KY","40212"
68924,"926 Reasor Ave","Louisville","KY","40217"
68925,"8117 Judge Blvd","Louisville","KY","40219"
68926,"123 N Keats Ave","Louisville","KY","40206"
68927,"11605 Reality Trl","Louisville","KY","40229"
68928,"6516 Brook Bend Way","Unit 132","Louisville",
68929,"203 Eline Ave","Louisville","KY","40207"
68930,"10601 Alderbrook Pl","Louisville","KY","40299"
68931,"11907 Pond Creek Dr","Louisville","KY","40272"
68932,"2501 Swing Dr","Louisville","KY","40299"
68933,"8741 Running Fox Cir","Louisville","KY","40291"
68934,"501 Langholm Pl","Louisville","KY","40243"
68935,"5622 Pleasure Ct","Louisville","KY","40272"
68936,"722 Breckenridge Ln","Apt 2","Louisville",
68937,"10211 Rockfish Ct","Louisville","KY","40291"
68938,"8315 Denise Dr","Louisville","KY","40219"
68939,"1206 Gallant Fox Run Rd","Louisville","KY","40242"
68940,"2416 Branning Rd","Louisville","KY","40222"
68941,"5303 Carolina Crossings Way","Unit 104","Louisville",
68942,"3108 Michael Dr","Louisville","KY","40220"
68943,"904 Exmoor Ave","Louisville","KY","40223"
68944,"2810 Woods Club Rd","Louisville","KY","40241"
68945,"3333 Green Hill Ln","Louisville","KY","40207"
68946,"10409 Vista Hills Blvd","Louisville","KY","40291"
68947,"4125 Browns Ln","Unit 110","Louisville",
68948,"4911 Garden Green Way","Louisville","KY","40218"
68949,"5507 Pine Tree Dr","Louisville","KY","40219"
68950,"1796 W Burnett Ave","Louisville","KY","40210"
68951,"2713 W Kentucky St","Louisville","KY","40211"
68952,"8204 Twin Lakes Ct","Louisville","KY","40214"
68953,"3409 Grand Ave","Louisville","KY","40211"
68954,"4421 W Market St","Louisville","KY","40212"
68955,"201 Cannons Ln","Louisville","KY","40206"
68956,"8810 Wisdom Ln","Louisville","KY","40229"
68957,"110 N 45th St","Louisville","KY","40212"
68958,"10743 Hobbs Station Rd","Louisville","KY","40223"
68959,"1805 Janlyn Rd","Louisville","KY","40299"
68960,"10007 Charleswood Rd","Louisville","KY","40229"
68961,"3211 Duvalle Dr","Louisville","KY","40211"
68962,"7720 Alyssum Dr","Louisville","KY","40258"
68963,"9108 Holly Springs Ct","Louisville","KY","40242"
68964,"222 Robin Rd","Louisville","KY","40229"
68965,"6909 Fernhaven Rd","Louisville","KY","40228"
68966,"3916 Vantage Pl","Louisville","KY","40299"
68967,"4606 Wooded Oak Cir","Louisville","KY","40245"
68968,"2820 Esther Blvd","Louisville","KY","40220"
68969,"4136 Hillview Ave","Louisville","KY","40216"
68970,"1810 Oregon Ave","Louisville","KY","40210"
68971,"3807 Taylorsville Rd","Louisville","KY","40220"
68972,"4614 Palma Rd","Louisville","KY","40272"
68973,"3044 University Rd","Louisville","KY","40206"
68974,"2403 Parliament Ct","Louisville","KY","40272"
68975,"6501 Tradesmill Dr","Louisville","KY","40291"
68976,"9613 Riverwalk Ave","Louisville","KY","40229"
68977,"918 Samuel St","Louisville","KY","40204"
68978,"3501 Illinois Ave","Apt C14","Louisville",
68979,"8211 Afterglow Dr","Louisville","KY","40214"
68980,"2320 Strathmoor Blvd","Louisville","KY","40205"
68981,"10700 Mcmeekin Ln","Unit 103","Louisville",
68982,"4017 Landside Dr","Louisville","KY","40220"
68983,"1107 Belmont Park Way","Louisville","KY","40243"
68984,"5108 Doyle Dr","Louisville","KY","40216"
68985,"588 Beechland Rd","Louisville","KY","40229"
68986,"12833 Bay Tree Way","Louisville","KY","40245"
68987,"3700 Cutler Rd","Louisville","KY","40219"
68988,"7000 Holsworth Ct","Louisville","KY","40222"
68989,"11020 Chapel Hill Rd","Louisville","KY","40229"
68990,"324 Hatcher Ave","Louisville","KY","40214"
68991,"1107 Belmont Way","Louisville","KY","40243"
68992,"1107 Belmont Pkwy","Louisville","KY","40243"
68993,"119 Crews Dr","Louisville","KY","40218"
68994,"9113 Beulah Church Rd","Louisville","KY","40291"
68995,"10107 Plaudit Way","Louisville","KY","40272"
68996,"8100 Red Stone Hill Rd","Louisville","KY","40214"
68997,"4402 Exeter Ave","Louisville","KY","40218"
68998,"2726 Hollywood Ter","Apt 121","Louisville",
68999,"7325 Maria Ave","Louisville","KY","40222"
69000,"9004 Loch Lea Ln","Louisville","KY","40291"
69001,"1620 Lois Morris Dr","Louisville","KY","40211"
69002,"2938 Goose Creek Rd","Louisville","KY","40241"
69003,"340 Crescent Spring Dr","Louisville","KY","40206"
69004,"9801 Katie Ct","Louisville","KY","40291"
69005,"2707 Langdon Dr","Louisville","KY","40241"
69006,"1809 Warrington Way","Louisville","KY","40222"
69007,"7008 Venetian Way","Louisville","KY","40214"
69008,"3009 Curran Rd","Louisville","KY","40205"
69009,"1715 Payne St","Louisville","KY","40206"
69010,"8407 Old Boundary Rd","Louisville","KY","40291"
69011,"4956 Winding Spring Cir","Louisville","KY","40245"
69012,"211 El Conquistador Pl","Louisville","KY","40220"
69013,"6018 Bay Harbor Dr","Louisville","KY","40228"
69014,"3016 Colonial Hill Rd","Louisville","KY","40205"
69015,"1045 Wagner Ave","Louisville","KY","40217"
69016,"14803 Landis Lakes Dr","Louisville","KY","40245"
69017,"3501 Warner Ave","Louisville","KY","40207"
69018,"2313 Thomas Ave","Louisville","KY","40216"
69019,"303 Blankenbaker Ln","Louisville","KY","40207"
69020,"5804 Medtree Pl","Louisville","KY","40229"
69021,"11804 Cedardale Rd","Louisville","KY","40223"
69022,"8409 Happiness Way","Louisville","KY","40291"
69023,"4410 Stoneham Pl","Louisville","KY","40299"
69024,"3511 Sample Way","Louisville","KY","40245"
69025,"10006 Coby Way","Louisville","KY","40241"
69026,"9014 Willow Springs Dr","Louisville","KY","40242"
69027,"3109 Lowell Ave","Louisville","KY","40205"
69028,"408 Mayfair Ln","Louisville","KY","40207"
69029,"11710 Reality Trl","Louisville","KY","40229"
69030,"13306 Tucker Wood Pl","Louisville","KY","40299"
69031,"4502 Amerivan Ct","Louisville","KY","40299"
69032,"207 Wood Rd","Louisville","KY","40222"
69033,"3330 Cornelia Dr","Louisville","KY","40220"
69034,"8115 La Grange Rd","Louisville","KY","40222"
69035,"254 Granvil Dr","Louisville","KY","40218"
69036,"3312 Farnsley Rd","Louisville","KY","40216"
69037,"3035 Dumesnil St","Louisville","KY","40211"
69038,"4301 Clarene Dr","Louisville","KY","40216"
69039,"4829 Redstart Rd","Louisville","KY","40213"
69040,"5003 Dee Rd","Louisville","KY","40219"
69041,"1960 Eastview Ave","Louisville","KY","40205"
69042,"4801 Ranchland Dr","Louisville","KY","40216"
69043,"2418 Concord Dr","Louisville","KY","40217"
69044,"10306 La Plaza Ave","Louisville","KY","40272"
69045,"814 Perryman Rd","Louisville","KY","40207"
69046,"10404 Southern Meadows Dr","Apt 101","Louisville",
69047,"8510 Hunting Stock Pl","Louisville","KY","40291"
69048,"2032 Bruce Ave","Louisville","KY","40218"
69049,"1806 S 24th St","Louisville","KY","40210"
69050,"13315 Tennis Blvd","Louisville","KY","40272"
69051,"2719 Ralph Ave","Louisville","KY","40216"
69052,"1904 Hoke Rd","Louisville","KY","40220"
69053,"12102 Eastbay Ct","Louisville","KY","40245"
69054,"1227 Reutlinger Ave","Louisville","KY","40204"
69055,"2819 Langdon Dr","Louisville","KY","40241"
69056,"1816 Washington Blvd","Louisville","KY","40242"
69057,"1931 Trevilian Way","Louisville","KY","40205"
69058,"2621 Blankenbaker Rd","Louisville","KY","40299"
69059,"4133 Lilac Vista Dr","Louisville","KY","40241"
69060,"2237 Richland Ave","Louisville","KY","40218"
69061,"10603 Ledbury Ct","Louisville","KY","40243"
69062,"8004 Barbourmeade Rd","Louisville","KY","40241"
69063,"5112 Acapolca Way","Louisville","KY","40219"
69064,"634 Edith Rd","Louisville","KY","40206"
69065,"9711 Forestwood Dr","Louisville","KY","40299"
69066,"3507 Bonaventure Blvd","Louisville","KY","40219"
69067,"5604 Pleasure Ct","Louisville","KY","40272"
69068,"3312 Indian Lake Dr","Louisville","KY","40241"
69069,"3408 Powell Ave","Louisville","KY","40215"
69070,"320 Cornwallis Ct","Louisville","KY","40214"
69071,"2808 Slevin St","Louisville","KY","40212"
69072,"3603 Wynbrooke Cir","Louisville","KY","40241"
69073,"9909 Evening Star Dr","Louisville","KY","40272"
69074,"342 Crescent Spring Dr","Louisville","KY","40206"
69075,"1700 Quarry Hill Rd","Louisville","KY","40213"
69076,"6812 Switch Bark Ct","Louisville","KY","40228"
69077,"14111 Glendower Dr","Louisville","KY","40245"
69078,"9006 Reinhart Way","Louisville","KY","40220"
69079,"200 Kinnaird Ln","Louisville","KY","40243"
69080,"8206 Paddington Dr","Louisville","KY","40222"
69081,"2300 Tidwell Rd","Louisville","KY","40272"
69082,"2618 Oregon Ave","Louisville","KY","40210"
69083,"3708 W Broadway","Louisville","KY","40211"
69084,"811 Perennial Dr","Louisville","KY","40217"
69085,"6602 Silver Lace Ct","Louisville","KY","40228"
69086,"8510 Atrium Dr","Apt 101","Louisville",
69087,"225 S Steedland Dr","Louisville","KY","40229"
69088,"7002 Memory Ln","Louisville","KY","40258"
69089,"7406 Tangelo Dr","Louisville","KY","40228"
69090,"2803 Montgomery St","Louisville","KY","40212"
69091,"12115 Pleasure Ln","Louisville","KY","40272"
69092,"6812 Montecito Ln","Louisville","KY","40291"
69093,"1211 Cherokee Rd","Louisville","KY","40204"
69094,"6903 Longlake Dr","Louisville","KY","40291"
69095,"1201 Ambridge Dr","Louisville","KY","40207"
69096,"7512 Glen Arbor Rd","Louisville","KY","40222"
69097,"7206 Springdale Rd","Louisville","KY","40241"
69098,"516 Washburn Ave","Louisville","KY","40222"
69099,"3312 Colonial Manor Cir","Unit 4A","Louisville",
69100,"3312 Colonial Manor Cir","Unit 3A","Louisville",
69101,"8914 Mountain Brook Ct","Louisville","KY","40272"
69102,"4624 Martin Ave","Louisville","KY","40216"
69103,"6704 Bimini Ct","Louisville","KY","40219"
69104,"10912 Blackwood Rd","Louisville","KY","40299"
69105,"2111 Dogoon Dr","Louisville","KY","40223"
69106,"4505 Arroyo Trl","Louisville","KY","40229"
69107,"10308 Carriage House Ct","Louisville","KY","40223"
69108,"1569 Hillview Blvd","Louisville","KY","40229"
69109,"6737 Vandre Ave","Louisville","KY","40228"
69110,"4409 Billy Bone Ct","Louisville","KY","40229"
69111,"5753 Alanadale Dr","Louisville","KY","40272"
69112,"36 River Hill Rd","Louisville","KY","40207"
69113,"422 Kilmory Ave","Louisville","KY","40214"
69114,"8606 Cheffield Dr","Louisville","KY","40222"
69115,"5011 Fay Ave","Louisville","KY","40214"
69116,"4211 Tamm Ct","Louisville","KY","40272"
69117,"959 S Jackson St","Louisville","KY","40203"
69118,"1008 Lake Way","Apt D6","Louisville",
69119,"838 Inspiration Way","Louisville","KY","40245"
69120,"4118 Brentler Rd","Louisville","KY","40241"
69121,"1225 Roadway Ave","Louisville","KY","40208"
69122,"5015 Abbydale Ct","Louisville","KY","40229"
69123,"1930 Duker Ave","Louisville","KY","40205"
69124,"6912 Monty Ln","Louisville","KY","40291"
69125,"7206 Apple Mill Dr","Louisville","KY","40228"
69126,"6215 Dart Dr","Louisville","KY","40291"
69127,"5406 Catalina Ave","Louisville","KY","40272"
69128,"4909 Poitier Ct","Louisville","KY","40218"
69129,"215 Elk River Dr","Louisville","KY","40214"
69130,"9904 East Ave","Louisville","KY","40272"
69131,"8002 Magnolia Ridge Ct","Unit 201","Louisville",
69132,"5301 Katy Belle Ct","Louisville","KY","40213"
69133,"12423 Springmeadow Dr","Louisville","KY","40229"
69134,"1533 Schuff Ln","Louisville","KY","40205"
69135,"9812 Chambers Cir","Louisville","KY","40299"
69136,"3521 Hedgewick Pl","Louisville","KY","40245"
69137,"3074 University Rd","Louisville","KY","40206"
69138,"319 Shelby Cir","Louisville","KY","40229"
69139,"412 Willow Stone Way","Louisville","KY","40223"
69140,"5207 Eugene Way","Louisville","KY","40216"
69141,"11400 Halifax Dr","Louisville","KY","40241"
69142,"8422 Grand Trevi Dr","Louisville","KY","40228"
69143,"14207 Woodland Ridge Dr","Louisville","KY","40245"
69144,"2209 W Burnett Ave","Louisville","KY","40210"
69145,"2123 Dorothy Ave","Apt 3","Louisville",
69146,"501 Iola Rd","Louisville","KY","40207"
69147,"11017 Thunder Dr","Louisville","KY","40272"
69148,"3501 Briarglen Ln","Louisville","KY","40220"
69149,"2331 Brighton Dr","Louisville","KY","40205"
69150,"3160 S Crums Ln","Louisville","KY","40216"
69151,"220 Ashbury Rd","Louisville","KY","40214"
69152,"6413 Saddleview Ct","Louisville","KY","40228"
69153,"6517 Brook Bend Way","Unit 131","Louisville",
69154,"3801 Rimonte Dr","Louisville","KY","40220"
69155,"730 Heywood Ave","Louisville","KY","40208"
69156,"15006 Copperhill Way","Louisville","KY","40245"
69157,"4503 Razor Creek Way","Louisville","KY","40299"
69158,"3527 Kirby Ln","Louisville","KY","40299"
69159,"433 1/2 E Brandeis Ave","Louisville","KY","40217"
69160,"529 Overlook Rd","Louisville","KY","40229"
69161,"1931 Deer Park Ave","Louisville","KY","40205"
69162,"1022 Minor Ln","Louisville","KY","40219"
69163,"401 Duff Ln","Louisville","KY","40207"
69164,"6509 Keeling Place Rd","Louisville","KY","40291"
69165,"1205 Hogarth Dr","Louisville","KY","40222"
69166,"3507 Saint Edwards Dr","Louisville","KY","40299"
69167,"1615 Thornberry Ave","Louisville","KY","40215"
69168,"211 Cambridge Dr","Louisville","KY","40214"
69169,"3411 Vetter Ave","Louisville","KY","40215"
69170,"1311 S 43rd St","Louisville","KY","40211"
69171,"4400 Bellevue Ave","Louisville","KY","40215"
69172,"303 Bramton Rd","Louisville","KY","40207"
69173,"309 N 26th St","Louisville","KY","40212"
69174,"925 S 43rd St","Louisville","KY","40211"
69175,"155 N Galt Ave","Louisville","KY","40206"
69176,"6327 Hackel Dr","Louisville","KY","40258"
69177,"6516 Bridleview Cir","Louisville","KY","40228"
69178,"3024 Fleming Ave","Louisville","KY","40206"
69179,"2416 Meadow Rd","Louisville","KY","40205"
69180,"5910 Woodhaven Ridge Ct","Louisville","KY","40291"
69181,"1081 Springview Dr","Louisville","KY","40219"
69182,"1012 Springside Way","Louisville","KY","40223"
69183,"940 Eastern Pkwy","Louisville","KY","40217"
69184,"1108 Windsong Way","Louisville","KY","40207"
69185,"7809 Ridgehurst Pl","Louisville","KY","40299"
69186,"15120 Chestnut Ridge Cir","Louisville","KY","40245"
69187,"7002 Top Walnut Ct","Louisville","KY","40229"
69188,"12105 Landherr Ct","Louisville","KY","40299"
69189,"6103 Jessamine Ln","Louisville","KY","40258"
69190,"3503 Trail Ridge Rd","Louisville","KY","40241"
69191,"14812 Landis Lakes Dr","Louisville","KY","40245"
69192,"4302 Stone Glen Rd","Louisville","KY","40241"
69193,"3331 Frontier Trl","Louisville","KY","40220"
69194,"6817 Copra Ln","Louisville","KY","40219"
69195,"7905 Shaw Ct","Louisville","KY","40291"
69196,"6200 Dart Dr","Louisville","KY","40291"
69197,"3000 Christiana Woods Ct","Louisville","KY","40299"
69198,"9911 Timberwood Cir","Louisville","KY","40223"
69199,"3003 Nepperhan Rd","Louisville","KY","40220"
69200,"1382 Willow Dr","Louisville","KY","40213"
69201,"1724 Gallagher St","Louisville","KY","40210"
69202,"1008 Marshall St","Louisville","KY","40204"
69203,"4009 Pixley Way","Louisville","KY","40219"
69204,"201 Derby Ave","Louisville","KY","40218"
69205,"1157 S 1st St","Apt 4","Louisville",
69206,"3702 Grandview Ave","Louisville","KY","40207"
69207,"658 N Barbee Way","Louisville","KY","40217"
69208,"5308 Carolina Crossings Way","Unit 104","Louisville",
69209,"7007 Dunkirk Ln","Louisville","KY","40272"
69210,"3107 Westone Way","Louisville","KY","40241"
69211,"165 Thierman Ln","Apt 102","Louisville",
69212,"4713 Longborough Ct","Louisville","KY","40299"
69213,"9366 Loch Lea Ln","Louisville","KY","40291"
69214,"3437 Boxelder Rd","Louisville","KY","40216"
69215,"8038 Watterson Trl","Louisville","KY","40291"
69216,"3008 Biloxi Ct","Louisville","KY","40205"
69217,"12130 Bay Run Dr","Louisville","KY","40245"
69218,"9516 Janna Dr","Louisville","KY","40272"
69219,"4302 Blue Sky Ct","Louisville","KY","40216"
69220,"1403 Twin Ridge Rd","Louisville","KY","40242"
69221,"4118 Pleasant Glen Dr","Louisville","KY","40299"
69222,"1124 Rammers Ave","Louisville","KY","40204"
69223,"7916 Jonquil Dr","Louisville","KY","40258"
69224,"3523 Autumn Way","Louisville","KY","40218"
69225,"9507 Plumwood Rd","Louisville","KY","40291"
69226,"1904 Dorothy Ave","Apt 2","Louisville",
69227,"2307 Old Hickory Rd","Louisville","KY","40299"
69228,"4200 Wheeler Ave","Louisville","KY","40215"
69229,"1548 Cherokee Rd","Louisville","KY","40205"
69230,"2910 Edmonia Ave","Louisville","KY","40220"
69231,"1700 San Jose Ave","Louisville","KY","40216"
69232,"4506 Rivanna Dr","Louisville","KY","40299"
69233,"517 Oak Branch Rd","Louisville","KY","40245"
69234,"3519 Maple Rd","Louisville","KY","40299"
69235,"14410 Brook Forest Pl","Louisville","KY","40245"
69236,"4014 Riveroaks Cir","Louisville","KY","40241"
69237,"4037 Saint Ives Ct","Louisville","KY","40207"
69238,"988 Vine St","Louisville","KY","40204"
69239,"4518 Winnrose Way","Louisville","KY","40211"
69240,"9822 Holiday Dr","Louisville","KY","40272"
69241,"6705 Hollow Tree Rd","Louisville","KY","40228"
69242,"1820 Farnsley Rd","Louisville","KY","40216"
69243,"957 S Jackson St","Louisville","KY","40203"
69244,"8504 Mckenna Way","Louisville","KY","40291"
69245,"7911 Cresthaven Dr","Louisville","KY","40228"
69246,"404 Mckirkland Pl","Louisville","KY","40245"
69247,"306 Troon Meadow Pl","Louisville","KY","40245"
69248,"5403 Amalfi Ave","Louisville","KY","40219"
69249,"7235 Oakburn Dr","Louisville","KY","40258"
69250,"7945 Nature Way","Louisville","KY","40218"
69251,"3930 Nanz Ave","Louisville","KY","40207"
69252,"6000 Titanic Way","Louisville","KY","40258"
69253,"1921 Taffeta Dr","Louisville","KY","40272"
69254,"416 W Breckinridge St","Apt B1","Louisville",
69255,"2238 Greenwood Ave","Louisville","KY","40210"
69256,"3623 Deibel Way","Louisville","KY","40220"
69257,"939 E Saint Catherine St","Louisville","KY","40204"
69258,"9827 Stanalouise Dr","Louisville","KY","40291"
69259,"11001 Marbado Ct","Louisville","KY","40229"
69260,"6614 Calm River Way","Louisville","KY","40299"
69261,"3905 Oakleigh Meadow Pl","Louisville","KY","40245"
69262,"9204 Hudson Ln","Louisville","KY","40291"
69263,"463 Overdale Dr","Louisville","KY","40229"
69264,"614 Gatehouse Ln","Louisville","KY","40243"
69265,"8204 Fox Hall Pl","Louisville","KY","40242"
69266,"2030 Strathmoor Blvd","Louisville","KY","40205"
69267,"9710 Forestwood Dr","Louisville","KY","40299"
69268,"1412 Central Ave","Louisville","KY","40208"
69269,"4412 Lonsdale Ave","Louisville","KY","40215"
69270,"12105 Pleasure Ln","Louisville","KY","40272"
69271,"849 Milton St","Louisville","KY","40217"
69272,"3004 Montana Ave","Louisville","KY","40208"
69273,"7907 Ridgehurst Pl","Louisville","KY","40299"
69274,"4103 Norene Ln","Louisville","KY","40219"
69275,"1808 Windsor Pl","Louisville","KY","40204"
69276,"1400 Willow Ave","Apt 1904","Louisville",
69277,"7602 Artis Pl","Louisville","KY","40291"
69278,"1801 Shady Ln","Unit 3","Louisville",
69279,"1615 S 4th St","Louisville","KY","40208"
69280,"504 Fenley Ave","Louisville","KY","40222"
69281,"539 Sunnyside Dr","Louisville","KY","40206"
69282,"228 Pope St","Louisville","KY","40206"
69283,"4324 Louisville Ave","Louisville","KY","40209"
69284,"4322 Louisville Ave","Louisville","KY","40209"
69285,"1731 Glenview Pl","Louisville","KY","40216"
69286,"4625 Fox Run Rd","Louisville","KY","40207"
69287,"213 Chattanooga Ave","Louisville","KY","40214"
69288,"10425 Dove Chase Cir","Louisville","KY","40299"
69289,"8812 Artis Way","Louisville","KY","40291"
69290,"6723 North Dr","Louisville","KY","40272"
69291,"4713 Fister Ct","Louisville","KY","40258"
69292,"8801 Brook Willow Dr","Louisville","KY","40299"
69293,"7705 Circle Crest Rd","Louisville","KY","40241"
69294,"3519 Pirogue Rd","Louisville","KY","40299"
69295,"6323 Winding Stream Dr","Louisville","KY","40272"
69296,"2203 W Chestnut St","Louisville","KY","40211"
69297,"3014 Rowan St","Louisville","KY","40212"
69298,"3814 Riveroaks Ln","Louisville","KY","40241"
69299,"204 Flanders Ct","Apt 1","Louisville",
69300,"1840 Yale Dr","Louisville","KY","40205"
69301,"2837 Bexley Ct","Louisville","KY","40206"
69302,"548 Camden Ave","Louisville","KY","40215"
69303,"1502 Sharon Dr","Louisville","KY","40216"
69304,"1440 Hemlock St","Louisville","KY","40211"
69305,"2516 Adrienne Way","Louisville","KY","40216"
69306,"11329 Top Walnut Loop","Louisville","KY","40229"
69307,"9703 Chapel Hill Rd","Louisville","KY","40229"
69308,"2414 Avalon St","Louisville","KY","40216"
69309,"7115 W Orell Rd","Louisville","KY","40272"
69310,"7605 Nottoway Cir","Louisville","KY","40214"
69311,"8508 Malibu Dr","Louisville","KY","40219"
69312,"10611 Chertsey Pl","Louisville","KY","40243"
69313,"9016 Holly Village Ct","Louisville","KY","40242"
69314,"14029 Waters Edge Dr","Louisville","KY","40245"
69315,"2717 Triplett Ct","Louisville","KY","40216"
69316,"12024 Ancient Spring Dr","Louisville","KY","40245"
69317,"4235 Alton Rd","Louisville","KY","40207"
69318,"3109 Kipling Way","Louisville","KY","40205"
69319,"4705 Frel Rd","Louisville","KY","40272"
69320,"4408 Brownhurst Way","Louisville","KY","40241"
69321,"6619 Hunters Creek Blvd","Louisville","KY","40258"
69322,"3719 Mamaroneck Rd","Louisville","KY","40218"
69323,"4914 Rockaway Cir","Louisville","KY","40216"
69324,"10521 Mcmeekin Ln","Unit 205","Louisville",
69325,"7815 Edsel Ln","Louisville","KY","40291"
69326,"1833 Lower Hunters Trce","Louisville","KY","40216"
69327,"7000 Osprey Ridge Dr","Louisville","KY","40228"
69328,"8316 Arnoldtown Rd","Louisville","KY","40214"
69329,"1103 Broadfields Dr","Louisville","KY","40207"
69330,"4303 Harvest Moon Dr","Louisville","KY","40218"
69331,"102 E Collins Ct","Louisville","KY","40214"
69332,"11400 Expedition Trl","Louisville","KY","40291"
69333,"1708 Harvard Dr","Louisville","KY","40205"
69334,"8102 Apple Valley Dr","Louisville","KY","40228"
69335,"4306 Virginia Ave","Louisville","KY","40211"
69336,"2018 Boulevard","Napoleon","Louisville",
69337,"85 Valley Rd","Louisville","KY","40204"
69338,"3600 W Muhammad Ali Blvd","Louisville","KY","40212"
69339,"1130 Tennessee Ave","Louisville","KY","40208"
69340,"4720 Cane Run Rd","Louisville","KY","40216"
69341,"324 Buckland Trce","Louisville","KY","40245"
69342,"4103 Dana Dr","Louisville","KY","40216"
69343,"10211 Seatonville Rd","Louisville","KY","40291"
69344,"11702 Wareing Ct","Louisville","KY","40272"
69345,"3437 Algonquin Pkwy","Louisville","KY","40211"
69346,"2412 Dumesnil St","Louisville","KY","40210"
69347,"8604 Claudia Dr","Louisville","KY","40219"
69348,"4206 Greenwood Ave","Louisville","KY","40211"
69349,"3201 Rainview Cir","Louisville","KY","40220"
69350,"1027 S Shelby St","Louisville","KY","40203"
69351,"4533 Cherry Forest Cir","Louisville","KY","40245"
69352,"5113 Fairwood Ln","Louisville","KY","40291"
69353,"5415 Carol Way","Louisville","KY","40214"
69354,"1105 Holly Springs Dr","Louisville","KY","40242"
69355,"900 Cannons Ln","Louisville","KY","40207"
69356,"18710 Weatherford Cir","Louisville","KY","40245"
69357,"7928 Nature Way","Louisville","KY","40218"
69358,"9708 Blue Lick Rd","Louisville","KY","40229"
69359,"5403 Galaxie Dr","Louisville","KY","40258"
69360,"10000 Glasgow Blvd","Louisville","KY","40241"
69361,"210 Marian Dr","Louisville","KY","40218"
69362,"6212 Derrick Dr","Louisville","KY","40216"
69363,"3804 Bank St","Louisville","KY","40212"
69364,"1606 Ellwood Ave","Louisville","KY","40204"
69365,"5117 Tauten Sq","Louisville","KY","40241"
69366,"5706 Spicewood Ln","Louisville","KY","40219"
69367,"135 Mills Dr","Louisville","KY","40216"
69368,"3616 Dell Rd","Louisville","KY","40299"
69369,"9104 Wilson Ave","Louisville","KY","40242"
69370,"1113 Sylvia St","Louisville","KY","40217"
69371,"11201 Remembrance Ln","Louisville","KY","40229"
69372,"118 Bonner Ave","Louisville","KY","40207"
69373,"9908 Williamsborough Ln","Louisville","KY","40291"
69374,"4701 Oaklawn Ln","Louisville","KY","40219"
69375,"8819 Fairground Rd","Louisville","KY","40291"
69376,"2900 Wood Briar Ct","Louisville","KY","40241"
69377,"248 S Hite Ave","Louisville","KY","40206"
69378,"605 Darnay Pl","Louisville","KY","40245"
69379,"5928 Saddle Blanket Dr","Louisville","KY","40219"
69380,"7213 Quindero Run Rd","Louisville","KY","40228"
69381,"1714 Claremoor Dr","Louisville","KY","40223"
69382,"2520 Saratoga Dr","Louisville","KY","40205"
69383,"1712 Ashfield Ln","Louisville","KY","40220"
69384,"1513 Aletha Dr","Louisville","KY","40219"
69385,"4027 Franklin Ave","Louisville","KY","40213"
69386,"1812 Gregg Ave","Louisville","KY","40210"
69387,"2148 W Lee St","Louisville","KY","40210"
69388,"3121 W Muhammad Ali Blvd","Louisville","KY","40212"
69389,"7328 Brook Meadow Dr","Louisville","KY","40228"
69390,"204 Iola Rd","Louisville","KY","40207"
69391,"1903 Emerson Ave","Louisville","KY","40205"
69392,"3600 Larkwood Ave","Louisville","KY","40212"
69393,"3020 Wirth Ave","Louisville","KY","40217"
69394,"406 N Beckley Station Rd","Louisville","KY","40245"
69395,"11704 Hancock Trace Ct","Louisville","KY","40245"
69396,"4541 Oak Pointe Dr","Louisville","KY","40245"
69397,"4902 Glenna Way","Louisville","KY","40219"
69398,"5201 Pine Bunch Ct","Louisville","KY","40299"
69399,"9912 Wyncliff Ct","Louisville","KY","40241"
69400,"9015 Old Whipps Mill Rd","Louisville","KY","40242"
69401,"740 Logan St","Louisville","KY","40204"
69402,"4701 Fairway Pointe Ct","Louisville","KY","40241"
69403,"8702 Four Oaks Ct","Louisville","KY","40299"
69404,"2816 Sheila Dr","Louisville","KY","40220"
69405,"8103 Apple Valley Dr","Louisville","KY","40228"
69406,"4915 Wellsworth Ave","Louisville","KY","40216"
69407,"405 Scottsdale Blvd","Louisville","KY","40214"
69408,"8407 Diligent Way","Louisville","KY","40229"
69409,"121 Weisser Ave","Louisville","KY","40206"
69410,"405 Deerfield Ln","Louisville","KY","40207"
69411,"121 S Shawnee Ter","Louisville","KY","40212"
69412,"1488 Sable Wing Cir","Louisville","KY","40223"
69413,"8118 Afterglow Dr","Louisville","KY","40214"
69414,"7004 Court","of the Woods","Louisville",
69415,"5009 Yaupon Ln","Louisville","KY","40213"
69416,"14317 Micawber Way","Louisville","KY","40245"
69417,"8719 Summit Ridge Dr","Louisville","KY","40241"
69418,"8922 Zabel Way","Louisville","KY","40291"
69419,"4006 Landside Dr","Louisville","KY","40220"
69420,"7815 Nottoway Cir","Louisville","KY","40214"
69421,"7405 Vincent Way","Louisville","KY","40214"
69422,"919 Westview Dr","Louisville","KY","40214"
69423,"300 Ash Run Rd","Louisville","KY","40245"
69424,"9511 Rustling Tree Way","Unit 101","Louisville",
69425,"2910 Wallingford Ct","Louisville","KY","40218"
69426,"13926 Fancy Gap Dr","Louisville","KY","40299"
69427,"9014 Hurstbourne Ln","Louisville","KY","40220"
69428,"324 S Shawnee Ter","Louisville","KY","40212"
69429,"6502 Park Club Cir","Louisville","KY","40229"
69430,"2000 Youngland Ave","Louisville","KY","40216"
69431,"4110 Southern Farm Blvd","Louisville","KY","40216"
69432,"9103 Lantana Dr","Louisville","KY","40229"
69433,"3112 Creekside Dr","Louisville","KY","40241"
69434,"4007 Chesley Martin Dr","Louisville","KY","40299"
69435,"109 Lenoak Dr","Louisville","KY","40214"
69436,"1301 Cherokee Rd","Apt 6","Louisville",
69437,"1650 W Kentucky St","Louisville","KY","40210"
69438,"1706 Harold Ave","Louisville","KY","40210"
69439,"1709 Pershing Ave","Louisville","KY","40242"
69440,"717 Baroness Ave","Louisville","KY","40203"
69441,"6506 Larch Ct","Louisville","KY","40229"
69442,"2403 Donna Rd","Louisville","KY","40216"
69443,"8623 Sanctuary Ln","Louisville","KY","40291"
69444,"2512 Saint Xavier St","Louisville","KY","40212"
69445,"10216 Meadow Glen Way","Louisville","KY","40241"
69446,"3501 Terrier Ln","Louisville","KY","40218"
69447,"2208 Peaslee Rd","Louisville","KY","40216"
69448,"4925 Hames Trce","Louisville","KY","40291"
69449,"8615 Broecker Blvd","Louisville","KY","40241"
69450,"109 Tex Ave","Louisville","KY","40118"
69451,"1406 Larchmont Ave","Louisville","KY","40215"
69452,"4306 Quiet Way","Louisville","KY","40219"
69453,"5703 Midnight Ln","Louisville","KY","40229"
69454,"629 Madelon Ct","Louisville","KY","40211"
69455,"29 Gardiner Ct","Louisville","KY","40205"
69456,"11013 Albion Dr","Louisville","KY","40272"
69457,"12707 Bay Tree Way","Louisville","KY","40245"
69458,"239 S Hite Ave","Louisville","KY","40206"
69459,"8203 Judge Blvd","Louisville","KY","40219"
69460,"5604 Littleridge Dr","Louisville","KY","40229"
69461,"8911 Nottingham Pkwy","Louisville","KY","40222"
69462,"3306 Quinton Dr","Louisville","KY","40216"
69463,"7017 Fontendleau Way","Louisville","KY","40291"
69464,"4517 Cod Dr","Louisville","KY","40272"
69465,"719 Inspiration Way","Louisville","KY","40245"
69466,"391 Shady Brook Ln","Louisville","KY","40229"
69467,"1920 Wrocklage Ave","Louisville","KY","40205"
69468,"4207 Spruce Grove Ct","Louisville","KY","40299"
69469,"7606 Michael Dr","Louisville","KY","40228"
69470,"329 Velva Dr","Louisville","KY","40229"
69471,"2815 Girard Dr","Louisville","KY","40213"
69472,"2505 Tavistock Ct","Louisville","KY","40272"
69473,"6006 Regal Springs Dr","Louisville","KY","40205"
69474,"612 Montana Ave","Louisville","KY","40208"
69475,"3816 Chevy Chase Rd","Louisville","KY","40218"
69476,"939 Beecher St","Louisville","KY","40215"
69477,"3225 Turnover Ct","Louisville","KY","40216"
69478,"176 N Peterson Ave","Louisville","KY","40206"
69479,"943 Goss Ave","Louisville","KY","40217"
69480,"8202 Arnoldtown Rd","Louisville","KY","40214"
69481,"1685 Trigg St","Louisville","KY","40213"
69482,"603 Briar Hill Rd","Louisville","KY","40206"
69483,"5310 E Indian Trl","Louisville","KY","40218"
69484,"2226 Deveron Dr","Louisville","KY","40216"
69485,"3902 Jenica Way","Louisville","KY","40241"
69486,"4315 Charlotte Ann Dr","Louisville","KY","40216"
69487,"3708 Southern Ave","Louisville","KY","40211"
69488,"1734 Belmar Dr","Louisville","KY","40213"
69489,"1936 Buttonwood Rd","Louisville","KY","40222"
69490,"14022 Waters Edge Dr","Louisville","KY","40245"
69491,"4613 Stony Brook Dr","Louisville","KY","40299"
69492,"117 N 37th St","Louisville","KY","40212"
69493,"10312 Hartley Dr","Louisville","KY","40223"
69494,"8414 Grand Trevi Dr","Louisville","KY","40228"
69495,"9813 Northridge Dr","Louisville","KY","40272"
69496,"10600 Fairmount Falls Way","Louisville","KY","40291"
69497,"2303 Briargate Ave","Louisville","KY","40216"
69498,"4513 S 1st St","Louisville","KY","40214"
69499,"1703 Timber Trce","Louisville","KY","40214"
69500,"11105 Oak Bend Ct","Louisville","KY","40241"
69501,"2515 Elmhurst Ave","Louisville","KY","40216"
69502,"323 E Kenwood Dr","Louisville","KY","40214"
69503,"319 S Shawnee Ter","Louisville","KY","40212"
69504,"2052 Emmet Ave","Louisville","KY","40217"
69505,"8307 Glaser Ln","Louisville","KY","40291"
69506,"1324 Lexington Rd","Louisville","KY","40204"
69507,"4627 Lor Ann Ave","Louisville","KY","40219"
69508,"14618 Anderson Woods Trce","Louisville","KY","40245"
69509,"617 Barret Ave","Louisville","KY","40204"
69510,"3031 Fordhaven Rd","Louisville","KY","40214"
69511,"4914 Darnton Ln","Louisville","KY","40216"
69512,"7810 Edsel Ln","Louisville","KY","40291"
69513,"3105 Lynnwood Way","Louisville","KY","40299"
69514,"1300 Mill Race Rd","Louisville","KY","40242"
69515,"4530 Dover Rd","Louisville","KY","40216"
69516,"6813 Copra Ln","Louisville","KY","40219"
69517,"5507 Datura Ln","Louisville","KY","40258"
69518,"5912 Bocagrande Dr","Louisville","KY","40219"
69519,"7814 Outer Loop","Louisville","KY","40228"
69520,"2546 Seneca Dr","Louisville","KY","40205"
69521,"1703 Timber Ter","Louisville","KY","40214"
69522,"4305 Winter Garden Ct","Louisville","KY","40218"
69523,"2712 Flat Rock Rd","Louisville","KY","40245"
69524,"601 Winyan Ln","Louisville","KY","40223"
69525,"2120 Dixdale Ave","Louisville","KY","40210"
69526,"9907 Mary Dell Ln","Louisville","KY","40291"
69527,"8435 Grand Trevi Dr","Louisville","KY","40228"
69528,"8212 Aspen Ave","Louisville","KY","40258"
69529,"221 N Clifton Ave","Apt 6","Louisville",
69530,"3802 Blanton Ln","Louisville","KY","40216"
69531,"2051 S Shelby St","Louisville","KY","40217"
69532,"9204 Trentham Ln","Louisville","KY","40242"
69533,"305 N Shawnee Ter","Louisville","KY","40212"
69534,"7708 Cecilia Way","Louisville","KY","40219"
69535,"6918 Peppermill Ln","Louisville","KY","40228"
69536,"6607 Brook Valley Dr","Louisville","KY","40228"
69537,"617 Bluegrass Ave","Louisville","KY","40214"
69538,"14301 Mckirkland Ct","Louisville","KY","40245"
69539,"5206 Pine Bunch Ct","Louisville","KY","40299"
69540,"605 Tessin Way","Louisville","KY","40223"
69541,"8303 Jenny Lind Dr","Louisville","KY","40219"
69542,"5222 Venus Dr","Louisville","KY","40258"
69543,"11000 Perwinkle Ln","Louisville","KY","40291"
69544,"13308 Meadowlawn Dr","Louisville","KY","40272"
69545,"2711 Goldsmith Ln","Louisville","KY","40220"
69546,"1834 W Ormsby Ave","Louisville","KY","40210"
69547,"1031 Baxter Ave","Louisville","KY","40204"
69548,"14411 Brook Forest Pl","Louisville","KY","40245"
69549,"3612 Otter Ct","Louisville","KY","40219"
69550,"504 Kingston Ave","Louisville","KY","40214"
69551,"335 W Kenwood Way","Louisville","KY","40214"
69552,"2510 Talbott Ave","Louisville","KY","40205"
69553,"4214 Lilac Vista Dr","Louisville","KY","40241"
69554,"3 Edmonia Ave","Louisville","KY","40220"
69555,"7234 Oakburn Dr","Louisville","KY","40258"
69556,"6504 North Dr","Louisville","KY","40272"
69557,"310 Locust Creek Blvd","Louisville","KY","40245"
69558,"1502 Belmar Dr","Louisville","KY","40213"
69559,"4608 Unseld Blvd","Louisville","KY","40218"
69560,"7506 Clipping Cross Rd","Louisville","KY","40241"
69561,"3503 Birchmore Pl","Louisville","KY","40245"
69562,"413 Louis Coleman Jr Dr","Louisville","KY","40212"
69563,"10238 Pine Glen Cir","Louisville","KY","40291"
69564,"6108 Moorhaven Dr","Louisville","KY","40219"
69565,"2330 Thornhill Rd","Louisville","KY","40222"
69566,"1935 Gardiner Ln","Apt J139","Louisville",
69567,"906 Iola Rd","Louisville","KY","40207"
69568,"5202 Capewood Dr","Louisville","KY","40229"
69569,"801 Gleneagle Ct","Louisville","KY","40223"
69570,"2366 Valley Vista Rd","Louisville","KY","40205"
69571,"3724 Chamberlain Ct","Louisville","KY","40241"
69572,"4507 Winnrose Way","Louisville","KY","40211"
69573,"1221 Becker Ave","Louisville","KY","40213"
69574,"3412 W Muhammad Ali Blvd","Louisville","KY","40212"
69575,"1005 Seelbach Ave","Louisville","KY","40215"
69576,"9531 Wessex Pl","Louisville","KY","40222"
69577,"1209 Winter Springs Ct","Unit 203","Louisville",
69578,"2414 Ridgeview Ave","Louisville","KY","40220"
69579,"1251 Westlynne Way","Apt 2","Louisville",
69580,"3223 Welman Dr","Louisville","KY","40216"
69581,"5123 Patterson Dr","Louisville","KY","40219"
69582,"11917 Tazwell Dr","Apt 7","Louisville",
69583,"10207 Waycross Ave","Louisville","KY","40229"
69584,"4002 Saratoga Woods Dr","Louisville","KY","40299"
69585,"2417 Duncan St","Louisville","KY","40212"
69586,"213 Appomattox Rd","Louisville","KY","40214"
69587,"7505 Lanfair Dr","Louisville","KY","40241"
69588,"9706 Long Rifle Ln","Louisville","KY","40291"
69589,"8913 Lantern Lite Pkwy","Louisville","KY","40220"
69590,"5416 Fruitwood Dr","Louisville","KY","40272"
69591,"512 Compton St","Louisville","KY","40208"
69592,"836 S 38th St","Louisville","KY","40211"
69593,"2647 Olive St","Louisville","KY","40210"
69594,"9102 Hudson Ln","Louisville","KY","40291"
69595,"420 Iola Rd","Louisville","KY","40207"
69596,"5227 Oldshire Rd","Louisville","KY","40229"
69597,"4901 Quail Ct","Louisville","KY","40213"
69598,"6009 Loretta St","Louisville","KY","40213"
69599,"2911 Explorer Dr","Louisville","KY","40218"
69600,"8616 Whipps Bend Rd","Louisville","KY","40222"
69601,"3007 Stonebridge Rd","Louisville","KY","40241"
69602,"14301 Kilderry Ct","Louisville","KY","40245"
69603,"520 W Woodlawn Ave","Louisville","KY","40214"
69604,"1412 Thornberry Ave","Louisville","KY","40215"
69605,"4519 Sunset Dr","Louisville","KY","40216"
69606,"3112 Roypom Dr","Louisville","KY","40220"
69607,"7011 Royal Links Dr","Louisville","KY","40228"
69608,"3707 Downing Way","Louisville","KY","40218"
69609,"7301 Edenroc Ln","Louisville","KY","40258"
69610,"3620 Bank St","Louisville","KY","40212"
69611,"13909 Laclara Way","Louisville","KY","40299"
69612,"601 Huntington Park Dr","Louisville","KY","40213"
69613,"301 Huntington Park Dr","Louisville","KY","40213"
69614,"201 Huntington Park Dr","Louisville","KY","40213"
69615,"8720 Linn Station Rd","Louisville","KY","40222"
69616,"3527 Nanz Ave","Louisville","KY","40207"
69617,"1832 W Ormsby Ave","Louisville","KY","40210"
69618,"1103 Dixie Hwy","Louisville","KY","40210"
69619,"6815 Montecito Ln","Louisville","KY","40291"
69620,"1614 Dawn Dr","Louisville","KY","40216"
69621,"3003 Sherbrooke Rd","Louisville","KY","40205"
69622,"8735 Lough Dr","Louisville","KY","40291"
69623,"4005 Mapleton Ave","Louisville","KY","40215"
69624,"515 Circle Valley Dr","Louisville","KY","40229"
69625,"1211 Sugar Pine Ter","Louisville","KY","40243"
69626,"4035 Saint Ives Ct","Louisville","KY","40207"
69627,"5215 Jenny June Dr","Louisville","KY","40213"
69628,"2902 Swope Rd","Louisville","KY","40241"
69629,"6913 Peppermill Ln","Louisville","KY","40228"
69630,"3211 Welman Dr","Louisville","KY","40216"
69631,"10609 Black Iron Rd","Louisville","KY","40291"
69632,"10003 Lower River Rd","Louisville","KY","40272"
69633,"5312 Millwood Ct","Louisville","KY","40291"
69634,"7316 Candy Ln","Louisville","KY","40214"
69635,"5114 Maple Spring Dr","Louisville","KY","40229"
69636,"10312 Rancho Dr","Louisville","KY","40272"
69637,"6707 Moorhaven Dr","Louisville","KY","40228"
69638,"1410 Bryce Dr","Louisville","KY","40216"
69639,"10816 Foxgate Ct","Louisville","KY","40223"
69640,"1051 Goss Ave","Louisville","KY","40217"
69641,"10423 Hite Creek Rd","Louisville","KY","40241"
69642,"1001 Ellison Ave","Louisville","KY","40204"
69643,"625 E Burnett Ave","Louisville","KY","40217"
69644,"6305 Maravian Dr","Louisville","KY","40258"
69645,"4100 Woodmont Park Ln","Louisville","KY","40245"
69646,"3421 W Kentucky St","Louisville","KY","40211"
69647,"10514 Saint Roche Dr","Louisville","KY","40299"
69648,"5509 Saxon Blvd","Louisville","KY","40219"
69649,"1805 Addington Ave","Louisville","KY","40220"
69650,"1310 Galston Ct","Louisville","KY","40222"
69651,"5204 Railroad Ave","Louisville","KY","40258"
69652,"2605 Fordyce Ln","Louisville","KY","40205"
69653,"302 Cliffwood Hill Way","Louisville","KY","40206"
69654,"336 N 41st St","Louisville","KY","40212"
69655,"3909 Vermont Ave","Louisville","KY","40211"
69656,"1001 E Breckinridge St","Louisville","KY","40204"
69657,"3124 Meadowlark Ave","Louisville","KY","40213"
69658,"7304 Rutledge Rd","Louisville","KY","40258"
69659,"1812 Sherwood Ave","Louisville","KY","40205"
69660,"4502 Parker Ave","Louisville","KY","40212"
69661,"2421 Boulevard","Napoleon","Louisville",
69662,"336 Kenwood Hill Rd","Louisville","KY","40214"
69663,"3220 Patricia Dr","Louisville","KY","40216"
69664,"4601 Accomack Dr","Louisville","KY","40241"
69665,"3314 Breckenridge Ln","Louisville","KY","40220"
69666,"9105 Brandywyne Dr","Louisville","KY","40291"
69667,"133 William St","Louisville","KY","40206"
69668,"9607 Riverwalk Ave","Louisville","KY","40229"
69669,"708 Rubel Ave","Louisville","KY","40204"
69670,"524 Denmark St","Louisville","KY","40215"
69671,"6832 Fenway Rd","Louisville","KY","40258"
69672,"1619 Norris Pl","Louisville","KY","40205"
69673,"5904 Carmelwood Dr","Louisville","KY","40229"
69674,"16807 Mallet Hill Dr","Louisville","KY","40245"
69675,"9903 Hofelich Ln","Louisville","KY","40291"
69676,"9810 Titan Dr","Louisville","KY","40229"
69677,"7318 Windemere Dr","Louisville","KY","40214"
69678,"924 Fenley Ave","Louisville","KY","40222"
69679,"3735 Avon Ct","Louisville","KY","40220"
69680,"3206 Donald Dr","Louisville","KY","40216"
69681,"2321 Hawthorne Ave","Louisville","KY","40205"
69682,"1725 Deerwood Ave","Louisville","KY","40205"
69683,"5813 Pikewood Rd","Louisville","KY","40219"
69684,"3023 Seneca Blvd","Louisville","KY","40205"
69685,"11708 Robindale Rd","Louisville","KY","40243"
69686,"1104 Blackthorn Rd","Louisville","KY","40299"
69687,"5204 Idlewood Ln","Louisville","KY","40291"
69688,"1841 Overlook Ter","Louisville","KY","40205"
69689,"5113 Tauten Sq","Louisville","KY","40241"
69690,"4112 Stoneview Dr","Apt 2","Louisville",
69691,"2505 Talbott Ave","Louisville","KY","40205"
69692,"12806 Bay Tree Way","Louisville","KY","40245"
69693,"5506 Schooler Ave","Louisville","KY","40219"
69694,"5912 E Manslick Rd","Louisville","KY","40219"
69695,"146 N Crestmoor Ave","Louisville","KY","40206"
69696,"3909 Mulberry Row Way","Louisville","KY","40299"
69697,"1209 Blackthorn Rd","Louisville","KY","40299"
69698,"2437 Emil Ave","Louisville","KY","40217"
69699,"14018 Hickory Ridge Rd","Louisville","KY","40245"
69700,"1904 Crossgate Ln","Louisville","KY","40222"
69701,"11002 Little Spring Blvd","Louisville","KY","40291"
69702,"12904 Willow Forest Dr","Louisville","KY","40245"
69703,"3623 Twin Oak Ln","Louisville","KY","40219"
69704,"12119 Pleasure Ln","Louisville","KY","40272"
69705,"2508 Wilkerson Ave","Louisville","KY","40216"
69706,"710 Wolford Ridge Ct","Louisville","KY","40245"
69707,"3335 Lester Ave","Louisville","KY","40215"
69708,"4829 Southern Pkwy","Louisville","KY","40214"
69709,"6400 Cottagemeadow Dr","Louisville","KY","40218"
69710,"5332 Alpine Way","Louisville","KY","40214"
69711,"216 Hemingway Rd","Louisville","KY","40207"
69712,"4500 Cheswick Way","Louisville","KY","40241"
69713,"2806 Richland Ave","Louisville","KY","40220"
69714,"3502 Lodge Ln","Apt 335","Louisville",
69715,"9702 Tamarisk Pkwy","Louisville","KY","40223"
69716,"704 W Ashland Ave","Louisville","KY","40215"
69717,"10810 Tattenham Ln","Louisville","KY","40243"
69718,"4315 Norbourne Blvd","Louisville","KY","40207"
69719,"2618 Bank St","Louisville","KY","40212"
69720,"3018 Mcmahan Blvd","Louisville","KY","40220"
69721,"4121 Browns Ln","Unit D31","Louisville",
69722,"6707 Currington Cir","Louisville","KY","40258"
69723,"720 S 32nd St","Louisville","KY","40211"
69724,"9009 Willowcreek Dr","Louisville","KY","40219"
69725,"4024 Blanton Ln","Louisville","KY","40216"
69726,"11801 Robindale Rd","Louisville","KY","40243"
69727,"13604 Pinnacle Gardens Cir","Louisville","KY","40245"
69728,"10414 Whipps Mill Rd","Louisville","KY","40223"
69729,"1514 Russell Lee Dr","Louisville","KY","40211"
69730,"910 Locust Pointe Pl","Louisville","KY","40245"
69731,"1904 Herr Ln","Louisville","KY","40222"
69732,"1611 Sylvan Way","Louisville","KY","40205"
69733,"13505 Oliver Station Ct","Louisville","KY","40245"
69734,"2829 Esther Blvd","Louisville","KY","40220"
69735,"15121 Chestnut Ridge Cir","Louisville","KY","40245"
69736,"5123 Tauten Sq","Louisville","KY","40241"
69737,"302 Glendora Ave","Louisville","KY","40212"
69738,"14708 Landis Lakes Dr","Louisville","KY","40245"
69739,"1829 Princeton Dr","Louisville","KY","40205"
69740,"5305 Rural Way","Louisville","KY","40218"
69741,"403 Cliffwood Hill Way","Louisville","KY","40206"
69742,"12101 Preakness Ct","Louisville","KY","40299"
69743,"10501 Fairmount Falls Way","Louisville","KY","40291"
69744,"9209 Springbrooke Cir","Louisville","KY","40241"
69745,"918 Minoma Ave","Louisville","KY","40217"
69746,"2022 Floradora Dr","Louisville","KY","40272"
69747,"11903 Rock Spring Dr","Louisville","KY","40245"
69748,"4147 La Salle Ave","Louisville","KY","40215"
69749,"2004 S 28th St","Louisville","KY","40210"
69750,"6810 Spring Lawn Ct","Louisville","KY","40291"
69751,"1215 Central Ave","Louisville","KY","40208"
69752,"8436 Grand Trevi Dr","Louisville","KY","40228"
69753,"3302 Broeck Pointe Ct","Louisville","KY","40241"
69754,"13702 Le Rente Dr","Louisville","KY","40299"
69755,"4324 Sadie Ln","Louisville","KY","40216"
69756,"10213 Radford Rd","Louisville","KY","40223"
69757,"5206 Southside Dr","Louisville","KY","40214"
69758,"7832 Bridlewood Pl","Louisville","KY","40228"
69759,"4605 Mile Of Sunshine Dr","Louisville","KY","40219"
69760,"10714 Alderbrook Pl","Louisville","KY","40299"
69761,"10205 Ledbury Way","Louisville","KY","40223"
69762,"11118 Oak Bend Ct","Louisville","KY","40241"
69763,"1107 Juniper Springs Dr","Louisville","KY","40242"
69764,"7015 Royal Links Dr","Louisville","KY","40228"
69765,"7027 Royal Links Dr","Louisville","KY","40228"
69766,"3925 Central Ave","Louisville","KY","40218"
69767,"10801 Campion Ct","Louisville","KY","40229"
69768,"3421 Sumac Rd","Louisville","KY","40216"
69769,"2 Hallsdale Dr","Louisville","KY","40220"
69770,"3934 Brookfield Ave","Louisville","KY","40207"
69771,"4013 Woodmont Park Ln","Louisville","KY","40245"
69772,"4209 Hurstbourne Woods Dr","Louisville","KY","40299"
69773,"3600 Oakvista Pl","Louisville","KY","40245"
69774,"9517 Cooper Chase Ct","Louisville","KY","40229"
69775,"7315 Ticonderoga Dr","Louisville","KY","40214"
69776,"12355 Forest School Ln","Louisville","KY","40223"
69777,"317 Marian Dr","Louisville","KY","40218"
69778,"4910 Shumake Ct","Louisville","KY","40218"
69779,"1847 Mary Catherine Dr","Louisville","KY","40216"
69780,"529 Dresden Ave","Louisville","KY","40215"
69781,"2060 Sherwood Ave","Louisville","KY","40205"
69782,"7404 Singletree Ln","Louisville","KY","40291"
69783,"1849 Farnsley Rd","Louisville","KY","40216"
69784,"5801 Granwood Pl","Louisville","KY","40258"
69785,"1810 W Chestnut St","Louisville","KY","40203"
69786,"1501 E Breckinridge St","Louisville","KY","40204"
69787,"623 Harris Pl","Louisville","KY","40222"
69788,"209 Fairfax Ave","Apt 1","Louisville",
69789,"5605 Pavilion Way","Louisville","KY","40291"
69790,"7706 Lesane Dr","Louisville","KY","40214"
69791,"1559 S 7th St","Louisville","KY","40208"
69792,"1411 Levering St","Louisville","KY","40208"
69793,"8358 Dorinda Ave","Louisville","KY","40258"
69794,"513 Baxter Ave","Louisville","KY","40204"
69795,"115 Dorsey Way","Louisville","KY","40223"
69796,"3105 Bridwell Dr","Louisville","KY","40216"
69797,"8612 Mckenna Way","Louisville","KY","40291"
69798,"1716 Parkridge Pkwy","Louisville","KY","40214"
69799,"7018 Osprey Ridge Dr","Louisville","KY","40228"
69800,"7010 Osprey Ridge Dr","Louisville","KY","40228"
69801,"5208 Mercury Dr","Louisville","KY","40258"
69802,"279 Shadowlawn Dr","Louisville","KY","40229"
69803,"3314 Dogwood Dr","Louisville","KY","40220"
69804,"3929 Kennison Ave","Louisville","KY","40207"
69805,"1926 Goldsmith Ln","Unit 115","Louisville",
69806,"2426 Lamborne Blvd","Louisville","KY","40272"
69807,"11319 Jefferson Trace Blvd","Louisville","KY","40291"
69808,"7900 Joyce Dr","Louisville","KY","40219"
69809,"2841 Hikes Ln","Apt 109","Louisville",
69810,"8410 Calm Ln","Louisville","KY","40219"
69811,"7301 Apple Mill Dr","Louisville","KY","40228"
69812,"11804 Wetherby Ave","Louisville","KY","40243"
69813,"938 Geiger St","Louisville","KY","40206"
69814,"4156 Hickman Ave","Louisville","KY","40213"
69815,"10607 Dry Creek Way","Louisville","KY","40299"
69816,"5207 Pine Bunch Ct","Louisville","KY","40299"
69817,"2624 Titleist Rd","Louisville","KY","40242"
69818,"6879 Green Meadow Cir","Louisville","KY","40207"
69819,"6023 Highliner Dr","Louisville","KY","40291"
69820,"4515 Dannywood Rd","Louisville","KY","40220"
69821,"305 N Watterson Trl","Louisville","KY","40243"
69822,"6010 Clearwater Cir","Louisville","KY","40219"
69823,"904 Albemarle Ct","Louisville","KY","40222"
69824,"1715 Saint Louis Ave","Louisville","KY","40210"
69825,"4305 High Meadow Pl","Louisville","KY","40299"
69826,"7508 Plain Field Ct","Louisville","KY","40220"
69827,"3321 Hale Ave","Louisville","KY","40211"
69828,"3745 Kahlert Ave","Louisville","KY","40215"
69829,"1818 Millers Ln","Louisville","KY","40216"
69830,"2834 Elam Dr","Louisville","KY","40213"
69831,"2106 Middle Ln","Louisville","KY","40216"
69832,"4207 Gaudet Rd","Louisville","KY","40299"
69833,"1510 Wurtele Ave","Louisville","KY","40208"
69834,"5321 Armsmere Way","Louisville","KY","40218"
69835,"10801 Anton Ct","Louisville","KY","40229"
69836,"4408 Mullaney Ct","Louisville","KY","40229"
69837,"12500 Spring Falls Ct","Louisville","KY","40229"
69838,"10609 Linn Station Rd","Louisville","KY","40223"
69839,"7806 Sunbury Ln","Louisville","KY","40220"
69840,"620 Merwin Ave","Louisville","KY","40217"
69841,"8201 Glenway Ct","Louisville","KY","40291"
69842,"507 Marquette Dr","Louisville","KY","40222"
69843,"1935 Gardiner Ln","Apt A3","Louisville",
69844,"1935 Gardiner Ln","Apt A6","Louisville",
69845,"4609 Stone Lakes Dr","Louisville","KY","40299"
69846,"13503 Oliver Station Ct","Louisville","KY","40245"
69847,"2800 Delor Ave","Louisville","KY","40217"
69848,"800 Chamberry Dr","Louisville","KY","40207"
69849,"2104 Ratcliffe Ave","Louisville","KY","40210"
69850,"2660 Taylorsville Rd","Louisville","KY","40205"
69851,"619 Harrison Ave","Louisville","KY","40217"
69852,"7302 Deep Well Ct","Louisville","KY","40291"
69853,"9500 Blue Ribbon Ct","Louisville","KY","40291"
69854,"10307 Saint Rene Rd","Louisville","KY","40299"
69855,"5107 Lammers Ln","Louisville","KY","40219"
69856,"2658 Taylorsville Rd","Louisville","KY","40205"
69857,"539 E Saint Catherine St","Louisville","KY","40203"
69858,"2015 Leahurst Ct","Louisville","KY","40216"
69859,"5708 Grandel Blvd","Louisville","KY","40258"
69860,"3810 Craig Ave","Louisville","KY","40215"
69861,"4715 Bay Cove Ct","Louisville","KY","40245"
69862,"4804 Andrea Way","Louisville","KY","40219"
69863,"605 W Ashland Ave","Louisville","KY","40215"
69864,"837 Washburn Ave","Louisville","KY","40222"
69865,"1209 Tallow Ln","Louisville","KY","40214"
69866,"4709 Lunenburg Dr","Louisville","KY","40245"
69867,"4403 Fegenbush Ln","Louisville","KY","40228"
69868,"1811 Kingsford Dr","Louisville","KY","40216"
69869,"5311 Oaklawn Park Dr","Louisville","KY","40299"
69870,"5902 Paul Revere Ct","Louisville","KY","40229"
69871,"8500 Laverne Dr","Louisville","KY","40299"
69872,"4822 Nottinghamshire Dr","Louisville","KY","40299"
69873,"8325 Croydon Cir","Louisville","KY","40222"
69874,"1535 Walter Ave","Louisville","KY","40215"
69875,"7905 Grandmeadow Ln","Louisville","KY","40258"
69876,"5516 Fruitwood Dr","Louisville","KY","40272"
69877,"3711 Hurstbourne Ridge Blvd","Louisville","KY","40299"
69878,"3738 Warren Ave","Louisville","KY","40215"
69879,"6718 Fernbush Dr","Louisville","KY","40228"
69880,"821 Beecher St","Louisville","KY","40215"
69881,"10917 Fairway Pointe Dr","Louisville","KY","40241"
69882,"1312 Earl Ave","Louisville","KY","40215"
69883,"7304 Jonathan Way","Louisville","KY","40228"
69884,"2510 Alexander Ave","Louisville","KY","40217"
69885,"628 S 18th St","Louisville","KY","40203"
69886,"410 Mockingbird Valley Rd","Apt 49","Louisville",
69887,"5211 Craigs Creek Dr","Louisville","KY","40241"
69888,"1223 Schiller Ave","Louisville","KY","40204"
69889,"8500 Rock Brook Cir","Louisville","KY","40220"
69890,"6311 Price Lane Rd","Louisville","KY","40229"
69891,"11906 Longview Farm Dr","Louisville","KY","40299"
69892,"3652 Henry Ave","Louisville","KY","40215"
69893,"1422 S 6th St","Louisville","KY","40208"
69894,"1420 S 6th St","Louisville","KY","40208"
69895,"2216 Pikes Peak Blvd","Louisville","KY","40214"
69896,"149 Dewberry Rd","Louisville","KY","40229"
69897,"6749 Vandre Ave","Louisville","KY","40228"
69898,"13106 Meadowlawn Dr","Louisville","KY","40272"
69899,"910 Perryman Rd","Louisville","KY","40207"
69900,"1013 Colonel Anderson Pkwy","Louisville","KY","40222"
69901,"2509 Pindell Ave","Louisville","KY","40217"
69902,"3600 Oak Vis","# Plc","Louisville",
69903,"8262 Blake Ln","Louisville","KY","40258"
69904,"2120 Garrs Ln","Louisville","KY","40216"
69905,"4236 Northwestern Pkwy","Louisville","KY","40212"
69906,"3215 Welman Dr","Louisville","KY","40216"
69907,"258 Bucky Burton Dr","Louisville","KY","40229"
69908,"3604 Taylor Blvd","Louisville","KY","40215"
69909,"1710 N English Station Rd","Louisville","KY","40223"
69910,"225 Sequoya Rd","Louisville","KY","40207"
69911,"6503 Spencerwood Ct","Louisville","KY","40229"
69912,"318 Mockingbird Hill Rd","Louisville","KY","40207"
69913,"6019 Highliner Dr","Louisville","KY","40291"
69914,"1804 Corona Ct","Louisville","KY","40222"
69915,"4204 San Marcos Rd","Louisville","KY","40299"
69916,"10 Hallsdale Dr","Louisville","KY","40220"
69917,"5121 Oaklawn Dr","Louisville","KY","40299"
69918,"4708 Vinecliff Pl","Louisville","KY","40299"
69919,"1615 Trevilian Way","Louisville","KY","40205"
69920,"6810 Holly Lake Dr","Louisville","KY","40291"
69921,"4305 Forest Bend Pl","Louisville","KY","40245"
69922,"2834 Yorkshire Blvd","Louisville","KY","40220"
69923,"8514 Hunting Stock Pl","Louisville","KY","40291"
69924,"321 N 33rd St","Louisville","KY","40212"
69925,"3138 Commander Dr","Louisville","KY","40220"
69926,"4501 Buffle Head Way","Louisville","KY","40218"
69927,"4900 Feys Dr","Louisville","KY","40216"
69928,"3816 Napanee Rd","Louisville","KY","40207"
69929,"7906 Niemann Dr","Louisville","KY","40291"
69930,"5506 Hempstead Rd","Louisville","KY","40207"
69931,"4107 Franklin Ave","Louisville","KY","40213"
69932,"4517 Greenwood Ave","Louisville","KY","40211"
69933,"2961 Garey Ln","Louisville","KY","40216"
69934,"1420 Cloverhills Dr","Louisville","KY","40216"
69935,"112 Juneau Dr","Louisville","KY","40243"
69936,"222 Wise Ct","Louisville","KY","40229"
69937,"4418 Heatherbrook Dr","Louisville","KY","40220"
69938,"1568 Mckay Ave","Louisville","KY","40213"
69939,"5210 Rollingwood Trl","Louisville","KY","40214"
69940,"8801 William Penn Ct","Louisville","KY","40228"
69941,"3700 Old Brownsboro Hills Rd","Louisville","KY","40241"
69942,"6502 Montego Bay Rd","Louisville","KY","40228"
69943,"9912 Michaele Ln","Louisville","KY","40299"
69944,"9308 Wimbley Ct","Louisville","KY","40241"
69945,"3359 Taylor Blvd","Louisville","KY","40215"
69946,"6901 Arbor Creek Dr","Louisville","KY","40228"
69947,"312 N 41st St","Louisville","KY","40212"
69948,"8009 Cedar Brook Dr","Louisville","KY","40219"
69949,"9906 Mcneely Lake Dr","Louisville","KY","40229"
69950,"1507 Polo Fields Ct","Louisville","KY","40245"
69951,"5219 Layne Rd","Louisville","KY","40219"
69952,"12100 Oaklawn Park Ct","Louisville","KY","40299"
69953,"3806 Melda Ln","Louisville","KY","40219"
69954,"4216 Southern Farm Blvd","Louisville","KY","40216"
69955,"4217 Savage Dr","Louisville","KY","40216"
69956,"7103 Fontendleau Way","Louisville","KY","40291"
69957,"12606 Kirkham Rd","Louisville","KY","40299"
69958,"6004 Dora Ct","Louisville","KY","40214"
69959,"7012 Osprey Ridge Dr","Louisville","KY","40228"
69960,"3517 Westwood Farms Dr","Louisville","KY","40220"
69961,"10123 Rolling Stone Dr","Louisville","KY","40229"
69962,"2619 Wendell Ave","Louisville","KY","40205"
69963,"4104 Steeple Way","Louisville","KY","40245"
69964,"3939 Napanee Rd","Louisville","KY","40207"
69965,"576 Longfield Ave","Louisville","KY","40215"
69966,"5707 Midnight Ln","Louisville","KY","40229"
69967,"2449 Lindbergh Dr","Louisville","KY","40208"
69968,"7926 Grand Cascade Dr","Louisville","KY","40228"
69969,"1630 Cowling Ave","Louisville","KY","40205"
69970,"3732 W Broadway","Louisville","KY","40211"
69971,"8608 Lakeridge Dr","Louisville","KY","40272"
69972,"126 Claremont Ave","Louisville","KY","40206"
69973,"9101 Hawthorne Pointe Dr","Unit 101","Louisville",
69974,"14204 Victory Ridge Dr","Louisville","KY","40245"
69975,"5115 Red Fern Rd","Louisville","KY","40218"
69976,"2913 Richland Ave","Louisville","KY","40220"
69977,"8910 Loch Lea Ln","Louisville","KY","40291"
69978,"3101 Youngtown Ct","Louisville","KY","40272"
69979,"8002 Magnolia Ridge Ct","Unit 104","Louisville",
69980,"6000 Clearwater Cir","Louisville","KY","40219"
69981,"1822 Dixdale Ave","Louisville","KY","40210"
69982,"203 Alpha Ave","Louisville","KY","40218"
69983,"9920 Vega Ln","Louisville","KY","40272"
69984,"4101 Stoneview Dr","Apt 2","Louisville",
69985,"1301 Taxus Top Ln","Unit 104","Louisville",
69986,"5424 Ilex Ave","Louisville","KY","40213"
69987,"1476 Cherokee Rd","Louisville","KY","40204"
69988,"2521 Guelat Ave","Louisville","KY","40216"
69989,"1959 Trevilian Way","Louisville","KY","40205"
69990,"2251 Payne St","Louisville","KY","40206"
69991,"11416 Kendrick Dr","Louisville","KY","40241"
69992,"6800 Reelfoot Lake Ct","Louisville","KY","40291"
69993,"4805 Nottinghamshire Dr","Louisville","KY","40299"
69994,"9706 Stream View Trl","Louisville","KY","40258"
69995,"10216 Falling Tree Way","Louisville","KY","40223"
69996,"12109 Preakness Ct","Louisville","KY","40299"
69997,"9103 Glasslipper Ct","Louisville","KY","40229"
69998,"10704 Vintage Creek Dr","Louisville","KY","40299"
69999,"12516 Bridgetown Pl","Louisville","KY","40245"
70000,"13414 Snowden Way","Louisville","KY","40272"
