80001,"3320 Bardstown Rd","Apt 47","Louisville",
80002,"1134 Oneida Ave","Louisville","KY","40214"
80003,"201 Bush Rd","Louisville","KY","40214"
80004,"8206 Hudson Ln","Louisville","KY","40291"
80005,"10808 Easum Rd","Louisville","KY","40299"
80006,"612 Turnstile Trce","Louisville","KY","40223"
80007,"7800 Conifer Dr","Louisville","KY","40258"
80008,"6615 Sun Ray Dr","Louisville","KY","40272"
80009,"606 Stivers Rd","Louisville","KY","40207"
80010,"3315 La Follette Dr","Louisville","KY","40299"
80011,"1038 Franelm Rd","Louisville","KY","40214"
80012,"3506 Charlane Pkwy","Louisville","KY","40299"
80013,"3221 Grant Ave","Louisville","KY","40214"
80014,"1503 Forest Park Rd","Louisville","KY","40223"
80015,"8606 Peggy Dr","Louisville","KY","40219"
80016,"10706 Copper Ridge Dr","Louisville","KY","40241"
80017,"7000 Bedford Ln","Louisville","KY","40222"
80018,"2806 Cleveland Blvd","Louisville","KY","40206"
80019,"7212 Watson Ln","Louisville","KY","40272"
80020,"6903 Matthews Rd","Louisville","KY","40258"
80021,"1013 S 1st St","Louisville","KY","40203"
80022,"5607 Azalea Ln","Louisville","KY","40258"
80023,"4632 Shenandoah Dr","Louisville","KY","40241"
80024,"11495 Brookley Dr","Louisville","KY","40229"
80025,"5350 Rollingwood Trl","Louisville","KY","40214"
80026,"3541 Goldsmith Ln","Louisville","KY","40220"
80027,"7913 Glaser Ln","Louisville","KY","40291"
80028,"111 Brown Ave","Louisville","KY","40207"
80029,"7209 Ben Franklin Ct","Louisville","KY","40214"
80030,"2409 Mcgee Dr","Louisville","KY","40216"
80031,"7209 Gerber Ave","Louisville","KY","40214"
80032,"7701 Bella Woods Ct","Louisville","KY","40214"
80033,"2314 Hale Ave","Louisville","KY","40210"
80034,"1034 Hathaway Ave","Louisville","KY","40215"
80035,"2919 Slevin St","Louisville","KY","40212"
80036,"2223 Alta Ave","Louisville","KY","40205"
80037,"6608 Everton Dr","Louisville","KY","40258"
80038,"7600 Ashleywood Dr","Louisville","KY","40241"
80039,"1770 Wilson Ave","Louisville","KY","40210"
80040,"1612 Mae Street Kidd Ave","Louisville","KY","40211"
80041,"2204 Hale Ave","Louisville","KY","40210"
80042,"4150 Hazelwood Ave","Louisville","KY","40215"
80043,"5603 Nally Ct","Louisville","KY","40216"
80044,"7915 Jonquil Dr","Louisville","KY","40258"
80045,"5510 Sterling Dr","Louisville","KY","40216"
80046,"2208 Alta Ave","Louisville","KY","40205"
80047,"1705 Jefferson Ave","Louisville","KY","40242"
80048,"1427 Highland Ave","Louisville","KY","40204"
80049,"6532 Hunters Chase Ln","Louisville","KY","40258"
80050,"9910 Roundstone Trce","Louisville","KY","40223"
80051,"3435 Park Row Dr","Louisville","KY","40216"
80052,"120 Wood Rd","Louisville","KY","40222"
80053,"1521 Dawn Dr","Louisville","KY","40216"
80054,"4614 Mud Ln","Louisville","KY","40229"
80055,"10609 Cedar Creek Rd","Louisville","KY","40229"
80056,"2108 Emerson Ave","Louisville","KY","40205"
80057,"6620 Orchard Club Pl","Louisville","KY","40291"
80058,"3311 Ridge Brook Cir","Louisville","KY","40245"
80059,"3511 Charlane Pkwy","Louisville","KY","40299"
80060,"7402 Renwood Ct","Apt 204","Louisville",
80061,"755 N Hite Ave","Apt 5","Louisville",
80062,"6913 Arbor Manor Way","Louisville","KY","40228"
80063,"5232 Craigs Creek Dr","Louisville","KY","40241"
80064,"545 Barberry Ln","Louisville","KY","40206"
80065,"4607 Silverleaf Dr","Louisville","KY","40213"
80066,"1783 Wathen Ln","Louisville","KY","40216"
80067,"2400 Overlook Hill Ct","Louisville","KY","40205"
80068,"4101 North Ln","Louisville","KY","40216"
80069,"2909 Explorer Dr","Louisville","KY","40218"
80070,"3209 Hunsinger Ln","Louisville","KY","40220"
80071,"2320 Dulworth Dr","Louisville","KY","40216"
80072,"2201 Polo Mount Ct","Louisville","KY","40245"
80073,"16713 Summit Vista Way","Louisville","KY","40245"
80074,"4704 Kingsmore Dr","Louisville","KY","40229"
80075,"11805 E Orell Rd","Louisville","KY","40272"
80076,"4314 Diamond Way","Louisville","KY","40216"
80077,"2008 Northfield Dr","Louisville","KY","40222"
80078,"612 S 40th St","Louisville","KY","40211"
80079,"6713 Shareith Dr","Louisville","KY","40228"
80080,"2903 Cleveland Blvd","Louisville","KY","40206"
80081,"407 S 40th St","Louisville","KY","40212"
80082,"7806 Columbine Dr","Louisville","KY","40258"
80083,"527 Dale Ave","Louisville","KY","40214"
80084,"7711 Bridlewood Pl","Louisville","KY","40228"
80085,"149 William St","Louisville","KY","40206"
80086,"1038 Kaiser Ct","Louisville","KY","40211"
80087,"1618 Beech St","Louisville","KY","40211"
80088,"9113 Auburn Woods Ct","Louisville","KY","40214"
80089,"8701 Staghorn Dr","Louisville","KY","40242"
80090,"100 Stonehenge Dr","# 102","Louisville",
80091,"8800 Zabel Way","Louisville","KY","40291"
80092,"1604 Belmar Dr","Louisville","KY","40213"
80093,"9007 Beulah Church Rd","Louisville","KY","40291"
80094,"6412 Kenjoy Dr","Louisville","KY","40214"
80095,"7220 Lora Dr","Louisville","KY","40214"
80096,"106 Lenoak Dr","Louisville","KY","40214"
80097,"3223 Poplar View Dr","Louisville","KY","40216"
80098,"2325 Strotman Rd","Louisville","KY","40216"
80099,"2849 Coleen Ct","Louisville","KY","40206"
80100,"400 N 41st St","Louisville","KY","40212"
80101,"8407 Sunny Stone Ln","Louisville","KY","40299"
80102,"3409 Ascot Cir","Louisville","KY","40241"
80103,"10710 Copper Ridge Dr","Louisville","KY","40241"
80104,"5213 Sand Lake Dr","Louisville","KY","40272"
80105,"3825 Mamaroneck Rd","Louisville","KY","40218"
80106,"7122 Blair Creek Way","Louisville","KY","40229"
80107,"8002 Beechdale Ct","Louisville","KY","40220"
80108,"6621 Hunters Creek Blvd","Louisville","KY","40258"
80109,"7704 Annalisa Dr","Louisville","KY","40291"
80110,"10705 Waycross Ave","Louisville","KY","40229"
80111,"3919 Rock Bay Dr","Louisville","KY","40245"
80112,"7229 Durst Dr","Louisville","KY","40258"
80113,"8401 3rd Street Rd","Louisville","KY","40272"
80114,"1321 Oakwood Ave","Louisville","KY","40215"
80115,"3603 Johnston Way","Louisville","KY","40220"
80116,"4308 Cloverleaf Dr","Louisville","KY","40216"
80117,"4332 Sadie Ln","Louisville","KY","40216"
80118,"248 Stonehenge Dr","Apt 103","Louisville",
80119,"1815 Gardiner Ln","Apt B17","Louisville",
80120,"2414 Branning Rd","Louisville","KY","40222"
80121,"1730 Model Rd","Louisville","KY","40216"
80122,"603 Fenley Ave","Louisville","KY","40222"
80123,"3341 W Kentucky St","Louisville","KY","40211"
80124,"1215 Wellington Pl","Louisville","KY","40207"
80125,"2528 Rockford Ln","Louisville","KY","40216"
80126,"1718 Odaniel Ave","Apt 20","Louisville",
80127,"1914 Bank St","Louisville","KY","40203"
80128,"4003 Gunn Ct","Louisville","KY","40229"
80129,"12405 Aquarius Rd","Louisville","KY","40243"
80130,"1003 Girard Ct","Louisville","KY","40222"
80131,"8001 Magnolia Ridge Ct","Unit 102","Louisville",
80132,"3015 Tremont Dr","Louisville","KY","40205"
80133,"9310 Pine Lake Dr","Unit 202","Louisville",
80134,"5800 Loretta St","Louisville","KY","40213"
80135,"1432 Forest Dr","Louisville","KY","40219"
80136,"3508 Ramblin Creek Rd","Louisville","KY","40299"
80137,"14 Nichols Dr","Louisville","KY","40215"
80138,"7801 Daffodil Dr","Louisville","KY","40258"
80139,"8304 Smithton Rd","Louisville","KY","40219"
80140,"8304 Casualwood Way","Louisville","KY","40291"
80141,"5804 Janet Lee Dr","Louisville","KY","40291"
80142,"2363 Valley Vista Rd","Louisville","KY","40205"
80143,"410 Bromwell Dr","Louisville","KY","40245"
80144,"906 Beechwood Rd","Louisville","KY","40207"
80145,"3601 Wheeler Ave","Louisville","KY","40215"
80146,"509 Wendover Ave","Louisville","KY","40207"
80147,"413 Macon Ave","Louisville","KY","40207"
80148,"2208 Date St","Louisville","KY","40210"
80149,"2627 Garland Ave","Louisville","KY","40211"
80150,"13405 Kristen Leigh Ct","Louisville","KY","40299"
80151,"2140 Bonnycastle Ave","Apt 2B","Louisville",
80152,"411 Revolutionary Rd","Louisville","KY","40214"
80153,"1840 Tyler Pkwy","Louisville","KY","40204"
80154,"64 College Ct","Louisville","KY","40203"
80155,"1800 Deer Park Ave","Louisville","KY","40205"
80156,"4926 S 3rd St","Louisville","KY","40214"
80157,"1800 Casselberry Rd","Louisville","KY","40205"
80158,"4108 Barbourview Dr","Louisville","KY","40241"
80159,"9303 Stonestreet Rd","Unit 113","Louisville",
80160,"8802 Denington Dr","Louisville","KY","40222"
80161,"12409 Crosswinds Dr","Louisville","KY","40243"
80162,"9715 Forestwood Dr","Louisville","KY","40299"
80163,"715 La Fontenay Ct","Louisville","KY","40223"
80164,"5411 Hickory Hill Rd","Louisville","KY","40214"
80165,"5704 Hasbrook Dr","Louisville","KY","40229"
80166,"3705 Willow Ave","Louisville","KY","40299"
80167,"2957 Six Mile Ln","Louisville","KY","40220"
80168,"1328 Lynmar Dr","Apt 5","Louisville",
80169,"1915 Cedar St","Louisville","KY","40203"
80170,"7503 Springvale Dr","Louisville","KY","40241"
80171,"1912 Wrocklage Ave","Louisville","KY","40205"
80172,"4203 Gaudet Rd","Louisville","KY","40299"
80173,"113 Holliswood Rd","Louisville","KY","40222"
80174,"3914 Landherr Dr","Louisville","KY","40299"
80175,"2629 Titleist Rd","Louisville","KY","40242"
80176,"1568 Cherokee Rd","Louisville","KY","40205"
80177,"10718 Vine Hill Dr","Louisville","KY","40299"
80178,"6405 Saddleview Ct","Louisville","KY","40228"
80179,"1009 Pitchford Rd","Louisville","KY","40219"
80180,"4605 Unseld Blvd","Louisville","KY","40218"
80181,"1346 Poplar Level Rd","Louisville","KY","40217"
80182,"1843 W Kentucky St","Louisville","KY","40210"
80183,"1127 Blackthorn Rd","Louisville","KY","40299"
80184,"7109 Welchire Falls Dr","Louisville","KY","40228"
80185,"5251 Craigs Creek Dr","Louisville","KY","40241"
80186,"2423 Ridgeview Ave","Louisville","KY","40220"
80187,"6418 Renate Rd","Louisville","KY","40291"
80188,"4409 White Pine Way","Louisville","KY","40241"
80189,"10909 Sweet Water Dr","Louisville","KY","40241"
80190,"8923 Old South Park Rd","Louisville","KY","40219"
80191,"5909 Woodhaven Ridge Ct","Louisville","KY","40291"
80192,"6816 Fallen Leaf Cir","Louisville","KY","40241"
80193,"12209 Davidson Dr","Louisville","KY","40243"
80194,"4024 Poplar Level Rd","Apt 3","Louisville",
80195,"319 Kilmory Ave","Louisville","KY","40214"
80196,"3760 Rosemont Blvd","Louisville","KY","40218"
80197,"5410 Cooper Chapel Rd","Louisville","KY","40229"
80198,"6418 Renate Rd","Unit 6418","Louisville",
80199,"9004 Jessica Leigh Dr","Louisville","KY","40228"
80200,"3608 Powell Ave","Louisville","KY","40215"
80201,"755 N Hite Ave","Apt 1","Louisville",
80202,"2914 Cromarty Way","Louisville","KY","40218"
80203,"4308 Dawkins Ct","Louisville","KY","40229"
80204,"10712 Copper Ridge Dr","Louisville","KY","40241"
80205,"4605 Kiefer Rd","Louisville","KY","40216"
80206,"5204 Monticello Ave","Louisville","KY","40218"
80207,"3305 Dr William G Weathers Dr","Louisville","KY","40211"
80208,"2700 Tucker Station Rd","Louisville","KY","40299"
80209,"7511 Russell Ave","Louisville","KY","40258"
80210,"7510 Jamaica Dr","Louisville","KY","40214"
80211,"4021 Whiteblossom Estates Ct","Louisville","KY","40241"
80212,"6110 Pendleton Rd","Louisville","KY","40272"
80213,"2312 Lower Hunters Trce","Louisville","KY","40216"
80214,"9401 Magnolia Ridge Dr","Unit 202","Louisville",
80215,"2606 Oregon Ave","Louisville","KY","40210"
80216,"1102 E Breckinridge St","Louisville","KY","40204"
80217,"8511 Pennsylvania Run Rd","Louisville","KY","40228"
80218,"9633 Fairmount Rd","Louisville","KY","40291"
80219,"5933 Brandon Dunes Dr","Louisville","KY","40228"
80220,"922 Brentwood Ave","Louisville","KY","40215"
80221,"9204 3rd Street Rd","Louisville","KY","40272"
80222,"300 N Shawnee Ter","Louisville","KY","40212"
80223,"11210 Fantasy Trl","Louisville","KY","40229"
80224,"360 Wild Way","Louisville","KY","40229"
80225,"13031 Bessels Blvd","Louisville","KY","40272"
80226,"3311 Dr William G Weathers Dr","Louisville","KY","40211"
80227,"2326 Broadmeade Rd","Louisville","KY","40205"
80228,"5302 Mount Marcy Rd","Louisville","KY","40216"
80229,"4330 S 3rd St","Louisville","KY","40214"
80230,"8902 Swan Hill Rd","Louisville","KY","40241"
80231,"221 Prairie Dr","Louisville","KY","40229"
80232,"4410 Clarene Dr","Louisville","KY","40216"
80233,"1573 Sadie Ln","Louisville","KY","40216"
80234,"3709 Stonyrun Cir","Louisville","KY","40220"
80235,"4208 Kurtz Ave","Louisville","KY","40229"
80236,"3729 Marvin Ave","Louisville","KY","40218"
80237,"3210 Poplar View Dr","Louisville","KY","40216"
80238,"4525 Norene Ln","Louisville","KY","40219"
80239,"3918 Vermont Ave","Louisville","KY","40211"
80240,"818 La Fontenay Ct","Louisville","KY","40223"
80241,"5205 Bannon Crossings Dr","Louisville","KY","40218"
80242,"1926 Goldsmith Ln","Unit 70","Louisville",
80243,"5414 Sunnybrook Dr","Louisville","KY","40214"
80244,"10503 Vining Pl","Apt 201","Louisville",
80245,"1718 Mae Street Kidd Ave","Louisville","KY","40211"
80246,"3503 Coronado Dr","Louisville","KY","40241"
80247,"324 Shelby Cir","Louisville","KY","40229"
80248,"3308 Kirby Ave","Louisville","KY","40211"
80249,"7804 Meadow Breeze Ct","Louisville","KY","40291"
80250,"12600 Westport Ridge Way","Louisville","KY","40245"
80251,"3904 Stonyrun Dr","Louisville","KY","40220"
80252,"7906 Kingman Way","Louisville","KY","40220"
80253,"4316 Hickoryview Dr","Louisville","KY","40299"
80254,"1512 Indiana Ave","Louisville","KY","40213"
80255,"306 Castleview Dr","Louisville","KY","40207"
80256,"2323 Rowan St","Louisville","KY","40212"
80257,"6701 Vandre Ave","Louisville","KY","40228"
80258,"914 Willow Pointe Dr","Louisville","KY","40299"
80259,"5810 Lake Erie Dr","Louisville","KY","40291"
80260,"6603 Memory Ln","Louisville","KY","40258"
80261,"5612 W Pages Ln","Louisville","KY","40258"
80262,"1107 Baxter Ave","Louisville","KY","40204"
80263,"106 E Amherst Ave","Louisville","KY","40214"
80264,"1530 Castlewood Ave","Louisville","KY","40204"
80265,"4208 Davco Way","Louisville","KY","40241"
80266,"8804 Brittany Dr","Louisville","KY","40220"
80267,"9216 Cedar Creek Rd","Louisville","KY","40291"
80268,"1516 Hemlock St","Louisville","KY","40211"
80269,"8700 Michael Ray Dr","Louisville","KY","40219"
80270,"204 Highwood Dr","Louisville","KY","40206"
80271,"2013 Garrs Ln","Louisville","KY","40216"
80272,"8711 Ferndale Rd","Louisville","KY","40291"
80273,"5441 Bruce Ave","Louisville","KY","40214"
80274,"4904 Bridle Bend Way","Louisville","KY","40299"
80275,"9218 Cedar Creek Rd","Louisville","KY","40291"
80276,"6019 Clearwater Cir","Louisville","KY","40219"
80277,"3024 Leman Dr","Louisville","KY","40220"
80278,"8902 Raintree Dr","Louisville","KY","40220"
80279,"3316 Frontier Trl","Louisville","KY","40220"
80280,"2012 Obrien Ct","Louisville","KY","40216"
80281,"1507 S 28th St","Louisville","KY","40211"
80282,"8415 Roseborough Rd","Louisville","KY","40228"
80283,"1910 Strathmoor Blvd","Louisville","KY","40205"
80284,"10700 Kings Crown Dr","Louisville","KY","40059"
80285,"4008 Wooded Way","Louisville","KY","40219"
80286,"5307 Rolling Rock Ct","Unit 103","Louisville",
80287,"1643 Stafford Ave","Louisville","KY","40216"
80288,"1604 Cherokee Rd","Apt 2","Louisville",
80289,"710 Finzer St","Louisville","KY","40203"
80290,"14104 Beckley Trce","Louisville","KY","40245"
80291,"1006 Colonel Anderson Pkwy","Louisville","KY","40222"
80292,"169 Pope St","Louisville","KY","40206"
80293,"3803 Yardley Ct","Unit 205","Louisville",
80294,"183 N Ewing Ave","Louisville","KY","40206"
80295,"2140 Bonnycastle Ave","Apt 9A","Louisville",
80296,"3130 Hewitt Ave","Louisville","KY","40220"
80297,"6802 Caitlynn Way","Louisville","KY","40229"
80298,"3415 Bryan Way","Louisville","KY","40220"
80299,"6209 Hackberry Way","Louisville","KY","40229"
80300,"2404 Omaha Ln","Louisville","KY","40216"
80301,"6208 Darrell Ct","Louisville","KY","40216"
80302,"3911 Brownlee Rd","Louisville","KY","40207"
80303,"7301 Wesboro Rd","Louisville","KY","40222"
80304,"8402 Arnoldtown Rd","Louisville","KY","40214"
80305,"2523 Clarendon Ave","Louisville","KY","40205"
80306,"1432 S 4th St","Louisville","KY","40208"
80307,"2514 Duncan St","Louisville","KY","40212"
80308,"1011 Sylvia St","Louisville","KY","40217"
80309,"4714 Idle Hour Dr","Louisville","KY","40216"
80310,"2013 Baringer Ave","Louisville","KY","40204"
80311,"13207 Versatile Ave","Louisville","KY","40299"
80312,"4221 Taylor Blvd","Louisville","KY","40215"
80313,"3411 Hycliffe Ave","Louisville","KY","40207"
80314,"2058 May Ave","Louisville","KY","40217"
80315,"7801 Bridlewood Pl","Louisville","KY","40228"
80316,"1805 Westmoorland Way","Louisville","KY","40242"
80317,"14104 Steerforth Ct","Louisville","KY","40245"
80318,"101 N Rastetter Ave","Louisville","KY","40206"
80319,"9416 Cornflower Rd","Louisville","KY","40272"
80320,"502 Grand Vista Pl","Louisville","KY","40243"
80321,"7535 Pimlico Dr","Louisville","KY","40214"
80322,"9307 Walhampton Dr","Louisville","KY","40242"
80323,"8109 Warwick Ave","Louisville","KY","40222"
80324,"14800 Fox Bend Ct","Louisville","KY","40245"
80325,"1513 Sable Wing Cir","Louisville","KY","40223"
80326,"3519 Breeland Ave","Louisville","KY","40241"
80327,"704 Brentwood Ave","Louisville","KY","40215"
80328,"1527 Clara Ave","Louisville","KY","40215"
80329,"9303 Stonestreet Rd","Unit 204","Louisville",
80330,"6414 Stableview Pl","Louisville","KY","40228"
80331,"728 Wicklow Rd","Louisville","KY","40207"
80332,"2302 Burrell Dr","Louisville","KY","40216"
80333,"12508 Ledges Dr","Louisville","KY","40243"
80334,"4808 Middlesex Dr","Louisville","KY","40245"
80335,"9400 Magnolia Ridge Dr","Unit 201","Louisville",
80336,"3027 Sherbrooke Rd","Louisville","KY","40205"
80337,"99 Persimmon Ridge Dr","Louisville","KY","40245"
80338,"2016 Pirtle St","Louisville","KY","40203"
80339,"208 Dorsey Ln","Louisville","KY","40223"
80340,"157 Gillette Ave","Louisville","KY","40214"
80341,"6906 Arbor Manor Way","Louisville","KY","40228"
80342,"6904 Arbor Manor Way","Louisville","KY","40228"
80343,"10105 Landwood Dr","Louisville","KY","40291"
80344,"4609 Palma Rd","Louisville","KY","40272"
80345,"1124 Garden Creek Cir","Louisville","KY","40223"
80346,"4638 Dohn Rd","Louisville","KY","40216"
80347,"1210 Hart Ave","Louisville","KY","40213"
80348,"753 S Shelby St","Louisville","KY","40203"
80349,"7614 Buffalo Trace Dr","Louisville","KY","40214"
80350,"9906 Appollo Ln","Louisville","KY","40272"
80351,"308 Park View Dr","Louisville","KY","40245"
80352,"1836 Deerwood Ave","Louisville","KY","40205"
80353,"1622 Russell Ave","Louisville","KY","40213"
80354,"821 Foxfire Dr","Louisville","KY","40223"
80355,"1836 Stevens Ave","Louisville","KY","40205"
80356,"9313 Hudson Ln","Louisville","KY","40291"
80357,"8712 Chelmer Ln","Louisville","KY","40220"
80358,"1834 Stevens Ave","Louisville","KY","40205"
80359,"10000 Mcneely Lake Dr","Louisville","KY","40229"
80360,"920 Exmoor Ave","Louisville","KY","40223"
80361,"5904 Arvis Dr","Louisville","KY","40258"
80362,"3705 Woodruff Ave","Louisville","KY","40215"
80363,"4303 Flintlock Dr","Louisville","KY","40216"
80364,"3028 Curran Rd","Louisville","KY","40205"
80365,"323 Monohan Dr","Louisville","KY","40207"
80366,"2402 Burwell Ave","Louisville","KY","40210"
80367,"1001 Lodge Hill Rd","Louisville","KY","40223"
80368,"5120 Emerald Dr","Louisville","KY","40219"
80369,"3528 Winterberry Cir","Louisville","KY","40207"
80370,"1811 Tyler Pkwy","Louisville","KY","40204"
80371,"709 Yorkwood Pl","Louisville","KY","40223"
80372,"7120 Blair Creek Way","Louisville","KY","40229"
80373,"12302 Winchester Woods Pl","Louisville","KY","40223"
80374,"9721 Collier Ln","Louisville","KY","40291"
80375,"5507 Hasbrook Dr","Louisville","KY","40229"
80376,"6404 Canterview Ct","Louisville","KY","40228"
80377,"4828 Brenda Dr","Louisville","KY","40219"
80378,"11123 Meadow Chase Ct","Louisville","KY","40229"
80379,"10432 Leven Blvd","Louisville","KY","40229"
80380,"2195 Millvale Rd","Louisville","KY","40205"
80381,"4210 Hickoryview Dr","Louisville","KY","40299"
80382,"4028 Parthenia Ave","Louisville","KY","40215"
80383,"881 Clarks Ln","Louisville","KY","40217"
80384,"17502 Polo Run Ln","Louisville","KY","40245"
80385,"2904 Noe Ct Unit 2904 Noe Ct","Unit 4","Louisville",
80386,"1914 Grand Ridge Rd","Louisville","KY","40214"
80387,"5301 Millwood Ct","Louisville","KY","40291"
80388,"9700 Fairmount Rd","Louisville","KY","40291"
80389,"963 S Preston St","Louisville","KY","40203"
80390,"3507 Paragon Ct","Unit 18","Louisville",
80391,"3411 Heatherfield Dr","Louisville","KY","40216"
80392,"3218 Elane Dr","Louisville","KY","40216"
80393,"1202 Dahlia Dr","Louisville","KY","40204"
80394,"9107 Hawthorne Pointe Dr","Louisville","KY","40272"
80395,"2405 Glenmary Ave","Apt 3","Louisville",
80396,"4021 Brookfield Ave","Louisville","KY","40207"
80397,"9205 Eupora Ct","Louisville","KY","40299"
80398,"4800 Haney Way","Louisville","KY","40272"
80399,"310 W Southside Ct","Louisville","KY","40214"
80400,"6821 Feyhurst Dr","Louisville","KY","40258"
80401,"5604 Braulio Ct","Louisville","KY","40291"
80402,"425 Country Ln","Louisville","KY","40207"
80403,"4610 Rose Farm Dr","Louisville","KY","40258"
80404,"682 Atwood St","Louisville","KY","40217"
80405,"125 Haldeman Ave","Louisville","KY","40206"
80406,"1216 Lincoln Ave","Louisville","KY","40208"
80407,"8332 Delta Cir","Louisville","KY","40228"
80408,"9913 Normie Ln","Louisville","KY","40229"
80409,"10700 Copper Ridge Dr","Louisville","KY","40241"
80410,"14617 Landis Lakes Dr","Louisville","KY","40245"
80411,"1424 Hazel St","Louisville","KY","40211"
80412,"6502 Tradesmill Dr","Louisville","KY","40291"
80413,"10601 Grassy Ct","Louisville","KY","40241"
80414,"1128 Rogers St","Louisville","KY","40204"
80415,"125 Lyndon Ln","Louisville","KY","40222"
80416,"608 Plainview Terrace Dr","Louisville","KY","40223"
80417,"10109 Vista Springs Way","Louisville","KY","40291"
80418,"7204 Wesboro Rd","Louisville","KY","40222"
80419,"3012 Peale Ave","Louisville","KY","40205"
80420,"4103 Bank St","Louisville","KY","40212"
80421,"4500 Fallen Apple Ln","Louisville","KY","40218"
80422,"810 Bluegrass Ave","Louisville","KY","40215"
80423,"7070 Wildwood Cir","Apt 156","Louisville",
80424,"2008 Indian Chute","Louisville","KY","40207"
80425,"4321 W Muhammad Ali Blvd","Louisville","KY","40212"
80426,"4142 W Muhammad Ali Blvd","Louisville","KY","40212"
80427,"7610 Charron Rd","Louisville","KY","40220"
80428,"1002 Charles St","Louisville","KY","40204"
80429,"3313 Northwestern Pkwy","Louisville","KY","40212"
80430,"5712 Loretta St","Louisville","KY","40213"
80431,"1615 Louis Coleman Jr Dr","Louisville","KY","40211"
80432,"613 Emily Rd","Louisville","KY","40206"
80433,"4312 Hickoryview Dr","Louisville","KY","40299"
80434,"5308 Chenoweth Park Ln","Louisville","KY","40291"
80435,"105 Willow Stone Way","Louisville","KY","40223"
80436,"5038 Terry Rd","Louisville","KY","40216"
80437,"8100 Bella Woods Dr","Louisville","KY","40214"
80438,"6805 Manslick Rd","Louisville","KY","40214"
80439,"8704 Deer Point Ct","Louisville","KY","40242"
80440,"1616 Dixdale Ave","Louisville","KY","40210"
80441,"1016 Navaho Pl","Louisville","KY","40215"
80442,"4805 S 4th St","Louisville","KY","40214"
80443,"12026 Bay Run Dr","Louisville","KY","40245"
80444,"8506 Ferndale Rd","Louisville","KY","40291"
80445,"17402 Branchside Pl","Louisville","KY","40245"
80446,"2425 Mahan Dr","Louisville","KY","40299"
80447,"717 Brendon Hills Pl","Louisville","KY","40245"
80448,"10602 Charleswood Rd","Louisville","KY","40229"
80449,"3202 Renwood Blvd","Apt 103","Louisville",
80450,"5119 Woodridge Lake Blvd","Louisville","KY","40272"
80451,"2612 Oregon Ave","Louisville","KY","40210"
80452,"8401 Sunny Stone Ln","Louisville","KY","40299"
80453,"3111 Shady Springs Dr","Louisville","KY","40299"
80454,"3924 Winchester Rd","Louisville","KY","40207"
80455,"9517 Stillridge Pl","Louisville","KY","40229"
80456,"6 Overbrook Rd","Louisville","KY","40207"
80457,"6912 Rock Hollow Dr","Louisville","KY","40219"
80458,"2816 Celina Dr","Louisville","KY","40213"
80459,"2821 Deshler Dr","Louisville","KY","40213"
80460,"5106 Outer Loop","Louisville","KY","40219"
80461,"1400 Taylor Ave","Louisville","KY","40213"
80462,"5538 Tecumseh Cir","Louisville","KY","40207"
80463,"1325 Huntoon Ave","Louisville","KY","40215"
80464,"704 W Woodlawn Ave","Louisville","KY","40215"
80465,"220 Bellemeade Rd","Louisville","KY","40222"
80466,"7015 Irewick Way","Louisville","KY","40272"
80467,"605 Cambridge Station Rd","Louisville","KY","40223"
80468,"7123 Ridge Creek Rd","Louisville","KY","40291"
80469,"3307 Donald Dr","Louisville","KY","40216"
80470,"12308 Crosswinds Dr","Louisville","KY","40243"
80471,"6211 Willismore Dr","Louisville","KY","40272"
80472,"4435 Monarchos Dr","Louisville","KY","40220"
80473,"1816 Myddleton Dr","Louisville","KY","40243"
80474,"3503 Sorrento Ave","Louisville","KY","40241"
80475,"9203 Lakeridge Dr","Louisville","KY","40272"
80476,"818 Rubel Ave # A","Louisville","KY","40204"
80477,"9622 Maple Rd","Louisville","KY","40229"
80478,"6913 Janes Farm Dr","Louisville","KY","40228"
80479,"7216 Wood Briar Rd","Louisville","KY","40241"
80480,"2836 Regan Ave","Louisville","KY","40206"
80481,"5408 Westhall Ave","Louisville","KY","40214"
80482,"4806 Cedar Forest Pl","Louisville","KY","40245"
80483,"10429 Vista Hills Blvd","Louisville","KY","40291"
80484,"3521 Norbourne Blvd","Louisville","KY","40207"
80485,"818 Rubel Ave Unit A","Louisville","KY","40204"
80486,"516 Colorado Ave","Louisville","KY","40208"
80487,"3026 Talisman Rd","Louisville","KY","40220"
80488,"2028 Murray Ave","Louisville","KY","40205"
80489,"1133 Cherokee Rd","Louisville","KY","40204"
80490,"8603 Smithton Rd","Louisville","KY","40219"
80491,"3602 W Jefferson St","Louisville","KY","40212"
80492,"12529 Hedgeapple Way","Louisville","KY","40272"
80493,"6015 Haven Manor Way","Louisville","KY","40228"
80494,"130 Waverly Ct","Louisville","KY","40206"
80495,"2718 Lakeside Dr","Louisville","KY","40205"
80496,"3310 Dixie Hwy","Louisville","KY","40216"
80497,"236 E Blue Jay Rd","Louisville","KY","40229"
80498,"1505 Helmridge Ct","Louisville","KY","40222"
80499,"5807 Brittany Valley Rd","Louisville","KY","40222"
80500,"9000 Thelma Ln","Louisville","KY","40220"
80501,"1687 Harold Ave","Louisville","KY","40210"
80502,"3820 River Park Dr","Louisville","KY","40211"
80503,"6923 Arbor Manor Way","Louisville","KY","40228"
80504,"4014 Larkwood Ave","Louisville","KY","40212"
80505,"4229 Lilac Vista Dr","Louisville","KY","40241"
80506,"102 Northwestern Pkwy","Louisville","KY","40212"
80507,"7002 Heavrin Ave","Louisville","KY","40218"
80508,"1630 Cedar St","Louisville","KY","40203"
80509,"719 Auburn Oaks Dr","Louisville","KY","40214"
80510,"1700 Grenade Ave","Louisville","KY","40213"
80511,"1707 Cypress St","Louisville","KY","40210"
80512,"110 S 39th St","Louisville","KY","40212"
80513,"140 Stoll Ave","Louisville","KY","40206"
80514,"4118 Brook Farm Pl","Louisville","KY","40299"
80515,"5511 Pattie Ln","Louisville","KY","40219"
80516,"305 Cornwallis Ct","Louisville","KY","40214"
80517,"4606 Saint Rita Dr","Louisville","KY","40219"
80518,"1801 Mae Street Kidd Ct","Louisville","KY","40211"
80519,"4914 S 3rd St","Louisville","KY","40214"
80520,"8505 Vancouver Ct","Louisville","KY","40228"
80521,"1607 Lyman Johnson Dr","Louisville","KY","40211"
80522,"4103 Candor Ave","Louisville","KY","40216"
80523,"10216 Davinhurst Ct","Louisville","KY","40241"
80524,"9103 Foxplum Ct","Louisville","KY","40272"
80525,"802 Huntington Rd","Louisville","KY","40207"
80526,"7213 Wood Briar Rd","Louisville","KY","40241"
80527,"3829 Spring Arbor Dr","Louisville","KY","40245"
80528,"601 Foxgate Rd","Louisville","KY","40223"
80529,"9415 Hi View Ln","Louisville","KY","40272"
80530,"3812 Sedalia Trl","Louisville","KY","40272"
80531,"6812 Hill Peak Rd","Louisville","KY","40214"
80532,"8501 Long Rifle Ct","Louisville","KY","40228"
80533,"2800 Tirol Ct","Louisville","KY","40220"
80534,"2121 W Ormsby Ave","Louisville","KY","40210"
80535,"4122 Miami Ave","Louisville","KY","40212"
80536,"8208 Bost Ln","Louisville","KY","40219"
80537,"3107 Meadowlark Ave","Louisville","KY","40213"
80538,"5409 Pawnee Trl","Louisville","KY","40207"
80539,"265 Old Rd","Louisville","KY","40229"
80540,"4815 S 5th St","Louisville","KY","40214"
80541,"3122 Pine Trace Ct","Louisville","KY","40272"
80542,"8412 Ferndale Rd","Louisville","KY","40291"
80543,"8909 Terry Rd","Louisville","KY","40258"
80544,"1324 Louis Coleman Jr Dr","Louisville","KY","40211"
80545,"6604 Barbrook Rd","Louisville","KY","40258"
80546,"8601 Cheltenham Ct","Louisville","KY","40222"
80547,"8404 Grandel Forest Way","Louisville","KY","40258"
80548,"704 Antrim Rd","Louisville","KY","40207"
80549,"4223 Taylor Blvd","Louisville","KY","40215"
80550,"4803 Red Fern Rd","Louisville","KY","40219"
80551,"2707 Razor View Ct","Louisville","KY","40299"
80552,"11205 Remembrance Ln","Louisville","KY","40229"
80553,"10508 Eastview Ave","Louisville","KY","40299"
80554,"298 Summers Dr","Louisville","KY","40229"
80555,"4333 Diamond Way","Louisville","KY","40216"
80556,"103 Stevenson Ave","Louisville","KY","40206"
80557,"1402 Hines Rd","Louisville","KY","40223"
80558,"10502 Providence Dr","Louisville","KY","40291"
80559,"2252 Beargrass Ave","Louisville","KY","40218"
80560,"101 Orchid Ct","Louisville","KY","40229"
80561,"8710 Brittany Dr","Louisville","KY","40220"
80562,"2728 Lamont Rd","Louisville","KY","40205"
80563,"304 Dorsey Ln","Louisville","KY","40223"
80564,"12411 Bethany Oaks Pkwy","Louisville","KY","40272"
80565,"5205 E Manslick Rd","Louisville","KY","40219"
80566,"1320 Lynmar Dr","Apt 6","Louisville",
80567,"11112 Rock Bend Way","Louisville","KY","40241"
80568,"9105 Thompson Ln","Louisville","KY","40258"
80569,"5915 Whispering Hills Blvd","Louisville","KY","40219"
80570,"5504 Revere Dr","Louisville","KY","40218"
80571,"1427 Thornberry Ave","Louisville","KY","40215"
80572,"1315 Walter Ave","Louisville","KY","40215"
80573,"1 Hawthorn Hl","Louisville","KY","40204"
80574,"3603 Herman St","Louisville","KY","40212"
80575,"10526 Charleswood Rd","Louisville","KY","40229"
80576,"4427 Sanders Ln","Louisville","KY","40216"
80577,"1316 Mark Trail Rd","Louisville","KY","40242"
80578,"16707 Summit Vista Way","Louisville","KY","40245"
80579,"3603 Charlane Pkwy","Louisville","KY","40299"
80580,"8102 Spring Orchard Ct","Louisville","KY","40218"
80581,"209 Fairfax Ave","Apt 3","Louisville",
80582,"8460 Vicki Ln","Louisville","KY","40258"
80583,"2203 Northfield Dr","Louisville","KY","40222"
80584,"8616 Blackpool Dr","Louisville","KY","40222"
80585,"3721 Bardstown Rd","Apt 303","Louisville",
80586,"317 N 27th St","Louisville","KY","40212"
80587,"3334 Penway Ave","Louisville","KY","40211"
80588,"1121 Loretta St","Louisville","KY","40213"
80589,"628 S 35th St","Louisville","KY","40211"
80590,"1840 W Ormsby Ave","Louisville","KY","40210"
80591,"1815 Greenwood Ave","Louisville","KY","40210"
80592,"2414 Magazine St","Louisville","KY","40211"
80593,"1204 Lillian Ave","Louisville","KY","40208"
80594,"1611 Berry Blvd","Louisville","KY","40215"
80595,"7098 Wildwood Cir","Apt 22","Louisville",
80596,"2324 Carlton Ter","Louisville","KY","40205"
80597,"7614 Rosemary Ln","Louisville","KY","40214"
80598,"2506 Briargate Ave","Louisville","KY","40216"
80599,"3525 Mayo Dr","Louisville","KY","40218"
80600,"1312 Whirlaway Dr","Louisville","KY","40242"
80601,"11132 Sewell Dr","Louisville","KY","40291"
80602,"1008 Dixon Ave","Louisville","KY","40217"
80603,"7108 Kena Ln","Louisville","KY","40258"
80604,"216 E Magnolia Ave","Louisville","KY","40208"
80605,"3608 Lexington Rd","Louisville","KY","40207"
80606,"1704 Hasty Way","Louisville","KY","40216"
80607,"2418 Parkdale Ave","Louisville","KY","40220"
80608,"10910 Deering Rd","Louisville","KY","40272"
80609,"3104 Limerick Ln","Louisville","KY","40242"
80610,"4932 S 2nd St","Louisville","KY","40214"
80611,"7906 Bluebonnet Rd","Louisville","KY","40258"
80612,"1059 E Saint Catherine St","Louisville","KY","40204"
80613,"2104 West Ln","Louisville","KY","40216"
80614,"11712 Washington Green Rd","Louisville","KY","40229"
80615,"408 Sam Dr","Louisville","KY","40214"
80616,"4321 Retreat Rd","Louisville","KY","40219"
80617,"218 Kingston Ave","Louisville","KY","40214"
80618,"6128 Whispering Hills Blvd","Louisville","KY","40219"
80619,"6418 Stableview Pl","Louisville","KY","40228"
80620,"6224 Moorhaven Dr","Louisville","KY","40228"
80621,"242 Kenoak Dr","Louisville","KY","40214"
80622,"6205 Big Ben Dr","Louisville","KY","40291"
80623,"2508 Meadow Rd","Louisville","KY","40205"
80624,"9112 Maple Rd","Louisville","KY","40229"
80625,"3235 Schneiter Ave","Louisville","KY","40215"
80626,"7802 Bridlevista Rd","Louisville","KY","40228"
80627,"4505 Shelvis Dr","Louisville","KY","40216"
80628,"4519 Shelvis Dr","Louisville","KY","40216"
80629,"3704 Wednesday Way","Louisville","KY","40219"
80630,"10700 Mcmeekin Ln","Unit 206","Louisville",
80631,"306 Short St","Louisville","KY","40212"
80632,"3244 Poplar View Dr","Louisville","KY","40216"
80633,"9917 West Ave","Louisville","KY","40272"
80634,"6727 Vandre Ave","Louisville","KY","40228"
80635,"1044 S 5th St","Louisville","KY","40203"
80636,"1621 Two Springs Pl","Louisville","KY","40207"
80637,"4120 Berkshire Ave","Louisville","KY","40220"
80638,"5136 Columbia Ave","Louisville","KY","40258"
80639,"3405 Foreman Ln","Louisville","KY","40219"
80640,"9400 Frohlich Rd","Louisville","KY","40291"
80641,"5802 Spicewood Ln","Louisville","KY","40219"
80642,"2617 W Jefferson St","Louisville","KY","40212"
80643,"1527 Crosstimbers Dr","Louisville","KY","40245"
80644,"5316 Kilmer Blvd","Louisville","KY","40213"
80645,"12357 Springmeadow Dr","Louisville","KY","40229"
80646,"2814 Duncan St","Louisville","KY","40212"
80647,"4817 Cliff Ave","Louisville","KY","40215"
80648,"6622 Arbor Creek Dr","Louisville","KY","40228"
80649,"818 Melford Ave","Louisville","KY","40217"
80650,"124 Alpha Ave","Louisville","KY","40218"
80651,"6320 Labor Ln","Louisville","KY","40291"
80652,"7403 Andrew Ct","Louisville","KY","40220"
80653,"3707 Hillcreek Rd","Louisville","KY","40220"
80654,"11915 Longview Farm Dr","Louisville","KY","40299"
80655,"10724 Hickory Cove Ct","Louisville","KY","40241"
80656,"8023 Kellerman Rd","Louisville","KY","40219"
80657,"3325 Heather Ln","Louisville","KY","40218"
80658,"15110 Meadow Farms Ct","Louisville","KY","40245"
80659,"4318 Retreat Rd","Louisville","KY","40219"
80660,"1799 Bernheim Ln","Louisville","KY","40210"
80661,"2134 Bonnycastle Ave","Louisville","KY","40205"
80662,"511 Iola Rd","Louisville","KY","40207"
80663,"4129 Taylor Blvd","Louisville","KY","40215"
80664,"210 Claremont Ave","Louisville","KY","40206"
80665,"5218 River Trail Pl","Louisville","KY","40229"
80666,"4315 Saratoga Hill Rd","Louisville","KY","40299"
80667,"4310 Talahi Way","Louisville","KY","40207"
80668,"2039 S Shelby St","Louisville","KY","40217"
80669,"3043 Crystal Waters Way","Louisville","KY","40299"
80670,"2325 S 6th St","Louisville","KY","40208"
80671,"1915 Sils Ave","Louisville","KY","40205"
80672,"5010 Rural Way","Louisville","KY","40218"
80673,"6904 James Madison Way","Louisville","KY","40272"
80674,"8408 Wisertown Rd","Louisville","KY","40214"
80675,"2705 Razor View Ct","Louisville","KY","40299"
80676,"10305 Woodknoll Rd","Louisville","KY","40223"
80677,"14011 Rolling Springs Ct","Louisville","KY","40245"
80678,"16902 Ash Hill Dr","Louisville","KY","40245"
80679,"3012 Piedmont Dr","Louisville","KY","40205"
80680,"1233 S 2nd St","Louisville","KY","40203"
80681,"226 Bonnie Ln","Louisville","KY","40218"
80682,"181 Vernon Ave","Louisville","KY","40206"
80683,"953 Baxter Ave","Unit 105","Louisville",
80684,"4115 Hunsinger Ln","Louisville","KY","40220"
80685,"2807 Brookdale Ave","Louisville","KY","40220"
80686,"187 N Bellaire Ave","Louisville","KY","40206"
80687,"2306 Garrs Ln","Louisville","KY","40216"
80688,"1304 Elm Rd","Louisville","KY","40223"
80689,"834 Dearborn Ave","Louisville","KY","40211"
80690,"2214 Osage Ave","Louisville","KY","40210"
80691,"10704 Copper Ridge Dr","Louisville","KY","40241"
80692,"1905 Dubourg Ave","Louisville","KY","40216"
80693,"10205 Closterwood Dr","Louisville","KY","40229"
80694,"10609 Waterloo Way","Louisville","KY","40223"
80695,"9817 Silky Dogwood Ct","Louisville","KY","40241"
80696,"11609 Deutsch Farm Rd","Louisville","KY","40229"
80697,"10211 Timberwood Cir","Louisville","KY","40223"
80698,"1552 Lincoln Ave","Louisville","KY","40213"
80699,"1131 Camden Ave","Louisville","KY","40215"
80700,"158 N Bellaire Ave","Louisville","KY","40206"
80701,"143 Persimmon Ridge Dr","Louisville","KY","40245"
80702,"8213 Rochelle Rd","Louisville","KY","40228"
80703,"941 Audubon Pkwy","Louisville","KY","40213"
80704,"5510 Antle Dr","Louisville","KY","40229"
80705,"7010 Ethan Allen Way","Louisville","KY","40272"
80706,"305 S 39th St","Louisville","KY","40212"
80707,"202 Clydesdale Trce","Louisville","KY","40223"
80708,"8926 Stony Falls Way","Louisville","KY","40299"
80709,"3532 Powell Ave","Louisville","KY","40215"
80710,"3217 Norma Ln","Louisville","KY","40220"
80711,"2104 Greenwood Ave","Louisville","KY","40210"
80712,"8629 Applegate Village Dr","Louisville","KY","40219"
80713,"6007 Wooded Creek Dr","Unit 201","Louisville",
80714,"3812 Chevy Chase Rd","Louisville","KY","40218"
80715,"9000 Hatlerhall Dr","Louisville","KY","40291"
80716,"204 Tyne Rd","Louisville","KY","40207"
80717,"1010 Garden Creek Cir","Louisville","KY","40223"
80718,"13036 Bessels Blvd","Louisville","KY","40272"
80719,"7003 Spring Vista Ct","Louisville","KY","40229"
80720,"3707 Powell Ave","Louisville","KY","40215"
80721,"1308 Farmdale Ave","Louisville","KY","40213"
80722,"4114 Dellridge Dr","Louisville","KY","40207"
80723,"4026 Parthenia Ave","Louisville","KY","40215"
80724,"10200 Allentree Pl","Louisville","KY","40229"
80725,"3127 Sunny Ln","Louisville","KY","40205"
80726,"4216 Accomack Dr","Louisville","KY","40241"
80727,"8106 Spring Orchard Ct","Louisville","KY","40218"
80728,"1707 Baird St","Louisville","KY","40203"
80729,"9702 Watterson Trl","Louisville","KY","40299"
80730,"9606 Toledo Ln","Louisville","KY","40272"
80731,"3020 Hendon Rd","Louisville","KY","40220"
80732,"2413 W Main St","Louisville","KY","40212"
80733,"809 S Shelby St","Louisville","KY","40203"
80734,"2509 Hale Ave","Louisville","KY","40210"
80735,"7826 Fairmeadows Ln","Louisville","KY","40222"
80736,"9107 Brandywyne Dr","Louisville","KY","40291"
80737,"7310 Deutsch Rd","Louisville","KY","40229"
80738,"1234 Gilmore Ln","Louisville","KY","40213"
80739,"6204 Moorhaven Dr","Louisville","KY","40228"
80740,"123 Wildwood Ln","Louisville","KY","40223"
80741,"11705 Kewana Ct","Louisville","KY","40299"
80742,"126 Desmonta Way","Louisville","KY","40229"
80743,"213 Eastern Wood Ct","Louisville","KY","40243"
80744,"2322 Gladstone Ave","Louisville","KY","40205"
80745,"4507 Landherr Dr","Louisville","KY","40299"
80746,"1639 Stafford Ave","Louisville","KY","40216"
80747,"3903 Smith Grove Way","Louisville","KY","40245"
80748,"3922 Massie Ave","Unit 10","Louisville",
80749,"240 Derby Ave","Louisville","KY","40218"
80750,"7114 Black Walnut Cir","Louisville","KY","40229"
80751,"3712 W Broadway","Louisville","KY","40211"
80752,"6507 Johnsontown Rd","Louisville","KY","40272"
80753,"1894 Princeton Dr","Louisville","KY","40205"
80754,"2508 Lorene Ave","Louisville","KY","40216"
80755,"6103 Catheen Way","Louisville","KY","40213"
80756,"702 Nottingham Pkwy","Louisville","KY","40222"
80757,"1924 Bank St","Louisville","KY","40203"
80758,"8005 Laughton Ln","Louisville","KY","40222"
80759,"1721 Brentmoor Ln","Louisville","KY","40223"
80760,"6006 Wagram Way","Louisville","KY","40222"
80761,"1432 Central Ave","Louisville","KY","40208"
80762,"2016 Maryland Ave","Louisville","KY","40205"
80763,"611 Alger Ave","Louisville","KY","40214"
80764,"2307 Hale Ave","Louisville","KY","40210"
80765,"4109 Pixley Way","Louisville","KY","40219"
80766,"749 N Hite Ave","Apt 1","Louisville",
80767,"1383 S Floyd St","Louisville","KY","40208"
80768,"1203 Abbeywood Rd","Louisville","KY","40222"
80769,"605 Waitfield Pl","Louisville","KY","40206"
80770,"10509 S Dodge Ln","Louisville","KY","40272"
80771,"7706 Westport Rd","Louisville","KY","40222"
80772,"2235 W Chestnut St","Louisville","KY","40211"
80773,"2103 Croghan Cross","Louisville","KY","40207"
80774,"963 Ida Way","Louisville","KY","40214"
80775,"9810 Phoenix Trl","Louisville","KY","40223"
80776,"9308 Cloverwood Ln","Louisville","KY","40291"
80777,"2516 W Chestnut St","Louisville","KY","40211"
80778,"10103 Friend Ct","Louisville","KY","40258"
80779,"6504 Leven Cross Pl","Louisville","KY","40229"
80780,"11801 Cedardale Rd","Louisville","KY","40223"
80781,"7107 Columbia Ave","Louisville","KY","40222"
80782,"9108 Thompson Ln","Louisville","KY","40258"
80783,"1132 Forrest St","Louisville","KY","40217"
80784,"17213 Mallet Hill Dr","Louisville","KY","40245"
80785,"5703 Windy Elm Ct","Louisville","KY","40214"
80786,"3445 Janell Rd","Louisville","KY","40216"
80787,"6419 Rivers End Dr","Louisville","KY","40258"
80788,"7412 Blue Wing Dr","Louisville","KY","40258"
80789,"10507 Providence Dr","Louisville","KY","40291"
80790,"1242 Lipps Ln","Louisville","KY","40219"
80791,"248 Granvil Dr","Louisville","KY","40218"
80792,"503 Montana Ave","Louisville","KY","40208"
80793,"2120 Havenview Dr","Louisville","KY","40218"
80794,"275 Thompson Ave","Louisville","KY","40206"
80795,"3016 Hale Ave","Louisville","KY","40211"
80796,"1022 Southern Ave","Louisville","KY","40218"
80797,"7204 Hassock Dr","Louisville","KY","40258"
80798,"603 Creel Ave","Louisville","KY","40208"
80799,"412 Freeman Ave","Louisville","KY","40214"
80800,"7010 Shanty Creek Dr","Louisville","KY","40228"
80801,"132 Mcarthur Dr","Louisville","KY","40207"
80802,"3230 Wynbrooke Cir","Louisville","KY","40241"
80803,"3303 Kirby Ave","Louisville","KY","40211"
80804,"10339 Arbor Oak Dr","Louisville","KY","40229"
80805,"10015 Park Lake Dr","Louisville","KY","40229"
80806,"5409 Ailanthus Trl","Louisville","KY","40219"
80807,"2207 Gerald Ct","Louisville","KY","40218"
80808,"8939 Gentlewind Way","Louisville","KY","40291"
80809,"744 S 44th St","Louisville","KY","40211"
80810,"2226 Gladstone Ave","Louisville","KY","40205"
80811,"6320 Rivers End Dr","Louisville","KY","40258"
80812,"170 Oxford Ln","Louisville","KY","40229"
80813,"4019 Preston Hwy","Louisville","KY","40213"
80814,"2905 Petty Jay Rd","Louisville","KY","40220"
80815,"1205 Rufer Ave","Louisville","KY","40204"
80816,"4615 Glen Rose Rd","Louisville","KY","40229"
80817,"4814 Cofer Ave","Louisville","KY","40258"
80818,"6904 Casey Pl","Louisville","KY","40229"
80819,"337 Knollwood Cir","Louisville","KY","40229"
80820,"810 S Hancock St","Louisville","KY","40203"
80821,"508 Lampton St","Louisville","KY","40203"
80822,"4810 Wooded Oak Cir","Louisville","KY","40245"
80823,"229 Thompson Ave","Louisville","KY","40206"
80824,"2212 W Ormsby Ave","Louisville","KY","40210"
80825,"2258 Bradford Dr","Louisville","KY","40218"
80826,"4003 Stoneview Dr","Apt 2","Louisville",
80827,"2326 Woodford Pl","Louisville","KY","40205"
80828,"11013 Lehr Rd","Louisville","KY","40272"
80829,"2420 Paddock Ln","Louisville","KY","40216"
80830,"512 Kentucky Ave","Louisville","KY","40222"
80831,"510 Kentucky Ave","Louisville","KY","40222"
80832,"6704 Tottenham Rd","Louisville","KY","40207"
80833,"4012 Moray Ct","Louisville","KY","40216"
80834,"205 Beckley Woods Dr","Louisville","KY","40245"
80835,"6511 Glenbrook Ave","Louisville","KY","40216"
80836,"7314 Saint Andrews Woods Cir","Unit 202","Louisville",
80837,"730 S 43rd St","Louisville","KY","40211"
80838,"9216 Omar Khayyam Blvd","Louisville","KY","40272"
80839,"9804 Fireside Dr","Louisville","KY","40272"
80840,"7607 Old Orchard Ct","Louisville","KY","40222"
80841,"3322 Moulton Ln","Louisville","KY","40218"
80842,"2034 Belmont Pl","Louisville","KY","40218"
80843,"3320 Bardstown Rd","Apt 45","Louisville",
80844,"12824 Castle Rd","Louisville","KY","40272"
80845,"101 S Shawnee Ter","Louisville","KY","40212"
80846,"228 Granvil Dr","Louisville","KY","40218"
80847,"4907 Oakbrook Dr","Louisville","KY","40245"
80848,"10307 Pine Glen Cir","Louisville","KY","40291"
80849,"4817 Greenvale Cir","Louisville","KY","40272"
80850,"211 Pleasantview Ave","Louisville","KY","40206"
80851,"4909 Graston Ave","Louisville","KY","40216"
80852,"8312 Arbor Meadow Way","Louisville","KY","40228"
80853,"9310 New La Grange Rd","Louisville","KY","40242"
80854,"412 Fairlawn Rd","Louisville","KY","40207"
80855,"4231 Vermont Ave","Louisville","KY","40211"
80856,"3630 W Broadway","Louisville","KY","40211"
80857,"8513 William Cummins Ct","Louisville","KY","40228"
80858,"3320 Bardstown Rd","Apt 56","Louisville",
80859,"4909 Woodcock Cir","Louisville","KY","40213"
80860,"1633 Arling Ave","Louisville","KY","40215"
80861,"2904 Lake Vista Dr","Louisville","KY","40241"
80862,"932 Denmark St","Louisville","KY","40215"
80863,"2505 Mercer Ave","Louisville","KY","40216"
80864,"8413 Cane Run Rd","Louisville","KY","40258"
80865,"8418 Hudson Ln","Louisville","KY","40291"
80866,"5301 Ronwood Dr","Louisville","KY","40219"
80867,"4215 Pleasant Glen Dr","Louisville","KY","40299"
80868,"4138 W Market St","Louisville","KY","40212"
80869,"3410 W Main St","Louisville","KY","40212"
80870,"1127 S Brook St","Apt 1","Louisville",
80871,"644 S 42nd St","Louisville","KY","40211"
80872,"1360 Eastern Pkwy","Apt 1","Louisville",
80873,"1812 Speed Ave","Louisville","KY","40205"
80874,"2196 Peaslee Rd","Louisville","KY","40216"
80875,"6703 S 3rd St","Louisville","KY","40214"
80876,"621 W Woodlawn Ave","Louisville","KY","40215"
80877,"3224 W Market St","Louisville","KY","40212"
80878,"9615 Yarmouth Ct","Louisville","KY","40272"
80879,"3224 Furman Blvd","Louisville","KY","40220"
80880,"13318 Girvan Ave","Louisville","KY","40272"
80881,"8206 Regal Pine Ct","Louisville","KY","40214"
80882,"675 S 43rd St","Louisville","KY","40211"
80883,"118 Waterstone Way","Louisville","KY","40245"
80884,"91 Valley Rd","Louisville","KY","40204"
80885,"118 Sam Dr","Louisville","KY","40214"
80886,"1707 Youngland Ave","Louisville","KY","40216"
80887,"8207 Afterglow Dr","Louisville","KY","40214"
80888,"214 Monohan Dr","Louisville","KY","40207"
80889,"379 Meadowood Rd","Louisville","KY","40229"
80890,"4465 Charlotte Ann Dr","Louisville","KY","40216"
80891,"8823 Roman Ct","Louisville","KY","40291"
80892,"2303 Perth Dr","Louisville","KY","40216"
80893,"13500 Forest Bend Cir","Louisville","KY","40245"
80894,"2116 W Madison St","Louisville","KY","40211"
80895,"920 Schiller Ct","Louisville","KY","40204"
80896,"5016 Merton Sq","Louisville","KY","40241"
80897,"125 Southview Ter","Louisville","KY","40214"
80898,"1818 Sherwood Ave","Louisville","KY","40205"
80899,"7903 Manner Pointe Dr","Louisville","KY","40220"
80900,"1344 Cypress St","Louisville","KY","40211"
80901,"9104 Brandywyne Dr","Louisville","KY","40291"
80902,"811 Foxwood Ave","Louisville","KY","40223"
80903,"1617 Clearview Dr","Louisville","KY","40222"
80904,"1935 Gardiner Ln","Apt D56","Louisville",
80905,"9111 Maplecreek Dr","Louisville","KY","40219"
80906,"9004 Blossom Ln","Louisville","KY","40242"
80907,"1236 Manitau Ave","Louisville","KY","40215"
80908,"8402 Ambrosse Ln","Unit 207","Louisville",
80909,"11604 Deutsch Farm Rd","Louisville","KY","40229"
80910,"1833 W Main St","Louisville","KY","40203"
80911,"6615 Sylvania Rd","Louisville","KY","40258"
80912,"16726 Summit Vista Way","Louisville","KY","40245"
80913,"700 Rubel Ave","Louisville","KY","40204"
80914,"1730 Glenview Pl","Louisville","KY","40216"
80915,"616 Virginia Ave","Louisville","KY","40222"
80916,"5048 Southern Pkwy","Louisville","KY","40214"
80917,"3404 Tuba Dr","Louisville","KY","40216"
80918,"1018 Burning Springs Cir","Louisville","KY","40223"
80919,"5303 Rolling Rock Ct","Apt 302","Louisville",
80920,"105 N Shawnee Ter","Louisville","KY","40212"
80921,"1213 S Preston St","Louisville","KY","40203"
80922,"2831 Westminster Ct","Louisville","KY","40206"
80923,"8604 Smithton Rd","Louisville","KY","40219"
80924,"4110 Brook Farm Pl","Louisville","KY","40299"
80925,"2531 Garland Ave","Louisville","KY","40211"
80926,"1721 Cloverbrook Dr","Louisville","KY","40215"
80927,"5611 Elmer Ln","Louisville","KY","40214"
80928,"5700 Elmer Ln","Louisville","KY","40214"
80929,"5704 Elmer Ln","Louisville","KY","40214"
80930,"209 Sam Dr","Louisville","KY","40214"
80931,"5619 Elmer Ln","Louisville","KY","40214"
80932,"303 Scottsdale Blvd","Louisville","KY","40214"
80933,"5714 Elmer Ln","Louisville","KY","40214"
80934,"7712 Kim Dr","Louisville","KY","40214"
80935,"7714 Kim Dr","Louisville","KY","40214"
80936,"5700 Mary Ellen Dr","Louisville","KY","40214"
80937,"5607 Mary Ellen Dr","Louisville","KY","40214"
80938,"7702 Kim Dr","Louisville","KY","40214"
80939,"5703 Elmer Ln","Louisville","KY","40214"
80940,"5616 Mary Ellen Dr","Louisville","KY","40214"
80941,"5701 Mary Ellen Dr","Louisville","KY","40214"
80942,"5623 Elmer Ln","Louisville","KY","40214"
80943,"5620 Mary Ellen Dr","Louisville","KY","40214"
80944,"2550 Griffiths Ave","Louisville","KY","40212"
80945,"2512 Griffiths Ave","Louisville","KY","40212"
80946,"2556 Griffiths Ave","Louisville","KY","40212"
80947,"2528 Saint Cecilia St","Louisville","KY","40212"
80948,"327 N 25th St","Louisville","KY","40212"
80949,"2514 Saint Cecilia St","Louisville","KY","40212"
80950,"2704 Slevin St","Louisville","KY","40212"
80951,"2606 Alford Ave","Louisville","KY","40212"
80952,"2642 Alford Ave","Louisville","KY","40212"
80953,"349 N 26th St","Louisville","KY","40212"
80954,"2518 Griffiths Ave","Louisville","KY","40212"
80955,"2523 Slevin St","Louisville","KY","40212"
80956,"2634 Alford Ave","Louisville","KY","40212"
80957,"2517 Duncan St","Louisville","KY","40212"
80958,"2429 Duncan St","Louisville","KY","40212"
80959,"113 S 41st St","Louisville","KY","40212"
80960,"117 N 42nd St","Louisville","KY","40212"
80961,"115 N 42nd St","Louisville","KY","40212"
80962,"119 N 42nd St","Louisville","KY","40212"
80963,"118 N 42nd St","Louisville","KY","40212"
80964,"126 N 41st St","Louisville","KY","40212"
80965,"110 S 40th St","Louisville","KY","40212"
80966,"121 S 40th St","Louisville","KY","40212"
80967,"4103 W Main St","Louisville","KY","40212"
80968,"109 N 42nd St","Louisville","KY","40212"
80969,"138 N 41st St","Louisville","KY","40212"
80970,"301 N 42nd St","Louisville","KY","40212"
80971,"111 N 42nd St","Louisville","KY","40212"
80972,"118 N 40th St","Louisville","KY","40212"
80973,"301 N 41st St","Apt 1","Louisville",
80974,"121 S 41st St","Louisville","KY","40212"
80975,"320 N 41st St","Louisville","KY","40212"
80976,"107 S 40th St","Louisville","KY","40212"
80977,"109 N 40th St","Louisville","KY","40212"
80978,"110 N 39th St","Louisville","KY","40212"
80979,"101 S 42nd St","Louisville","KY","40212"
80980,"140 N 41st St","Louisville","KY","40212"
80981,"309 N 41st St","Louisville","KY","40212"
80982,"102 N 40th St","Louisville","KY","40212"
80983,"125 N 40th St","Louisville","KY","40212"
80984,"105 S 42nd St","Louisville","KY","40212"
80985,"128 N 41st St","Louisville","KY","40212"
80986,"133 N 41st St","Louisville","KY","40212"
80987,"5911 Milan Ct","Louisville","KY","40258"
80988,"5909 W Pages Ln","Louisville","KY","40258"
80989,"8416 Manson Way","Louisville","KY","40258"
80990,"5912 Milan Ct","Louisville","KY","40258"
80991,"407 Garrison Ct","Louisville","KY","40214"
80992,"7501 Fort Sumter Ct","Louisville","KY","40214"
80993,"317 Cornwallis Ct","Louisville","KY","40214"
80994,"7416 Yorktown Rd","Louisville","KY","40214"
80995,"7501 Yorktown Rd","Louisville","KY","40214"
80996,"311 Cornwallis Ct","Louisville","KY","40214"
80997,"7415 King William Ct","Louisville","KY","40214"
80998,"7510 Revolutionary Ct","Louisville","KY","40214"
80999,"7403 King William Ct","Louisville","KY","40214"
81000,"300 Cornwallis Ct","Louisville","KY","40214"
81001,"7408 Yorktown Rd","Louisville","KY","40214"
81002,"315 Revolutionary Rd","Louisville","KY","40214"
81003,"625 S 43rd St","Louisville","KY","40211"
81004,"684 S 42nd St","Louisville","KY","40211"
81005,"657 S 43rd St","Louisville","KY","40211"
81006,"650 S 42nd St","Louisville","KY","40211"
81007,"657 S 42nd St","Louisville","KY","40211"
81008,"660 S 43rd St","Louisville","KY","40211"
81009,"667 S 44th St","Louisville","KY","40211"
81010,"641 S 42nd St","Louisville","KY","40211"
81011,"642 Cecil Ave","Louisville","KY","40211"
81012,"661 S 44th St","Louisville","KY","40211"
81013,"647 S 44th St","Apt 4","Louisville",
81014,"635 Southwestern Pkwy","Louisville","KY","40211"
81015,"686 S 43rd St","Louisville","KY","40211"
81016,"4309 Elliott Ave","Apt 1","Louisville",
81017,"639 S 42nd St","Louisville","KY","40211"
81018,"620 S 44th St","Louisville","KY","40211"
81019,"653 Southwestern Pkwy","Louisville","KY","40211"
81020,"687 S 44th St","Apt 1","Louisville",
81021,"623 S 43rd St","Louisville","KY","40211"
81022,"643 S 43rd St","Louisville","KY","40211"
81023,"679 S 42nd St","Louisville","KY","40211"
81024,"621 S 43rd St","Louisville","KY","40211"
81025,"634 S 42nd St","Louisville","KY","40211"
81026,"615 S 44th St","Louisville","KY","40211"
81027,"651 Southwestern Pkwy","Louisville","KY","40211"
81028,"641 S 43rd St","Louisville","KY","40211"
81029,"672 S 42nd St","Louisville","KY","40211"
81030,"651 S 44th St","Louisville","KY","40211"
81031,"653 S 43rd St","Louisville","KY","40211"
81032,"679 S 43rd St","Louisville","KY","40211"
81033,"647 S 42nd St","Louisville","KY","40211"
81034,"617 S 44th St","Apt 4","Louisville",
81035,"646 Cecil Ave","Louisville","KY","40211"
81036,"647 Southwestern Pkwy","Louisville","KY","40211"
81037,"618 S 43rd St","Louisville","KY","40211"
81038,"667 S 42nd St","Louisville","KY","40211"
81039,"677 S 44th St","Louisville","KY","40211"
81040,"624 S 42nd St","Louisville","KY","40211"
81041,"631 S 42nd St","Louisville","KY","40211"
81042,"632 S 42nd St","Louisville","KY","40211"
81043,"658 S 43rd St","Louisville","KY","40211"
81044,"649 S 44th St","Apt 1","Louisville",
81045,"636 S 44th St","Louisville","KY","40211"
81046,"222 E Witherspoon St","Unit 1001","Louisville",
81047,"222 E Witherspoon St","Unit 2200","Louisville",
81048,"222 E Witherspoon St","Unit 1802","Louisville",
81049,"324 E Main St","Unit 503","Louisville",
81050,"324 E Main St","Unit 304","Louisville",
81051,"222 E Witherspoon St","Unit 1503","Louisville",
81052,"324 E Main St","Unit 429","Louisville",
81053,"324 E Main St","Unit 303","Louisville",
81054,"324 E Main St","Unit 417","Louisville",
81055,"324 E Main St","Unit 221","Louisville",
81056,"1112 Flat Rock Rd","Louisville","KY","40245"
81057,"1136 Flat Rock Rd","Louisville","KY","40245"
81058,"8604 Greenbriar Ct","Louisville","KY","40242"
81059,"8726 Hickory Ct","Louisville","KY","40242"
81060,"8606 Greenbriar Ct","Louisville","KY","40242"
81061,"8607 Greenbriar Ct","Louisville","KY","40242"
81062,"1915 Dove Creek Blvd","Louisville","KY","40242"
81063,"430 S 29th St","Louisville","KY","40212"
81064,"530 S 28th St","Louisville","KY","40211"
81065,"437 S 28th St","Louisville","KY","40212"
81066,"2810 W Madison St","Louisville","KY","40211"
81067,"2827 W Madison St","Louisville","KY","40211"
81068,"2817 W Muhammad Ali Blvd","Louisville","KY","40212"
81069,"3020 W Madison St","Louisville","KY","40211"
81070,"2931 W Muhammad Ali Blvd","Louisville","KY","40212"
81071,"3007 River Park Dr","Louisville","KY","40211"
81072,"2817 W Madison St","Louisville","KY","40211"
81073,"2017 Lynn Lea Rd","Louisville","KY","40216"
81074,"7630 Ashleywood Dr","Louisville","KY","40241"
81075,"6207 Aroxie Ct","Louisville","KY","40258"
81076,"16802 Ash Glen Rd","Louisville","KY","40245"
81077,"304 N 29th St","Louisville","KY","40212"
81078,"3119 Commander Dr","Louisville","KY","40220"
81079,"7803 Windgate Dr","Louisville","KY","40291"
81080,"2423 Sherry Rd","Louisville","KY","40217"
81081,"3009 University Rd","Louisville","KY","40206"
81082,"315 N Shawnee Ter","Louisville","KY","40212"
81083,"1107 Crosstimbers Dr","Louisville","KY","40245"
81084,"7719 Chet Ln","Louisville","KY","40214"
81085,"320 W Whitney Ave","Louisville","KY","40214"
81086,"622 W Woodlawn Ave","Louisville","KY","40215"
81087,"1884 Dove Creek Blvd","Unit 84","Louisville",
81088,"9111 Glover Ln","Louisville","KY","40242"
81089,"1438 Garvey Dr","Louisville","KY","40216"
81090,"7005 Adeno Way","Louisville","KY","40291"
81091,"8711 Bristol Oaks Ct","Louisville","KY","40299"
81092,"1743 Saint Louis Ave","Louisville","KY","40210"
81093,"524 S 20th St","Louisville","KY","40203"
81094,"502 Gilliland Rd","Louisville","KY","40245"
81095,"804 Brookline Ave","Louisville","KY","40215"
81096,"405 Southland Blvd","Louisville","KY","40214"
81097,"5007 Feys Dr","Louisville","KY","40216"
81098,"4708 Lacey Ct","Louisville","KY","40218"
81099,"7111 Deanna Dr","Louisville","KY","40219"
81100,"1103 Lone Oak Ave","Louisville","KY","40219"
81101,"114 S 35th St","Louisville","KY","40212"
81102,"6615 Huff Ln","Louisville","KY","40216"
81103,"8606 Cotswold Dr","Louisville","KY","40258"
81104,"15318 Royal Troon Ave","Louisville","KY","40245"
81105,"5109 Johnsontown Rd","Louisville","KY","40272"
81106,"4804 Hazelwood Ave","Louisville","KY","40214"
81107,"5806 Cooper Chapel Rd","Louisville","KY","40229"
81108,"8929 Eli Dr","Louisville","KY","40291"
81109,"6428 Regency Ln","Louisville","KY","40207"
81110,"2115 Garrs Ln","Louisville","KY","40216"
81111,"3800 Parthenia Ave","Louisville","KY","40215"
81112,"3407 Duvalle Dr","Louisville","KY","40211"
81113,"10400 Waycross Ave","Louisville","KY","40229"
81114,"2225 Cottage Ln","Louisville","KY","40216"
81115,"7910 Grandmeadow Ln","Louisville","KY","40258"
81116,"3036 Crystal Waters Way","Louisville","KY","40299"
81117,"1609 Ellwood Ave","Apt E1","Louisville",
81118,"3612 Brendenwood Rd","Louisville","KY","40272"
81119,"6017 Crossbeak Ct","Louisville","KY","40229"
81120,"1702 Stratton Ct","Louisville","KY","40211"
81121,"10719 Copper Ridge Dr","Louisville","KY","40241"
81122,"6906 James Madison Way","Louisville","KY","40272"
81123,"7614 Hornbeck Farm Rd","Louisville","KY","40291"
81124,"1725 William E Summers Iii Ave","Louisville","KY","40211"
81125,"3204 Dunlova Ct","Louisville","KY","40241"
81126,"1705 Westmoorland Way","Louisville","KY","40242"
81127,"3101 Townsend Ter","Louisville","KY","40241"
81128,"3213 Verna Rd","Louisville","KY","40216"
81129,"2223 W Muhammad Ali Blvd","Louisville","KY","40212"
81130,"8010 Candleglow Ln","Louisville","KY","40214"
81131,"1025 S 7th St","Louisville","KY","40203"
81132,"10306 Greenfield Park Rd","Louisville","KY","40258"
81133,"8800 Bluebell Dr","Louisville","KY","40219"
81134,"6903 Capella Ln","Louisville","KY","40258"
81135,"3911 W Broadway","Louisville","KY","40211"
81136,"663 Hecks St","Louisville","KY","40211"
81137,"639 S 37th St","Louisville","KY","40211"
81138,"819 Mulberry St","Louisville","KY","40217"
81139,"1911 Richmond Dr","Louisville","KY","40205"
81140,"7609 Newton Ct","Louisville","KY","40228"
81141,"403 S Sherrin Ave","Louisville","KY","40207"
81142,"210 Exchange Ave","Louisville","KY","40207"
81143,"3601 Hunsinger Ln","Louisville","KY","40220"
81144,"718 S 38th St","Louisville","KY","40211"
81145,"6710 Timberbend Dr","Louisville","KY","40229"
81146,"4401 Carroll Ave","Louisville","KY","40213"
81147,"8902 Nottingham Pkwy","Louisville","KY","40222"
81148,"1621 Stafford Ave","Louisville","KY","40216"
81149,"4838 Brenda Dr","Louisville","KY","40219"
81150,"2216 Garrs Ln","Louisville","KY","40216"
81151,"11706 Robindale Rd","Louisville","KY","40243"
81152,"9100 Mapleview Dr","Louisville","KY","40258"
81153,"420 W Breckinridge St","Apt C6","Louisville",
81154,"2641 Seminary Dr","Louisville","KY","40241"
81155,"7505 Gadwall Way","Louisville","KY","40218"
81156,"9828 Longwood Cir","Louisville","KY","40223"
81157,"8909 Fox Chase Pl","Louisville","KY","40228"
81158,"656 Lindell Ave","Louisville","KY","40211"
81159,"5801 Southland Ter","Louisville","KY","40214"
81160,"11306 Expedition Way","Louisville","KY","40291"
81161,"13401 Lidcomb Ave","Louisville","KY","40272"
81162,"3614 E Indian Trl","Louisville","KY","40213"
81163,"18710 Westbourne Grove Dr","Louisville","KY","40245"
81164,"661 Mix Ave","Louisville","KY","40208"
81165,"9804 Agena Dr","Louisville","KY","40229"
81166,"842 Inspiration Way","Louisville","KY","40245"
81167,"6300 Goalby Dr","Louisville","KY","40258"
81168,"2406 Manchester Rd","Louisville","KY","40205"
81169,"1908 Hazelwood Ct","Louisville","KY","40214"
81170,"1922 Farrington Dr","Louisville","KY","40216"
81171,"5114 Rural Way","Louisville","KY","40218"
81172,"1228 Pindell Ave","Louisville","KY","40217"
81173,"10515 Monticello Forest Cir","Louisville","KY","40299"
81174,"5913 Woodhaven Ridge Ct","Louisville","KY","40291"
81175,"11208 Fox Haven Rd","Louisville","KY","40229"
81176,"10407 Vista Hills Blvd","Louisville","KY","40291"
81177,"6523 Estele Ave","Louisville","KY","40214"
81178,"1126 Fischer Ave","Louisville","KY","40204"
81179,"1262 Lipps Ln","Louisville","KY","40219"
81180,"1712 Ormsby Ln","Louisville","KY","40222"
81181,"2309 Raven Ct","Louisville","KY","40220"
81182,"2903 Raven Ct","Louisville","KY","40220"
81183,"214 S 8th St","Apt 503","Louisville",
81184,"1481 Cypress St","Louisville","KY","40210"
81185,"1806 Allston Ave","Louisville","KY","40210"
81186,"10014 Brighton Springs Ct","Louisville","KY","40291"
81187,"4303 Estate Dr","Louisville","KY","40216"
81188,"8434 Chase Rd","Louisville","KY","40258"
81189,"2908 Pindell Ave","Louisville","KY","40217"
81190,"3720 Susan Ln","Louisville","KY","40229"
81191,"6026 Dutchmans Ln","Louisville","KY","40205"
81192,"8321 Roseborough Rd","Louisville","KY","40228"
81193,"2504 Garland Ave","Louisville","KY","40211"
81194,"202 W Kenwood Way","Louisville","KY","40214"
81195,"9512 Yellow Pine Ct","Louisville","KY","40229"
81196,"4303 Sunflower Ave","Louisville","KY","40216"
81197,"6816 Seaton Woods Dr","Louisville","KY","40291"
81198,"6122 Whispering Hills Blvd","Louisville","KY","40219"
81199,"3654 Henry Ave","Louisville","KY","40215"
81200,"145 Outer Loop","Louisville","KY","40214"
81201,"5315 Layne Rd","Louisville","KY","40219"
81202,"3326 Wellingmoor Ave","Louisville","KY","40218"
81203,"5611 Clearridge Pl","Louisville","KY","40229"
81204,"9808 River Trail Dr","Louisville","KY","40229"
81205,"4207 Marseille Dr","Louisville","KY","40272"
81206,"4508 Jett Thomas Dr","Louisville","KY","40228"
81207,"707 W Ashland Ave","Louisville","KY","40215"
81208,"1527 Beech St","Louisville","KY","40211"
81209,"416 W Magnolia St","Louisville","KY","40208"
81210,"2114 W Hill St","Louisville","KY","40210"
81211,"1432 Dixie Hwy","Louisville","KY","40210"
81212,"901 Colonel Anderson Pkwy","Louisville","KY","40222"
81213,"750 Zorn Ave","Apt 29","Louisville",
81214,"904 Donard Park Ave","Louisville","KY","40218"
81215,"210 Iola Rd","Louisville","KY","40207"
81216,"389 Spring House Ln","Louisville","KY","40229"
81217,"6904 Brook Valley Ct","Louisville","KY","40228"
81218,"3755 Boone St","Louisville","KY","40213"
81219,"7906 Mackie Ln","Louisville","KY","40214"
81220,"4525 Picadilly Ave","Louisville","KY","40215"
81221,"10804 Brookside Dr","Louisville","KY","40299"
81222,"203 Fairmeade Rd","Louisville","KY","40207"
81223,"218 N 25th St","Louisville","KY","40212"
81224,"1815 S 22nd St","Louisville","KY","40210"
81225,"2943 Alford Ave","Louisville","KY","40212"
81226,"2503 Catawba Ln","Louisville","KY","40217"
81227,"4329 Pinnacle View Pl","Louisville","KY","40272"
81228,"601 Wardshire Pl","Louisville","KY","40223"
81229,"834 S 41st St","Louisville","KY","40211"
81230,"7918 Stovall Ct","Louisville","KY","40228"
81231,"8810 Cranborne Ct","Louisville","KY","40241"
81232,"4116 Angel Ter","Louisville","KY","40299"
81233,"3327 W Kentucky St","Louisville","KY","40211"
81234,"4315 Lambert Rd","Louisville","KY","40219"
81235,"818 Vannah Ave","Louisville","KY","40223"
81236,"306 Lanai Ct","Louisville","KY","40245"
81237,"124 Blackburn Ave","Louisville","KY","40206"
81238,"2814 S 6th St","Louisville","KY","40208"
81239,"977 Eastern Pkwy","Louisville","KY","40217"
81240,"3001 Curran Rd","Louisville","KY","40205"
81241,"8812 Stony Falls Way","Louisville","KY","40299"
81242,"10320 Whipps Mill Rd","Louisville","KY","40223"
81243,"1007 Euclid Ave","Louisville","KY","40208"
81244,"8000 Pina Way","Louisville","KY","40219"
81245,"842 Melford Ave","Louisville","KY","40217"
81246,"2801 Englewood Ave","Louisville","KY","40220"
81247,"7512 Appletree Way","Louisville","KY","40228"
81248,"7412 Old North Church Rd","Louisville","KY","40214"
81249,"3716 Freestone Ct","Louisville","KY","40218"
81250,"9110 Preston Hwy","Louisville","KY","40219"
81251,"2916 Cliffwynde Trce","Louisville","KY","40241"
81252,"4437 Jennymac Dr","Louisville","KY","40216"
81253,"9803 Sonrisa Dr","Louisville","KY","40291"
81254,"2305 Grand Ave","Louisville","KY","40210"
81255,"1603 Olive St","Louisville","KY","40210"
81256,"918 Dana Marie Dr","Louisville","KY","40223"
81257,"4034 Gilman Ave","Louisville","KY","40207"
81258,"212 Saint Joseph St","Louisville","KY","40203"
81259,"130 N 20th St","Louisville","KY","40203"
81260,"423 Iola Rd","Louisville","KY","40207"
81261,"421 Iola Rd","Louisville","KY","40207"
81262,"3320 Bardstown Rd","Apt 38","Louisville",
81263,"7405 Ronan Dr","Louisville","KY","40258"
81264,"8604 Michael Edward Dr","Louisville","KY","40291"
81265,"8335 Dorinda Ave","Louisville","KY","40258"
81266,"8102 Arnoldtown Rd","Louisville","KY","40214"
81267,"8435 Aspen Glen Way","Louisville","KY","40228"
81268,"8501 Holston Rd","Louisville","KY","40222"
81269,"214 Blankenbaker Ln","Louisville","KY","40207"
81270,"5202 Eastwind Rd","Louisville","KY","40207"
81271,"145 Valley Rd","Louisville","KY","40229"
81272,"3805 Iron Horse Way","Louisville","KY","40272"
81273,"15 Rio Vista Dr","Louisville","KY","40207"
81274,"8930 Eli Dr","Louisville","KY","40291"
81275,"11517 Leemont Dr","Louisville","KY","40272"
81276,"4203 Manner Dale Dr","Louisville","KY","40220"
81277,"3672 Lentz Ave","Louisville","KY","40215"
81278,"8358 Grand Trevi Dr","Louisville","KY","40228"
81279,"6927 Arbor Manor Way","Louisville","KY","40228"
81280,"1611 Spring Dr","Apt 3D","Louisville",
81281,"10604 Emma Jean Way","Louisville","KY","40272"
81282,"10610 Hillcross Ct","Louisville","KY","40229"
81283,"337 Glendora Ave","Louisville","KY","40212"
81284,"9809 Calamar Ct","Louisville","KY","40241"
81285,"165 Thierman Ln","Apt 310","Louisville",
81286,"6236 Maravian Dr","Louisville","KY","40258"
81287,"9700 Anita Blvd","Louisville","KY","40272"
81288,"7803 Vaughn Mill Rd","Louisville","KY","40228"
81289,"4907 Chenoweth Run Rd","Louisville","KY","40299"
81290,"5008 Cooper Chapel Rd","Louisville","KY","40229"
81291,"2904 Wood Briar Ct","Louisville","KY","40241"
81292,"2516 Top Hill Rd","Louisville","KY","40206"
81293,"7620 Saint Andrews Church Rd","Louisville","KY","40214"
81294,"4003 Goldstein Ln","Louisville","KY","40272"
81295,"7807 Marie Anna Dr","Louisville","KY","40258"
81296,"6211 Smyrna Pl","Louisville","KY","40228"
81297,"3202 Renwood Blvd","Apt 302","Louisville",
81298,"12517 Kiawah Ct","Louisville","KY","40245"
81299,"4121 Woods View Pl","Louisville","KY","40245"
81300,"16512 Briston Avon Ln","Louisville","KY","40245"
81301,"7718 Hermits Run Rd","Louisville","KY","40291"
81302,"110 N 37th St","Louisville","KY","40212"
81303,"722 Breckenridge Ln","Apt 1","Louisville",
81304,"3700 Vermont Ave","Louisville","KY","40211"
81305,"1082 Bicknell Ave","Louisville","KY","40215"
81306,"1080 Bicknell Ave","Louisville","KY","40215"
81307,"4618 N Rutland Ave","Louisville","KY","40215"
81308,"10321 Glenmary Farm Dr","Louisville","KY","40291"
81309,"8602 Soverign Way","Louisville","KY","40258"
81310,"2724 Portland Ave","Louisville","KY","40212"
81311,"5719 Elmer Ln","Louisville","KY","40214"
81312,"308 Locust Creek Blvd","Louisville","KY","40245"
81313,"2537 Dell Rd","Louisville","KY","40205"
81314,"7914 Brush Ln","Louisville","KY","40291"
81315,"3114 Sunny Ln","Louisville","KY","40205"
81316,"2420 Emil Ave","Louisville","KY","40217"
81317,"4005 Sunny Crossing Dr","Louisville","KY","40299"
81318,"1704 Tempest Way","Louisville","KY","40216"
81319,"10341 Shelbyville Rd","Louisville","KY","40223"
81320,"110 N 42nd St","Louisville","KY","40212"
81321,"1337 Weller Ave","Louisville","KY","40208"
81322,"10920 Cedar Creek Rd","Louisville","KY","40229"
81323,"3123 Graystone Manor Pkwy","Louisville","KY","40241"
81324,"3724 Glen Oak Dr","Louisville","KY","40218"
81325,"921 S 44th St","Louisville","KY","40211"
81326,"9704 Williamsborough Ln","Louisville","KY","40291"
81327,"6819 Feyhurst Dr","Louisville","KY","40258"
81328,"2905 Bradford Grove Ln","Louisville","KY","40220"
81329,"6307 Greenwood Rd","Louisville","KY","40258"
81330,"4026 Poplar Level Rd","Apt 4","Louisville",
81331,"285 Norwood Way","Louisville","KY","40229"
81332,"1610 Arlington Ave","Louisville","KY","40206"
81333,"9417 Magnolia Ridge Dr","Unit 203","Louisville",
81334,"3542 Lentz Ave","Louisville","KY","40215"
81335,"509 Compton St","Louisville","KY","40208"
81336,"3605 Del Park Ter","Louisville","KY","40211"
81337,"915 S Shelby St","Louisville","KY","40203"
81338,"2901 Rockaway Dr","Louisville","KY","40216"
81339,"1343 S Preston St","Louisville","KY","40208"
81340,"619 S 40th St","Louisville","KY","40211"
81341,"630 Lake Sterling Rd","Louisville","KY","40223"
81342,"2356 Saratoga Dr","Louisville","KY","40205"
81343,"6818 Stone Hill Rd","Louisville","KY","40214"
81344,"1400 Willow Ave","Apt 907","Louisville",
81345,"1213 Morgan Ave","Louisville","KY","40213"
81346,"9505 Williamsborough Ln","Louisville","KY","40291"
81347,"6515 El Rancho Rd","Louisville","KY","40291"
81348,"423 Ledgeview Dr","Louisville","KY","40206"
81349,"4412 Cloverleaf Dr","Louisville","KY","40216"
81350,"1000 Clerkenwell Rd","Louisville","KY","40207"
81351,"822 S Hancock St","Louisville","KY","40203"
81352,"4602 Balamor Dr","Louisville","KY","40216"
81353,"202 S Madison Ave","Louisville","KY","40243"
81354,"3021 River Park Dr","Louisville","KY","40211"
81355,"5405 Crambrook Ave","Louisville","KY","40272"
81356,"4208 Lilac Vista Dr","Louisville","KY","40241"
81357,"3740 Ethel Ave","Louisville","KY","40218"
81358,"13720 Windy Haven Way","Louisville","KY","40299"
81359,"122 N Chadwick Rd","Louisville","KY","40223"
81360,"2232 Date St","Louisville","KY","40210"
81361,"1822 Grand Ave","Louisville","KY","40210"
81362,"1127 Lillian Ave","Louisville","KY","40208"
81363,"2335 Magazine St","Louisville","KY","40211"
81364,"9407 Hudson Ln","Louisville","KY","40291"
81365,"2108 Ann Marie Dr","Louisville","KY","40299"
81366,"5241 Craigs Creek Dr","Louisville","KY","40241"
81367,"4839 Brenda Dr","Louisville","KY","40219"
81368,"6702 Poplar Forest Ln","Louisville","KY","40291"
81369,"151 Persimmon Ridge Dr","Louisville","KY","40245"
81370,"714 Baroness Ave","Louisville","KY","40203"
81371,"225 S Shawnee Ter","Louisville","KY","40212"
81372,"4113 North Ln","Louisville","KY","40216"
81373,"10005 Spring Gate Dr","Louisville","KY","40241"
81374,"7602 Hornbeck Farm Rd","Louisville","KY","40291"
81375,"709 Lake Sterling Rd","Louisville","KY","40223"
81376,"4521 Meadowlark Manor Ln","Louisville","KY","40245"
81377,"7408 Duchess Dr","Louisville","KY","40228"
81378,"4401 Pinnacle View Pl","Louisville","KY","40272"
81379,"8007 Zelma Fields Ave","Louisville","KY","40228"
81380,"2610 Meadow Rd","Louisville","KY","40205"
81381,"2708 Durbing Ave","Louisville","KY","40299"
81382,"32 Chamberry Cir","Louisville","KY","40207"
81383,"2406 Henley Ct","Louisville","KY","40242"
81384,"9202 Trenta Ln","Louisville","KY","40291"
81385,"3027 Dale Ann Dr","Louisville","KY","40220"
81386,"8507 Atrium Dr","Apt 104","Louisville",
81387,"4305 Wyola Ct","Louisville","KY","40218"
81388,"4505 Mount Vernon Rd","Louisville","KY","40220"
81389,"9326 Villa Fair Ct","Louisville","KY","40291"
81390,"12711 Willow Park Dr","Louisville","KY","40299"
81391,"9802 Silky Dogwood Ct","Louisville","KY","40241"
81392,"300 Kilmory Ave","Louisville","KY","40214"
81393,"4916 Hunters Point Cir","Louisville","KY","40216"
81394,"3931 Brookfield Ave","Louisville","KY","40207"
81395,"172 N Triangle Ln","Louisville","KY","40229"
81396,"1218 Hogarth Dr","Louisville","KY","40222"
81397,"2818 Englewood Ave","Louisville","KY","40220"
81398,"8723 Stony Field Way","Louisville","KY","40299"
81399,"8820 Stony Falls Way","Louisville","KY","40299"
81400,"4602 Primula Pl","Louisville","KY","40272"
81401,"678 S 39th St","Louisville","KY","40211"
81402,"2814 Rowan St","Louisville","KY","40212"
81403,"831 Sutcliffe Ave","Louisville","KY","40211"
81404,"206 S Arbor Park","Louisville","KY","40214"
81405,"3907 Bank St","Louisville","KY","40212"
81406,"513 N 38th St","Louisville","KY","40212"
81407,"2100 Speed Ave","Louisville","KY","40205"
81408,"215 N 38th St","Louisville","KY","40212"
81409,"3905 Jewell Ave","Louisville","KY","40212"
81410,"119 Harlan Ave","Louisville","KY","40214"
81411,"2200 W Burnett Ave","Louisville","KY","40210"
81412,"2110 W Burnett Ave","Louisville","KY","40210"
81413,"1826 W Kentucky St","Louisville","KY","40210"
81414,"2121 Greenwood Ave","Louisville","KY","40210"
81415,"2704 Conestoga Ave","Louisville","KY","40210"
81416,"2309 W Kentucky St","Louisville","KY","40210"
81417,"2226 Date St","Louisville","KY","40210"
81418,"300 N 32nd St","Louisville","KY","40212"
81419,"220 N 32nd St","Louisville","KY","40212"
81420,"111 N 41st St","Louisville","KY","40212"
81421,"103 N 39th St","Louisville","KY","40212"
81422,"109 S 35th St","Louisville","KY","40212"
81423,"1325 Berry Blvd","Louisville","KY","40215"
81424,"3658 Lentz Ave","Louisville","KY","40215"
81425,"3675 Wheeler Ave","Louisville","KY","40215"
81426,"1032 Tennessee Ave","Louisville","KY","40208"
81427,"229 S 41st St","Louisville","KY","40212"
81428,"2025 W Market St","Louisville","KY","40203"
81429,"613 S 41st St","Louisville","KY","40211"
81430,"1211 Central Ave","Louisville","KY","40208"
81431,"1127 Camden Ave","Louisville","KY","40215"
81432,"2623 W Kentucky St","Louisville","KY","40211"
81433,"528 Camden Ave","Louisville","KY","40215"
81434,"5116 Laughlin Ave","Louisville","KY","40214"
81435,"3400 Grand Ave","Louisville","KY","40211"
81436,"3117 Grand Ave","Louisville","KY","40211"
81437,"110 Mohawk Ave","Louisville","KY","40214"
81438,"115 S 41st St","Louisville","KY","40212"
81439,"2914 W Muhammad Ali Blvd","Louisville","KY","40212"
81440,"4009 Taylor Blvd","Louisville","KY","40215"
81441,"1204 W Ashland Ave","Louisville","KY","40215"
81442,"4300 Vermont Ave","Louisville","KY","40211"
81443,"1508 Clara Ave","Louisville","KY","40215"
81444,"410 Winkler Ave","Louisville","KY","40208"
81445,"1343 Haskin Ave","Louisville","KY","40215"
81446,"4913 S 4th St","Louisville","KY","40214"
81447,"3613 Goldsmith Ln","Louisville","KY","40220"
81448,"715 Baroness Ave","Louisville","KY","40203"
81449,"615 E Caldwell St","Louisville","KY","40203"
81450,"203 S 43rd St","Louisville","KY","40212"
81451,"1515 Beech St","Louisville","KY","40211"
81452,"716 Cedar Grove Ct","Louisville","KY","40212"
81453,"6419 Fernview Rd","Louisville","KY","40291"
81454,"508 Westerham Ct","Louisville","KY","40222"
81455,"3703 W Muhammad Ali Blvd","Louisville","KY","40212"
81456,"3809 Vermont Ave","Louisville","KY","40211"
81457,"204 S 43rd St","Louisville","KY","40212"
81458,"3223 W Kentucky St","Louisville","KY","40211"
81459,"1550 Louis Coleman Jr Dr","Louisville","KY","40211"
81460,"1912 Hazelwood Ct","Louisville","KY","40214"
81461,"4229 Ashleywood Ct","Louisville","KY","40241"
81462,"2529 Montgomery St","Louisville","KY","40212"
81463,"2429 Griffiths Ave","Louisville","KY","40212"
81464,"111 N 45th St","Louisville","KY","40212"
81465,"100 N Shawnee Ter","Louisville","KY","40212"
81466,"234 E Burnett Ave","Louisville","KY","40208"
81467,"245 S 39th St","Louisville","KY","40212"
81468,"4339 Pinnacle View Pl","Louisville","KY","40272"
81469,"12102 Preakness Ct","Louisville","KY","40299"
81470,"1515 Pawtuxet Ct","Louisville","KY","40211"
81471,"2823 Alta Vista Ct","Louisville","KY","40206"
81472,"1116 Tennessee Ave","Louisville","KY","40208"
81473,"1514 Pawtuxet Ct","Louisville","KY","40211"
81474,"1409 Phyllis Ave","Louisville","KY","40215"
81475,"1616 Thornberry Ave","Louisville","KY","40215"
81476,"3603 Woodruff Ave","Louisville","KY","40215"
81477,"3902 Moody Ct","Louisville","KY","40219"
81478,"181 Westwind Rd","Louisville","KY","40207"
81479,"301 S 39th St","Louisville","KY","40212"
81480,"3146 Del Park Ter","Louisville","KY","40211"
81481,"3925 Rankin St","Louisville","KY","40214"
81482,"4834 S 4th St","Louisville","KY","40214"
81483,"3701 Canterbury Dr","Louisville","KY","40299"
81484,"123 S 40th St","Louisville","KY","40212"
81485,"12202 E Orell Rd","Louisville","KY","40272"
81486,"906 E Liberty St","Louisville","KY","40204"
81487,"511 E Oak St","Louisville","KY","40203"
81488,"1118 Ellison Ave","Louisville","KY","40204"
81489,"6311 Derrick Dr","Louisville","KY","40216"
81490,"14407 Willow Grove Cir","Louisville","KY","40245"
81491,"215 Cambridge Dr","Louisville","KY","40214"
81492,"8801 Eli Dr","Louisville","KY","40291"
81493,"6724 Wynde Manor Dr","Louisville","KY","40228"
81494,"10203 Deer Vista Dr","Unit 102","Louisville",
81495,"3503 Leith Ln","Louisville","KY","40218"
81496,"1318 Navajo Ct","Louisville","KY","40207"
81497,"206 Waterstone Way","Louisville","KY","40245"
81498,"1244 Dahl Rd","Louisville","KY","40213"
81499,"8217 Rustoak Ln","Louisville","KY","40219"
81500,"3118 Plover Rd","Louisville","KY","40213"
81501,"11134 Brookley Dr","Louisville","KY","40229"
81502,"12000 Old Henry Rd","Louisville","KY","40223"
81503,"2823 Rockhaven Ave","Louisville","KY","40220"
81504,"610 Gheens Ave","Louisville","KY","40214"
81505,"664 39th St S","Louisville","KY","40211"
81506,"6005 Wooded Creek Dr","Unit 101","Louisville",
81507,"2405 Dexter St","Louisville","KY","40216"
81508,"2606 Taylorsville Rd","Louisville","KY","40205"
81509,"5705 Elmer Ln","Louisville","KY","40214"
81510,"1822 Ballard Mill Ln","Louisville","KY","40207"
81511,"11707 Veranda Way","Louisville","KY","40299"
81512,"1120 S 36th St","Louisville","KY","40211"
81513,"14400 Pauleys Gap Rd","Louisville","KY","40272"
81514,"6105 Titanic Way","Louisville","KY","40258"
81515,"3914 Pflanz Ave","Louisville","KY","40212"
81516,"2406 Burwell Ave","Louisville","KY","40210"
81517,"109 E Tenny Ave","Louisville","KY","40214"
81518,"1010 Louis Coleman Jr Dr","Louisville","KY","40211"
81519,"1761 W Lee St","Louisville","KY","40210"
81520,"4302 Trewlaney Ct","Louisville","KY","40229"
81521,"2320 Payne St","Louisville","KY","40206"
81522,"9100 Lakeridge Dr","Louisville","KY","40272"
81523,"7917 Carnation Dr","Louisville","KY","40258"
81524,"424 Marquette Dr","Louisville","KY","40222"
81525,"11904 Stable Springs Dr","Louisville","KY","40299"
81526,"4728 Razor Creek Way","Louisville","KY","40299"
81527,"4408 Mann Ave","Louisville","KY","40215"
81528,"217 Marengo Dr","Louisville","KY","40243"
81529,"4207 Morgan Jaymes Dr","Louisville","KY","40299"
81530,"426 Marquette Dr","Louisville","KY","40222"
81531,"1816 Burwell Ave","Louisville","KY","40210"
81532,"2712 Wyandotte Ave","Louisville","KY","40210"
81533,"1108 Dixie Hwy","Louisville","KY","40210"
81534,"3900 Woodstone Ridge Way","Louisville","KY","40241"
81535,"1816 Bank St","Louisville","KY","40203"
81536,"5200 Blakley Ridge Rd","Louisville","KY","40222"
81537,"4324 Haney Way","Louisville","KY","40272"
81538,"416 S 38th St","Louisville","KY","40212"
81539,"2229 Alta Ave","Louisville","KY","40205"
81540,"8203 Laurel Spring Dr","Louisville","KY","40299"
81541,"238 S Hite Ave","Louisville","KY","40206"
81542,"421 N 21st St","Louisville","KY","40203"
81543,"3112 Lynnwood Way","Louisville","KY","40299"
81544,"185 Crator Dr","Louisville","KY","40229"
81545,"2317 Dulworth Dr","Louisville","KY","40216"
81546,"14002 Rolling Springs Ct","Louisville","KY","40245"
81547,"3504 Pinecroft Dr","Louisville","KY","40219"
81548,"13724 Windy Haven Way","Louisville","KY","40299"
81549,"249 S Dorsey Ln","Louisville","KY","40223"
81550,"4213 Telovi Ct","Louisville","KY","40241"
81551,"3313 Schneiter Ave","Louisville","KY","40215"
81552,"1931 Frankfort Ave","Louisville","KY","40206"
81553,"637 W Ormsby Ave","Louisville","KY","40203"
81554,"594 Sunset Rd","Louisville","KY","40206"
81555,"1251 S 1st St","Louisville","KY","40203"
81556,"7416 Rainbow Dr","Louisville","KY","40272"
81557,"7825 Margo Ave","Louisville","KY","40258"
81558,"1309 Farmdale Ave","Louisville","KY","40213"
81559,"810 S 36th St","Louisville","KY","40211"
81560,"5103 Yew Ln","Louisville","KY","40213"
81561,"3827 Melda Ln","Louisville","KY","40219"
81562,"3416 Glenview Ave","Louisville","KY","40222"
81563,"9721 River Trail Dr","Louisville","KY","40229"
81564,"255 Ridgeway Cor","Louisville","KY","40207"
81565,"4633 Lor Ann Ave","Louisville","KY","40219"
81566,"2813 Northwestern Pkwy","Louisville","KY","40212"
81567,"16508 Briston Avon Ln","Louisville","KY","40245"
81568,"487 Spring House Ln","Louisville","KY","40229"
81569,"1251 Cherokee Rd","Louisville","KY","40204"
81570,"11205 Meadow Breeze Ln","Louisville","KY","40291"
81571,"4311 Blenheim Rd","Louisville","KY","40207"
81572,"7405 Maurer Ln","Louisville","KY","40258"
81573,"448 E Brandeis Ave","Louisville","KY","40217"
81574,"6910 James Madison Way","Louisville","KY","40272"
81575,"4915 Paramount Dr","Louisville","KY","40258"
81576,"71 College Ct","Louisville","KY","40203"
81577,"2 Maple Crest Ct","Louisville","KY","40206"
81578,"509 Wallace Ave","Louisville","KY","40207"
81579,"2213 Cottage Ln","Louisville","KY","40216"
81580,"7519 Belinda Way","Louisville","KY","40291"
81581,"2002 Mary Catherine Dr","Louisville","KY","40216"
81582,"96 College Ct","Louisville","KY","40203"
81583,"1139 Loretta St","Louisville","KY","40213"
81584,"7704 Tempsclair Rd","Louisville","KY","40220"
81585,"4037 Henderson Ave","Louisville","KY","40213"
81586,"36 Warren Rd","Louisville","KY","40206"
81587,"7110 Greengate Ct","Louisville","KY","40241"
81588,"6902 Yuma Way","Louisville","KY","40258"
81589,"2017 Griffiths Ave","Louisville","KY","40203"
81590,"3101 Chickering Woods Dr","Louisville","KY","40241"
81591,"3000 Running Deer Cir","Louisville","KY","40241"
81592,"6600 Northridge Cir","Louisville","KY","40241"
81593,"2800 Shoemaker Dr","Louisville","KY","40241"
81594,"8617 Birch Ct","Louisville","KY","40242"
81595,"6603 Sky Blue Ave","Louisville","KY","40258"
81596,"5704 Morning Glory Ln","Louisville","KY","40258"
81597,"1603 Prentice St","Louisville","KY","40210"
81598,"2207 Burwell Ave","Louisville","KY","40210"
81599,"1042 Lincoln Ave","Louisville","KY","40208"
81600,"4819 Oak Pointe Dr","Louisville","KY","40245"
81601,"7109 Blair Creek Way","Louisville","KY","40229"
81602,"749 N Hite Ave","Apt 2","Louisville",
81603,"63 Lake Ave","Louisville","KY","40206"
81604,"13603 Dickens Ct","Louisville","KY","40299"
81605,"1810 Columbia St","Louisville","KY","40203"
81606,"1902 Nelson Ave","Louisville","KY","40216"
81607,"3430 W Kentucky St","Louisville","KY","40211"
81608,"105 Ridgeway Ave","Louisville","KY","40207"
81609,"4030 Gilman Ave","Louisville","KY","40207"
81610,"10212 Landwood Dr","Louisville","KY","40291"
81611,"7904 Kingman Way","Louisville","KY","40220"
81612,"440 Overlook Rd","Louisville","KY","40229"
81613,"4224 Jackson Ave","Louisville","KY","40213"
81614,"9401 Magnolia Ridge Dr","Unit 204","Louisville",
81615,"8112 Limehouse Ln","Louisville","KY","40220"
81616,"462 N 28th St","Louisville","KY","40212"
81617,"6403 Kenjoy Dr","Louisville","KY","40214"
81618,"6700 Brook Terrace Dr","Louisville","KY","40228"
81619,"1927 Lowell Ave","Louisville","KY","40205"
81620,"4608 Glen Rose Rd","Louisville","KY","40229"
81621,"2301 W Ormsby Ave","Louisville","KY","40210"
81622,"739 Algonquin Pkwy","Louisville","KY","40208"
81623,"1528 S Shelby St","Louisville","KY","40217"
81624,"8207 Cadence Pl","Louisville","KY","40222"
81625,"8613 Banbridge Rd","Louisville","KY","40242"
81626,"1549 Schuff Ln","Louisville","KY","40205"
81627,"4201 Ashleywood Ct","Louisville","KY","40241"
81628,"6099 Terry Rd","Louisville","KY","40258"
81629,"4109 Sea Wave Ct","Louisville","KY","40229"
81630,"3030 Beals Branch Dr","Louisville","KY","40206"
81631,"10017 Blue Creek Dr","Louisville","KY","40229"
81632,"3702 Rock Bay Dr","Louisville","KY","40245"
81633,"8909 Kaprun Ct","Louisville","KY","40220"
81634,"4805 Arroyo Trl","Louisville","KY","40229"
81635,"4504 Renaissance Dr","Louisville","KY","40299"
81636,"16704 Mallet Hill Dr","Louisville","KY","40245"
81637,"11309 Coolwood Rd","Louisville","KY","40223"
81638,"162 Wiltshire Ave","Louisville","KY","40207"
81639,"10900 Talon Way","Louisville","KY","40223"
81640,"1311 Tile Factory Ln","Louisville","KY","40213"
81641,"243 Earlywood Way","Louisville","KY","40229"
81642,"201 Bonnie Ln","Louisville","KY","40218"
81643,"7114 Brett Frazier Dr","Louisville","KY","40291"
81644,"10920 Old Harrods Woods Cir","Louisville","KY","40223"
81645,"2600 Alva Dr","Louisville","KY","40216"
81646,"1807 Eastern Pkwy","Louisville","KY","40204"
81647,"3812 Saint Germaine Ct","Louisville","KY","40207"
81648,"5316 Sprigwood Ln","Louisville","KY","40291"
81649,"6008 Toebbe Ln","Louisville","KY","40229"
81650,"209 Eastern Wood Ct","Louisville","KY","40243"
81651,"903 Windhurst Ct","Louisville","KY","40207"
81652,"4325 Wingate Rd","Louisville","KY","40207"
81653,"3201 Rolling Oak Blvd","Louisville","KY","40214"
81654,"12412 Oak Pine Trl","Louisville","KY","40291"
81655,"1616 Russell Ave","Louisville","KY","40213"
81656,"6304 Ocho Rios Ct","Louisville","KY","40228"
81657,"250 Eldorado Ave","Louisville","KY","40218"
81658,"1135 Lincoln Ave","Louisville","KY","40208"
81659,"3400 Endeavor Way","Louisville","KY","40219"
81660,"9315 Loch Lea Ln","# A","Louisville",
81661,"1613 Mae Street Kidd Ave","Louisville","KY","40211"
81662,"7807 Daffodil Dr","Louisville","KY","40258"
81663,"5919 Oakdale Ln","Louisville","KY","40219"
81664,"3910 Pinecroft Dr","Louisville","KY","40219"
81665,"5110 Hilton Ct","Louisville","KY","40218"
81666,"6151 Cherry Hill Ct","Louisville","KY","40229"
81667,"4109 Orchard Way","Louisville","KY","40216"
81668,"7121 Orchard Lake Blvd","Louisville","KY","40218"
81669,"1029 Lampton St","Louisville","KY","40204"
81670,"2032 Eastern Pkwy","Louisville","KY","40204"
81671,"2101 Saint Louis Ave","Louisville","KY","40210"
81672,"4416 Gatewood Ave","Louisville","KY","40215"
81673,"1637 Tyler Pkwy","Louisville","KY","40204"
81674,"7615 White Post Way","Louisville","KY","40220"
81675,"3804 Craig Ave","Louisville","KY","40215"
81676,"1706 Youngland Ave","Louisville","KY","40216"
81677,"5503 Rosary Ct","Louisville","KY","40218"
81678,"5710 Southland Blvd","Louisville","KY","40214"
81679,"4211 Retreat Rd","Louisville","KY","40219"
81680,"6504 Calm River Way","Louisville","KY","40299"
81681,"1800 Manor House Dr","Apt 215","Louisville",
81682,"3030 Meadowview Cir","Louisville","KY","40220"
81683,"3905 Hillbrook Dr","Louisville","KY","40220"
81684,"3715 Downing Way","Louisville","KY","40218"
81685,"1704 Payne St","Louisville","KY","40206"
81686,"3436 Stony Farm Dr","Louisville","KY","40299"
81687,"6506 Cooper Chapel Rd","Louisville","KY","40229"
81688,"3840 Southern Pkwy","Louisville","KY","40214"
81689,"705 Creel Ave","Louisville","KY","40208"
81690,"2129 Speed Ave","Louisville","KY","40205"
81691,"2640 Kings Hwy","Louisville","KY","40205"
81692,"4311 Taggart Rd","Louisville","KY","40207"
81693,"15810 Waterstone Ct","Louisville","KY","40245"
81694,"2312 W Muhammad Ali Blvd","Louisville","KY","40212"
81695,"503 Nottingham Pkwy","Louisville","KY","40222"
81696,"165 Thierman Ln","Apt 311","Louisville",
81697,"353 Wild Way","Louisville","KY","40229"
81698,"919 S 44th St","Louisville","KY","40211"
81699,"11010 Lunenburg Ct","Louisville","KY","40245"
81700,"3405 Indian Lake Dr","Louisville","KY","40241"
81701,"6006 Corinth Way","Louisville","KY","40219"
81702,"411 Harris Pl","Louisville","KY","40222"
81703,"4905 Ranchland Dr","Louisville","KY","40216"
81704,"16415 Snaffel Bit Ct","Louisville","KY","40245"
81705,"1132 Rostrevor Cir","Louisville","KY","40205"
81706,"1315 Carol Jean Ct","Louisville","KY","40215"
81707,"2515 W Main St","Louisville","KY","40212"
81708,"11509 Leemont Dr","Louisville","KY","40272"
81709,"4029 Burrell Dr","Louisville","KY","40216"
81710,"4409 Sussex Ct","Louisville","KY","40241"
81711,"2613 Hale Ave","Louisville","KY","40211"
81712,"10725 Northington Ln","Louisville","KY","40241"
81713,"4024 Cheviot Dr","Louisville","KY","40216"
81714,"2515 Hale Ave","Louisville","KY","40210"
81715,"311 S Dorsey Ln","Louisville","KY","40223"
81716,"7066 Wildwood Cir","Apt 140","Louisville",
81717,"3003 Eastern Ave","Louisville","KY","40206"
81718,"5220 Oldshire Rd","Louisville","KY","40229"
81719,"1414 Beech St","Louisville","KY","40211"
81720,"1128 Schiller Ave","Louisville","KY","40204"
81721,"9905 Lancewood Rd","Louisville","KY","40229"
81722,"1125 Okolona Ter","Louisville","KY","40219"
81723,"5404 Earlann Dr","Louisville","KY","40219"
81724,"11402 Oakhurst Rd","Louisville","KY","40245"
81725,"4908 Westside Dr","Louisville","KY","40219"
81726,"11 Overbrook Rd","Louisville","KY","40207"
81727,"9901 Back Run Rd","Louisville","KY","40299"
81728,"304 Westwood Dr","Louisville","KY","40243"
81729,"10790 Tarrytowne Rd","Louisville","KY","40272"
81730,"10008 Grey Hawk Dr","Louisville","KY","40219"
81731,"7321 Rivers End Cir","Louisville","KY","40258"
81732,"2603 Acushnet Ct","Louisville","KY","40242"
81733,"6711 Obryan Rd","Louisville","KY","40291"
81734,"411 Wallace Ave","Louisville","KY","40207"
81735,"4102 Naneen Dr","Louisville","KY","40216"
81736,"241 Smith Ln","Louisville","KY","40229"
81737,"4409 Stone Lakes Dr","Louisville","KY","40299"
81738,"206 N Birchwood Ave","Louisville","KY","40206"
81739,"620 Lake Sterling Rd","Louisville","KY","40223"
81740,"933 Westview Dr","Louisville","KY","40214"
81741,"3007 Parkstone Ct","Louisville","KY","40241"
81742,"5804 Whispering Hills Blvd","Louisville","KY","40219"
81743,"2821 Celina Dr","Louisville","KY","40213"
81744,"1263 Gilmore Ln","Louisville","KY","40213"
81745,"209 Haldeman Ave","Louisville","KY","40206"
81746,"1267 Parkway Gardens Ct","Apt 99","Louisville",
81747,"7712 Nalan Dr","Louisville","KY","40291"
81748,"4410 Case Way","Louisville","KY","40272"
81749,"3224 Lemmah Dr","Louisville","KY","40216"
81750,"3713 Chevy Chase Rd","Louisville","KY","40218"
81751,"1419 Hawkshead Ln","Louisville","KY","40220"
81752,"628 N 26th St","Louisville","KY","40212"
81753,"3810 Stockridge Rd","Louisville","KY","40241"
81754,"3102 Eagle Pass","Louisville","KY","40213"
81755,"4147 W Muhammad Ali Blvd","Louisville","KY","40212"
81756,"2812 Englewood Ave","Louisville","KY","40220"
81757,"10904 Cowgill Pl","Louisville","KY","40243"
81758,"2001 Belay Way","Louisville","KY","40245"
81759,"9303 Stonestreet Rd","Unit 206","Louisville",
81760,"4213 Woodmont Park Ln","Louisville","KY","40245"
81761,"9301 Woodmont Rdg","Louisville","KY","40245"
81762,"2200 Auburn Dr","Louisville","KY","40216"
81763,"185 Prairie Dr","Louisville","KY","40229"
81764,"4708 Jolynn Dr","Louisville","KY","40299"
81765,"203 Monohan Dr","Louisville","KY","40207"
81766,"5203 S Watterson Trl","Louisville","KY","40291"
81767,"223 Tucker Station Rd","Louisville","KY","40243"
81768,"6110 Player Dr","Louisville","KY","40258"
81769,"3204 Virginia Ave","Louisville","KY","40211"
81770,"1330 Winter Ave","Louisville","KY","40204"
81771,"5807 Pikewood Rd","Louisville","KY","40219"
81772,"1302 Bluffsprings Ct","Louisville","KY","40223"
81773,"4600 Doe Spring Ct","Louisville","KY","40241"
81774,"825 Milton St","Louisville","KY","40217"
81775,"2117 Wilson Ave","Louisville","KY","40210"
81776,"7810 Stonydale Ln","Louisville","KY","40220"
81777,"8105 Pinecastle Dr","Louisville","KY","40219"
81778,"12512 Hedgeapple Way","Louisville","KY","40272"
81779,"12510 Hedgeapple Way","Louisville","KY","40272"
81780,"3700 Kernen Ct","Louisville","KY","40241"
81781,"127 Ottawa Ave","Louisville","KY","40214"
81782,"2099 Glenworth Ave","Louisville","KY","40218"
81783,"827 Dresden Ave","Louisville","KY","40215"
81784,"637 Country Club Rd","Louisville","KY","40206"
81785,"1333 Weller Ave","Louisville","KY","40208"
81786,"1045 Reasor Ave","Louisville","KY","40217"
81787,"517 Lone Oak Trl","Louisville","KY","40214"
81788,"6102 Baylor Ct","Louisville","KY","40222"
81789,"1232 Logan St","Louisville","KY","40204"
81790,"6403 Fernview Rd","Louisville","KY","40291"
81791,"7903 Briarhollow Ct","Louisville","KY","40220"
81792,"513 Dr W J Hodge St","Louisville","KY","40203"
81793,"3807 Glen Oak Dr","Louisville","KY","40218"
81794,"2510 Griffiths Ave","Louisville","KY","40212"
81795,"6806 Barbrook Rd","Louisville","KY","40258"
81796,"3004 Gudgel Rd","Louisville","KY","40211"
81797,"11909 Tazwell Dr","Apt 4","Louisville",
81798,"5309 Bonita Ln","Louisville","KY","40213"
81799,"4812 Brenda Dr","Louisville","KY","40219"
81800,"4201 S Brook St","Louisville","KY","40214"
81801,"4723 Overbrook Dr","Louisville","KY","40216"
81802,"4105 Hillbrook Dr","Louisville","KY","40220"
81803,"732 S Shelby St","Louisville","KY","40203"
81804,"11505 Rock Bass Ct","Louisville","KY","40241"
81805,"2308 Fallsview Rd","Louisville","KY","40207"
81806,"8106 Bella Woods Dr","Louisville","KY","40214"
81807,"5109 Stony Brook Dr","Louisville","KY","40291"
81808,"2506 Sherry Rd","Louisville","KY","40217"
81809,"8803 Charing Cross Rd","Louisville","KY","40222"
81810,"2218 Bradford Dr","Louisville","KY","40218"
81811,"4215 Estate Dr","Louisville","KY","40216"
81812,"5301 Julia Rd","Louisville","KY","40258"
81813,"242 Pope St","Louisville","KY","40206"
81814,"6911 Arbor Manor Way","Louisville","KY","40228"
81815,"14708 Fellowship Cir","Louisville","KY","40245"
81816,"3611 Dell Rd","Louisville","KY","40299"
81817,"2704 Montana Ave","Louisville","KY","40208"
81818,"2820 Hale Ave","Louisville","KY","40211"
81819,"8406 Glendale Trce","Louisville","KY","40291"
81820,"5614 Reflection Dr","Louisville","KY","40218"
81821,"8205 Flicker Pl","Louisville","KY","40214"
81822,"9915 Scrim Ave","Louisville","KY","40272"
81823,"706 Old Harrods Creek Rd","Louisville","KY","40223"
81824,"4921 Axtell Ave","Louisville","KY","40258"
81825,"2837 Fleming Ave","Louisville","KY","40206"
81826,"3314 Quinton Dr","Louisville","KY","40216"
81827,"7113 Ridge Creek Rd","Louisville","KY","40291"
81828,"6010 Hurstview Rd","Louisville","KY","40291"
81829,"12318 Forest School Ln","Louisville","KY","40223"
81830,"6024 Six Mile Ln","Louisville","KY","40218"
81831,"11220 Remembrance Ln","Louisville","KY","40229"
81832,"8205 Damascus Cir","Apt C2","Louisville",
81833,"1203 Stoney Point Trce","Louisville","KY","40223"
81834,"3411 Janell Rd","Louisville","KY","40216"
81835,"3536 Sasse Way","Louisville","KY","40245"
81836,"7322 Orchard Lake Blvd","Louisville","KY","40218"
81837,"5405 Dannyboy Ln","Louisville","KY","40214"
81838,"129 N Shawnee Ter","Louisville","KY","40212"
81839,"4316 Hampton Creek Dr","Louisville","KY","40241"
81840,"629 Harris Pl","Louisville","KY","40222"
81841,"10925 Oak Harbor Dr","Louisville","KY","40299"
81842,"6804 Switch Bark Ct","Louisville","KY","40228"
81843,"4625 Haeringdon Dr","Louisville","KY","40299"
81844,"11603 Winding Stream Way","Louisville","KY","40272"
81845,"2125 W Burnett Ave","Louisville","KY","40210"
81846,"1941 S 28th St","Louisville","KY","40210"
81847,"209 N 37th St","Louisville","KY","40212"
81848,"7900 Windgate Dr","Louisville","KY","40291"
81849,"3904 River Park Dr","Louisville","KY","40211"
81850,"4502 Dumesnil St","Louisville","KY","40211"
81851,"3332 Greenwood Ave","Louisville","KY","40211"
81852,"6811 Creedmoor Ct","Louisville","KY","40228"
81853,"3715 Greenwich Rd","Louisville","KY","40218"
81854,"4204 Leo Ln","Louisville","KY","40299"
81855,"3320 Bardstown Rd","Apt 98","Louisville",
81856,"6120 Dobson Ct","Louisville","KY","40229"
81857,"3001 Creekside Dr","Louisville","KY","40241"
81858,"3114 Houston Blvd","Louisville","KY","40220"
81859,"1420 E Breckinridge St","Louisville","KY","40204"
81860,"7623 Beechspring Farm Blvd","Louisville","KY","40241"
81861,"3917 Meadowfield Dr","Louisville","KY","40245"
81862,"6708 Brook Bend Way","Louisville","KY","40229"
81863,"4113 Gaudet Rd","Louisville","KY","40299"
81864,"5309 Armsmere Way","Louisville","KY","40218"
81865,"9421 Dalton Dr","Louisville","KY","40272"
81866,"9617 Yarmouth Ct","Louisville","KY","40272"
81867,"11707 Maple Way","Louisville","KY","40229"
81868,"2815 Thistlewood Dr","Louisville","KY","40206"
81869,"4711 Spen Lea Rd","Louisville","KY","40216"
81870,"13404 Cain Ln","Louisville","KY","40245"
81871,"58 Osage Trl","Louisville","KY","40245"
81872,"6805 Norway Dr","Louisville","KY","40214"
81873,"8514 Hurstbourne Woods Pl","Louisville","KY","40299"
81874,"753 N Hite Ave","Apt 1","Louisville",
81875,"2130 Middle Ln","Louisville","KY","40216"
81876,"1117 W Ashland Ave","Louisville","KY","40215"
81877,"2236 Talbott Ave","Louisville","KY","40205"
81878,"855 S 32nd St","Louisville","KY","40211"
81879,"1023 S 29th St","Louisville","KY","40211"
81880,"4328 Taylor Blvd","Louisville","KY","40215"
81881,"1630 S 2nd St","Apt 105","Louisville",
81882,"1630 S 2nd St","Apt 115","Louisville",
81883,"1630 S 2nd St","Apt 118","Louisville",
81884,"1630 S 2nd St","Apt 110","Louisville",
81885,"6909 Day Break Ct","Louisville","KY","40272"
81886,"4015 W Market St","Louisville","KY","40212"
81887,"1630 S 2nd St","Apt 116","Louisville",
81888,"1630 S 2nd St","Apt 123","Louisville",
81889,"1630 S 2nd St","Apt 124","Louisville",
81890,"1630 S 2nd St","Apt 103","Louisville",
81891,"1630 S 2nd St","Apt 120","Louisville",
81892,"1630 S 2nd St","Apt 102","Louisville",
81893,"1630 S 2nd St","Apt 101","Louisville",
81894,"1630 S 2nd St","Apt 106","Louisville",
81895,"1630 S 2nd St","Apt 112","Louisville",
81896,"1630 S 2nd St","Apt 104","Louisville",
81897,"1630 S 2nd St","Apt 109","Louisville",
81898,"1630 S 2nd St","Apt 107","Louisville",
81899,"1630 S 2nd St","Apt 113","Louisville",
81900,"1630 S 2nd St","Apt 111","Louisville",
81901,"1630 S 2nd St","Apt 114","Louisville",
81902,"1630 S 2nd St","Apt 117","Louisville",
81903,"1630 S 2nd St","Apt 119","Louisville",
81904,"3320 Ellis Way","Louisville","KY","40220"
81905,"1912 Nocturne Dr","Louisville","KY","40272"
81906,"3304 Trail Ridge Rd","Louisville","KY","40241"
81907,"1814 Gregg Ave","Louisville","KY","40210"
81908,"6907 Brook Valley Ct","Louisville","KY","40228"
81909,"3412 Endeavor Way","Louisville","KY","40219"
81910,"7806 Appleview Ln","Louisville","KY","40228"
81911,"127 Ledgewood Ct","Louisville","KY","40229"
81912,"103 Woodmore Ave","Louisville","KY","40214"
81913,"8204 Red Cedar Way","Louisville","KY","40219"
81914,"8400 Eagle Creek Dr","Louisville","KY","40222"
81915,"6600 Hollow Tree Rd","Louisville","KY","40228"
81916,"1101 Viburnum Way","Louisville","KY","40243"
81917,"12707 S Pope Lick Rd","Louisville","KY","40299"
81918,"4406 Rondean Dr","Louisville","KY","40216"
81919,"1300 Homeview Dr","Louisville","KY","40215"
81920,"8403 Robin Hill Dr","Louisville","KY","40291"
81921,"2326 Oregon Ave","Louisville","KY","40210"
81922,"528 Eastgate Vlg","Wynde","Louisville",
81923,"1603 Mae Street Kidd Ave","Louisville","KY","40211"
81924,"17311 Seven Green Ln","Louisville","KY","40245"
81925,"3107 Lencott Dr","Louisville","KY","40216"
81926,"2811 Celina Dr","Louisville","KY","40213"
81927,"3234 Kirby Ave","Louisville","KY","40211"
81928,"7304 Rainbow Dr","Louisville","KY","40272"
81929,"4310 Allmond Ave","Louisville","KY","40209"
81930,"2347 W Muhammad Ali Blvd","Louisville","KY","40212"
81931,"1630 S 2nd St","Apt 122","Louisville",
81932,"2010 Japonica Way","Louisville","KY","40242"
81933,"3513 Burrell Dr","Louisville","KY","40216"
81934,"423 N 21st St","Louisville","KY","40203"
81935,"3229 Dover Ave","Louisville","KY","40216"
81936,"1630 S 2nd St","Apt 108","Louisville",
81937,"1630 S 2nd St","Apt 121","Louisville",
81938,"1205 Lipps Ln","Louisville","KY","40219"
81939,"8500 Charing Cross Rd","Louisville","KY","40222"
81940,"5401 Logwood Ave","Louisville","KY","40272"
81941,"208 Alger Ave","Louisville","KY","40214"
81942,"7010 Catalpa Springs Dr","Louisville","KY","40228"
81943,"9502 Marceitta Way","Louisville","KY","40291"
81944,"6711 Elmcroft Cir","Louisville","KY","40241"
81945,"1258 Westlynne Way","Louisville","KY","40222"
81946,"1013 Audubon Pkwy","Louisville","KY","40213"
81947,"3502 Kerry Dr","Louisville","KY","40218"
81948,"11321 Cassidy Ln","Louisville","KY","40229"
81949,"11501 Shaffer Farms Ln","Louisville","KY","40291"
81950,"1804 Mae Street Kidd Ct","Louisville","KY","40211"
81951,"6407 Hollow Tree Rd","Louisville","KY","40228"
81952,"7811 Barbour Manor Dr","Louisville","KY","40241"
81953,"4632 N Rutland Ave","Louisville","KY","40215"
81954,"9509 Shoshone Way","Louisville","KY","40258"
81955,"5 Tedmark Ct","Louisville","KY","40216"
81956,"2404 Foxy Poise Rd","Louisville","KY","40220"
81957,"8813 Fernview Dr","Louisville","KY","40291"
81958,"4311 Lochridge Pkwy","Louisville","KY","40299"
81959,"2707 Lamont Rd","Louisville","KY","40205"
81960,"5316 Rayburn Rd","Louisville","KY","40272"
81961,"1223 Wolfe Ave","Louisville","KY","40213"
81962,"8621 Bluebell Dr","Louisville","KY","40219"
81963,"4303 Brownhurst Way","Louisville","KY","40241"
81964,"6805 Aron Rd","Louisville","KY","40258"
81965,"3424 Richmont Rd","Louisville","KY","40216"
81966,"1814 N English Station Rd","Louisville","KY","40223"
81967,"11222 Coventry Greens Dr","Louisville","KY","40241"
81968,"7903 Sherry Lynn Ct","Louisville","KY","40228"
81969,"1839 Olenda Ave","Louisville","KY","40216"
81970,"5520 Cannonwood Dr","Louisville","KY","40229"
81971,"4402 Parker Ave","Louisville","KY","40212"
81972,"12012 Rock Spring Ct","Louisville","KY","40245"
81973,"8404 Biggin Hill Ln","Louisville","KY","40220"
81974,"1012 Dixon Ave","Louisville","KY","40217"
81975,"6902 Catalpa Springs Dr","Louisville","KY","40228"
81976,"318 S Shawnee Ter","Louisville","KY","40212"
81977,"18747 Willington Cir","Louisville","KY","40245"
81978,"1616 Deer Park Ave","Louisville","KY","40205"
81979,"3103 Houston Blvd","Louisville","KY","40220"
81980,"2121 Cedar St","Louisville","KY","40212"
81981,"6811 Dartmoor Dr","Louisville","KY","40222"
81982,"5104 Braidwood Dr","Louisville","KY","40219"
81983,"259 Kenoak Dr","Louisville","KY","40214"
81984,"4517 Winnrose Way","Louisville","KY","40211"
81985,"1419 Weyler Ave","Louisville","KY","40215"
81986,"3802 E Indian Trl","Louisville","KY","40213"
81987,"9917 Hofelich Ln","Louisville","KY","40291"
81988,"11700 Taylor Rae Dr","Louisville","KY","40229"
81989,"322 E Southside Ct","Louisville","KY","40214"
81990,"2553 Saratoga Dr","Louisville","KY","40205"
81991,"421 Cornell Pl","Louisville","KY","40207"
81992,"2606 Algonquin Pkwy","Louisville","KY","40210"
81993,"18503 Locust Creek Pl","Louisville","KY","40245"
81994,"2713 Butler Rd","Louisville","KY","40216"
81995,"1616 Gardiner Ln","Apt 209","Louisville",
81996,"906 Ellison Ave","Louisville","KY","40204"
81997,"436 Knightsbridge Rd","Louisville","KY","40206"
81998,"10508 Venado Dr","Louisville","KY","40291"
81999,"6804 Moorhampton Dr","Louisville","KY","40228"
82000,"1314 Farmdale Ave","Louisville","KY","40213"
82001,"1137 Charles St","Louisville","KY","40204"
82002,"3511 Locust Ave","Louisville","KY","40299"
82003,"12709 S Pope Lick Rd","Louisville","KY","40299"
82004,"10407 Livingston Gilbert Ct","Louisville","KY","40223"
82005,"1602 Berry Blvd","Louisville","KY","40215"
82006,"2903 W Muhammad Ali Blvd","Louisville","KY","40212"
82007,"5615 Vevia Pl","Louisville","KY","40272"
82008,"2522 S 5th St","Louisville","KY","40208"
82009,"11029 Radleigh Ln","Louisville","KY","40291"
82010,"7092 Wildwood Cir","Apt 26","Louisville",
82011,"7903 Donegal Dr","Louisville","KY","40219"
82012,"3015 University Rd","Louisville","KY","40206"
82013,"2532 Griffiths Ave","Louisville","KY","40212"
82014,"11605 Pierce Way","Louisville","KY","40272"
82015,"7929 Windgate Dr","Louisville","KY","40291"
82016,"303 Wakefield Trce","Louisville","KY","40245"
82017,"4851 Brenda Dr","Louisville","KY","40219"
82018,"3919 Vantage Pl","Louisville","KY","40299"
82019,"506 Denmark St","Louisville","KY","40215"
82020,"5012 Tumeric Ln","Louisville","KY","40258"
82021,"9900 Red Run Ct","Louisville","KY","40291"
82022,"3412 Lightfoot Ct","Louisville","KY","40207"
82023,"5401 Rolling Ridge Rd","Louisville","KY","40214"
82024,"2516 Browns Ln","Louisville","KY","40220"
82025,"7121 Deanna Dr","Louisville","KY","40219"
82026,"4145 Monroe Ave","Louisville","KY","40213"
82027,"2814 Windsor Forest Dr","Louisville","KY","40272"
82028,"6720 Paul Alan Way","Louisville","KY","40291"
82029,"1072 Everett Ave","Louisville","KY","40204"
82030,"3117 Maywood Pl","Louisville","KY","40220"
82031,"514 Davenport Dr","Louisville","KY","40245"
82032,"14204 Fairfield Meadows Ct","Louisville","KY","40245"
82033,"1703 Nelson Ave","Louisville","KY","40216"
82034,"613 Gheens Ave","Louisville","KY","40214"
82035,"7510 Westdale Rd","Louisville","KY","40222"
82036,"3416 Sample Way","Louisville","KY","40245"
82037,"102 Wooded Falls Rd","Unit 102","Louisville",
82038,"12206 Somerset Dr","Louisville","KY","40229"
82039,"2807 Whitlock St","Louisville","KY","40213"
82040,"1153 Loretta St","Louisville","KY","40213"
82041,"11014 Oliverda Dr","Louisville","KY","40272"
82042,"309 S Dorsey Ln","Louisville","KY","40223"
82043,"7310 Wesboro Rd","Louisville","KY","40222"
82044,"1410 Knight Rd","Louisville","KY","40214"
82045,"6113 Rodes Dr","Louisville","KY","40222"
82046,"5901 Loretta St","Louisville","KY","40213"
82047,"5113 Christie Ave","Louisville","KY","40216"
82048,"9801 Brooks Bend Rd","Louisville","KY","40258"
82049,"6810 Seaton Woods Dr","Louisville","KY","40291"
82050,"206 Militia Dr","Louisville","KY","40214"
82051,"4501 S 6th St","Apt 62","Louisville",
82052,"4418 Jennymac Dr","Louisville","KY","40216"
82053,"1176 Norton Ave","Louisville","KY","40213"
82054,"2102 Wileys Ct","Louisville","KY","40245"
82055,"1178 Norton Ave","Louisville","KY","40213"
82056,"2619 Llandovery Dr","Louisville","KY","40299"
82057,"11712 Dearing Woods Dr","Louisville","KY","40272"
82058,"10904 Symington Cir","Louisville","KY","40241"
82059,"9207 Hampton Ridge Ct","Louisville","KY","40220"
82060,"1370 Ouerbacker Ct","Louisville","KY","40208"
82061,"8221 Afterglow Dr","Louisville","KY","40214"
82062,"7612 Aluma Ln","Louisville","KY","40214"
82063,"7006 Sunny Vale Way","Louisville","KY","40272"
82064,"639 E Jefferson St","Unit 109","Louisville",
82065,"2117 W Oak St","Louisville","KY","40210"
82066,"8716 Bayberry Pl","Apt 13","Louisville",
82067,"13002 Willow Forest Dr","Louisville","KY","40245"
82068,"3514 Warner Ave","Louisville","KY","40207"
82069,"3908 Fairfield Meadows Dr","Louisville","KY","40245"
82070,"734 Sutcliffe Ave","Louisville","KY","40211"
82071,"7620 Ashleywood Dr","Louisville","KY","40241"
82072,"8602 Gainsborough Dr","Louisville","KY","40291"
82073,"1503 Helmridge Ct","Louisville","KY","40222"
82074,"4916 Lagoona Dr","Louisville","KY","40219"
82075,"5809 Jeanine Dr","Louisville","KY","40219"
82076,"4410 S 3rd St","Louisville","KY","40214"
82077,"125 Woodmore Ave","Louisville","KY","40214"
82078,"4531 Cherry Forest Cir","Louisville","KY","40245"
82079,"2918 S 4th St","Louisville","KY","40208"
82080,"13320 Forge Cir","Louisville","KY","40272"
82081,"1303 Johnson Rd","Louisville","KY","40245"
82082,"1219 Becker Ave","Louisville","KY","40213"
82083,"2231 Date St","Louisville","KY","40210"
82084,"10903 Fairway Pointe Dr","Louisville","KY","40241"
82085,"7636 Stovall Pl","Louisville","KY","40228"
82086,"1829 Deerwood Ave","Louisville","KY","40205"
82087,"5310 Juanita Ln","Louisville","KY","40272"
82088,"2125 Wrocklage Ave","Louisville","KY","40205"
82089,"1503 Beacon Hill Dr","Louisville","KY","40216"
82090,"6506 Sunny Vale Way","Louisville","KY","40272"
82091,"639 Barret Ave","Louisville","KY","40204"
82092,"5214 Charmane Dr","Louisville","KY","40219"
82093,"8029 St Andrews Village Dr","Louisville","KY","40241"
82094,"1257 Lucas Ave","Louisville","KY","40213"
82095,"17404 Streamside Pl","Louisville","KY","40245"
82096,"13615 Kinross Blvd","Louisville","KY","40272"
82097,"2144 Bank St","Louisville","KY","40212"
82098,"3213 Norma Ln","Louisville","KY","40220"
82099,"2303 Franklin Ave","Louisville","KY","40216"
82100,"6920 Arbor Manor Way","Louisville","KY","40228"
82101,"231 Ring Rd","Louisville","KY","40207"
82102,"1529 Shingo Ave","Louisville","KY","40215"
82103,"627 Emily Rd","Louisville","KY","40206"
82104,"2026 Kendall Ln","Louisville","KY","40216"
82105,"4401 Jennymac Dr","Louisville","KY","40216"
82106,"8307 Roland Ave","Louisville","KY","40222"
82107,"4211 S 2nd St","Louisville","KY","40214"
82108,"4105 Coverbrook Ct","Louisville","KY","40220"
82109,"2012 Fairway Vista Dr","Louisville","KY","40245"
82110,"7212 Ben Franklin Ct","Louisville","KY","40214"
82111,"8923 Eli Dr","Louisville","KY","40291"
82112,"5302 Lansford Ct","Louisville","KY","40272"
82113,"1642 Gallagher St","Louisville","KY","40210"
82114,"1640 Dixdale Ave","Louisville","KY","40210"
82115,"1820 W Kentucky St","Louisville","KY","40210"
82116,"6803 Green Manor Dr","Louisville","KY","40228"
82117,"640 Zorn Ave","Apt 7A","Louisville",
82118,"3805 Plymouth Rd","Louisville","KY","40207"
82119,"2112 Ronnie Ave","Louisville","KY","40216"
82120,"5312 Tahia Dr","Louisville","KY","40216"
82121,"2814 Antone Pkwy","Louisville","KY","40220"
82122,"7707 Vaughn Mill Rd","Louisville","KY","40228"
82123,"6800 Switch Bark Ct","Louisville","KY","40228"
82124,"15620 Beckley Hills Dr","Louisville","KY","40245"
82125,"408 S 39th St","Louisville","KY","40212"
82126,"8101 Tonya Ct","Louisville","KY","40214"
82127,"6440 Cottagemeadow Dr","Louisville","KY","40218"
82128,"2507 Woodmont Dr","Louisville","KY","40220"
82129,"4102 Brook Farm Pl","Louisville","KY","40299"
82130,"4909 Abstain Ct","Louisville","KY","40218"
82131,"4410 Wisteria Landing Cir","Unit 206","Louisville",
82132,"1751 Dumesnil St","Louisville","KY","40210"
82133,"1819 Ratcliffe Ave","Louisville","KY","40210"
82134,"225 Crescent Hill Pl","Apt 205","Louisville",
82135,"5307 Carolina Crossings Way","Unit 102","Louisville",
82136,"421 Amy Ave","Louisville","KY","40212"
82137,"215 S 24th St","Louisville","KY","40212"
82138,"7727 Bluebonnet Rd","Louisville","KY","40258"
82139,"9720 Collier Ln","Louisville","KY","40291"
82140,"30 Stonebridge Rd","Louisville","KY","40207"
82141,"7307 Betsy Ross Dr","Louisville","KY","40272"
82142,"1005 La Fontenay Ct","Louisville","KY","40223"
82143,"910 Bluegrass Ave","Louisville","KY","40215"
82144,"5421 Azalea Ln","Louisville","KY","40258"
82145,"12703 Ledges Dr","Louisville","KY","40243"
82146,"1630 Berry Blvd","Louisville","KY","40215"
82147,"4104 Gingerwood Dr","Louisville","KY","40220"
82148,"1506 Olive St","Louisville","KY","40210"
82149,"1621 Prentice St","Louisville","KY","40210"
82150,"2316 Standard Ave","Louisville","KY","40210"
82151,"6014 Six Mile Ln","Louisville","KY","40218"
82152,"10002 Pentel Ln","Louisville","KY","40291"
82153,"2649 Taylorsville Rd","Apt 2C","Louisville",
82154,"1008 Lake Way","Apt D5","Louisville",
82155,"2250 Winston Ave","Louisville","KY","40205"
82156,"3621 Brownsboro Rd","Apt 204B","Louisville",
82157,"1905 Cedar St","Louisville","KY","40203"
82158,"3602 Freedom Way","Louisville","KY","40229"
82159,"611 Camp St","Louisville","KY","40203"
82160,"10007 Spring Gate Dr","Louisville","KY","40241"
82161,"7445 Apple Mill Dr","Louisville","KY","40228"
82162,"5915 E Manslick Rd","Louisville","KY","40219"
82163,"5806 Spicewood Ln","Louisville","KY","40219"
82164,"2700 Razor Ridge Ct","Louisville","KY","40299"
82165,"3501 Capri Dr","Louisville","KY","40218"
82166,"5320 Velle Vista Dr","Louisville","KY","40272"
82167,"1609 Al Mara Cir","Louisville","KY","40205"
82168,"7031 Osprey Ridge Dr","Louisville","KY","40228"
82169,"3606 Ripple Creek Dr","Louisville","KY","40229"
82170,"6003 Titanic Way","Louisville","KY","40258"
82171,"275 Claremont Ave","Louisville","KY","40206"
82172,"7031 Osprey Ridge Rd","Louisville","KY","40228"
82173,"2411 Sunshine Way","Louisville","KY","40216"
82174,"5802 Teakwood Ln","Louisville","KY","40258"
82175,"2702 Alice Ave","Louisville","KY","40220"
82176,"9211 Woodhurst Ct","Louisville","KY","40222"
82177,"7031 Osprey Ridge Ln","Louisville","KY","40228"
82178,"11206 Darlington Pl","Louisville","KY","40243"
82179,"1603 Ehrler Dr","Louisville","KY","40213"
82180,"4010 Orchard Lake Dr","Louisville","KY","40218"
82181,"11703 Blair Creek Ct","Louisville","KY","40229"
82182,"10931 Hobbs Station Rd","Louisville","KY","40223"
82183,"2224 Thistledawn Dr","Louisville","KY","40216"
82184,"3248 Beals Branch Dr","Louisville","KY","40206"
82185,"4510 Dodge Ct","Louisville","KY","40272"
82186,"2011 Frankfort Ave","Unit 400","Louisville",
82187,"1007 Lake Pl","Apt H3","Louisville",
82188,"8416 Blossom Ln","Louisville","KY","40242"
82189,"9206 Farnham Dr","Louisville","KY","40223"
82190,"3117 Spring Breeze Ct","Louisville","KY","40220"
82191,"11412 United Blvd","Louisville","KY","40229"
82192,"810 Vannah Ave","Louisville","KY","40223"
82193,"10101 Autumn Gardens Way","Louisville","KY","40229"
82194,"246 Salisbury Sq","Apt 104","Louisville",
82195,"718 Indian Ridge Rd","Louisville","KY","40207"
82196,"4001 Flint Rd","Louisville","KY","40207"
82197,"9502 Johnsontown Way","Louisville","KY","40258"
82198,"505 Wilderness Rd","Louisville","KY","40214"
82199,"5211 Eastwind Rd","Louisville","KY","40207"
82200,"1209 Ellison Ave","Louisville","KY","40204"
82201,"5808 Alanadale Dr","Louisville","KY","40272"
82202,"412 Timberlake Trl","Louisville","KY","40245"
82203,"648 S 39th St","Louisville","KY","40211"
82204,"1337 Walter Ave","Louisville","KY","40215"
82205,"5615 Bunning Dr","Louisville","KY","40272"
82206,"1015 Lydia St","Louisville","KY","40217"
82207,"1759 Bernheim Ln","Louisville","KY","40210"
82208,"2245 Bradford Dr","Louisville","KY","40218"
82209,"3008 Blue Wing Ct","Louisville","KY","40216"
82210,"9722 Lake Elkhorn Dr","Louisville","KY","40291"
82211,"7721 Cottage Cove Way","Louisville","KY","40214"
82212,"655 Mix Ave","Louisville","KY","40208"
82213,"232 S Shawnee Ter","Louisville","KY","40212"
82214,"418 Wisteria Ave","Louisville","KY","40222"
82215,"5219 Charmane Dr","Louisville","KY","40219"
82216,"3804 Bonaventure Blvd","Louisville","KY","40219"
82217,"2031 Bonnycastle Ave","Louisville","KY","40205"
82218,"2638 Longview Ave","Louisville","KY","40206"
82219,"10706 Alderbrook Pl","Louisville","KY","40299"
82220,"6208 Mercury Dr","Louisville","KY","40291"
82221,"11102 Brookley Dr","Louisville","KY","40229"
82222,"9322 Ponder Ln","Louisville","KY","40272"
82223,"10307 Rock Falls Ct","Louisville","KY","40223"
82224,"2808 Whitlock St","Louisville","KY","40213"
82225,"6003 Emmalee Dr","Louisville","KY","40219"
82226,"132 Brown Ave","Louisville","KY","40207"
82227,"4805 Hames Trce","Louisville","KY","40291"
82228,"4005 Carrington Greene Dr","Louisville","KY","40299"
82229,"6202 Sheila Rd","Louisville","KY","40219"
82230,"12013 Rock Spring Ct","Louisville","KY","40245"
82231,"759 N Hite Ave","Apt 6","Louisville",
82232,"1730 Cloverbrook Dr","Louisville","KY","40215"
82233,"301 S Dorsey Ln","Louisville","KY","40223"
82234,"2804 Winterhaven Rd","Louisville","KY","40220"
82235,"1147 Rostrevor Cir","Louisville","KY","40205"
82236,"2002 Belay Way","Louisville","KY","40245"
82237,"8115 Cloudcroft Ln","Louisville","KY","40220"
82238,"10345 Arbor Oak Dr","Louisville","KY","40229"
82239,"9603 Keeling Ridge Rd","Louisville","KY","40291"
82240,"1421 Audubon Pkwy","Louisville","KY","40213"
82241,"6011 Carmelwood Dr","Louisville","KY","40229"
82242,"4407 Rudy Ln","Louisville","KY","40207"
82243,"305 Cambridge Station Rd","Louisville","KY","40223"
82244,"7933 Nature Way","Louisville","KY","40218"
82245,"3621 Colmar Dr","Louisville","KY","40211"
82246,"4305 Stoltz Ct","Louisville","KY","40215"
82247,"3540 Lentz Ave","Louisville","KY","40215"
82248,"4105 Stoneview Dr","Apt 2","Louisville",
82249,"3512 Rems Rd","Louisville","KY","40241"
82250,"6004 Stillridge Ct","Louisville","KY","40229"
82251,"2019 Leahurst Ct","Louisville","KY","40216"
82252,"11706 Brackenberry Ct","Louisville","KY","40272"
82253,"700 Greenridge Ln","Louisville","KY","40207"
82254,"8510 Image Way","Louisville","KY","40299"
82255,"12005 Dixon Park Blvd","Louisville","KY","40299"
82256,"9200 Dempley Ave","Louisville","KY","40272"
82257,"3114 Roselawn Blvd","Louisville","KY","40220"
82258,"2819 Northwestern Pkwy","Louisville","KY","40212"
82259,"6546 Estele Ave","Louisville","KY","40214"
82260,"11000 Lanette Ct","Louisville","KY","40229"
82261,"1756 W Hill St","Louisville","KY","40210"
82262,"10826 Glenway Pl","Louisville","KY","40291"
82263,"1527 Knight Rd","Louisville","KY","40216"
82264,"4706 Varble Ave","Louisville","KY","40211"
82265,"1318 Cypress St","Louisville","KY","40211"
82266,"1012 Mckinley Ave","Louisville","KY","40217"
82267,"424 N 38th St","Louisville","KY","40212"
82268,"7402 Ireland Dr","Louisville","KY","40219"
82269,"4300 Pinnacle View Pl","Louisville","KY","40272"
82270,"3814 Algonquin Pkwy","Louisville","KY","40211"
82271,"18707 Weatherford Cir","Louisville","KY","40245"
82272,"3316 Twin Oak Ln","Louisville","KY","40219"
82273,"1723 Harold Ave","Louisville","KY","40210"
82274,"113 E Tenny Ave","Louisville","KY","40214"
82275,"6308 Mount Everest Dr","Louisville","KY","40216"
82276,"2414 Rockford Ln","Louisville","KY","40216"
82277,"9816 Saturn Dr","Louisville","KY","40229"
82278,"404 Pennyroyal Way","Louisville","KY","40223"
82279,"4032 Woodruff Ave","Louisville","KY","40215"
82280,"4217 Roosevelt Ave","Louisville","KY","40213"
82281,"11702 Veranda Way","Louisville","KY","40299"
82282,"4502 Kingsley Dr","Louisville","KY","40229"
82283,"2112 Oregon Ave","Louisville","KY","40210"
82284,"2636 Drayton Dr","Louisville","KY","40205"
82285,"1704 Yale Dr","Louisville","KY","40205"
82286,"4411 Sycamore Forest Pl","Louisville","KY","40245"
82287,"503 Camden Ave","Louisville","KY","40215"
82288,"5602 Landcross Dr","Louisville","KY","40216"
82289,"229 Meadowood Rd","Louisville","KY","40229"
82290,"4002 Longview Rd","Louisville","KY","40299"
82291,"4937 Determine Ln","Louisville","KY","40216"
82292,"7414 Six Mile Ln","Louisville","KY","40220"
82293,"5006 Sunday Dr","Louisville","KY","40219"
82294,"8110 Shobe Ln","Louisville","KY","40228"
82295,"8301 Zelma Fields Ave","Louisville","KY","40228"
82296,"8009 Mary Sue Dr","Louisville","KY","40291"
82297,"6923 Fallen Leaf Cir","Louisville","KY","40241"
82298,"3002 Christiana Woods Ct","Louisville","KY","40299"
82299,"6300 Saskatchewan Dr","Louisville","KY","40228"
82300,"327 Jarvis Ln","Louisville","KY","40207"
82301,"9403 Marse Henry Dr","Louisville","KY","40299"
82302,"8300 Acme Way","Louisville","KY","40219"
82303,"8207 Denise Dr","Louisville","KY","40219"
82304,"4300 Statton Rd","Louisville","KY","40220"
82305,"8719 Deer Point Ct","Louisville","KY","40242"
82306,"2730 Brownsboro Rd","Apt 160","Louisville",
82307,"3811 Dixie Hwy","Louisville","KY","40216"
82308,"11022 Symington Cir","Louisville","KY","40241"
82309,"534 Barberry Ln","Louisville","KY","40206"
82310,"10711 Marcitis Rd","Louisville","KY","40272"
82311,"1122 Schiller Ave","Louisville","KY","40204"
82312,"6310 Applegate Ln","Louisville","KY","40219"
82313,"2706 Bradford Commons Dr","Unit 304","Louisville",
82314,"10106 Canter Rdg","Louisville","KY","40223"
82315,"11319 Cassidy Ln","Louisville","KY","40229"
82316,"4419 Pinnacle View Pl","Louisville","KY","40272"
82317,"7117 Shutesbury Cir","Louisville","KY","40258"
82318,"2626 Bank St","Louisville","KY","40212"
82319,"2206 Alice Kay Dr","Louisville","KY","40214"
82320,"1550 Belmar Dr","Louisville","KY","40213"
82321,"1868 Farnsley Rd","Louisville","KY","40216"
82322,"13925 Buttermilk Ridge Rd","Louisville","KY","40299"
82323,"8919 Eli Dr","Louisville","KY","40291"
82324,"259 Thompson Ave","Louisville","KY","40206"
82325,"3242 Radiance Rd","Louisville","KY","40220"
82326,"3629 Nichols Meadow Cir","Louisville","KY","40215"
82327,"8902 Bobrader Ct","Louisville","KY","40299"
82328,"7806 Kenbrook Pl","Louisville","KY","40258"
82329,"1828 Bainbridge Row Dr","Louisville","KY","40207"
82330,"4035 Parthenia Ave","Louisville","KY","40215"
82331,"3505 Colonial Springs Rd","Louisville","KY","40245"
82332,"706 Greenvalley Cir","Louisville","KY","40243"
82333,"4705 Jolynn Dr","Louisville","KY","40299"
82334,"4712 Rossmoor Dr","Louisville","KY","40219"
82335,"5317 Galaxie Dr","Louisville","KY","40258"
82336,"1339 Gilmore Ln","Louisville","KY","40213"
82337,"2715 Wyandotte Ave","Louisville","KY","40210"
82338,"7821 Meadow Breeze Ct","Louisville","KY","40291"
82339,"10711 Mcmeekin Ln","Unit 103","Louisville",
82340,"5618 Landcross Dr","Louisville","KY","40216"
82341,"4313 Winchester Rd","Louisville","KY","40207"
82342,"308 E Kenwood Dr","Louisville","KY","40214"
82343,"4402 Chenwood Ln","Louisville","KY","40299"
82344,"2418 Cross Hill Rd","Louisville","KY","40206"
82345,"12100 Vanherr Dr","Louisville","KY","40299"
82346,"2306 Alta Ave","Louisville","KY","40205"
82347,"316 Redding Rd","Louisville","KY","40218"
82348,"9616 Seaton Brooke Ln","Louisville","KY","40291"
82349,"9317 Jasper Dr","Louisville","KY","40272"
82350,"7600 Marie Anna Dr","Louisville","KY","40258"
82351,"10111 Rolling Stone Dr","Louisville","KY","40229"
82352,"2913 Delor Ave","Louisville","KY","40217"
82353,"1519 Goddard Ave","Louisville","KY","40204"
82354,"679 Circle Valley Dr","Louisville","KY","40229"
82355,"6802 Montecito Ln","Louisville","KY","40291"
82356,"5812 Aura Rd","Louisville","KY","40222"
82357,"629 Southwestern Pkwy","Louisville","KY","40211"
82358,"13304 Eastgate Village Dr","Louisville","KY","40223"
82359,"124 Waterstone Way","Louisville","KY","40245"
82360,"8006 White Cedar Dr","Louisville","KY","40219"
82361,"10804 Cherry Grove Ct","Louisville","KY","40299"
82362,"2010 The Meadow Rd","Louisville","KY","40223"
82363,"4328 Estate Dr","Louisville","KY","40216"
82364,"2005 Nocturne Dr","Louisville","KY","40272"
82365,"8823 Tranquil Valley Ln","Louisville","KY","40299"
82366,"2402 Portland Ave","Louisville","KY","40212"
82367,"4208 Wisteria Landing Cir","Unit 208","Louisville",
82368,"3730 Charter Oaks Dr","Apt 3","Louisville",
82369,"409 Lotis Way","Louisville","KY","40207"
82370,"12210 Ledges Dr","Louisville","KY","40243"
82371,"1435 Huntoon Ave","Louisville","KY","40215"
82372,"1203 Winter Springs Ct","Unit 204","Louisville",
82373,"3105 Verne Ct","Louisville","KY","40205"
82374,"2152 Glenworth Ave","Louisville","KY","40218"
82375,"9908 3rd Street Rd","Louisville","KY","40272"
82376,"4106 Melda Ln","Louisville","KY","40219"
82377,"6509 Downs Branch Rd","Louisville","KY","40228"
82378,"2328 Embassy Ln","Louisville","KY","40216"
82379,"2128 Duncan St","Louisville","KY","40212"
82380,"2108 Keeneland Blvd","Louisville","KY","40223"
82381,"2123 Highland Springs Pl","Louisville","KY","40245"
82382,"6403 S Watterson Trl","Louisville","KY","40291"
82383,"9712 Blue Lick Rd","Louisville","KY","40229"
82384,"2902 Abigail Dr","Apt 3","Louisville",
82385,"408 Buckland Trce","Louisville","KY","40245"
82386,"6610 Monty Ln","Louisville","KY","40291"
82387,"9713 White Blossom Blvd","Louisville","KY","40241"
82388,"4317 Lonsdale Ave","Louisville","KY","40215"
82389,"124 W Collins Ct","Louisville","KY","40214"
82390,"1622 W Breckinridge St","Louisville","KY","40210"
82391,"9705 Michael Edward Dr","Louisville","KY","40291"
82392,"3303 Broeck Pointe Ct","Louisville","KY","40241"
82393,"7018 Catalpa Springs Dr","Louisville","KY","40228"
82394,"1008 Eigelbach Ave","Louisville","KY","40217"
82395,"278 Crator Dr","Louisville","KY","40229"
82396,"8102 Cedar Brook Dr","Louisville","KY","40219"
82397,"11103 Rock Bend Way","Louisville","KY","40241"
82398,"4844 Maryman Rd","Louisville","KY","40258"
82399,"420 Amy Ave","Louisville","KY","40212"
82400,"7906 Briscoe Woods Dr","Louisville","KY","40228"
82401,"8008 Red Bud Hill Dr","Louisville","KY","40228"
82402,"4505 Samara Dr","Louisville","KY","40219"
82403,"2853 Sheldon Rd","Louisville","KY","40218"
82404,"7404 Keisler Way","Louisville","KY","40222"
82405,"5327 Southdale Rd","Louisville","KY","40214"
82406,"127 Whispering Pines Cir","Louisville","KY","40245"
82407,"309 N 33rd St","Louisville","KY","40212"
82408,"4325 Meadowbend Way","Louisville","KY","40218"
82409,"313 Alger Ave","Louisville","KY","40214"
82410,"7108 Black Walnut Cir","Louisville","KY","40229"
82411,"2310 Medford Ln","Louisville","KY","40218"
82412,"1315 Lillian Ave","Louisville","KY","40208"
82413,"14509 Clear Meadow Ct","Louisville","KY","40245"
82414,"2134 Peabody Ln","Louisville","KY","40218"
82415,"10031 Vista Springs Way","Louisville","KY","40291"
82416,"10113 Springhurst Gardens Cir","Louisville","KY","40241"
82417,"7705 Apple Mill Pl","Louisville","KY","40228"
82418,"7608 Yorktown Rd","Louisville","KY","40214"
82419,"7819 Mackie Ln","Louisville","KY","40214"
82420,"5400 Mount Holyoke Dr","Louisville","KY","40216"
82421,"8413 Splendid Pt","Louisville","KY","40229"
82422,"163 Saguaro Dr","Louisville","KY","40229"
82423,"2219 Alice Kay Dr","Louisville","KY","40214"
82424,"543 Beechland Rd","Louisville","KY","40229"
82425,"4812 Walnut Hills Dr","Louisville","KY","40299"
82426,"16404 Donnington Ct","Louisville","KY","40245"
82427,"9504 Candywood Ln","Louisville","KY","40291"
82428,"923 Southview Rd","Louisville","KY","40214"
82429,"5137 Tauten Sq","Louisville","KY","40241"
82430,"4627 Bellevue Ave","Louisville","KY","40215"
82431,"3103 Widgeon Ave","Louisville","KY","40213"
82432,"1728 Cloverbrook Dr","Louisville","KY","40215"
82433,"5032 Wabash Pl","Louisville","KY","40214"
82434,"3922 Napanee Rd","Louisville","KY","40207"
82435,"13329 Eastgate Village Dr","Louisville","KY","40223"
82436,"1216 Lydia St","Louisville","KY","40217"
82437,"1612 Gardiner Ln","Apt 117","Louisville",
82438,"5207 Green Cove Cir","Louisville","KY","40218"
82439,"2000 Lynn Lea Rd","Louisville","KY","40216"
82440,"1525 Shingo Ave","Louisville","KY","40215"
82441,"2706 Bradford Commons Dr","Unit 202","Louisville",
82442,"2704 Bradford Commons Dr","Unit 202","Louisville",
82443,"7301 Rambo Way","Louisville","KY","40228"
82444,"7800 Cliffs Edge Ct","Louisville","KY","40241"
82445,"6109 Stannye Dr","Louisville","KY","40222"
82446,"3306 Hardwood Forest Dr","Louisville","KY","40214"
82447,"8503 Atrium Dr","Apt 1","Louisville",
82448,"5007 Volney Ct","Louisville","KY","40291"
82449,"3903 Serene Way","Louisville","KY","40219"
82450,"4703 Kingsmore Dr","Louisville","KY","40229"
82451,"220 N Steedland Dr","Louisville","KY","40229"
82452,"9012 Lethborough Dr","Louisville","KY","40299"
82453,"2816 W Market St","Louisville","KY","40212"
82454,"3214 Furman Blvd","Louisville","KY","40220"
82455,"205 Seneca Trl","Louisville","KY","40214"
82456,"8201 Sealston Dr","Louisville","KY","40228"
82457,"523 Dale Ave","Louisville","KY","40214"
82458,"4300 Greenwood Ave","Louisville","KY","40211"
82459,"5206 Oldshire Rd","Louisville","KY","40229"
82460,"6110 Trena Trl","Louisville","KY","40258"
82461,"1210 Bicknell Ave","Louisville","KY","40215"
82462,"2454 Glenmary Ave","Apt 2","Louisville",
82463,"311 Ash Run Rd","Louisville","KY","40245"
82464,"392 Dale Rd","Louisville","KY","40229"
82465,"2608 Garden Lake Ln","Louisville","KY","40220"
82466,"608 Maylawn Ave","Louisville","KY","40217"
82467,"3609 E Indian Trl","Louisville","KY","40213"
82468,"211 Gibson Rd","Louisville","KY","40207"
82469,"3013 Graystone Manor Pkwy","Louisville","KY","40241"
82470,"2211 Elmhurst Ave","Louisville","KY","40216"
82471,"9113 Danby Ct","Louisville","KY","40291"
82472,"818 Dorsey Ln","Louisville","KY","40223"
82473,"1958 Payne St","Louisville","KY","40206"
82474,"3220 Cheval Way","Louisville","KY","40299"
82475,"3908 Kurtz Ave","Louisville","KY","40229"
82476,"13901 Lake Bend Ct","Louisville","KY","40299"
82477,"5517 Cannonwood Dr","Louisville","KY","40229"
82478,"3711 Endeavor Way","Louisville","KY","40219"
82479,"7098 Wildwood Cir","Apt 17","Louisville",
82480,"1768 Dixdale Ave","Louisville","KY","40210"
82481,"1322 Durrett Ln","Louisville","KY","40213"
82482,"4911 Southern Pkwy","Louisville","KY","40214"
82483,"7310 Quindero Run Rd","Louisville","KY","40228"
82484,"4109 Narcissus Dr","Louisville","KY","40219"
82485,"9806 Boxford Ct","Louisville","KY","40242"
82486,"2809 Kennersley Dr","Louisville","KY","40242"
82487,"4108 Lake Dreamland Dr","Louisville","KY","40216"
82488,"2141 Lytle St","Louisville","KY","40212"
82489,"8517 Bost Ln","Louisville","KY","40219"
82490,"7402 Renwood Ct","Apt 203","Louisville",
82491,"114 N Hubbards Ln","Louisville","KY","40207"
82492,"1122 Ash St","Louisville","KY","40217"
82493,"1217 Lydia St","Louisville","KY","40217"
82494,"603 Sunnyside Dr","Louisville","KY","40206"
82495,"520 Emery Rd","Louisville","KY","40206"
82496,"1141 E Broadway","Louisville","KY","40204"
82497,"1011 Clerkenwell Rd","Louisville","KY","40207"
82498,"317 S Bayly Ave","Louisville","KY","40206"
82499,"2306 Deveron Dr","Louisville","KY","40216"
82500,"4812 Fairway Pointe Ct","Louisville","KY","40241"
82501,"1009 Clerkenwell Rd","Louisville","KY","40207"
82502,"10508 Dove Chase Cir","Louisville","KY","40299"
82503,"2570 Woodbourne Ave","Louisville","KY","40205"
82504,"8602 Tannen Dr","Louisville","KY","40242"
82505,"2623 Mccoy Way","Louisville","KY","40205"
82506,"7906 Trillium Dr","Louisville","KY","40258"
82507,"5410 Pavilion Way","Louisville","KY","40291"
82508,"2616 Mccoy Way","Louisville","KY","40205"
82509,"1373 S 1st St","Louisville","KY","40208"
82510,"215 Marshall Dr","Louisville","KY","40207"
82511,"6105 Kirkwood Ct","Louisville","KY","40229"
82512,"410 Mockingbird Valley Rd","Apt 37","Louisville",
82513,"5305 Skylight Dr","Louisville","KY","40258"
82514,"1970 Goldsmith Ln","Apt 4","Louisville",
82515,"10338 Venado Dr","Louisville","KY","40291"
82516,"5209 Alpine Way","Louisville","KY","40214"
82517,"5116 Outer Loop","Louisville","KY","40219"
82518,"11410 Catalpa View Ct","Louisville","KY","40299"
82519,"17203 Mallet Hill Dr","Louisville","KY","40245"
82520,"934 Summitt Dr","Louisville","KY","40229"
82521,"5102 Windy Willow Dr","Louisville","KY","40241"
82522,"8506 Wimborne Way","Louisville","KY","40222"
82523,"1214 Blackthorn Rd","Louisville","KY","40299"
82524,"419 Clover Ln","Louisville","KY","40207"
82525,"10107 Falling Tree Way","Louisville","KY","40223"
82526,"4211 Sunny Crossing Dr","Louisville","KY","40299"
82527,"3327 Fern Lea Rd","Louisville","KY","40216"
82528,"3602 Hunsinger Ln","Louisville","KY","40220"
82529,"10400 Going Ct","Louisville","KY","40241"
82530,"14606 Valencia Dr","Louisville","KY","40245"
82531,"4302 Diamond Way","Louisville","KY","40216"
82532,"7704 Carnation Dr","Louisville","KY","40258"
82533,"101 Wampum Rd","Louisville","KY","40207"
82534,"740 S 44th St","Louisville","KY","40211"
82535,"738 S 31st St","Louisville","KY","40211"
82536,"110 Ambling Way","Louisville","KY","40243"
82537,"4403 Bay Run Ct","Louisville","KY","40245"
82538,"8003 Rochelle Rd","Louisville","KY","40228"
82539,"1607 William E Summers Iii Ave","Louisville","KY","40211"
82540,"1805 Warrington Way","Louisville","KY","40222"
82541,"1807 Warrington Way","Louisville","KY","40222"
82542,"8707 Wildon Pl","Louisville","KY","40220"
82543,"55 Harwood Rd","Louisville","KY","40222"
82544,"510 Davenport Dr","Louisville","KY","40245"
82545,"4112 Spyglass Ct","Louisville","KY","40229"
82546,"102 S Shawnee Ter","Louisville","KY","40212"
82547,"6506 Redhaven Way","Louisville","KY","40228"
82548,"759 N Hite Ave","Louisville","KY","40206"
82549,"139 Starlite Dr","Louisville","KY","40229"
82550,"9504 Montalto Dr","Louisville","KY","40299"
82551,"7710 Stone Ledge Rd","Louisville","KY","40291"
82552,"12 Narwood Dr","Louisville","KY","40299"
82553,"213 Kilcott Ct","Louisville","KY","40245"
82554,"5910 Ashby Ln","Louisville","KY","40272"
82555,"9208 Wendell Way","Louisville","KY","40299"
82556,"9918 Plaudit Way","Louisville","KY","40272"
82557,"6510 Six Mile Ln","Apt 6","Louisville",
82558,"6206 Serenity Ct","Louisville","KY","40219"
82559,"2119 S Preston St","Louisville","KY","40217"
82560,"806 Foxgate Rd","Louisville","KY","40223"
82561,"9603 Tamarisk Pkwy","Louisville","KY","40223"
82562,"8210 Poinsettia Dr","Louisville","KY","40258"
82563,"759 N Hite Ave","Apt 5","Louisville",
82564,"1208 Rudgate Cv","Louisville","KY","40214"
82565,"11624 Gamay Ln","Louisville","KY","40272"
82566,"1227 Larchmont Ave","Louisville","KY","40215"
82567,"9407 Tallridge Ct","Louisville","KY","40229"
82568,"11012 Deering Rd","Louisville","KY","40272"
82569,"3352 Young Ave","Louisville","KY","40211"
82570,"2704 Bradford Commons Dr","Unit 304","Louisville",
82571,"4502 Crescent View Trl","Louisville","KY","40272"
82572,"2016 Shadow Fern Dr","Louisville","KY","40216"
82573,"408 Cambridge Station Rd","Louisville","KY","40223"
82574,"602 Hatler Ct","Louisville","KY","40223"
82575,"6718 Fallen Leaf Cir","Louisville","KY","40241"
82576,"449 E Lee St","Louisville","KY","40217"
82577,"4608 Crossfield Cir","Louisville","KY","40241"
82578,"2304 Ridan Ct","Louisville","KY","40214"
82579,"2214 Manchester Rd","Louisville","KY","40205"
82580,"1125 Ellison Ave","Louisville","KY","40204"
82581,"1320 Hepburn Ave","Louisville","KY","40204"
82582,"1702 Yale Dr","Louisville","KY","40205"
82583,"3342 Indian Lake Dr","Louisville","KY","40241"
82584,"422 S 28th St","Louisville","KY","40212"
82585,"1033 Reasor Ave","Louisville","KY","40217"
82586,"9513 Maple Rd","Louisville","KY","40229"
82587,"3328 Lester Ave","Louisville","KY","40215"
82588,"3731 Glenmeade Rd","Louisville","KY","40218"
82589,"13034 Bessels Blvd","Louisville","KY","40272"
82590,"1846 Alfresco Pl","Louisville","KY","40205"
82591,"3501 Illinois Ave","Apt D12","Louisville",
82592,"1710 Odaniel Ave","Apt 41","Louisville",
82593,"5126 Doyle Dr","Louisville","KY","40216"
82594,"8809 Moody Rd","Louisville","KY","40219"
82595,"5005 Oldshire Rd","Louisville","KY","40229"
82596,"5013 Yaupon Ln","Louisville","KY","40213"
82597,"7205 Chestnut Tree Ln","Louisville","KY","40291"
82598,"7421 Ridan Way","Louisville","KY","40214"
82599,"6309 Powder Horn Dr","Louisville","KY","40216"
82600,"3907 Chesley Martin Dr","Louisville","KY","40299"
82601,"10304 Easum Rd","Louisville","KY","40299"
82602,"7607 Camelot Ct","Louisville","KY","40222"
82603,"14611 Cressington Cir","Louisville","KY","40245"
82604,"1004 Oleanda Ave","Louisville","KY","40215"
82605,"11117 Little Spring Blvd","Louisville","KY","40291"
82606,"7112 Blair Creek Way","Louisville","KY","40229"
82607,"4817 Red Fern Rd","Louisville","KY","40219"
82608,"1449 S 28th St","Louisville","KY","40211"
82609,"6216 Helenjean Way","Louisville","KY","40272"
82610,"6441 Renate Rd","Louisville","KY","40291"
82611,"9043 Black Powder Ln","Louisville","KY","40228"
82612,"1110 Chamberlain Hill Rd","Apt 228","Louisville",
82613,"11463 N Tazwell Dr","Louisville","KY","40241"
82614,"124 Harpers Ferry Rd","Louisville","KY","40214"
82615,"5314 Millwood Ct","Louisville","KY","40291"
82616,"7034 Shanty Creek Dr","Louisville","KY","40228"
82617,"2608 Tregaron Ave","Louisville","KY","40299"
82618,"2212 Manchester Rd","Louisville","KY","40205"
82619,"2500 Ballantrae Cir","Louisville","KY","40242"
82620,"900 S 5th St","Unit 101","Louisville",
82621,"9212 Earlham Dr","Louisville","KY","40223"
82622,"8702 Lantern Lite Pkwy","Louisville","KY","40220"
82623,"8311 Twisted Pine Rd","Louisville","KY","40219"
82624,"1357 Sale Ave","Louisville","KY","40215"
82625,"2933 Lexington Rd","Louisville","KY","40206"
82626,"6706 Obryan Rd","Louisville","KY","40291"
82627,"7407 Yorktown Rd","Louisville","KY","40214"
82628,"419 Southwestern Pkwy","Louisville","KY","40212"
82629,"6706 Elmcroft Cir","Louisville","KY","40241"
82630,"4713 Seville Dr","Louisville","KY","40272"
82631,"8000 Kellerman Rd","Louisville","KY","40219"
82632,"12423 Brothers Ave","Louisville","KY","40243"
82633,"3424 Peleske Dr","Louisville","KY","40216"
82634,"5009 Dee Rd","Louisville","KY","40219"
82635,"722 E Jacob St","Louisville","KY","40203"
82636,"9607 Keeling Ridge Rd","Louisville","KY","40291"
82637,"6911 Sylvania 4 Rd","Louisville","KY","40258"
82638,"5603 Poplarwood Cir","Louisville","KY","40272"
82639,"3320 Algonquin Pkwy","Louisville","KY","40211"
82640,"914 Lydia St","Louisville","KY","40217"
82641,"5302 Millwood Ct","Louisville","KY","40291"
82642,"2301 Broadmeade Rd","Louisville","KY","40205"
82643,"817 S 42nd St","Louisville","KY","40211"
82644,"6628 Calm River Way","Louisville","KY","40299"
82645,"644 Lynn St","Louisville","KY","40217"
82646,"5125 Braidwood Dr","Louisville","KY","40219"
82647,"3444 Illinois Ave","Louisville","KY","40213"
82648,"728 S 36th St","Louisville","KY","40211"
82649,"15423 Beckley Hills Dr","Louisville","KY","40245"
82650,"9802 Lower River Rd","Louisville","KY","40272"
82651,"5121 Maryview Dr","Louisville","KY","40216"
82652,"3202 College Dr","Louisville","KY","40299"
82653,"8214 Lacevine Rd","Louisville","KY","40220"
82654,"13704 Saddlecreek Dr","Louisville","KY","40245"
82655,"1507 Stonewall Way","Louisville","KY","40242"
82656,"1909 Dixie Garden Dr","Louisville","KY","40272"
82657,"9345 Taylorsville Rd","Apt 15","Louisville",
82658,"13721 Windy Haven Way","Louisville","KY","40299"
82659,"2511 Brighton Dr","Louisville","KY","40205"
82660,"410 Tucker Station Rd","Louisville","KY","40243"
82661,"1812 Kline Ct","Louisville","KY","40205"
82662,"6311 May Pen Rd","Louisville","KY","40228"
82663,"4411 Mansfield Estates Dr","Louisville","KY","40299"
82664,"1254 Everett Ave","Louisville","KY","40204"
82665,"11120 Little Spring Blvd","Louisville","KY","40291"
82666,"4323 Cara Way","Louisville","KY","40299"
82667,"7818 Oxted Ln","Louisville","KY","40222"
82668,"641 S 18th St","Louisville","KY","40203"
82669,"1915 Swainsboro Dr","Louisville","KY","40218"
82670,"2700 Murray Hill Pike","Louisville","KY","40242"
82671,"206 Iroquois Ave","Louisville","KY","40214"
82672,"4217 Trio Ave","Louisville","KY","40219"
82673,"4911 Woodhill Ln","Louisville","KY","40219"
82674,"112 S 17th St","Louisville","KY","40203"
82675,"5609 Landcross Dr","Louisville","KY","40216"
82676,"8100 Horizon Ln","Louisville","KY","40219"
82677,"2205 Stannye Dr","Louisville","KY","40222"
82678,"4509 Louane Way","Louisville","KY","40216"
82679,"519 E Oak St","Louisville","KY","40203"
82680,"16606 Glen Lakes Dr","Louisville","KY","40245"
82681,"702 Talon Pl","Louisville","KY","40223"
82682,"8905 Stony Falls Way","Louisville","KY","40299"
82683,"9406 Sue Helen Dr","Louisville","KY","40299"
82684,"6207 Player Dr","Louisville","KY","40258"
82685,"2901 Dartmouth Ave","Louisville","KY","40205"
82686,"4103 Stony Brook Dr","Louisville","KY","40299"
82687,"4613 Middleburg Ct","Louisville","KY","40241"
82688,"3421 Heatherfield Dr","Louisville","KY","40216"
82689,"3003 Daneshall Ct","Louisville","KY","40206"
82690,"3302 Palmer Ln","Louisville","KY","40218"
82691,"407 Locust Creek Blvd","Louisville","KY","40245"
82692,"2219 Janlyn Rd","Louisville","KY","40299"
82693,"10336 Arbor Oak Dr","Louisville","KY","40229"
82694,"7915 Bridlewood Pl","Louisville","KY","40228"
82695,"9810 Gandy Rd","Louisville","KY","40272"
82696,"4211 Southern Farm Blvd","Louisville","KY","40216"
82697,"414 Bermuda Way","Louisville","KY","40243"
82698,"12111 Triple Crown Ct","Louisville","KY","40243"
82699,"8119 Watterson Trl","Louisville","KY","40299"
82700,"2501 Seneca Valley Rd","Louisville","KY","40205"
82701,"5709 Elmer Ln","Louisville","KY","40214"
82702,"421 E Ormsby Ave","Louisville","KY","40203"
82703,"6501 Fernview Rd","Louisville","KY","40291"
82704,"1903 Kendall Ln","Louisville","KY","40216"
82705,"14906 Bircham Rd","Louisville","KY","40245"
82706,"4017 Gloucester Rd","Louisville","KY","40207"
82707,"501 E Barbee Ave","Louisville","KY","40217"
82708,"1338 Lexington Rd","Louisville","KY","40204"
82709,"3309 Colonial Manor Cir","Unit 5B","Louisville",
82710,"5013 Cronin Dr","Louisville","KY","40245"
82711,"8202 Camberley Dr","Louisville","KY","40222"
82712,"8829 Woodpointe Blvd","Louisville","KY","40219"
82713,"3001 Jarvis Woods Ct","Louisville","KY","40206"
82714,"5806 Medtree Pl","Louisville","KY","40229"
82715,"9931 White Blossom Blvd","Louisville","KY","40241"
82716,"6400 Mercury Dr","Louisville","KY","40291"
82717,"4030 Mulberry Row Way","Louisville","KY","40299"
82718,"8800 William Penn Ct","Louisville","KY","40228"
82719,"7505 Astrid Way","Louisville","KY","40228"
82720,"3918 Saint Edwards Dr","Louisville","KY","40299"
82721,"10005 Omar Khayyam Blvd","Louisville","KY","40272"
82722,"3528 Sasse Way","Louisville","KY","40245"
82723,"2804 Woodmont Dr","Louisville","KY","40220"
82724,"1503 Eastbridge Ct","Louisville","KY","40223"
82725,"550 S 5th St","Unit 302","Louisville",
82726,"4418 Mansfield Estates Dr","Louisville","KY","40299"
82727,"1021 King Arthur Ln","Louisville","KY","40222"
82728,"7102 Chippenham Rd","Louisville","KY","40222"
82729,"2325 Longest Ave","Louisville","KY","40204"
82730,"9516 Gutenberg Rd","Louisville","KY","40299"
82731,"17300 Curry Branch Rd","Louisville","KY","40245"
82732,"2906 Falmouth Dr","Louisville","KY","40205"
82733,"12224 Ledges Dr","Louisville","KY","40243"
82734,"14403 Cedar Falls Ct","Louisville","KY","40245"
82735,"10500 Eagle Pines Ln","Louisville","KY","40223"
82736,"11517 Flowervale Ln","Louisville","KY","40272"
82737,"8202 Granwyn Ct","Louisville","KY","40258"
82738,"1610 Mae Street Kidd Ave","Louisville","KY","40211"
82739,"1560 Loney Ln","Louisville","KY","40216"
82740,"956 Willow Creek Ln","Louisville","KY","40245"
82741,"5915 Norton Ave","Louisville","KY","40213"
82742,"3716 Fringe Tree Pl","Louisville","KY","40241"
82743,"1811 Princeton Dr","Louisville","KY","40205"
82744,"11019 Jefferson Trace Blvd","Louisville","KY","40291"
82745,"10213 Blue Lick Rd","Louisville","KY","40229"
82746,"125 Crescent Ave","Louisville","KY","40206"
82747,"400 Willow Stone Way","Louisville","KY","40223"
82748,"9108 Pinnacle Place Dr","Louisville","KY","40272"
82749,"4210 Lucas Ct","Louisville","KY","40213"
82750,"4033 S 1st St","Louisville","KY","40214"
82751,"115 E Evelyn Ave","Louisville","KY","40214"
82752,"1958 Roanoke Ave","Louisville","KY","40205"
82753,"279 Melody Ln","Louisville","KY","40229"
82754,"4033 S First St","Louisville","KY","40214"
82755,"408 W Southside Ct","Louisville","KY","40214"
82756,"2620 Delor Ave","Louisville","KY","40217"
82757,"281 Eldorado Ave","Louisville","KY","40218"
82758,"1412 Olive St","Louisville","KY","40210"
82759,"3046 Crystal Waters Way","Louisville","KY","40299"
82760,"626 Merwin Ave","Louisville","KY","40217"
82761,"1012 Navaho Pl","Louisville","KY","40215"
82762,"2241 Deveron Dr","Louisville","KY","40216"
82763,"3903 Yardley Ct","Unit 207","Louisville",
82764,"10833 Dorton Dr","Louisville","KY","40272"
82765,"4444 Charlotte Ann Dr","Louisville","KY","40216"
82766,"3323 Northwestern Pkwy","Louisville","KY","40212"
82767,"1531 Shingo Ave","Louisville","KY","40215"
82768,"3309 Colonial Manor Cir","Unit 6B","Louisville",
82769,"2614 Adrienne Way","Louisville","KY","40216"
82770,"4409 S Brook St","Louisville","KY","40214"
82771,"3314 W Kentucky St","Louisville","KY","40211"
82772,"2000 Eastview Ave","Louisville","KY","40205"
82773,"8821 Wisdom Ln","Louisville","KY","40229"
82774,"1710 Theresa Ave","Louisville","KY","40216"
82775,"2369 Hawthorne Ave","Louisville","KY","40205"
82776,"1121 Minor Ln","Louisville","KY","40219"
82777,"7325 Scenic Trl","Louisville","KY","40272"
82778,"5000 Belmont Ave","Louisville","KY","40258"
82779,"2107 Wallie Ann Ct","Louisville","KY","40210"
82780,"2431 W Main St","Louisville","KY","40212"
82781,"3806 Garfield Ave","Louisville","KY","40212"
82782,"2129 Cherokee Pkwy","Louisville","KY","40204"
82783,"3505 Herb Ln","Louisville","KY","40220"
82784,"2814 Hikes Ln","Louisville","KY","40218"
82785,"3610 Rosemont Ct","Louisville","KY","40218"
82786,"1939 Meadowcreek Dr","Louisville","KY","40218"
82787,"825 W Evelyn Ave","Louisville","KY","40215"
82788,"213 E Magnolia Ave","Louisville","KY","40208"
82789,"525 Primrose Way","Louisville","KY","40206"
82790,"450 Shadowlawn Dr","Louisville","KY","40229"
82791,"6108 Port Antonio Rd","Louisville","KY","40219"
82792,"813 Highwood Dr","Louisville","KY","40206"
82793,"6329 Hunters Grove Rd","Louisville","KY","40216"
82794,"7716 Sierra Trl","Louisville","KY","40214"
82795,"4708 Saratoga Springs Ct","Louisville","KY","40299"
82796,"4527 Shelvis Dr","Louisville","KY","40216"
82797,"1627 Linda Way","Louisville","KY","40216"
82798,"21 Indian Hills Trl","Louisville","KY","40207"
82799,"4911 Bridle Bend Way","Louisville","KY","40299"
82800,"2857 Sheldon Rd","Louisville","KY","40218"
82801,"8013 Sycamore Creek Dr","Louisville","KY","40222"
82802,"11206 Waterview Pl","Louisville","KY","40291"
82803,"2118 Palatka Rd","Louisville","KY","40214"
82804,"2116 Palatka Rd","Louisville","KY","40214"
82805,"2112 Palatka Rd","Louisville","KY","40214"
82806,"212 S Spring St","Louisville","KY","40206"
82807,"7217 Earl Dr","Louisville","KY","40258"
82808,"4117 Berkshire Ave","Louisville","KY","40220"
82809,"652 Dr W J Hodge St","Louisville","KY","40203"
82810,"1755 Bolling Ave","Louisville","KY","40210"
82811,"2733 Taylor Blvd","Louisville","KY","40208"
82812,"1545 Knight Rd","Louisville","KY","40216"
82813,"7704 Pear View Ln","Louisville","KY","40218"
82814,"6006 Apex Dr","Louisville","KY","40219"
82815,"1217 Louis Coleman Jr Dr","Louisville","KY","40211"
82816,"805 S 32nd St","Louisville","KY","40211"
82817,"8172 Blake Ln","Louisville","KY","40258"
82818,"6300 Moorhaven Dr","Louisville","KY","40228"
82819,"1801 Janlyn Rd","Apt 5","Louisville",
82820,"2331 Glenmary Ave","Louisville","KY","40204"
82821,"2701 Razor View Ct","Louisville","KY","40299"
82822,"9006 Willow Springs Dr","Louisville","KY","40242"
82823,"11905 Brookmoor Dr","Louisville","KY","40243"
82824,"10505 Edgewater Rd","Louisville","KY","40223"
82825,"9813 Lakewood Dr","Louisville","KY","40272"
82826,"1020 Hathaway Ave","Louisville","KY","40215"
82827,"1819 Speed Ave","Louisville","KY","40205"
82828,"311 Sage Rd","Louisville","KY","40207"
82829,"6707 Elmcroft Cir","Louisville","KY","40241"
82830,"1827 Bonnycastle Ave","Louisville","KY","40205"
82831,"311 Sprite Rd","Louisville","KY","40207"
82832,"4104 Winchester Rd","Louisville","KY","40207"
82833,"1763 Casselberry Rd","Louisville","KY","40205"
82834,"105 Final Ct","Louisville","KY","40219"
82835,"2127 Belquin Rd","Louisville","KY","40211"
82836,"2914 English Ave","Louisville","KY","40206"
82837,"1314 Mill Race Rd","Louisville","KY","40242"
82838,"9362 Loch Lea Ln","Louisville","KY","40291"
82839,"9705 Tufton Ct","Louisville","KY","40299"
82840,"6711 Crispa Ct","Louisville","KY","40228"
82841,"950 Ash St","Louisville","KY","40217"
82842,"3805 Chamberlain Ln","Apt B","Louisville",
82843,"6815 Shareith Dr","Louisville","KY","40228"
82844,"1771 Mellwood Ave","Louisville","KY","40206"
82845,"617 Mix Ave","Louisville","KY","40208"
82846,"302 E Kentucky St","Louisville","KY","40203"
82847,"4831 Partridge Run","Louisville","KY","40213"
82848,"3732 Rosemont Blvd","Louisville","KY","40218"
82849,"8267 Virginia Rd","Louisville","KY","40258"
82850,"5208 Murray Ln","Louisville","KY","40216"
82851,"1813 Princeton Dr","Louisville","KY","40205"
82852,"1935 Trevilian Way","Louisville","KY","40205"
82853,"2103 Keeneland Blvd","Louisville","KY","40223"
82854,"3404 Jay Ct","Louisville","KY","40214"
82855,"2412 Hawthorne Ave","Louisville","KY","40205"
82856,"4429 Stone Wynde Dr","Louisville","KY","40272"
82857,"2307 Gladstone Ave","Louisville","KY","40205"
82858,"10018 Merioneth Dr","Louisville","KY","40299"
82859,"1605 William E Summers Iii Ave","Louisville","KY","40211"
82860,"100 Spring Garden Dr","Louisville","KY","40218"
82861,"6910 Lake Storm Ct","Louisville","KY","40291"
82862,"672 S 40th St","Louisville","KY","40211"
82863,"838 Sutcliffe Ave","Louisville","KY","40211"
82864,"1214 Swan St","Louisville","KY","40204"
82865,"2119 Ann Marie Dr","Louisville","KY","40299"
82866,"4523 Bellevue Ave","Louisville","KY","40215"
82867,"6600 Bluffview Cir","Louisville","KY","40299"
82868,"7405 Eric Edward Way","Louisville","KY","40220"
82869,"10510 Venado Dr","Louisville","KY","40291"
82870,"4006 Spring Park Ln","Louisville","KY","40218"
82871,"11600 Walnut View Way","Louisville","KY","40299"
82872,"4404 Norene Ln","Louisville","KY","40219"
82873,"55 Warren Rd","Louisville","KY","40206"
82874,"3419 Sample Way","Louisville","KY","40245"
82875,"1740 Kensington Ln","Louisville","KY","40205"
82876,"417 Overlook Rd","Louisville","KY","40229"
82877,"4716 Cofer Ave","Louisville","KY","40258"
82878,"2215 Quinn Ct","Louisville","KY","40216"
82879,"938 Eastern Pkwy","Louisville","KY","40217"
82880,"2300 Dundee Rd","Apt 7","Louisville",
82881,"7305 Maria Ave","Louisville","KY","40222"
82882,"4213 Edgin Ave","Louisville","KY","40216"
82883,"2215 Hale Ave","Louisville","KY","40210"
82884,"1727 Gallagher St","Louisville","KY","40210"
82885,"727 Colorado Ave","Louisville","KY","40208"
82886,"1839 Gresham Rd","Louisville","KY","40205"
82887,"3330 Indian Lake Dr","Louisville","KY","40241"
82888,"808 Inspiration Way","Louisville","KY","40245"
82889,"9103 Artis Way","Louisville","KY","40291"
82890,"8913 Mahoney Dr","Louisville","KY","40258"
82891,"5803 Shelby St","Louisville","KY","40291"
82892,"1174 Lincoln Ave","Louisville","KY","40208"
82893,"4223 Ashleywood Ct","Louisville","KY","40241"
82894,"5501 Gaskin Ct","Louisville","KY","40229"
82895,"2901 Garey Ln","Louisville","KY","40216"
82896,"8209 Nottingham Pkwy","Louisville","KY","40222"
82897,"902 W Riverside Dr","Louisville","KY","40207"
82898,"823 Alden Rd","Louisville","KY","40207"
82899,"14205 Academy Ridge Blvd","Louisville","KY","40245"
82900,"508 W Florence Ave","Louisville","KY","40215"
82901,"4818 Brenda Dr","Louisville","KY","40219"
82902,"2220 Kaelin Ave","Louisville","KY","40205"
82903,"4700 Cliff Ave","Louisville","KY","40215"
82904,"7309 York River Rd","Louisville","KY","40214"
82905,"1684 Mercer Ave","Louisville","KY","40213"
82906,"5813 Jerry Ln","Louisville","KY","40258"
82907,"8101 Brush Ln","Louisville","KY","40291"
82908,"2806 Esther Blvd","Louisville","KY","40220"
82909,"2904 Valley Dr","Louisville","KY","40299"
82910,"2006 Starmont Rd","Louisville","KY","40207"
82911,"1938 S 28th St","Louisville","KY","40210"
82912,"4824 S 6th St","Louisville","KY","40214"
82913,"3012 Crystal Waters Way","Louisville","KY","40299"
82914,"117 Gillette Ave","Louisville","KY","40214"
82915,"1617 William E Summers Iii Ave","Louisville","KY","40211"
82916,"1906 Decatur Dr","Louisville","KY","40218"
82917,"1122 Lake Bluff Cir","Louisville","KY","40245"
82918,"3227 Elane Dr","Louisville","KY","40216"
82919,"4014 Elfin Ave","Louisville","KY","40207"
82920,"1213 Fern St","Louisville","KY","40204"
82921,"8202 Fenwick Farm Pl","Louisville","KY","40220"
82922,"5503 Windy Willow Dr","Louisville","KY","40241"
82923,"5301 Lost Trl","Louisville","KY","40214"
82924,"10505 Chenny Ct","Louisville","KY","40299"
82925,"3810 Sonoma Ln","Louisville","KY","40219"
82926,"10302 Royce Ct","Apt 101","Louisville",
82927,"12107 Greenvalley Dr","Louisville","KY","40243"
82928,"36 Harwood Rd","Louisville","KY","40222"
82929,"11011 Finchley Rd","Louisville","KY","40243"
82930,"6516 Six Mile Ln","Apt 6","Louisville",
82931,"2115 Mccloskey Ave","Louisville","KY","40210"
82932,"7006 Wildwood Cir","Apt 49","Louisville",
82933,"7503 Maria Ave","Louisville","KY","40222"
82934,"5328 Pavilion Way","Louisville","KY","40291"
82935,"7702 Norwood Dr","Louisville","KY","40222"
82936,"7115 Uranus Dr","Louisville","KY","40258"
82937,"1200 Heritage Pl","Louisville","KY","40214"
82938,"6419 Labor Ln","Louisville","KY","40291"
82939,"2309 Janlyn Rd","Louisville","KY","40299"
82940,"5802 Pikewood Rd","Louisville","KY","40219"
82941,"8112 Saint Andrews Church Rd","Louisville","KY","40258"
82942,"150 Westwind Rd","Louisville","KY","40207"
82943,"8903 Harmony Ct","Louisville","KY","40242"
82944,"4429 Spring Ct","Louisville","KY","40241"
82945,"8114 Saint Andrews Church Rd","Louisville","KY","40258"
82946,"3407 Stony Farm Dr","Louisville","KY","40299"
82947,"3101 Brownhurst Cove Rd","Louisville","KY","40241"
82948,"3853 Greenhurst Dr","Louisville","KY","40299"
82949,"1103 Plato Ter","Louisville","KY","40211"
82950,"6003 Wooded Creek Dr","Unit 201","Louisville",
82951,"1909 Heaton Rd","Louisville","KY","40216"
82952,"2231 Winston Ave","Louisville","KY","40205"
82953,"3221 Murray Hill Pike","Louisville","KY","40241"
82954,"2109 West Ln","Louisville","KY","40216"
82955,"6127 Whispering Hills Blvd","Louisville","KY","40219"
82956,"3908 Bonaventure Blvd","Louisville","KY","40219"
82957,"11512 Saratoga Ridge Dr","Louisville","KY","40299"
82958,"13604 Brooksong Ct","Louisville","KY","40245"
82959,"13621 Arbor Crest Cir","Louisville","KY","40245"
82960,"4109 Elmwood Ave","Louisville","KY","40207"
82961,"4200 Winter Park Dr","Louisville","KY","40218"
82962,"1609 Crosstimbers Dr","Louisville","KY","40245"
82963,"241 E Blue Jay Rd","Louisville","KY","40229"
82964,"3604 Deibel Way","Louisville","KY","40220"
82965,"1040 Cherokee Rd","Apt A4","Louisville",
82966,"4891 Charlotte Dr","Louisville","KY","40219"
82967,"2500 Duncan St","Louisville","KY","40212"
82968,"3225 Northwestern Pkwy","Louisville","KY","40212"
82969,"129 N Hite Ave","Louisville","KY","40206"
82970,"4023 River Park Dr","Louisville","KY","40211"
82971,"4403 Virginia Ave","Louisville","KY","40211"
82972,"1919 Meadowcreek Dr","Louisville","KY","40218"
82973,"713 Nottingham Pkwy","Louisville","KY","40222"
82974,"4005 North Ln","Louisville","KY","40216"
82975,"3803 Wheeler Ave","Louisville","KY","40215"
82976,"9603 Thor Ave","Louisville","KY","40229"
82977,"1343 Trinity Park Dr","Louisville","KY","40213"
82978,"1001 S 32nd St","Louisville","KY","40211"
82979,"810 Rubel Ave","Louisville","KY","40204"
82980,"629 Lake Sterling Rd","Louisville","KY","40223"
82981,"1710 Loney Ln","Louisville","KY","40216"
82982,"11500 Saratoga Hill Ct","Louisville","KY","40299"
82983,"3203 Dunlova Ct","Louisville","KY","40241"
82984,"415 Leyton Ave","Louisville","KY","40222"
82985,"6821 Brook Bend Way","Louisville","KY","40229"
82986,"6908 John Adams Way","Louisville","KY","40272"
82987,"4127 Handley Ave","Louisville","KY","40218"
82988,"2003 Ayars Ct","Louisville","KY","40218"
82989,"4518 Dannywood Rd","Louisville","KY","40220"
82990,"3027 Eleanor Ave","Louisville","KY","40205"
82991,"8706 Redcoat Ct","Louisville","KY","40291"
82992,"4614 Springfield Ct","Louisville","KY","40229"
82993,"8920 Linn Station Rd","Louisville","KY","40222"
82994,"1916 Taffeta Dr","Louisville","KY","40272"
82995,"5072 Columbia Ave","Louisville","KY","40258"
82996,"4208 Wisteria Landing Cir","Unit 104","Louisville",
82997,"3521 Sorrento Ave","Louisville","KY","40241"
82998,"6103 Windrow Pl","Louisville","KY","40207"
82999,"2307 Farnsley Rd","Louisville","KY","40216"
83000,"401 Highfield Rd","Louisville","KY","40207"
83001,"3604 Susanna Dr","Louisville","KY","40213"
83002,"809 S 40th St","Louisville","KY","40211"
83003,"5100 Us Hwy","42 Apt 611","Louisville",
83004,"3511 Eastside Dr","Louisville","KY","40220"
83005,"117 Oxford Pl","Louisville","KY","40207"
83006,"415 Browns Ln","Louisville","KY","40207"
83007,"8508 Jan Way","Louisville","KY","40219"
83008,"1928 Princeton Dr","Louisville","KY","40205"
83009,"3305 Lindenwood Dr","Louisville","KY","40216"
83010,"1033 Berry Blvd","Louisville","KY","40215"
83011,"10903 Talon Way","Louisville","KY","40223"
83012,"1306 Rosewell Ave","Louisville","KY","40211"
83013,"7018 Field View Ct","Louisville","KY","40291"
83014,"425 N Hite Ave","Louisville","KY","40206"
83015,"2108 Challedon Way","Louisville","KY","40223"
83016,"120 E Ashland Ave","Louisville","KY","40214"
83017,"4025 S 1st St","Louisville","KY","40214"
83018,"710 Savoy Rd","Louisville","KY","40223"
83019,"11100 Meadow Run Rd","Louisville","KY","40229"
83020,"8914 Loch Lea Ln","Louisville","KY","40291"
83021,"1517 Texas Ave","Louisville","KY","40217"
83022,"9401 Magnolia Ridge Dr","Unit 201","Louisville",
83023,"7 Edmonia Ave","Louisville","KY","40220"
83024,"5201 Amestree Pl","Louisville","KY","40229"
83025,"1878 Dove Creek Blvd","Louisville","KY","40242"
83026,"6019 Wooded Creek Dr","Unit 102","Louisville",
83027,"618 S 44th St","Louisville","KY","40211"
83028,"4007 Hunsinger Ln","Louisville","KY","40220"
83029,"1237 Carrico Ave","Louisville","KY","40215"
83030,"1329 S 3rd St","Louisville","KY","40208"
83031,"2715 Razor View Ct","Louisville","KY","40299"
83032,"9703 Evanwood Ct","Louisville","KY","40228"
83033,"4047 Mulberry Row Way","Louisville","KY","40299"
83034,"9401 Magnolia Ridge Dr","Unit 102","Louisville",
83035,"821 S Clay St","Louisville","KY","40203"
83036,"258 Saint Matthews Ave","Louisville","KY","40207"
83037,"2024 Speed Ave","Louisville","KY","40205"
83038,"3613 Del Park Ter","Louisville","KY","40211"
83039,"10605 Sycamore Way","Louisville","KY","40223"
83040,"6005 Wooded Creek Dr","Unit 102","Louisville",
83041,"2209 Lampter Ave","Louisville","KY","40216"
83042,"1831 W Main St","Louisville","KY","40203"
83043,"801 Dresden Ave","Louisville","KY","40215"
83044,"1504 S 28th St","Louisville","KY","40211"
83045,"620 W Ormsby Ave","Louisville","KY","40203"
83046,"233 Glendora Ave","Louisville","KY","40212"
83047,"6406 Fernview Rd","Louisville","KY","40291"
83048,"4012 Elfin Ave","Louisville","KY","40207"
83049,"9414 Omar Khayyam Blvd","Louisville","KY","40272"
83050,"301 E Kenwood Dr","Louisville","KY","40214"
83051,"4650 Settle Blvd","Louisville","KY","40219"
83052,"4316 S Brook St","Louisville","KY","40214"
83053,"4125 Browns Ln","Unit 118","Louisville",
83054,"3816 Bank St","Louisville","KY","40212"
83055,"4435 Pinnacle View Pl","Louisville","KY","40272"
83056,"7611 Aluma Ln","Louisville","KY","40214"
83057,"4904 Famous Way","Louisville","KY","40219"
83058,"8218 Whipps Mill Rd","Louisville","KY","40222"
83059,"5416 Distler Ln","Louisville","KY","40258"
83060,"9800 Valley Fair Way","Louisville","KY","40272"
83061,"10004 Sunkist Way","Louisville","KY","40272"
83062,"4308 Tulip Grove Ct","Louisville","KY","40241"
83063,"4204 Cutliff Dr","Louisville","KY","40218"
83064,"1019 Springview Dr","Louisville","KY","40219"
83065,"152 Mills Dr","Louisville","KY","40216"
83066,"10800 Millers Ln","Louisville","KY","40272"
83067,"9614 Scarborough Ave","Louisville","KY","40272"
83068,"3706 Longview Rd","Louisville","KY","40299"
83069,"8422 Hudson Ln","Louisville","KY","40291"
83070,"1509 Audubon Pkwy","Louisville","KY","40213"
83071,"124 S Arbor Park","Louisville","KY","40214"
83072,"1515 W Ormsby Ave","Louisville","KY","40210"
83073,"7050 Wildwood Cir","Apt 97","Louisville",
83074,"3703 Rosemont Blvd","Louisville","KY","40218"
83075,"7602 Rosemary Ln","Louisville","KY","40214"
83076,"7803 Appleview Ln","Louisville","KY","40228"
83077,"1716 Cimmaron Trl","Louisville","KY","40223"
83078,"3215 S Winchester Acres Rd","Louisville","KY","40223"
83079,"4405 Holly Tree Dr","Louisville","KY","40241"
83080,"680 Lynn St","Louisville","KY","40217"
83081,"1201 E Kentucky St","Louisville","KY","40204"
83082,"811 S 33rd St","Louisville","KY","40211"
83083,"3202 Hunsinger Ln","Louisville","KY","40220"
83084,"5509 Rosary Ct","Louisville","KY","40218"
83085,"1739 Deer Ln","Louisville","KY","40205"
83086,"4901 Chenoweth Run Rd","Louisville","KY","40299"
83087,"407 Landis Lakes Ct","Louisville","KY","40245"
83088,"3317 Ellis Way","Louisville","KY","40220"
83089,"10801 Jacqueline Way","Louisville","KY","40272"
83090,"9105 Willowwood Way","Louisville","KY","40299"
83091,"6135 Middlerose Cir","Louisville","KY","40272"
83092,"2651 Cherokee Pkwy","Louisville","KY","40204"
83093,"2604 Proctor Knott Dr","Louisville","KY","40218"
83094,"2234 Grand Ave","Louisville","KY","40210"
83095,"103 N 45th St","Louisville","KY","40212"
83096,"7021 Black Walnut Cir","Louisville","KY","40229"
83097,"2725 Bank St","Louisville","KY","40212"
83098,"10500 Vining Pl","Apt 100","Louisville",
83099,"9103 Thelma Ln","Louisville","KY","40220"
83100,"1010 Lodge Hill Rd","Louisville","KY","40223"
83101,"4506 Trey Ct","Louisville","KY","40220"
83102,"3100 Meadowside Ct","Louisville","KY","40214"
83103,"1327 Payne St","Louisville","KY","40204"
83104,"10502 Hobbs Station Rd","Louisville","KY","40223"
83105,"8813 Halford Way","Louisville","KY","40299"
83106,"211 Mackie Ln","Louisville","KY","40214"
83107,"9600 Keeling Ridge Rd","Louisville","KY","40291"
83108,"6224 Maravian Dr","Louisville","KY","40258"
83109,"209 E Adair St","Louisville","KY","40209"
83110,"808 Foxwood Ave","Louisville","KY","40223"
83111,"2412 Avalon Dr","Louisville","KY","40216"
83112,"3325 Stratford Ave","Louisville","KY","40218"
83113,"608 Cloverlea Rd","Louisville","KY","40206"
83114,"11501 Falling Brook Dr","Louisville","KY","40299"
83115,"1015 Bluegrass Ave","Louisville","KY","40215"
83116,"520 Leyton Ave","Louisville","KY","40222"
83117,"2212 High Pine Dr","Louisville","KY","40214"
83118,"9921 Donerail Way","Louisville","KY","40272"
83119,"4606 Balamor Dr","Louisville","KY","40216"
83120,"1112 Franelm Rd","Louisville","KY","40214"
83121,"8802 Grand Ridge Ct","Louisville","KY","40214"
83122,"10204 Falling Tree Way","Louisville","KY","40223"
83123,"10707 Bayport Rd","Louisville","KY","40299"
83124,"8007 Brush Ln","Louisville","KY","40291"
83125,"6241 Middlerose Cir","Louisville","KY","40272"
83126,"4502 Lincoln Rd","Louisville","KY","40220"
83127,"4608 Delphene Cir","Louisville","KY","40241"
83128,"8912 Stara Way","Louisville","KY","40299"
83129,"1356 S Brook St","Louisville","KY","40208"
83130,"4433 Monarchos Dr","Louisville","KY","40220"
83131,"1816 La Salle Pl","Louisville","KY","40210"
83132,"330 Ethridge Ave","Unit 101","Louisville",
83133,"5937 Bay Harbor Dr","Louisville","KY","40228"
83134,"305 N 19th St","Louisville","KY","40203"
83135,"3013 Whiteway Ave","Louisville","KY","40205"
83136,"3514 Mayo Dr","Louisville","KY","40218"
83137,"610 Maryhill Ln","Louisville","KY","40207"
83138,"7513 Westbrook Rd","Louisville","KY","40258"
83139,"18200 Bridgemore Ln","Louisville","KY","40245"
83140,"4034 Saint Ives Ct","Louisville","KY","40207"
83141,"5702 Grandel Blvd","Louisville","KY","40258"
83142,"7316 Ticonderoga Dr","Louisville","KY","40214"
83143,"1031 W Indian Trl","Louisville","KY","40213"
83144,"4722 Poplar View Dr","Louisville","KY","40216"
83145,"7812 Meadow Breeze Ct","Louisville","KY","40291"
83146,"806 S 35th St","Louisville","KY","40211"
83147,"10120 Autumn Gardens Way","Louisville","KY","40229"
83148,"7317 York River Rd","Louisville","KY","40214"
83149,"4007 Hillview Ave","Louisville","KY","40216"
83150,"1634 Stallings Ave","Louisville","KY","40216"
83151,"3409 Barkwood Rd","Louisville","KY","40216"
83152,"2602 Northwestern Pkwy","Louisville","KY","40212"
83153,"3904 Layside Dr","Louisville","KY","40220"
83154,"1008 Kenzeli Ct","Louisville","KY","40245"
83155,"5237 Cane Run Rd","Louisville","KY","40216"
83156,"2513 Wyckford Way","Louisville","KY","40218"
83157,"8701 Chase Tayler Pl","Louisville","KY","40299"
83158,"2821 Breckenridge Ln","Louisville","KY","40220"
83159,"3600 Wheeler Ave","Louisville","KY","40215"
83160,"8506 Ambrosse Ln","Unit 103","Louisville",
83161,"108 Ottawa Ave","Louisville","KY","40214"
83162,"5308 Carolina Crossings Way","Unit 103","Louisville",
83163,"5302 Pyrus Ln","Louisville","KY","40258"
83164,"7806 Daffodil Dr","Louisville","KY","40258"
83165,"10001 Forest Village Ln","Louisville","KY","40223"
83166,"7717 Dominique Dr","Louisville","KY","40228"
83167,"4205 Stilger Cir","Louisville","KY","40299"
83168,"7012 Wooded Meadow Rd","Louisville","KY","40241"
83169,"5305 Chasewood Pl","Louisville","KY","40229"
83170,"5416 Sunset Dr","Louisville","KY","40219"
83171,"7106 Village Gate Trce","Louisville","KY","40291"
83172,"2709 Wendell Ave","Louisville","KY","40205"
83173,"9312 Pine Lake Dr","Unit 101","Louisville",
83174,"3402 Taylorsville Rd","Apt 1","Louisville",
83175,"1003 Livingston Ave","Louisville","KY","40215"
83176,"9501 Willowwood Way","Louisville","KY","40299"
83177,"9105 Hampton Ridge Ct","Louisville","KY","40220"
83178,"1691 Wathen Ln","Louisville","KY","40216"
83179,"10209 Landwood Dr","Louisville","KY","40291"
83180,"3934 Druid Hills Rd","Louisville","KY","40207"
83181,"10120 Lancewood Rd","Louisville","KY","40229"
83182,"9408 Minute Men Ct","Louisville","KY","40214"
83183,"7603 Eagle Landing Way","Louisville","KY","40214"
83184,"3244 Graystone Manor Pkwy","Louisville","KY","40241"
83185,"9723 Hunting Ground Ct","Louisville","KY","40228"
83186,"7911 Brush Ln","Louisville","KY","40291"
83187,"9912 White Blossom Blvd","Louisville","KY","40241"
83188,"3001 Falmouth Dr","Louisville","KY","40205"
83189,"2806 Smilax Ave","Louisville","KY","40213"
83190,"1924 Goldsmith Ln","Unit 60","Louisville",
83191,"11322 Jefferson Trace Blvd","Louisville","KY","40291"
83192,"6503 Pagoda Ct","Louisville","KY","40229"
83193,"813 Foxwood Ave","Louisville","KY","40223"
83194,"5323 Alpine Way","Louisville","KY","40214"
83195,"4817 Chenwood Ln","Louisville","KY","40299"
83196,"4001 Saratoga Woods Dr","Louisville","KY","40299"
83197,"3707 Eastside Dr","Louisville","KY","40220"
83198,"1644 Gallagher St","Louisville","KY","40210"
83199,"1424 Anna Ln","Louisville","KY","40216"
83200,"3802 Tynebrae Ct","Louisville","KY","40241"
83201,"2307 Manchester Rd","Louisville","KY","40205"
83202,"2016 Lynn Way","Louisville","KY","40222"
83203,"1315 Rhonda Way","Louisville","KY","40216"
83204,"3512 Graham Rd","Louisville","KY","40207"
83205,"9615 April Way","Louisville","KY","40272"
83206,"1816 Standard Ave","Louisville","KY","40210"
83207,"8436 Sally Dr","Louisville","KY","40258"
83208,"6305 Lone Oak Trl","Louisville","KY","40214"
83209,"1639 Sale Ave","Louisville","KY","40215"
83210,"5503 Halstead Ave","Louisville","KY","40213"
83211,"309 E Market St","Unit 410","Louisville",
83212,"9101 Hampton Ridge Ct","Louisville","KY","40220"
83213,"1345 Trinity Park Dr","Louisville","KY","40213"
83214,"7017 Bedford Ln","Louisville","KY","40222"
83215,"6801 Cliffside Ct","Louisville","KY","40228"
83216,"10510 Leven Blvd","Louisville","KY","40229"
83217,"4801 Red Fern Rd","Louisville","KY","40219"
83218,"5702 Jessamine Ln","Louisville","KY","40258"
83219,"9503 Shoshone Way","Louisville","KY","40258"
83220,"4416 Wilmoth Ave","Louisville","KY","40216"
83221,"1608 Belmar Dr","Louisville","KY","40213"
83222,"13904 Rolling Springs Pl","Louisville","KY","40245"
83223,"8405 Beulah Church Rd","Louisville","KY","40291"
83224,"5517 Cartledge Ct","Louisville","KY","40214"
83225,"4702 Aledo Ct","Louisville","KY","40229"
83226,"5005 Caerlson Ln","Louisville","KY","40241"
83227,"1647 Prentice St","Louisville","KY","40210"
83228,"506 Compton St","Louisville","KY","40208"
83229,"3024 Kaye Lawn Dr","Louisville","KY","40220"
83230,"1332 Longfield Ave","Louisville","KY","40215"
83231,"10302 Saint Rene Rd","Louisville","KY","40299"
83232,"13916 Fancy Gap Dr","Louisville","KY","40299"
83233,"7727 Shaker Mill Rd","Louisville","KY","40220"
83234,"339 Alger Ave","Louisville","KY","40214"
83235,"11425 Whitney Hill Rd","Louisville","KY","40299"
83236,"5417 Count Fleet Dr","Louisville","KY","40272"
83237,"3603 Dixie Hwy","Louisville","KY","40216"
83238,"3039 Aubert Ave","Louisville","KY","40206"
83239,"2916 Meadowview Cir","Louisville","KY","40220"
83240,"2305 Strathmoor Blvd","Louisville","KY","40205"
83241,"1810 Olenda Ave","Louisville","KY","40216"
83242,"6119 Overhill Dr","Louisville","KY","40229"
83243,"2405 Dulworth Dr","Louisville","KY","40216"
83244,"410 Kilmory Ave","Louisville","KY","40214"
83245,"9810 West Ave","Louisville","KY","40272"
83246,"4205 Final Dr","Louisville","KY","40219"
83247,"710 Talon Pl","Louisville","KY","40223"
83248,"2020 Strathmoor Blvd","Louisville","KY","40205"
83249,"10530 Glenmary Farm Dr","Louisville","KY","40291"
83250,"8512 Shirley Ln","Louisville","KY","40258"
83251,"5122 Christie Ave","Louisville","KY","40216"
83252,"408 Garrison Ct","Louisville","KY","40214"
83253,"7311 Fieldstone Way","Louisville","KY","40291"
83254,"602 Winkler Ave","Louisville","KY","40208"
83255,"1508 Arling Ave","Louisville","KY","40215"
83256,"268 Saint Matthews Ave","Louisville","KY","40207"
83257,"2134 Crittenden Dr","Louisville","KY","40217"
83258,"18 Canterbury Dr","Louisville","KY","40220"
83259,"3101 Diemer Ln","Louisville","KY","40205"
83260,"12314 Brookgreen Dr","Louisville","KY","40243"
83261,"9112 Marse Henry Dr","Louisville","KY","40299"
83262,"12413 Oakland Hills Trl","Louisville","KY","40291"
83263,"1017 Southern Ave","Louisville","KY","40218"
83264,"7211 Glen Arbor Rd","Louisville","KY","40222"
83265,"11509 Cedardale Rd","Louisville","KY","40223"
83266,"2015 Beech St","Louisville","KY","40210"
83267,"6024 Woodhaven Place Cir","Louisville","KY","40228"
83268,"3406 Pemaquid Rd","Louisville","KY","40218"
83269,"5030 Wabash Pl","Louisville","KY","40214"
83270,"6310 Sherlock Way","Louisville","KY","40228"
83271,"9359 Loch Lea Ln","Louisville","KY","40291"
83272,"3905 Parker Ave","Louisville","KY","40212"
83273,"1024 Oakwood Ave","Louisville","KY","40215"
83274,"332 S 43rd St","Louisville","KY","40212"
83275,"1451 Beech St","Louisville","KY","40211"
83276,"4909 Monaco Dr","Louisville","KY","40219"
83277,"13026 Bessels Blvd","Louisville","KY","40272"
83278,"11502 Shaffer Farms Ln","Louisville","KY","40291"
83279,"1625 Stevens Ave","Louisville","KY","40205"
83280,"303 S Bayly Ave","Louisville","KY","40206"
83281,"12019 Brinley Ave","Louisville","KY","40243"
83282,"3022 Dale Ann Dr","Louisville","KY","40220"
83283,"511 Lake Forest Pkwy","Louisville","KY","40245"
83284,"501 Club Ln","Louisville","KY","40207"
83285,"8031 Watterson Trl","Louisville","KY","40291"
83286,"6128 Arlone Ct","Louisville","KY","40216"
83287,"1200 Stoney Point Trce","Louisville","KY","40223"
83288,"3607 Winchester Rd","Louisville","KY","40207"
83289,"926 Swan St","Louisville","KY","40204"
83290,"6717 Shareith Dr","Louisville","KY","40228"
83291,"5111 Reed Ave","Louisville","KY","40214"
83292,"204 Oxford Pl","Louisville","KY","40207"
83293,"12507 Nursery Ln","Louisville","KY","40243"
83294,"11007 Brechin Rd","Louisville","KY","40243"
83295,"7316 Old North Church Rd","Louisville","KY","40214"
83296,"1115 S Chesley Dr","Louisville","KY","40219"
83297,"7205 Woodrow Way","Louisville","KY","40228"
83298,"8114 Clematis Ln","Louisville","KY","40228"
83299,"5217 Terrace Green Cir","Louisville","KY","40218"
83300,"1207 Holly Springs Dr","Louisville","KY","40242"
83301,"3523 Burrell Dr","Louisville","KY","40216"
83302,"220 Lillian Way","Louisville","KY","40214"
83303,"12401 Kiawah Ct","Louisville","KY","40245"
83304,"7819 Pine Ridge Rd","Louisville","KY","40241"
83305,"2816 W Main St","Louisville","KY","40212"
83306,"1773 Algonquin Pkwy","Louisville","KY","40210"
83307,"113 Haldeman Ave","Louisville","KY","40206"
83308,"8417 Ambrosse Ln","Unit 102","Louisville",
83309,"8010 Cedar Brook Dr","Louisville","KY","40219"
83310,"6516 Tradesmill Dr","Louisville","KY","40291"
83311,"9919 Evening Star Dr","Louisville","KY","40272"
83312,"4017 Beech Ave","Louisville","KY","40215"
83313,"6404 Tradesmill Dr","Louisville","KY","40291"
83314,"7710 Gayeway Dr","Louisville","KY","40219"
83315,"4933 Shasta Trl","Louisville","KY","40218"
83316,"2812 Klondike Ln","Louisville","KY","40218"
83317,"1608 Lou Gene Ave","Louisville","KY","40216"
83318,"5606 Johnsontown Rd","Louisville","KY","40272"
83319,"9802 Sunnys Halo Ct","Louisville","KY","40214"
83320,"7238 Strive Ln","Louisville","KY","40258"
83321,"4223 Mud Ln","Louisville","KY","40229"
83322,"3901 Chesley Martin Dr","Louisville","KY","40299"
83323,"213 Blackburn Ave","Louisville","KY","40206"
83324,"309 Marengo Dr","Louisville","KY","40243"
83325,"4102 Buttonbush Meadow Ct","Louisville","KY","40241"
83326,"8208 Regency Woods Way","Louisville","KY","40220"
83327,"4224 Savage Dr","Louisville","KY","40216"
83328,"9910 Glenda Ct","Louisville","KY","40223"
83329,"10719 Colonial Woods Ct","Louisville","KY","40223"
83330,"2013 Janlyn Rd","Louisville","KY","40299"
83331,"8475 Grand Trevi Dr","Louisville","KY","40228"
83332,"10502 Going Ct","Louisville","KY","40241"
83333,"1724 Jefferson Ave","Louisville","KY","40242"
83334,"1816 Rosedale Ave","Louisville","KY","40205"
83335,"8100 Tolls Ln","Louisville","KY","40214"
83336,"9504 Wood Hollow Rd","Louisville","KY","40229"
83337,"10904 Cheskirk Ct","Louisville","KY","40243"
83338,"5213 Delaware Dr","Louisville","KY","40218"
83339,"2602 Rockford Ln","Louisville","KY","40216"
83340,"201 Chattanooga Ave","Louisville","KY","40214"
83341,"4021 Dellafay Dr","Louisville","KY","40219"
83342,"315 S Wenzel St","Louisville","KY","40204"
83343,"3302 Winchester Rd","Louisville","KY","40207"
83344,"2420 Seneca Valley Rd","Louisville","KY","40205"
83345,"1134 Clay Ave","Louisville","KY","40219"
83346,"2605 Locust Hill Pl","Louisville","KY","40245"
83347,"10719 Colonial Woods Way","Louisville","KY","40223"
83348,"244 Beechland Rd","Louisville","KY","40229"
83349,"1833 La Salle Pl","Louisville","KY","40210"
83350,"6610 Brook Valley Dr","Louisville","KY","40228"
83351,"625 Beecher St","Louisville","KY","40215"
83352,"3338 Indian Lake Dr","Louisville","KY","40241"
83353,"8409 Arbor Meadow Way","Louisville","KY","40228"
83354,"635 Davies Ave","Louisville","KY","40208"
83355,"640 Maylawn Ave","Louisville","KY","40217"
83356,"3214 Graystone Manor Pkwy","Louisville","KY","40241"
83357,"5412 Valley Park Dr","Louisville","KY","40299"
83358,"4102 North Ln","Louisville","KY","40216"
83359,"2013 Auburn Dr","Louisville","KY","40216"
83360,"5600 Grandel Blvd","Louisville","KY","40258"
83361,"1764 Spring Dr","Louisville","KY","40205"
83362,"8702 Wimborne Way","Louisville","KY","40222"
83363,"7709 Apple Mill Pl","Louisville","KY","40228"
83364,"3909 Benje Way","Louisville","KY","40241"
83365,"5515 Pico Ln","Louisville","KY","40219"
83366,"427 S 16th St","Louisville","KY","40203"
83367,"4411-4413 S 2nd St","Louisville","KY","40214"
83368,"4307 Tulip Grove Ct","Louisville","KY","40241"
83369,"12431 Somerset Dr","Louisville","KY","40229"
83370,"152 Pope St","Louisville","KY","40206"
83371,"4210 Sunny Crossing Dr","Louisville","KY","40299"
83372,"3748 Lentz Ave","Louisville","KY","40215"
83373,"3507 Briarglen Ln","Louisville","KY","40220"
83374,"6110 Arlone Ct","Louisville","KY","40216"
83375,"6409 Glendale Rd","Louisville","KY","40291"
83376,"4204 Brownsboro Glen Rd","Louisville","KY","40241"
83377,"2308 Youngland Ave","Louisville","KY","40216"
83378,"2409 Valletta Rd","Louisville","KY","40205"
83379,"3310 Autumn Way","Louisville","KY","40218"
83380,"8801 Maple Rd","Louisville","KY","40229"
83381,"5305 Rookwood Ave","Louisville","KY","40218"
83382,"10607 Bruners Way","Louisville","KY","40299"
83383,"500 Winyan Ln","Louisville","KY","40223"
83384,"915 Albemarle Ct","Louisville","KY","40222"
83385,"1817 Kline Ct","Louisville","KY","40205"
83386,"2903 N Melrose Dr","Louisville","KY","40299"
83387,"7400 Spring House Ln","Louisville","KY","40291"
83388,"2904 Pomeroy Dr","Louisville","KY","40218"
83389,"115 N Rastetter Ave","Louisville","KY","40206"
83390,"4700 Salisbury Sq","Apt 101","Louisville",
83391,"608 Country Club Rd","Louisville","KY","40206"
83392,"2810 Rainbow Dr","Louisville","KY","40206"
83393,"5419 Valley Park Dr","Louisville","KY","40299"
83394,"5317 Sprucewood Dr","Louisville","KY","40291"
83395,"3222 Elane Dr","Louisville","KY","40216"
83396,"8802 Seaforth Dr","Louisville","KY","40258"
83397,"5008 S 2nd St","Louisville","KY","40214"
83398,"4402 Lake Louisvilla Dr","Louisville","KY","40245"
83399,"917 S 45th St","Louisville","KY","40211"
83400,"4909 Lila Ave","Louisville","KY","40258"
83401,"821 S 36th St","Louisville","KY","40211"
83402,"4608 Slate Run Ct","Louisville","KY","40229"
83403,"5615 Morrison Ave","Louisville","KY","40214"
83404,"216 Bliss Ave","Louisville","KY","40243"
83405,"1825 Nelligan Ave","Louisville","KY","40203"
83406,"7403 Watch Hill Ct","Louisville","KY","40228"
83407,"4014 Quiet Way","Louisville","KY","40219"
83408,"2645 Seminary Dr","Louisville","KY","40241"
83409,"4118 E Indian Trl","Louisville","KY","40213"
83410,"59 Sterling Rd","Louisville","KY","40220"
83411,"9905 Michaele Ln","Louisville","KY","40299"
83412,"108 Tristan Rd","Louisville","KY","40222"
83413,"11702 Mahogany Dr","Louisville","KY","40272"
83414,"3617 Johnston Way","Louisville","KY","40220"
83415,"1349 S 20th St","Louisville","KY","40210"
83416,"8212 Brookhollow Ct","Louisville","KY","40220"
83417,"5612 Jeanine Dr","Louisville","KY","40219"
83418,"1718 Model Rd","Louisville","KY","40216"
83419,"6110 Whispering Hills Blvd","Louisville","KY","40219"
83420,"1519 Larchmont Ave","Louisville","KY","40215"
83421,"1621 Linda Way","Louisville","KY","40216"
83422,"4654 Shenandoah Dr","Louisville","KY","40241"
83423,"1117 Carlimar Ln","Louisville","KY","40222"
83424,"9708 White Blossom Blvd","Louisville","KY","40241"
83425,"8021 Aspen Green Ln","Louisville","KY","40291"
83426,"1919 Nocturne Dr","Louisville","KY","40272"
83427,"1617 Two Springs Pl","Louisville","KY","40207"
83428,"3216 Ellis Way","Louisville","KY","40220"
83429,"6019 Dutschke Rd","Louisville","KY","40272"
83430,"2619 W Market St","Louisville","KY","40212"
83431,"2417 Lindbergh Dr","Louisville","KY","40208"
83432,"4616 Bellevue Ave","Louisville","KY","40215"
83433,"712 La Fontenay Ct","Louisville","KY","40223"
83434,"411 Southwestern Pkwy","Louisville","KY","40212"
83435,"1708 Southlake Dr","Louisville","KY","40223"
83436,"8710 Raintree Dr","Louisville","KY","40220"
83437,"706 W Evelyn Ave","Louisville","KY","40215"
83438,"2236 Boulevard","Napoleon","Louisville",
83439,"112 N Keats Ave","Louisville","KY","40206"
83440,"5515 Tamarack Ln","Louisville","KY","40258"
83441,"201 Sam Dr","Louisville","KY","40214"
83442,"6703 Delton Rd","Louisville","KY","40258"
83443,"6514 Park Club Cir","Louisville","KY","40229"
83444,"1917 Roosevelt Ave","Louisville","KY","40242"
83445,"4004 Cedarway Ct","Louisville","KY","40229"
83446,"5009 Cedar Brook Ct","Louisville","KY","40219"
83447,"6417 Cottagemeadow Dr","Louisville","KY","40218"
83448,"8114 Bohannon Station Rd","Louisville","KY","40291"
83449,"2450 Glenmary Ave","Apt 8","Louisville",
83450,"2450 Glenmary Ave","Apt 4","Louisville",
83451,"3022 Mid Dale Ln","Louisville","KY","40220"
83452,"5614 Mcdeane Rd","Louisville","KY","40216"
83453,"6000 Transylvania Beach Rd","Louisville","KY","40059"
83454,"2609 W Chestnut St","Louisville","KY","40211"
83455,"2109 Janlyn Rd","Louisville","KY","40299"
83456,"4524 Brewster Ave","Louisville","KY","40211"
83457,"2155 Alta Ave","Louisville","KY","40205"
83458,"2219 Farnsley Rd","Louisville","KY","40216"
83459,"3111 Danbury Ct","Louisville","KY","40242"
83460,"131 Mccready Ave","Louisville","KY","40206"
83461,"4108 Glen Hill Manor Dr","Louisville","KY","40272"
83462,"11101 Halkirk Pl","Louisville","KY","40243"
83463,"7800 Daffodil Dr","Louisville","KY","40258"
83464,"1715 Nightingale Rd","Louisville","KY","40213"
83465,"1502 Polo Fields Ct","Louisville","KY","40245"
83466,"4012 Spring Mill Pl","Louisville","KY","40245"
83467,"5104 Terrace Green Cir","Louisville","KY","40218"
83468,"2930 Nepperhan Rd","Louisville","KY","40218"
83469,"6503 Brook Bend Way","Unit 222","Louisville",
83470,"3513 Sudbury Ln","Louisville","KY","40220"
83471,"614 Creekvalley Rd","Louisville","KY","40243"
83472,"4444 Esther Ave","Louisville","KY","40216"
83473,"3504 Grannel Ct","Louisville","KY","40214"
83474,"5319 Riata Dr","Louisville","KY","40218"
83475,"5009 Rex Ln","Louisville","KY","40218"
83476,"4305 Bridleridge Ct","Louisville","KY","40245"
83477,"8413 Siesta Way","Louisville","KY","40219"
83478,"8403 Fox Pointe Pl","Louisville","KY","40242"
83479,"2435 Ashwood Dr","Louisville","KY","40205"
83480,"7904 Poinsettia Dr","Louisville","KY","40258"
83481,"10019 Nanka Rd","Louisville","KY","40272"
83482,"3414 Hudson Ave","Louisville","KY","40211"
83483,"3804 Bent Oak Ct","Louisville","KY","40241"
83484,"8403 Moss Garden Dr","Louisville","KY","40219"
83485,"3208 University Rd","Louisville","KY","40206"
83486,"309 E Market St","Unit 504","Louisville",
83487,"2217 Griffiths Ave","Louisville","KY","40212"
83488,"1807 Cimmaron Trl","Louisville","KY","40223"
83489,"4504 Jewell Ave","Louisville","KY","40212"
83490,"422 Sprite Rd","Apt 2","Louisville",
83491,"11000 Thunder Dr","Louisville","KY","40272"
83492,"6611 Huff Ln","Louisville","KY","40216"
83493,"3405 Hurstbourne Ridge Blvd","Louisville","KY","40299"
83494,"10801 Blacksmith Rd","Louisville","KY","40291"
83495,"10607 Black Iron Rd","Louisville","KY","40291"
83496,"2711 Razor Ridge Ct","Louisville","KY","40299"
83497,"6507 Park Chase Ct","Louisville","KY","40229"
83498,"2424 Mercer Ave","Louisville","KY","40216"
83499,"12819 Dove Lake Dr","Louisville","KY","40299"
83500,"9814 Winged Foot Dr","Louisville","KY","40223"
83501,"7903 Circle Crest Rd","Louisville","KY","40241"
83502,"1526 W Breckinridge St","Louisville","KY","40210"
83503,"4708 Redbud Forest Pl","Louisville","KY","40245"
83504,"436 E Ormsby Ave","Louisville","KY","40203"
83505,"681 S 38th St","Louisville","KY","40211"
83506,"2153 Winston Ave","Louisville","KY","40205"
83507,"5920 Arvis Dr","Louisville","KY","40258"
83508,"10900 Glenbarr Ct","Louisville","KY","40243"
83509,"307 Ridgedale Rd","Louisville","KY","40206"
83510,"4305 Pruitt Ct","Louisville","KY","40218"
83511,"7001 Dartmoor Dr","Louisville","KY","40222"
83512,"406 Fairmeade Ct","Louisville","KY","40207"
83513,"5312 Mount Holyoke Dr","Louisville","KY","40216"
83514,"4006 Brentler Rd","Louisville","KY","40241"
83515,"10104 Radford Rd","Louisville","KY","40223"
83516,"1300 Mark Trail Rd","Louisville","KY","40242"
83517,"234 Tucker Station Rd","Louisville","KY","40243"
83518,"3304 Tucker Wood Ln","Louisville","KY","40299"
83519,"8704 Jen Ct","Louisville","KY","40299"
83520,"8311 Cabin Hill Rd","Louisville","KY","40291"
83521,"2039 Douglass Blvd","Apt 6","Louisville",
83522,"626 S 18th St","Louisville","KY","40203"
83523,"221 Mcarthur Dr","Louisville","KY","40207"
83524,"8309 Pandorea Dr","Louisville","KY","40258"
83525,"3020 Grand Ave","Louisville","KY","40211"
83526,"4112 Oxnard Creek Dr","Louisville","KY","40241"
83527,"6016 Ledgerock Cove Pl","Louisville","KY","40219"
83528,"6100 Mercury Dr","Louisville","KY","40291"
83529,"13706 Broken Branch Way","Louisville","KY","40245"
83530,"2231 Amboy Dr","Louisville","KY","40216"
83531,"9603 Mcneely Lake Dr","Louisville","KY","40229"
83532,"7204 Gaymont Dr","Louisville","KY","40214"
83533,"9206 Morgan Jaymes Ct","Louisville","KY","40299"
83534,"1025 Cristland Rd","Louisville","KY","40214"
83535,"7002 Kentucky Ave","Louisville","KY","40258"
83536,"627 Alger Ave","Louisville","KY","40214"
83537,"1920 Meadowcreek Dr","Louisville","KY","40218"
83538,"222 E Witherspoon St","Unit 1402","Louisville",
83539,"14011 Petwood Blvd","Louisville","KY","40272"
83540,"550 S 5th St","Unit 304","Louisville",
83541,"4308 Cathay Ct","Louisville","KY","40219"
83542,"9804 Springbark Dr","Louisville","KY","40241"
83543,"3025 Leman Dr","Louisville","KY","40220"
83544,"5514 Westhall Ave","Louisville","KY","40214"
83545,"7219 Black Mountain Dr","Louisville","KY","40228"
83546,"9705 El Prado St","Louisville","KY","40272"
83547,"2401 Gray Fox Rd","Louisville","KY","40205"
83548,"8411 Lake Superior Dr","Louisville","KY","40291"
83549,"313 Chelsea Green Ct","Louisville","KY","40207"
83550,"7808 Grand Cascade Dr","Louisville","KY","40228"
83551,"5806 Teakwood Ln","Louisville","KY","40258"
83552,"3403 Tucker Wood Ln","Louisville","KY","40299"
83553,"5428 Johnsontown Rd","Louisville","KY","40272"
83554,"3035 Fordhaven Rd","Louisville","KY","40214"
83555,"9106 Foxplum Ct","Louisville","KY","40272"
83556,"5406 Pamela Dr","Louisville","KY","40219"
83557,"5912 Toebbe Ln","Louisville","KY","40229"
83558,"1701 Chester Rd","Louisville","KY","40216"
83559,"3440 Janell Rd","Louisville","KY","40216"
83560,"7703 Manslick Rd","Louisville","KY","40214"
83561,"7223 Black Mountain Dr","Louisville","KY","40228"
83562,"9509 Palladio Ct","Louisville","KY","40299"
83563,"3107 Lowell Ave","Louisville","KY","40205"
83564,"3505 Dell Rd","Louisville","KY","40299"
83565,"2922 Curran Rd","Louisville","KY","40205"
83566,"2815 Esther Blvd","Louisville","KY","40220"
83567,"1730 Saint Louis Ave","Louisville","KY","40210"
83568,"2214 Burwell Ave","Louisville","KY","40210"
83569,"11105 Little Spring Blvd","Louisville","KY","40291"
83570,"118 E Amherst Ave","Louisville","KY","40214"
83571,"5418 Rustic Way","Louisville","KY","40218"
83572,"11321 Top Walnut Loop","Louisville","KY","40229"
83573,"2711 Alanmede Rd","Louisville","KY","40205"
83574,"7704 Stone Ledge Rd","Louisville","KY","40291"
83575,"141 Whispering Pines Cir","Louisville","KY","40245"
83576,"2717 W Muhammad Ali Blvd","Louisville","KY","40212"
83577,"3808 Garfield Ave","Louisville","KY","40212"
83578,"7088 Wildwood Cir","Apt 47","Louisville",
83579,"322 N 19th St","Louisville","KY","40203"
83580,"4805 Red Fern Rd","Louisville","KY","40219"
83581,"3012 Beals Branch Dr","Louisville","KY","40206"
83582,"2222 Gladstone Ave","Louisville","KY","40205"
83583,"7903 Shaw Ct","Louisville","KY","40291"
83584,"306 Marengo Dr","Louisville","KY","40243"
83585,"2705 Trumpetvine Rd","Louisville","KY","40220"
83586,"219 Eastern Wood Ct","Louisville","KY","40243"
83587,"6009 Stillridge Ct","Louisville","KY","40229"
83588,"4209 Telovi Ct","Louisville","KY","40241"
83589,"3806 Pflanz Ave","Louisville","KY","40212"
83590,"2243 Bradford Dr","Louisville","KY","40218"
83591,"918 E Oak St","Louisville","KY","40204"
83592,"3748 Taylorsville Rd","Louisville","KY","40220"
83593,"10107 Coralwood Dr","Louisville","KY","40229"
83594,"8400 Dalton Ridge Pl","Louisville","KY","40258"
83595,"4008 Hispanyola Ct","Louisville","KY","40229"
83596,"12217 Saratoga Estates Rd","Louisville","KY","40299"
83597,"3004 Kemo Way","Louisville","KY","40222"
83598,"8012 Watterson Trl","Louisville","KY","40291"
83599,"2018 Winston Ave","Louisville","KY","40205"
83600,"3703 Hanover Rd","Louisville","KY","40207"
83601,"6303 Serenity Ct","Louisville","KY","40219"
83602,"2621 Wingfield Ln","Louisville","KY","40210"
83603,"8802 Hermitage Ct","Louisville","KY","40242"
83604,"3807 Yardley Ct","Unit 102","Louisville",
83605,"2011 Grasmere Dr","Louisville","KY","40205"
83606,"5300 Carolina Crossings Way","Unit 205","Louisville",
83607,"10600 Torrington Rd","Louisville","KY","40272"
83608,"1919 Emerson Ave","Louisville","KY","40205"
83609,"4180 Lyndon Way","Unit 501","Louisville",
83610,"13032 Bessels Blvd","Louisville","KY","40272"
83611,"738 Sutcliffe Ave","Louisville","KY","40211"
83612,"4106 Riveroaks Ln","Louisville","KY","40241"
83613,"4416 Manner Dale Dr","Louisville","KY","40220"
83614,"5311 Bonita Ln","Louisville","KY","40213"
83615,"6811 Switch Bark Ct","Louisville","KY","40228"
83616,"4727 Razor Creek Way","Louisville","KY","40299"
83617,"1003 Juniper Springs Dr","Louisville","KY","40242"
83618,"4635 Stonestreet Ave","Louisville","KY","40216"
83619,"5715 Chestnutwood Way","Louisville","KY","40272"
83620,"1020 Lydia St","Louisville","KY","40217"
83621,"2102 Osage Ave","Louisville","KY","40210"
83622,"1727 W Oak St","Louisville","KY","40210"
83623,"1609 Ellwood Ave","Apt F3","Louisville",
83624,"57 Lake Ave","Louisville","KY","40206"
83625,"2127 Edgehill Rd","Louisville","KY","40205"
83626,"2043 Douglass Blvd","Apt 16","Louisville",
83627,"4008 Norbourne Blvd","Louisville","KY","40207"
83628,"2900 Virginia Ave","Louisville","KY","40211"
83629,"7528 Beechspring Farm Blvd","Louisville","KY","40241"
83630,"2129 Gladstone Ave","Louisville","KY","40205"
83631,"167 N Ewing Ave","Louisville","KY","40206"
83632,"6413 Leisure Ln","Louisville","KY","40229"
83633,"919 E Chestnut St","Louisville","KY","40204"
83634,"3522 Frankfort Ave","Louisville","KY","40207"
83635,"3705 Lentz Ave","Louisville","KY","40215"
83636,"3721 Bardstown Rd","Apt 601","Louisville",
83637,"13411 Hinchbrook Blvd","Louisville","KY","40272"
83638,"1349 S 4th St","Louisville","KY","40208"
83639,"4204 Lilac Vista Dr","Louisville","KY","40241"
83640,"12001 Woodland Rd","Louisville","KY","40223"
83641,"8403 3rd Street Rd","Louisville","KY","40272"
83642,"2914 W Main St","Louisville","KY","40212"
83643,"3832 Southern Pkwy","Louisville","KY","40214"
83644,"9908 Mary Dell Ln","Louisville","KY","40291"
83645,"321 Cornwallis Ct","Louisville","KY","40214"
83646,"4712 Burkley Ave","Louisville","KY","40214"
83647,"8804 Cottingham Way","Louisville","KY","40258"
83648,"8706 Creighton Ct","Louisville","KY","40222"
83649,"9303 Stonestreet Rd","Unit 104","Louisville",
83650,"5309 Random Way","Louisville","KY","40291"
83651,"17834 Birch Bend Cir","Louisville","KY","40023"
83652,"9209 Taylorsville Rd","Louisville","KY","40299"
83653,"1132 Fisher Ave","Louisville","KY","40204"
83654,"13005 Meadowlawn Dr","Louisville","KY","40272"
83655,"5910 Dewitt Dr","Louisville","KY","40258"
83656,"267 Claremont Ave","Louisville","KY","40206"
83657,"4628 Springfield Ct","Louisville","KY","40229"
83658,"86 Persimmon Ridge Dr","Louisville","KY","40245"
83659,"213 Cambridge Dr","Louisville","KY","40214"
83660,"9207 Auburn Ave","Louisville","KY","40299"
83661,"613 Compton St","Louisville","KY","40208"
83662,"4112 Massie Ave","Apt 4","Louisville",
83663,"7115 Blair Creek Way","Louisville","KY","40229"
83664,"11110 Rock Bend Way","Louisville","KY","40241"
83665,"2225 W Market St","Louisville","KY","40212"
83666,"4312 Brownhurst Way","Louisville","KY","40241"
83667,"1570 Loney Ln","Louisville","KY","40216"
83668,"1216 Tallow Ln","Louisville","KY","40214"
83669,"3902 Northumberland Dr","Louisville","KY","40245"
83670,"6922 Colrain Cir","Louisville","KY","40258"
83671,"4405 Peregrine Pl","Louisville","KY","40241"
83672,"2914 Yorkshire Blvd","Louisville","KY","40220"
83673,"2814 Dell Brooke Ave","Louisville","KY","40220"
83674,"13316 Cain Ln","Louisville","KY","40245"
83675,"515 Shady Brook Ln","Louisville","KY","40229"
83676,"6007 Princess Way","Louisville","KY","40219"
83677,"2828 Duncan St","Louisville","KY","40212"
83678,"1032 E Caldwell St","Louisville","KY","40204"
83679,"3340 Indian Lake Dr","Louisville","KY","40241"
83680,"8300 Mckenna Way","Louisville","KY","40291"
83681,"3735 Taylorsville Rd","Louisville","KY","40220"
83682,"2427 Westwood Ave","Louisville","KY","40220"
83683,"2101 Bradley Ave","Louisville","KY","40217"
83684,"3024 Wirth Ave","Louisville","KY","40217"
83685,"6101 Price Lane Rd","Louisville","KY","40229"
83686,"125 Hill Bend Pl","Louisville","KY","40208"
83687,"6719 Oak Valley Dr","Louisville","KY","40214"
83688,"8000 Cortland Dr","Louisville","KY","40228"
83689,"9905 Queens Castle Ct","Louisville","KY","40229"
83690,"4653 Cliff Ave","Louisville","KY","40215"
83691,"504 Woodview Cir","Louisville","KY","40243"
83692,"769 Harrison Ave","Louisville","KY","40217"
83693,"1610 Loney Ln","Louisville","KY","40216"
83694,"7503 Hallmark Dr","Louisville","KY","40258"
83695,"3800 Foreman Ln","Louisville","KY","40219"
83696,"630 Virginia Ave","Louisville","KY","40222"
83697,"1753 W Ormsby Ave","Louisville","KY","40210"
83698,"9924 3rd Street Rd","Louisville","KY","40272"
83699,"1851 Yale Dr","Louisville","KY","40205"
83700,"4319 Estate Dr","Louisville","KY","40216"
83701,"4502 S 2nd St","Louisville","KY","40214"
83702,"2727 W Kentucky St","Louisville","KY","40211"
83703,"8707 Fairmount Ridge Ct","Louisville","KY","40291"
83704,"2423 Portland Ave","Louisville","KY","40212"
83705,"3017 River Park Dr","Louisville","KY","40211"
83706,"9423 Chambers Way","Louisville","KY","40229"
83707,"1229 Carrico Ave","Louisville","KY","40215"
83708,"1712 Fernwood Ave","Louisville","KY","40205"
83709,"3501 Illinois Ave","Apt E11","Louisville",
83710,"430 Kentucky Ave","Louisville","KY","40222"
83711,"4423 Monarchos Dr","Louisville","KY","40220"
83712,"2019 Rowan St","Louisville","KY","40203"
83713,"9800 Sheplet Ct","Louisville","KY","40241"
83714,"9808 Farnham Dr","Louisville","KY","40223"
83715,"1631 Earl Ave","Louisville","KY","40215"
83716,"14107 Spring Mill Rd","Louisville","KY","40245"
83717,"6913 Triangle Dr","Louisville","KY","40214"
83718,"1016 Burning Springs Cir","Louisville","KY","40223"
83719,"11218 Willowick Ct","Louisville","KY","40272"
83720,"1002 Donard Ave","Louisville","KY","40218"
83721,"1003 Williamsburg Ct","Louisville","KY","40207"
83722,"7000 Norlynn Dr","Louisville","KY","40228"
83723,"3018 Crystal Waters Way","Louisville","KY","40299"
83724,"514 Camden Ave","Louisville","KY","40215"
83725,"12218 Ledges Dr","Louisville","KY","40243"
83726,"9105 Hudson Ln","Louisville","KY","40291"
83727,"4910 Determine Ln","Louisville","KY","40216"
83728,"8506 Malibu Dr","Louisville","KY","40219"
83729,"3518 Colmar Dr","Louisville","KY","40211"
83730,"4214 Buxton Dr","Louisville","KY","40218"
83731,"3912 Rock Bay Dr","Louisville","KY","40245"
83732,"683 Southwestern Pkwy","Louisville","KY","40211"
83733,"10408 Falling Tree Way","Louisville","KY","40223"
83734,"1904 Woodbourne Ave","Louisville","KY","40205"
83735,"3203 Villanova Dr","Louisville","KY","40220"
83736,"4009 Mulberry Row Way","Louisville","KY","40299"
83737,"918 Willow Pointe Dr","Louisville","KY","40299"
83738,"445 N 28th St","Louisville","KY","40212"
83739,"1023 Lampton Aly","Louisville","KY","40204"
83740,"527 N 29th St","Louisville","KY","40212"
83741,"714 Foxgate Rd","Louisville","KY","40223"
83742,"420 Breckenridge Ln","Louisville","KY","40207"
83743,"9817 Saturn Dr","Louisville","KY","40229"
83744,"1009 Golden Maple Cv","Louisville","KY","40223"
83745,"6711 Fenway Rd","Louisville","KY","40258"
83746,"3521 Greenwood Ave","Louisville","KY","40211"
83747,"8605 Shelbyville Rd","Apt 203","Louisville",
83748,"4045 Richland Ave","Louisville","KY","40207"
83749,"7711 Crestline Rd","Louisville","KY","40214"
83750,"2524 Jenlee Ln","Louisville","KY","40216"
83751,"6114 Six Mile Ln","Louisville","KY","40218"
83752,"9950 Appollo Ct","Louisville","KY","40272"
83753,"1020 Sale Ave","Louisville","KY","40215"
83754,"1818 S 24th St","Louisville","KY","40210"
83755,"2601 Dixdale Ave","Louisville","KY","40210"
83756,"742 Colorado Ave","Louisville","KY","40208"
83757,"1027 Seelbach Ave","Louisville","KY","40215"
83758,"1836 Yale Dr","Louisville","KY","40205"
83759,"917 Schiller Ave","Louisville","KY","40204"
83760,"423 N 42nd St","Louisville","KY","40212"
83761,"3451 Glendale Ave","Louisville","KY","40215"
83762,"720 S 42nd St","Louisville","KY","40211"
83763,"1326 Eastern Pkwy","Louisville","KY","40204"
83764,"6010 Larkgrove Dr","Louisville","KY","40229"
83765,"1224 Carrico Ave","Louisville","KY","40215"
83766,"8313 Siesta Way","Louisville","KY","40219"
83767,"6502 Leven Cross Pl","Louisville","KY","40229"
83768,"2609 Harlech Ct","Louisville","KY","40299"
83769,"15006 Glendower Dr","Louisville","KY","40245"
83770,"1213 Goss Ave","Louisville","KY","40217"
83771,"1219 Goss Ave","Louisville","KY","40217"
83772,"3028 Kingswood Way","Louisville","KY","40216"
83773,"6001 S Watterson Trl","Louisville","KY","40291"
83774,"5219 Rollingwood Trl","Louisville","KY","40214"
83775,"190 Arbor Trce","Louisville","KY","40229"
83776,"2238 Boulevard","Napoleon","Louisville",
83777,"13513 Oliver Station Ct","Louisville","KY","40245"
83778,"556 Eastern Pkwy","Louisville","KY","40217"
83779,"6606 Hollow Tree Rd","Louisville","KY","40228"
83780,"10012 John Silver Ct","Louisville","KY","40229"
83781,"1548 Loney Ln","Louisville","KY","40216"
83782,"4011 Plymouth Rd","Louisville","KY","40207"
83783,"4308 Mount Vernon Rd","Louisville","KY","40220"
83784,"3047 Nadina Dr","Louisville","KY","40220"
83785,"10338 Arbor Oak Dr","Louisville","KY","40229"
83786,"2908 Weissinger Rd","Louisville","KY","40241"
83787,"117 Old Towne Rd","Louisville","KY","40214"
83788,"10214 Cambrie Ct","Louisville","KY","40241"
83789,"7101 John Adams Way","Louisville","KY","40272"
83790,"10320 Venado Dr","Louisville","KY","40291"
83791,"11715 Peyote Pl","Louisville","KY","40299"
83792,"6109 Chambers Way","Louisville","KY","40229"
83793,"4108 Bolling Brook Dr","Louisville","KY","40299"
83794,"2902 Petty Jay Rd","Louisville","KY","40220"
83795,"5205 Gathwright Dr","Louisville","KY","40218"
83796,"408 Old Towne Rd","Louisville","KY","40214"
83797,"5304 Armsmere Way","Louisville","KY","40218"
83798,"7005 Alma June Way","Louisville","KY","40228"
83799,"8602 Autumn Ridge Ct","Louisville","KY","40242"
83800,"3806 Cutler Rd","Louisville","KY","40219"
83801,"10203 Bluffsprings Trce","Louisville","KY","40223"
83802,"3415 Janell Rd","Louisville","KY","40216"
83803,"3705 Hillcreek Rd","Louisville","KY","40220"
83804,"3309 Stony Brook Dr","Louisville","KY","40299"
83805,"1125 Broadfields Dr","Louisville","KY","40207"
83806,"909 Shady Brook Ln","Louisville","KY","40229"
83807,"820 Iroquois Ave","Louisville","KY","40214"
83808,"3809 Riveroaks Ln","Louisville","KY","40241"
83809,"1412 Willow Ave","Apt 64","Louisville",
83810,"1818 Mary Catherine Dr","Louisville","KY","40216"
83811,"1102 Donard Park Ave","Louisville","KY","40218"
83812,"4902 Wabash Pl","Louisville","KY","40214"
83813,"11402 Walnut Farm Pl","Louisville","KY","40229"
83814,"1815 Gardiner Ln","Apt J78","Louisville",
83815,"1902 Eastbridge Ct","Louisville","KY","40223"
83816,"3226 S Winchester Acres Rd","Louisville","KY","40223"
83817,"5911 Six Mile Ln","Louisville","KY","40218"
83818,"306 N 45th St","Louisville","KY","40212"
83819,"1925 Dubourg Ave","Louisville","KY","40216"
83820,"2003 Youngland Ave","Louisville","KY","40216"
83821,"3020 Kaye Lawn Dr","Louisville","KY","40220"
83822,"3103 Cromarty Way","Louisville","KY","40220"
83823,"204 Wood Rd","Louisville","KY","40222"
83824,"605 Cloverlea Rd","Louisville","KY","40206"
83825,"6711 Shallow Rock Dr","Louisville","KY","40299"
83826,"1528 Earl Ave","Louisville","KY","40215"
83827,"3204 Flair Knoll Dr","Louisville","KY","40216"
83828,"10761 Colonial Woods Ct","Louisville","KY","40223"
83829,"2918 Rio Rita Ave","Louisville","KY","40220"
83830,"8410 Berea Dr","Louisville","KY","40228"
83831,"11707 Taylor Rae Dr","Louisville","KY","40229"
83832,"38 College Ct","Louisville","KY","40203"
83833,"3410 Gonewind Dr","Louisville","KY","40299"
83834,"4915 Woodsend Rd","Louisville","KY","40229"
83835,"8711 Loch Lea Ln","Louisville","KY","40299"
83836,"11007 Cedar Hill Ct","Louisville","KY","40229"
83837,"5819 Medtree Pl","Louisville","KY","40229"
83838,"5419 Antle Dr","Louisville","KY","40229"
83839,"5908 Midnight Ln","Louisville","KY","40229"
83840,"6104 Galvin Ct","Louisville","KY","40229"
83841,"5906 Edgetree Ct","Louisville","KY","40229"
83842,"5901 Edgetree Ct","Louisville","KY","40229"
83843,"8203 Delido Rd","Louisville","KY","40219"
83844,"8509 Bost Ln","Louisville","KY","40219"
83845,"9008 John Paul Ct","Louisville","KY","40229"
83846,"5809 Cooper Chapel Rd","Louisville","KY","40229"
83847,"8716 Shadow Creek Way","Louisville","KY","40291"
83848,"2813 Conestoga Ave","Louisville","KY","40210"
83849,"6006 Cooper Chapel Rd","Louisville","KY","40229"
83850,"10214 Allentree Pl","Louisville","KY","40229"
83851,"8605 Bost Ln","Louisville","KY","40219"
83852,"816 French St","Louisville","KY","40217"
83853,"7813 Meadow Breeze Ct","Louisville","KY","40291"
83854,"9510 Wood Hollow Rd","Louisville","KY","40229"
83855,"3723 Carol Rd","Louisville","KY","40218"
83856,"11210 Pyramid Rd","Louisville","KY","40229"
83857,"11611 Maple Way","Louisville","KY","40229"
83858,"3710 Canopus Ct","Louisville","KY","40219"
83859,"8516 Jan Way","Louisville","KY","40219"
83860,"8604 Montrie Ct","Louisville","KY","40219"
83861,"9913 Chenoweth Vista Way","Louisville","KY","40299"
83862,"8900 Lantana Dr","Louisville","KY","40229"
83863,"135 Mohawk Ave","Louisville","KY","40214"
83864,"131 Mohawk Ave","Louisville","KY","40214"
83865,"104 Ottawa Ave","Louisville","KY","40214"
83866,"6607 Lure Ln","Louisville","KY","40229"
83867,"805 Smith View Ct","Louisville","KY","40214"
83868,"8211 Sealston Dr","Louisville","KY","40228"
83869,"3501 Bennett Ln","Louisville","KY","40219"
83870,"3610 W Broadway","Louisville","KY","40211"
83871,"7614 Charron Rd","Louisville","KY","40220"
83872,"6506 Pagoda Ct","Louisville","KY","40229"
83873,"6101 Galvin Ct","Louisville","KY","40229"
83874,"9510 Maple Rd","Louisville","KY","40229"
83875,"18901 Ridgeleigh Ln","Louisville","KY","40245"
83876,"5519 Minyard Dr","Louisville","KY","40219"
83877,"9404 Moonridge Pl","Louisville","KY","40229"
83878,"10800 Waycross Ave","Louisville","KY","40229"
83879,"6319 Hackberry Way","Louisville","KY","40229"
83880,"4612 Pulaski Ct","Louisville","KY","40245"
83881,"1628 Hemlock Ct","Louisville","KY","40211"
83882,"5403 Gaskin Ct","Louisville","KY","40229"
83883,"10910 Altsheler Pl","Louisville","KY","40229"
83884,"11208 Pyramid Rd","Louisville","KY","40229"
83885,"5415 Antle Dr","Louisville","KY","40229"
83886,"6200 Hackberry Way","Louisville","KY","40229"
83887,"10100 Coralwood Dr","Louisville","KY","40229"
83888,"10305 Treasure Ct","Louisville","KY","40229"
83889,"6801 Bebe Ct","Louisville","KY","40219"
83890,"5604 Lagoona Dr","Louisville","KY","40219"
83891,"10214 Waycross Ave","Louisville","KY","40229"
83892,"10315 Waycross Ave","Louisville","KY","40229"
83893,"5900 Carmelwood Cir","Louisville","KY","40229"
83894,"5904 Carmelwood Cir","Louisville","KY","40229"
83895,"2217 Eastview Ave","Louisville","KY","40205"
83896,"4200 Narcissus Dr","Louisville","KY","40219"
83897,"9320 Moonridge Pl","Louisville","KY","40229"
83898,"5016 Abbydale Ct","Louisville","KY","40229"
83899,"7719 Crestline Rd","Louisville","KY","40214"
83900,"3708 Timber Hollow Dr","Louisville","KY","40219"
83901,"5014 Mile Of Sunshine Dr","Louisville","KY","40219"
83902,"5610 Whispering Hills Blvd","Louisville","KY","40219"
83903,"4410 Jennymac Dr","Louisville","KY","40216"
83904,"2014 White Oak Ln","Louisville","KY","40216"
83905,"2212 Lower Hunters Trce","Louisville","KY","40216"
83906,"3604 Mason Ave","Louisville","KY","40229"
83907,"11211 Paloma Ct","Louisville","KY","40229"
83908,"11209 Brookley Dr","Louisville","KY","40229"
83909,"5802 Larkgrove Dr","Louisville","KY","40229"
83910,"8925 Brandywyne Dr","Louisville","KY","40291"
83911,"11720 Robindale Rd","Louisville","KY","40243"
83912,"11614 Maple Way","Louisville","KY","40229"
83913,"3608 Ripple Creek Dr","Louisville","KY","40229"
83914,"10900 Lanette Ct","Louisville","KY","40229"
83915,"10901 Waycross Ave","Louisville","KY","40229"
83916,"10911 Waycross Ave","Louisville","KY","40229"
83917,"11212 Deham Dr","Louisville","KY","40241"
83918,"1734 Wilson Ave","Louisville","KY","40210"
83919,"4918 Saddlebrook Ln","Louisville","KY","40216"
83920,"3423 W Market St","Louisville","KY","40212"
83921,"6609 Sycamore Bend Trce","Louisville","KY","40291"
83922,"1031 Oakwood Ave","Louisville","KY","40215"
83923,"1814 Addington Ave","Louisville","KY","40220"
83924,"1331 Ellison Ave","Louisville","KY","40204"
83925,"187 Keebler Dr","Louisville","KY","40229"
83926,"606 Willowhurst Pl","Louisville","KY","40223"
83927,"9406 Alex Ct","Louisville","KY","40299"
83928,"17007 Piton Way","Louisville","KY","40245"
83929,"215 S Hampton Rd","Louisville","KY","40223"
83930,"310 Summit Ct","Louisville","KY","40243"
83931,"4405 Stony Brook Dr","Louisville","KY","40299"
83932,"11323 Arbor Wood Dr","Louisville","KY","40299"
83933,"11816 Leemont Dr","Louisville","KY","40272"
83934,"829 Dearborn Ave","Louisville","KY","40211"
83935,"815 Brookline Ave","Louisville","KY","40215"
83936,"104 Stoll Ave","Louisville","KY","40206"
83937,"8801 Staghorn Dr","Louisville","KY","40242"
83938,"7908 Stovall Ct","Louisville","KY","40228"
83939,"1152 Euclid Ave","Louisville","KY","40208"
83940,"4132 W Muhammad Ali Blvd","Louisville","KY","40212"
83941,"9013 Green Garden Ct","Louisville","KY","40220"
83942,"4405 Watercrest Ct","Louisville","KY","40241"
83943,"11019 Thunder Dr","Louisville","KY","40272"
83944,"1518 Hemlock St","Louisville","KY","40211"
83945,"1419 Christy Ave","Louisville","KY","40204"
83946,"119 Fontaine Landing Ct","Louisville","KY","40212"
83947,"7418 Apple Mill Dr","Louisville","KY","40228"
83948,"510 Cloverlea Rd","Louisville","KY","40206"
83949,"2713 Colonel Dr","Louisville","KY","40242"
83950,"3801 Cutler Rd","Louisville","KY","40219"
83951,"12401 Saint Clair Dr","Louisville","KY","40243"
83952,"3118 Indian Lake Dr","Louisville","KY","40241"
83953,"727 Gagel Ave","Louisville","KY","40216"
83954,"2113 Lower Hunters Trce","Louisville","KY","40216"
83955,"7113 Mckenna Ct","Louisville","KY","40291"
83956,"12236 Somerset Dr","Louisville","KY","40229"
83957,"9216 Glover Ln","Louisville","KY","40242"
83958,"2436 Proctor Knott Dr","Louisville","KY","40218"
83959,"717 Roselane St","Louisville","KY","40203"
83960,"8127 Rochelle Rd","Louisville","KY","40228"
83961,"3300 Dogwood Dr","Louisville","KY","40220"
83962,"261 Granvil Dr","Louisville","KY","40218"
83963,"406 N 34th St","Louisville","KY","40212"
83964,"11102 Radleigh Ln","Louisville","KY","40291"
83965,"926 Brentwood Ave","Louisville","KY","40215"
83966,"1040 W Whitney Ave","Louisville","KY","40215"
83967,"1124 E Breckinridge St","Louisville","KY","40204"
83968,"6905 John Paul Ln","Louisville","KY","40229"
83969,"4927 Glen Rose Rd","Louisville","KY","40229"
83970,"513 Eline Ave","Louisville","KY","40207"
83971,"142 Coral Ct","Louisville","KY","40206"
83972,"5100 Us Hwy","42 Apt 326","Louisville",
83973,"533 School Way","Louisville","KY","40214"
83974,"4717 S 3rd St","Louisville","KY","40214"
83975,"6914 Catalpa Springs Dr","Louisville","KY","40228"
83976,"2183 Emerson Ave","Louisville","KY","40205"
83977,"9904 Stonehenge Way","Louisville","KY","40241"
83978,"4701 Redbud Forest Pl","Louisville","KY","40245"
83979,"1203 E Kentucky St","Louisville","KY","40204"
83980,"9205 Weissinger Ct","Louisville","KY","40241"
83981,"3427 Hurstbourne Ridge Blvd","Louisville","KY","40299"
83982,"11901 Wetherby Ave","Louisville","KY","40243"
83983,"3929 Manner Dale Dr","Louisville","KY","40220"
83984,"11504 Falling Brook Dr","Louisville","KY","40299"
83985,"720 Wicklow Rd","Louisville","KY","40207"
83986,"1504 Shingo Ave","Louisville","KY","40215"
83987,"4109 Saint Charles Ln","Louisville","KY","40218"
83988,"12405 Brookgreen Dr","Louisville","KY","40243"
83989,"11911 Tazwell Dr","Apt 6","Louisville",
83990,"7611 Aspen Ridge Rd","Louisville","KY","40214"
83991,"429 S 16th St","Louisville","KY","40203"
83992,"7022 Shanty Creek Dr","Louisville","KY","40228"
83993,"3722 Willmar Ave","Louisville","KY","40218"
83994,"107 N 32nd St","Louisville","KY","40212"
83995,"6011 Middlerose Cir","Louisville","KY","40272"
83996,"3809 Darlene Dr","Louisville","KY","40216"
83997,"611 Dorsey Way","Louisville","KY","40223"
83998,"7810 Kim Dr","Louisville","KY","40214"
83999,"8805 Stony Field Way","Louisville","KY","40299"
84000,"3409 Stony Farm Dr","Louisville","KY","40299"
84001,"7005 John Adams Way","Louisville","KY","40272"
84002,"408 Macon Ave","Louisville","KY","40207"
84003,"2126 W Main St","Louisville","KY","40212"
84004,"5803 Hornbeam Ln","Louisville","KY","40258"
84005,"7203 Mount Washington Rd","Louisville","KY","40229"
84006,"1815 Gardiner Ln","Apt A5","Louisville",
84007,"525 Fairfield Dr","Louisville","KY","40206"
84008,"8010 Conifer Dr","Louisville","KY","40258"
84009,"212 Heady Ave","Louisville","KY","40207"
84010,"1131 Mulberry St","Louisville","KY","40217"
84011,"1129 Audubon Pkwy","Louisville","KY","40213"
84012,"3405 Audubon Ridge Ct","Louisville","KY","40213"
84013,"600 Wataga Dr","Louisville","KY","40206"
84014,"2517 Cherokee Pkwy","Louisville","KY","40204"
84015,"1520 Dawn Dr","Louisville","KY","40216"
84016,"10302 Plains Ct","Louisville","KY","40223"
84017,"850 Clarks Ln","Louisville","KY","40217"
84018,"7312 Oswego Cir","Louisville","KY","40214"
84019,"12315 Kingsley Dr","Louisville","KY","40229"
84020,"8705 Chase Tayler Pl","Louisville","KY","40299"
84021,"221 S Dorsey Ln","Louisville","KY","40223"
84022,"3016 Carson Dr","Louisville","KY","40205"
84023,"966 Cherokee Rd","Unit 103","Louisville",
84024,"3104 Bank St","Louisville","KY","40212"
84025,"315 Alger Ave","Louisville","KY","40214"
84026,"1411 Valley Dr","Louisville","KY","40213"
84027,"912 Southwestern Pkwy","Louisville","KY","40211"
84028,"4422 Bellevue Ave","Louisville","KY","40215"
84029,"3919 Ormond Rd","Louisville","KY","40207"
84030,"2111 Boulevard","Napoleon Apt 1","Louisville",
84031,"2709 Howard St","Louisville","KY","40211"
84032,"412 Lyndon Ln","Louisville","KY","40222"
84033,"6611 Evening Tide Ct","Louisville","KY","40272"
84034,"1912 Garrs Ln","Louisville","KY","40216"
84035,"6311 Red Spruce Dr","Louisville","KY","40229"
84036,"10530 Sawyer Pl","Louisville","KY","40241"
84037,"5609 Wooded Lake Dr","Louisville","KY","40299"
84038,"5423 Sunset Dr","Louisville","KY","40219"
84039,"13217 Stepping Stone Way","Louisville","KY","40299"
84040,"5402 Catalina Ave","Louisville","KY","40272"
84041,"4102 Spring Park Ln","Louisville","KY","40218"
84042,"2833 Fleming Ave","Louisville","KY","40206"
84043,"5029 Roy William Pl","Louisville","KY","40228"
84044,"5515 Blevins Gap Rd","Louisville","KY","40272"
84045,"610 Sunnygate Pl","Louisville","KY","40223"
84046,"3529 Lisbon Ln","Louisville","KY","40218"
84047,"1203 Holsworth Ln","Louisville","KY","40222"
84048,"4015 Norbourne Blvd","Louisville","KY","40207"
84049,"3932 Elfin Ave","Louisville","KY","40207"
84050,"7026 Uranus Dr","Louisville","KY","40258"
84051,"8500 Atrium Dr","Apt 203","Louisville",
84052,"243 S Dorsey Ln","Louisville","KY","40223"
84053,"7515 Gadwall Way","Louisville","KY","40218"
84054,"1523 Sylvan Way","Louisville","KY","40205"
84055,"1817 Rosewood Ave","Apt 3","Louisville",
84056,"105 S 37th St","Louisville","KY","40212"
84057,"2617 Grand Ave","Louisville","KY","40211"
84058,"1135 Plato Ter","Louisville","KY","40211"
84059,"3810 Washington Sq","Apt 2","Louisville",
84060,"4900 Wabash Pl","Louisville","KY","40214"
84061,"1908 San Jose Ave","Louisville","KY","40216"
84062,"2821 W Jefferson St","Louisville","KY","40212"
84063,"11010 Benson Ln","Louisville","KY","40272"
84064,"11001 Thunder Dr","Louisville","KY","40272"
84065,"2810 Elam Dr","Louisville","KY","40213"
84066,"1346 Trinity Park Dr","Louisville","KY","40213"
84067,"217 N Hite Ave","Louisville","KY","40206"
84068,"1624 Catalpa St","Louisville","KY","40211"
84069,"5608 Clearridge Pl","Louisville","KY","40229"
84070,"8111 Arbor Brook Ln","Louisville","KY","40228"
84071,"908 Broadfields Dr","Louisville","KY","40207"
84072,"9219 Talitha Dr","Louisville","KY","40299"
84073,"4617 Wooded Oak Cir","Louisville","KY","40245"
84074,"4327 Southern Pkwy","Louisville","KY","40214"
84075,"8106 Adams Run Rd","Louisville","KY","40228"
84076,"5307 Regent Way","Louisville","KY","40218"
84077,"3600 Parthenia Ave","Louisville","KY","40215"
84078,"5690 Mark Dr","Louisville","KY","40258"
84079,"3724 Luken Dr","Louisville","KY","40216"
84080,"5206 Cedrus Cir","Louisville","KY","40213"
84081,"3705 Old Brownsboro Hills Rd","Louisville","KY","40241"
84082,"9207 Artis Way","Louisville","KY","40291"
84083,"6912 Beard Ct","Louisville","KY","40228"
84084,"1808 Jefferson Ave","Louisville","KY","40242"
84085,"8600 Chipstone Ct","Louisville","KY","40299"
84086,"4141 Hillview Ave","Louisville","KY","40216"
84087,"4427 Spring Bay Ct","Louisville","KY","40241"
84088,"11508 Shaffer Farms Ln","Louisville","KY","40291"
84089,"8428 Aspen Glen Way","Louisville","KY","40228"
84090,"10707 Blackwood Rd","Louisville","KY","40299"
84091,"9607 Chapel Hill Rd","Louisville","KY","40229"
84092,"3074 Beals Branch Dr","Louisville","KY","40206"
84093,"719 Heywood Ave","Louisville","KY","40208"
84094,"420 W Breckinridge St","Apt C3","Louisville",
84095,"4831 Napa Ridge Way","Louisville","KY","40299"
84096,"9001 Willowcreek Dr","Louisville","KY","40219"
84097,"8802 High Point Cir","Louisville","KY","40299"
84098,"8613 Eula Rd","Louisville","KY","40219"
84099,"8312 Adams Run Rd","Louisville","KY","40228"
84100,"2520 S 3rd St","Unit 305","Louisville",
84101,"3014 Montana Ave","Louisville","KY","40208"
84102,"5304 Bannon Crossings Dr","Louisville","KY","40218"
84103,"5713 Mockernut Ln","Louisville","KY","40258"
84104,"9110 Woodchat Way","Louisville","KY","40272"
84105,"1305 Willow Bend Pl","Louisville","KY","40299"
84106,"5004 Wabash Pl","Louisville","KY","40214"
84107,"7406 Oswego Cir","Louisville","KY","40214"
84108,"10907 Grafton Hall Rd","Louisville","KY","40272"
84109,"8602 Blue Lick Rd","Louisville","KY","40219"
84110,"507 Locust Creek Blvd","Louisville","KY","40245"
84111,"110 Cambridge Dr","Louisville","KY","40214"
84112,"7904 White Cedar Pl","Louisville","KY","40219"
84113,"502 Marquette Dr","Louisville","KY","40222"
84114,"5124 Queens Castle Rd","Louisville","KY","40229"
84115,"2243 Boulevard","Napoleon","Louisville",
84116,"3726 Taylor Blvd","Louisville","KY","40215"
84117,"357 Knollwood Cir","Louisville","KY","40229"
84118,"7708 Rochelle Rd","Louisville","KY","40228"
84119,"7511 Gadwall Way","Louisville","KY","40218"
84120,"2520 S Third St","Unit 305","Louisville",
84121,"2504 Stonehurst Dr","Louisville","KY","40242"
84122,"2225 Dearing Ct","Louisville","KY","40204"
84123,"1131 Lillian Ave","Louisville","KY","40208"
84124,"6602 Mandeville Rd","Louisville","KY","40228"
84125,"710 Brook Park Dr","Louisville","KY","40214"
84126,"6010 Wooded Creek Dr","Unit 102","Louisville",
84127,"4153 Hale Ave","Louisville","KY","40211"
84128,"734 Fairhill Dr","Louisville","KY","40207"
84129,"949 Ash St","Louisville","KY","40217"
84130,"5412 Sir Barton Dr","Louisville","KY","40272"
84131,"1421 Hazel St","Louisville","KY","40211"
84132,"9513 Polaris Dr","Louisville","KY","40229"
84133,"7913 Maple Hill Rd","Louisville","KY","40219"
84134,"4224 Northwestern Pkwy","Louisville","KY","40212"
84135,"4420 Cane Run Rd","Louisville","KY","40216"
84136,"4213 Reservoir Ave","Louisville","KY","40213"
84137,"1275 Parkway Gardens Ct","Apt 210","Louisville",
84138,"4510 Shelvis Dr","Louisville","KY","40216"
84139,"1935 Gardiner Ln","Apt G110","Louisville",
84140,"6405 Lime Ridge Ct","Louisville","KY","40222"
84141,"4020 Northumberland Dr","Louisville","KY","40245"
84142,"147 Treslyn Way","Louisville","KY","40245"
84143,"10206 Blue Ridge Ct","Louisville","KY","40223"
84144,"243 Pope St","Louisville","KY","40206"
84145,"4803 Preston Dr","Louisville","KY","40213"
84146,"1911 Elmore St","Louisville","KY","40216"
84147,"4800 Lunenburg Dr","Louisville","KY","40245"
84148,"8004 Cortland Dr","Louisville","KY","40228"
84149,"3309 Behr Ct","Louisville","KY","40220"
84150,"9113 Hawthorne Pointe Dr","Louisville","KY","40272"
84151,"4102 Hillsboro Rd","Louisville","KY","40207"
84152,"3804 Pflanz Ave","Louisville","KY","40212"
84153,"1931 Beech St","Louisville","KY","40210"
84154,"608 Compton St","Louisville","KY","40208"
84155,"3606 Kiki Ct","Louisville","KY","40219"
84156,"6311 Montego Bay Rd","Louisville","KY","40228"
84157,"2202 Ardsley Rd","Louisville","KY","40207"
84158,"4417 Mansfield Estates Dr","Louisville","KY","40299"
84159,"102 Southwestern Pkwy","Louisville","KY","40212"
84160,"4804 Old Heady Rd","Louisville","KY","40299"
84161,"3106 Wayne Rd","Louisville","KY","40216"
84162,"12124 Belmont Park Cir","Louisville","KY","40243"
84163,"8007 Sycamore Creek Dr","Louisville","KY","40222"
84164,"2839 Regan Ave","Louisville","KY","40206"
84165,"4825 Wooded Oak Cir","Louisville","KY","40245"
84166,"2706 Narragansett Dr","Louisville","KY","40210"
84167,"5313 Oakcreek Ln","Louisville","KY","40291"
84168,"2057 S Preston St","Louisville","KY","40217"
84169,"13301 Eastgate Village Dr","Louisville","KY","40223"
84170,"9410 Armoridge Pl","Louisville","KY","40229"
84171,"9608 Dolphin Ct","Louisville","KY","40299"
84172,"5202 Skylight Dr","Louisville","KY","40258"
84173,"6101 Trappers Ridge Cir","Louisville","KY","40216"
84174,"211 Clydesdale Trce","Louisville","KY","40223"
84175,"7408 Elnora Ave","Louisville","KY","40258"
84176,"7312 Daisy Ave","Louisville","KY","40258"
84177,"4911 Glenna Way","Louisville","KY","40219"
84178,"514 Sam Dr","Louisville","KY","40214"
84179,"1004 Benton Ridge Dr","Louisville","KY","40245"
84180,"13708 Forest Bend Cir","Louisville","KY","40245"
84181,"7515 Clipping Cross Rd","Louisville","KY","40241"
84182,"3507 Birchmore Pl","Louisville","KY","40245"
84183,"11917 Poplarwood Dr","Louisville","KY","40272"
84184,"1419 Berry Blvd","Louisville","KY","40215"
84185,"813 Weller Ave","Louisville","KY","40208"
84186,"2619 Mccoy Way","Louisville","KY","40205"
84187,"11512 Nancy Stone Ct","Louisville","KY","40229"
84188,"920 W Ashland Ave","Louisville","KY","40215"
84189,"4100 Grenden Fields Dr","Louisville","KY","40299"
84190,"5231 Maryman Rd","Louisville","KY","40258"
84191,"661 S 27th St","Louisville","KY","40211"
84192,"5600 Coach Gate Wynde","Louisville","KY","40207"
84193,"10600 Wemberley Hill Blvd","Louisville","KY","40241"
84194,"203 Wildwood Ln","Louisville","KY","40223"
84195,"812 Washburn Ave","Apt 31","Louisville",
84196,"4331 Charlotte Ann Dr","Louisville","KY","40216"
84197,"10412 Leven Blvd","Louisville","KY","40229"
84198,"10919 Oak Harbor Dr","Louisville","KY","40299"
84199,"7805 Bramble Ln","Louisville","KY","40258"
84200,"6125 Cherry Hill Ct","Louisville","KY","40229"
84201,"3600 Frankfort Ave","Louisville","KY","40207"
84202,"4614 Maris Ln","Louisville","KY","40241"
84203,"1813 Grand Ridge Rd","Louisville","KY","40214"
84204,"5616 Fruitwood Dr","Louisville","KY","40272"
84205,"3030 Bridwell Dr","Louisville","KY","40216"
84206,"3818 Cressington Pl","Louisville","KY","40245"
84207,"6917 Arbor Creek Dr","Louisville","KY","40228"
84208,"314 N 44th St","Louisville","KY","40212"
84209,"3525 Woodmont Park Ln","Louisville","KY","40245"
84210,"2435 Griffiths Ave","Louisville","KY","40212"
84211,"7009 Bartlett Rd","Louisville","KY","40218"
84212,"6503 Grey Oaks Ct","Louisville","KY","40291"
84213,"1922 Lynn Lea Rd","Louisville","KY","40216"
84214,"914 Geiger St","Louisville","KY","40206"
84215,"7605 Alyssum Dr","Louisville","KY","40258"
84216,"513 Gablewood Cir","Louisville","KY","40245"
84217,"113 Wooded Falls Rd","Louisville","KY","40243"
84218,"706 Nottingham Pkwy","Louisville","KY","40222"
84219,"915 Reasor Ave","Louisville","KY","40217"
84220,"2601 Foxy Poise Rd","Louisville","KY","40220"
84221,"7628 3rd Street Rd","Louisville","KY","40214"
84222,"6102 Apex Dr","Louisville","KY","40219"
84223,"3525 Woodmont Ln","Louisville","KY","40245"
84224,"3140 Del Park Ter","Louisville","KY","40211"
84225,"1932 Eastview Ave","Louisville","KY","40205"
84226,"8631 Applegate Village Dr","Louisville","KY","40219"
84227,"4105 Sunny Crossing Dr","Louisville","KY","40299"
84228,"5205 Indian Woods Ct","Louisville","KY","40207"
84229,"1109 Balmoral Dr","Louisville","KY","40205"
84230,"472 E Blue Jay Rd","Louisville","KY","40229"
84231,"8006 Mimosa Dr","Louisville","KY","40258"
84232,"4037 Lisa Ave","Louisville","KY","40216"
84233,"1622 Earl Ave","Louisville","KY","40215"
84234,"8113 Arbor Brook Ln","Louisville","KY","40228"
84235,"6822 Manslick Rd","Louisville","KY","40214"
84236,"112 Steedly Dr","Louisville","KY","40214"
84237,"5911 Ashby Ln","Louisville","KY","40272"
84238,"511 N Watterson Trl","Louisville","KY","40243"
84239,"2407 Dumesnil St","Louisville","KY","40210"
84240,"1825 Eastern Pkwy","Unit 1","Louisville",
84241,"2607 Bagby Way","Louisville","KY","40216"
84242,"214 Staebler Ave","Louisville","KY","40207"
84243,"4111 Sirate Ln","Louisville","KY","40229"
84244,"315 Locust Creek Blvd","Louisville","KY","40245"
84245,"219 Sage Rd","Louisville","KY","40207"
84246,"12020 Bay Run Dr","Louisville","KY","40245"
84247,"6811 Fenway Rd","Louisville","KY","40258"
84248,"2606 Greenup Rd","Louisville","KY","40217"
84249,"734 S 35th St","Louisville","KY","40211"
84250,"7428 Apple Mill Dr","Louisville","KY","40228"
84251,"8110 Johnson School Rd","Louisville","KY","40291"
84252,"5629 Southern Pkwy","Louisville","KY","40214"
84253,"3325 Wellingmoor Ave","Louisville","KY","40218"
84254,"7810 Bridlevista Rd","Louisville","KY","40228"
84255,"800 Kinross Pl","Louisville","KY","40243"
84256,"2703 Northwestern Pkwy","Louisville","KY","40212"
84257,"9825 Merioneth Ct","Louisville","KY","40299"
84258,"11713 Taylor Rae Dr","Louisville","KY","40229"
84259,"3817 Catania Ct","Louisville","KY","40299"
84260,"7004 Greenwood Rd","Louisville","KY","40258"
84261,"505 Meadowbrook Ct","Louisville","KY","40214"
84262,"3209 Greendale Dr","Louisville","KY","40216"
84263,"151 Pope St","Louisville","KY","40206"
84264,"931 Southview Rd","Louisville","KY","40214"
84265,"10211 Shoal Creek Ct","Louisville","KY","40291"
84266,"8603 Summertree Ln","Louisville","KY","40291"
84267,"7610 Lesane Dr","Louisville","KY","40214"
84268,"9615 Britannia Ct","Louisville","KY","40272"
84269,"7912 Niemann Dr","Louisville","KY","40291"
84270,"10902 Deering Rd","Louisville","KY","40272"
84271,"205 Kim Ct","Louisville","KY","40214"
84272,"3115 Parkside Ct","Louisville","KY","40214"
84273,"6707 Barbrook Rd","Louisville","KY","40258"
84274,"4857 Brenda Dr","Louisville","KY","40219"
84275,"9810 East Ave","Louisville","KY","40272"
84276,"805 Circle Hill Rd","Louisville","KY","40207"
84277,"9329 Geneva Way","Louisville","KY","40291"
84278,"13524 Old Distillery Rd","Louisville","KY","40272"
84279,"12005 Hilda Ct","Louisville","KY","40272"
84280,"120 Greenbriar Ln","Louisville","KY","40229"
84281,"2810 Conroy Pl","Louisville","KY","40218"
84282,"4859 Brenda Dr","Louisville","KY","40219"
84283,"5605 Bruns Dr","Louisville","KY","40216"
84284,"3405 Jay Ct","Louisville","KY","40214"
84285,"334 Earlywood Way","Louisville","KY","40229"
84286,"900 S 5th St","Unit 301","Louisville",
84287,"8919 Stara Way","Louisville","KY","40299"
84288,"1707 W Kentucky St","Louisville","KY","40210"
84289,"4631 Clarion Ct","Louisville","KY","40216"
84290,"8614 Glenfield Way","Louisville","KY","40241"
84291,"10033 Vista Springs Way","Louisville","KY","40291"
84292,"3818 Mamaroneck Rd","Louisville","KY","40218"
84293,"7807 Laurel Ridge Rd","Louisville","KY","40219"
84294,"7801 Laurel Ridge Rd","Louisville","KY","40219"
84295,"3329 Audubon Ridge Dr","Louisville","KY","40213"
84296,"3717 Cypress Springs Pl","Louisville","KY","40245"
84297,"210 Carey Ave","Louisville","KY","40218"
84298,"519 Tiffany Ln","Louisville","KY","40207"
84299,"10300 Wingfield Rd","Louisville","KY","40291"
84300,"14201 Oak Branch Ct","Louisville","KY","40245"
84301,"1609 Ellwood Ave","Apt F2","Louisville",
84302,"4529 Bellevue Ave","Louisville","KY","40215"
84303,"327 S Dorsey Ln","Louisville","KY","40223"
84304,"1607 Young Ct","Louisville","KY","40211"
84305,"11017 Jefferson Trace Blvd","Louisville","KY","40291"
84306,"6010 Moorhaven Dr","Louisville","KY","40219"
84307,"1129 Cecil Ave","Louisville","KY","40211"
84308,"1411 Girard Dr","Louisville","KY","40222"
84309,"6115 Julie Kays Way","Louisville","KY","40258"
84310,"4407 Heatherbrook Dr","Louisville","KY","40220"
84311,"8600 Holston Rd","Louisville","KY","40222"
84312,"6812 Grandfield Rd","Louisville","KY","40258"
84313,"8207 Bohannon Station Rd","Louisville","KY","40291"
84314,"216 Blue Ridge Rd","Louisville","KY","40223"
84315,"1328 Lydia St","Louisville","KY","40217"
84316,"1830 Burwell Ave","Louisville","KY","40210"
84317,"3417 Stony Farm Dr","Louisville","KY","40299"
84318,"5410 Chenoweth Park Ln","Louisville","KY","40291"
84319,"1700 Stratton Ct","Louisville","KY","40211"
84320,"2314 Fust Ave","Louisville","KY","40216"
84321,"407 Amy Ave","Louisville","KY","40212"
84322,"5207 Skylight Dr","Louisville","KY","40258"
84323,"9001 Lakeridge Dr","Louisville","KY","40272"
84324,"7002 Spring Vista Ct","Louisville","KY","40229"
84325,"7218 Oakburn Dr","Louisville","KY","40258"
84326,"2325 Winston Ave","Louisville","KY","40205"
84327,"5820 Chalet Cir","Louisville","KY","40228"
84328,"4502 Aintree Ct","Louisville","KY","40220"
84329,"4501 Winchester Rd","Louisville","KY","40207"
84330,"1722 Parkridge Pkwy","Louisville","KY","40214"
84331,"4002 Maynard Ave","Louisville","KY","40229"
84332,"7514 Gadwall Way","Louisville","KY","40218"
84333,"4408 Green Pine Dr","Louisville","KY","40220"
84334,"7309 Shepherdsville Rd","Louisville","KY","40219"
84335,"1337 S 4th St","Louisville","KY","40208"
84336,"3718 Garland Ave","Louisville","KY","40211"
84337,"108 N 26th St","Louisville","KY","40212"
84338,"3030 Breckenridge Ln","Apt 410","Louisville",
84339,"3812 Duncan St","Louisville","KY","40212"
84340,"5905 W Pages Ln","Louisville","KY","40258"
84341,"678 S 42nd St","Louisville","KY","40211"
84342,"731 Fairhill Dr","Louisville","KY","40207"
84343,"126 Oxford Pl","Louisville","KY","40207"
84344,"1404 Haskin Ave","Louisville","KY","40215"
84345,"4902 Kendall Rd","Louisville","KY","40272"
84346,"5322 Juanita Ln","Louisville","KY","40272"
84347,"2413 Landrum Ave","Louisville","KY","40216"
84348,"4814 Redwing Way","Louisville","KY","40213"
84349,"806 Flicker Rd","Louisville","KY","40214"
84350,"5602 Minyard Dr","Louisville","KY","40219"
84351,"2009 Fort St","Louisville","KY","40217"
84352,"9604 Keeling Ridge Rd","Louisville","KY","40291"
84353,"6816 Shareith Dr","Louisville","KY","40228"
84354,"1706 Nelson Ave","Louisville","KY","40216"
84355,"6709 Six Mile Ln","Louisville","KY","40218"
84356,"10401 Truman Way","Louisville","KY","40299"
84357,"8811 Duck Crossing Ln","Louisville","KY","40291"
84358,"5617 Bradbury Ave","Louisville","KY","40258"
84359,"12714 Razor Branch Ct","Louisville","KY","40299"
84360,"606 Pennyroyal Way","Louisville","KY","40223"
84361,"10606 Ledbury Ct","Louisville","KY","40243"
84362,"8400 Berea Dr","Louisville","KY","40228"
84363,"8104 Carnes Dr","Louisville","KY","40219"
84364,"3432 Stony Farm Dr","Louisville","KY","40299"
84365,"10305 Easum Rd","Louisville","KY","40299"
84366,"1023 Sale Ave","Louisville","KY","40215"
84367,"1229 Everett Ave","Louisville","KY","40204"
84368,"8606 Bost Ln","Louisville","KY","40219"
84369,"7507 Nottoway Cir","Louisville","KY","40214"
84370,"651 S 35th St","Louisville","KY","40211"
84371,"3100 Gambriel Ct","Louisville","KY","40205"
84372,"9127 Lantana Dr","Louisville","KY","40229"
84373,"1112 Rammers Ave","Louisville","KY","40204"
84374,"10516 Forest Garden Ln","Louisville","KY","40223"
84375,"3419 Fernheather Dr","Louisville","KY","40216"
84376,"4515 Pulaski Ct","Louisville","KY","40245"
84377,"9604 Preston Spring Dr","Unit 103","Louisville",
84378,"4202 Patterson Park Ct","Louisville","KY","40299"
84379,"103 Charlton Wynde Dr","Louisville","KY","40245"
84380,"2911 S 5th St","Louisville","KY","40208"
84381,"7315 Saint Andrews Woods Cir","Unit 201","Louisville",
84382,"9005 Falcon Crest Dr","Unit 123","Louisville",
84383,"3022 Betty Ln","Louisville","KY","40205"
84384,"9700 Fern Creek Rd","Louisville","KY","40291"
84385,"1908 Dixie Garden Dr","Louisville","KY","40272"
84386,"2501 Greenwood Ave","Louisville","KY","40210"
84387,"11806 E Osage Rd","Louisville","KY","40223"
84388,"7919 Columbine Dr","Louisville","KY","40258"
84389,"1401 Southgate Ave","Louisville","KY","40215"
84390,"4044 Eden Ln","Louisville","KY","40216"
84391,"2147 East Ln","Louisville","KY","40216"
84392,"10303 Broadwood Dr","Louisville","KY","40291"
84393,"1342 Cypress St","Louisville","KY","40211"
84394,"6303 Goalby Dr","Louisville","KY","40258"
84395,"11500 Shaffer Farms Ln","Louisville","KY","40291"
84396,"7424 Apple Mill Dr","Louisville","KY","40228"
84397,"5806 Janet Lee Dr","Louisville","KY","40291"
84398,"3409 Duvalle Dr","Louisville","KY","40211"
84399,"4107 Bolling Brook Dr","Louisville","KY","40299"
84400,"1814 Bainbridge Row Dr","Louisville","KY","40207"
84401,"3420 Sample Way","Louisville","KY","40245"
84402,"5212 Stephan Dr","Louisville","KY","40258"
84403,"1104 Colonel Anderson Pkwy","Louisville","KY","40222"
84404,"1300 Leighton Cir","Louisville","KY","40222"
84405,"610 Inverness Ave","Louisville","KY","40214"
84406,"2114 W Oak St","Louisville","KY","40210"
84407,"2219 Hayward Rd","Louisville","KY","40242"
84408,"914 Woodland Heights Dr","Louisville","KY","40245"
84409,"11709 Blair Creek Ct","Louisville","KY","40229"
84410,"1835 Nobel Pl","Louisville","KY","40216"
84411,"1843 Mary Catherine Dr","Louisville","KY","40216"
84412,"7602 Kenhurst Dr","Louisville","KY","40258"
84413,"2405 Westwood Ave","Louisville","KY","40220"
84414,"11202 John Law Way","Louisville","KY","40272"
84415,"967 Samuel St","Louisville","KY","40204"
84416,"6302 Hunters Grove Rd","Louisville","KY","40216"
84417,"5506 Gaskin Ct","Louisville","KY","40229"
84418,"3500 Grannel Ct","Louisville","KY","40214"
84419,"10413 Nanka Rd","Louisville","KY","40272"
84420,"5357 New Cut Rd","Louisville","KY","40214"
84421,"3403 Southmeade Cir","Louisville","KY","40214"
84422,"5107 Princeton Ave","Louisville","KY","40258"
84423,"2632 Payne St","Louisville","KY","40206"
84424,"644 S 39th St","Louisville","KY","40211"
84425,"2624 Longview Ave","Louisville","KY","40206"
84426,"247 S Hite Ave","Louisville","KY","40206"
84427,"6000 Haven Manor Way","Louisville","KY","40228"
84428,"3117 Danbury Ct","Louisville","KY","40242"
84429,"502 Davenport Dr","Louisville","KY","40245"
84430,"6723 Carolyn Rd","Louisville","KY","40214"
84431,"8520 Moody Rd","Louisville","KY","40219"
84432,"9303 Stonestreet Rd","Unit 202","Louisville",
84433,"217 Inverness Ave","Louisville","KY","40214"
84434,"201 Redding Rd","Louisville","KY","40218"
84435,"8321 Siesta Way","Louisville","KY","40219"
84436,"7611 Hornbeck Farm Rd","Louisville","KY","40291"
84437,"816 Exmoor Ave","Louisville","KY","40223"
84438,"10302 Garlanreid Pl","Louisville","KY","40223"
84439,"4203 Willowview Blvd","Louisville","KY","40299"
84440,"3308 Radiance Rd","Louisville","KY","40220"
84441,"1005 Springview Dr","Louisville","KY","40219"
84442,"6540 Calm River Way","Louisville","KY","40299"
84443,"2619 Longview Ave","Louisville","KY","40206"
84444,"251 S Hite Ave","Louisville","KY","40206"
84445,"1217 Goss Ave","Louisville","KY","40217"
84446,"9003 Falcon Crest Ct","Unit 203","Louisville",
84447,"3307 Colonial Manor Cir","Unit 5A","Louisville",
84448,"3311 Tatum Ln","Louisville","KY","40216"
84449,"10405 Clyde Moore Blvd","Louisville","KY","40291"
84450,"113 N Hite Ave","Louisville","KY","40206"
84451,"12300 Wildcat Way","Louisville","KY","40299"
84452,"1964 Trevilian Way","Louisville","KY","40205"
84453,"11304 Valley Cove Cir","Louisville","KY","40291"
84454,"1600 Carlimar Ln","Louisville","KY","40222"
84455,"4320 Whitmore Ave","Louisville","KY","40215"
84456,"3319 Algonquin Pkwy","Louisville","KY","40211"
84457,"1117 W Indian Trl","Louisville","KY","40213"
84458,"2103 Dixdale Ave","Louisville","KY","40210"
84459,"3802 Riveroaks Ln","Louisville","KY","40241"
84460,"5106 Reed Ave","Louisville","KY","40214"
84461,"4702 Redbud Forest Pl","Louisville","KY","40245"
84462,"3035 Wirth Ave","Louisville","KY","40217"
84463,"5105 Roederer Dr","Louisville","KY","40219"
84464,"6402 Mossy Oaks Dr","Louisville","KY","40291"
84465,"10803 Cherry Grove Ct","Louisville","KY","40299"
84466,"4905 Shadoheck Dr","Louisville","KY","40216"
84467,"4201 Wilmoth Ave","Louisville","KY","40216"
84468,"3225 Wellingmoor Ave","Louisville","KY","40218"
84469,"604 Cobblestone Sq","Louisville","KY","40223"
84470,"3026 Iris Way","Louisville","KY","40220"
84471,"9218 Wanlou Dr","Louisville","KY","40272"
84472,"7211 Oakburn Dr","Louisville","KY","40258"
84473,"3711 Chauncey Ave","Louisville","KY","40211"
84474,"13914 Dixie Hwy","Louisville","KY","40272"
84475,"4016 Tally Ho Ct","Louisville","KY","40299"
84476,"912 Willow Pointe Dr","Louisville","KY","40299"
84477,"5916 Eldorado Ave","Louisville","KY","40291"
84478,"2101 Oregon Ave","Louisville","KY","40210"
84479,"6204 Ree Ct","Louisville","KY","40216"
84480,"4189 Westport Rd","Louisville","KY","40207"
84481,"3546 Ramona Ave","Louisville","KY","40220"
84482,"7608 Gadwall Way","Louisville","KY","40218"
84483,"2812 Tyson Pl","Louisville","KY","40218"
84484,"7102 Greenwich Rd","Louisville","KY","40218"
84485,"10414 Saint Rene Rd","Louisville","KY","40299"
84486,"10201 Mountain Laurel Ln","Louisville","KY","40228"
84487,"4045 Mulberry Row Way","Louisville","KY","40299"
84488,"5009 Constance Dr","Louisville","KY","40272"
84489,"12700 Glengate Pl","Louisville","KY","40299"
84490,"1768 Wilson Ave","Louisville","KY","40210"
84491,"1755 Bernheim Ln","Louisville","KY","40210"
84492,"763 N Hite Ave","Apt 1","Louisville",
84493,"4309 Lees Ln","Louisville","KY","40216"
84494,"152 Crescent Ave","Louisville","KY","40206"
84495,"3903 Fieldside Cir","Louisville","KY","40299"
84496,"2511 Harness Ct","Louisville","KY","40299"
84497,"733 S 44th St","Louisville","KY","40211"
84498,"10789 Colonial Woods Ct","Louisville","KY","40223"
84499,"421 Creason Ct","Unit 208","Louisville",
84500,"4808 Fury Way","Louisville","KY","40258"
84501,"5722 Prince William St","Louisville","KY","40207"
84502,"9203 Tangley Ln","Louisville","KY","40242"
84503,"9110 Bristol Ave","Louisville","KY","40220"
84504,"7127 Sky Blue Ave","Louisville","KY","40258"
84505,"1135 Sylvia St","Louisville","KY","40217"
84506,"6613 Huff Ln","Louisville","KY","40216"
84507,"8511 Bambi Way","Louisville","KY","40214"
84508,"502 Willowhurst Pl","Louisville","KY","40223"
84509,"3501 Illinois Ave","Apt E8","Louisville",
84510,"1725 Marlow Rd","Louisville","KY","40216"
84511,"821 E Washington St","Louisville","KY","40206"
84512,"1219 Homeview Dr","Louisville","KY","40215"
84513,"4912 Bridle Bend Way","Louisville","KY","40299"
84514,"4518 Accomack Dr","Louisville","KY","40241"
84515,"3714 Southern Ave","Louisville","KY","40211"
84516,"2305 W Burnett Ave","Louisville","KY","40210"
84517,"5246 Valkyrie Way","Louisville","KY","40272"
84518,"3404 Lexington Rd","Louisville","KY","40207"
84519,"981 Eastern Pkwy","Louisville","KY","40217"
84520,"2615 Merhoff St","Louisville","KY","40217"
84521,"7904 Manner Pointe Dr","Louisville","KY","40220"
84522,"3746 Craig Ave","Louisville","KY","40215"
84523,"702 Linden Dr","Louisville","KY","40223"
84524,"1087 Forrest View Dr","Louisville","KY","40219"
84525,"410 Mayfair Ln","Louisville","KY","40207"
84526,"2008 Patricia Dr","Louisville","KY","40272"
84527,"2815 Whitlock St","Louisville","KY","40213"
84528,"1708 Harold Ave","Louisville","KY","40210"
84529,"2324 Saint Louis Ave","Louisville","KY","40210"
84530,"2326 Farnsley Rd","Louisville","KY","40216"
84531,"9519 Farmstead Ln","Louisville","KY","40291"
84532,"259 Shelby Cir","Louisville","KY","40229"
84533,"8603 Garden Gate Cir","Louisville","KY","40291"
84534,"3405 Duvalle Dr","Louisville","KY","40211"
84535,"10100 Nanka Rd","Louisville","KY","40272"
84536,"2807 Timber Hills Rd","Louisville","KY","40214"
84537,"8205 Bohannon Station Rd","Louisville","KY","40291"
84538,"9905 Lochwick Way","Louisville","KY","40272"
84539,"7300 Saint Andrews Woods Cir","Unit 204","Louisville",
84540,"3314 Carrie Dr","Louisville","KY","40216"
84541,"206 Blarney Ln","Louisville","KY","40229"
84542,"4612 River Front Dr","Louisville","KY","40216"
84543,"8509 Tolls Ln","Louisville","KY","40214"
84544,"6817 Manslick Rd","Louisville","KY","40214"
84545,"115 S 37th St","Louisville","KY","40212"
84546,"1140 S Brook St","Apt 4","Louisville",
84547,"4180 Lyndon Way","Unit 305","Louisville",
84548,"4212 Final Dr","Louisville","KY","40219"
84549,"9508 Aylesbury Dr","Louisville","KY","40242"
84550,"4226 Ashleywood Ct","Louisville","KY","40241"
84551,"5800 Pikewood Rd","Louisville","KY","40219"
84552,"7107 Johnsontown Rd","Louisville","KY","40272"
84553,"6917 Triangle Dr","Louisville","KY","40214"
84554,"8716 James R Rd","Louisville","KY","40118"
84555,"7230 Strive Ln","Louisville","KY","40258"
84556,"6032 Clearwater Cir","Louisville","KY","40219"
84557,"11300 Valley Cove Cir","Louisville","KY","40291"
84558,"1300 Cardinal Dr","Unit 408","Louisville",
84559,"8712 Wyndridge Creek Way","Louisville","KY","40242"
84560,"166 Wild Way","Louisville","KY","40229"
84561,"4200 Meadowbend Way","Louisville","KY","40218"
84562,"4301 Silverleaf Dr","Louisville","KY","40213"
84563,"4922 Merton Sq","Louisville","KY","40241"
84564,"7106 Black Walnut Cir","Louisville","KY","40229"
84565,"1530 Russell Lee Dr","Louisville","KY","40211"
84566,"4820 Burris Dr","Louisville","KY","40291"
84567,"523 School Way","Louisville","KY","40214"
84568,"7100 Welchire Falls Dr","Louisville","KY","40228"
84569,"1405 Cunningham Ct","Louisville","KY","40211"
84570,"1904 Maricopa Ct","Louisville","KY","40223"
84571,"13620 Pinnacle Gardens Cir","Louisville","KY","40245"
84572,"1929 White Oak Ln","Louisville","KY","40216"
84573,"2800 Arden Rd","Louisville","KY","40220"
84574,"5109 Rangoon Way","Louisville","KY","40218"
84575,"13616 Pinnacle Gardens Cir","Louisville","KY","40245"
84576,"6606 W Orell Rd","Louisville","KY","40272"
84577,"1008 Glenbrook Rd","Louisville","KY","40223"
84578,"2907 W Market St","Louisville","KY","40212"
84579,"2125 Grand Ave","Louisville","KY","40210"
84580,"123 N 35th St","Louisville","KY","40212"
84581,"3025 Cleveland Blvd","Louisville","KY","40206"
84582,"711 W Kenwood Dr","Louisville","KY","40214"
84583,"3719 Lime Kiln Ln","Louisville","KY","40222"
84584,"1907 Newburg Rd","Louisville","KY","40205"
84585,"5905 Eldorado Ave","Louisville","KY","40291"
84586,"8371 Dorinda Ave","Louisville","KY","40258"
84587,"7012 Spring Vista Ct","Louisville","KY","40229"
84588,"5904 Toebbe Ln","Louisville","KY","40229"
84589,"1415 Earl Ave","Louisville","KY","40215"
84590,"1411 Earl Ave","Louisville","KY","40215"
84591,"13622 Pinnacle Gardens Cir","Louisville","KY","40245"
84592,"6207 Gayle Dr","Louisville","KY","40219"
84593,"5909 Bannon Crossings Dr","Louisville","KY","40228"
84594,"7422 Ridan Way","Louisville","KY","40214"
84595,"139 Whispering Pines Cir","Louisville","KY","40245"
84596,"1208 S Preston St","Louisville","KY","40203"
84597,"4306 Wisteria Landing Cir","Unit 103","Louisville",
84598,"505 Macon Ave","Louisville","KY","40207"
84599,"8923 Gentlewind Way","Louisville","KY","40291"
84600,"338 S 42nd St","Louisville","KY","40212"
84601,"4213 Monticello Ave","Louisville","KY","40218"
84602,"9003 Cherriville Rd","Louisville","KY","40219"
84603,"203 Pepperbush Rd","Louisville","KY","40207"
84604,"128 Crescent Ave","Louisville","KY","40206"
84605,"3935 Rankin St","Louisville","KY","40214"
84606,"4512 Cod Dr","Louisville","KY","40272"
84607,"14503 Ashmont Pl","Louisville","KY","40245"
84608,"6318 Montego Bay Rd","Louisville","KY","40228"
84609,"1858 Princeton Dr","Louisville","KY","40205"
84610,"178 Old Rd","Louisville","KY","40229"
84611,"9009 Sidney Way","Louisville","KY","40291"
84612,"823 Iroquois Ave","Louisville","KY","40214"
84613,"9911 Mary Dell Ln","Louisville","KY","40291"
84614,"7901 Ridgehurst Pl","Louisville","KY","40299"
84615,"2813 Park Brook Ln","Louisville","KY","40213"
84616,"458 S 41st St","Louisville","KY","40212"
84617,"6007 Cole Ave","Louisville","KY","40258"
84618,"244 Shady Brook Ln","Louisville","KY","40229"
84619,"4104 Normie Ct","Louisville","KY","40229"
84620,"2388 Clarendon Ave","Louisville","KY","40205"
84621,"1339 S 2nd St","Louisville","KY","40208"
84622,"10014 Lancewood Rd","Louisville","KY","40229"
84623,"10415 Sandbourne Way","Louisville","KY","40241"
84624,"7830 Nottoway Cir","Louisville","KY","40214"
84625,"803 Skylark Dr","Louisville","KY","40223"
84626,"4629 Kiefer Rd","Louisville","KY","40216"
84627,"10607 Waycross Ave","Louisville","KY","40229"
84628,"7606 Garden View Ct","Louisville","KY","40220"
84629,"4803 Greenwood Rd","Louisville","KY","40258"
84630,"320 Ethridge Ave","Unit 206","Louisville",
84631,"1259 Forest Dr","Louisville","KY","40219"
84632,"4000 Woody Ln","Louisville","KY","40258"
84633,"12214 Old Henry Rd","Louisville","KY","40223"
84634,"3911 Rock Bay Dr","Louisville","KY","40245"
84635,"7902 Tip Top Ln","Louisville","KY","40219"
84636,"7009 Shareith Dr","Louisville","KY","40228"
84637,"7222 Strive Ln","Louisville","KY","40258"
84638,"10102 Cardigan Dr","Louisville","KY","40299"
84639,"1231 Hogarth Dr","Louisville","KY","40222"
84640,"2303 Lytle St","Louisville","KY","40212"
84641,"9005 Sandwich Pl","Louisville","KY","40242"
84642,"4252 Northwestern Pkwy","Louisville","KY","40212"
84643,"5422 Southview Dr","Louisville","KY","40214"
84644,"1364 Mariemont Ct","Unit 102","Louisville",
84645,"603 Sunnygate Pl","Louisville","KY","40223"
84646,"10520 Leven Blvd","Louisville","KY","40229"
84647,"10122 Springhurst Gardens Cir","Louisville","KY","40241"
84648,"2609 Magazine St","Louisville","KY","40211"
84649,"219 Inverness Ave","Louisville","KY","40214"
84650,"5300 Rosette Blvd","Louisville","KY","40218"
84651,"126 Franck Ave","Louisville","KY","40206"
84652,"11226 Comfort Ct","Louisville","KY","40229"
84653,"4036 Whiteblossom Estates Ct","Louisville","KY","40241"
84654,"2591 E Burnett Ave","Louisville","KY","40217"
84655,"3213 Rosewedge Way","Louisville","KY","40216"
84656,"2100 Wilson Ave","Louisville","KY","40210"
84657,"10403 Vista Hills Blvd","Louisville","KY","40291"
84658,"1201 Garden Creek Cir","Louisville","KY","40223"
84659,"805 Dorsey Way","Louisville","KY","40223"
84660,"4113 Locust Ave","Louisville","KY","40215"
84661,"4030 Poplar Level Rd","Apt 1","Louisville",
84662,"1804 Chaucer Ct","Louisville","KY","40220"
84663,"655 S 38th St","Louisville","KY","40211"
84664,"5238 Valkyrie Way","Louisville","KY","40272"
84665,"135 Persimmon Ridge Dr","Louisville","KY","40245"
84666,"9101 Tangley Ln","Louisville","KY","40242"
84667,"211 Kilcott Ct","Louisville","KY","40245"
84668,"3820 Jean Cain Pl","Louisville","KY","40245"
84669,"129 Whispering Pines Cir","Louisville","KY","40245"
84670,"7200 Creekton Dr","Louisville","KY","40241"
84671,"7410 Michael Dr","Louisville","KY","40228"
84672,"4201 Manner Gate Dr","Louisville","KY","40220"
84673,"2312 Ecton Ln","Louisville","KY","40216"
84674,"5309 Great Hunter Ct","Louisville","KY","40229"
84675,"6809 Rock Forest Dr","Louisville","KY","40219"
84676,"6705 William Clark Dr","Louisville","KY","40228"
84677,"6809 Dartmoor Dr","Louisville","KY","40222"
84678,"5103 Gemma Way","Apt 202","Louisville",
84679,"1008 Louis Coleman Jr Dr","Louisville","KY","40211"
84680,"2603 Broadmeade Rd","Louisville","KY","40205"
84681,"9610 Westport Rd","Apt 8","Louisville",
84682,"4013 Therina Way","Louisville","KY","40241"
84683,"2928 Field Ave","Louisville","KY","40206"
84684,"2704 Foxy Poise Rd","Louisville","KY","40220"
84685,"9502 Tiverton Way","Louisville","KY","40242"
84686,"4015 Mulberry Row Way","Louisville","KY","40299"
84687,"11703 Wareing Ct","Louisville","KY","40272"
84688,"4861 Bellevue Ave","Louisville","KY","40215"
84689,"4301 Windward Pl","Louisville","KY","40207"
84690,"2937 Lexington Rd","Louisville","KY","40206"
84691,"1820 Oehrle Dr","Louisville","KY","40216"
84692,"89 College Ct","Louisville","KY","40203"
84693,"830 Linwood Ave","Louisville","KY","40217"
84694,"9201 Hampton Ridge Ct","Louisville","KY","40220"
84695,"8713 Wisdom Ln","Louisville","KY","40229"
84696,"4004 Lomond Dr","Louisville","KY","40216"
84697,"2315 Landrum Ave","Louisville","KY","40216"
84698,"1449 Saint James Ct","Louisville","KY","40208"
84699,"6609 Briscoe Ln","Louisville","KY","40228"
84700,"7104 Chippenham Rd","Louisville","KY","40222"
84701,"4010 Cutlass Ct","Louisville","KY","40229"
84702,"8301 Johnson School Rd","Louisville","KY","40291"
84703,"500 Marquette Dr","Louisville","KY","40222"
84704,"3724 Ethel Ave","Louisville","KY","40218"
84705,"5205 Church Rd","Louisville","KY","40272"
84706,"10303 Nanka Rd","Louisville","KY","40272"
84707,"7004 Green Manor Dr","Louisville","KY","40228"
84708,"9108 Hogarth Ct","Louisville","KY","40222"
84709,"4012 Dana Dr","Louisville","KY","40216"
84710,"5307 Rolling Rock Ct","Unit 204","Louisville",
84711,"6708 Scenic Trl","Louisville","KY","40272"
84712,"2016 St Louis-1 5ba Ave","Unit HOUSE3","Louisville",
84713,"2016 St Louis Ave","Louisville","KY","40210"
84714,"3628 Northwestern Pkwy","Louisville","KY","40212"
84715,"8126 Entrance Rd","Louisville","KY","40258"
84716,"5526 Westhall Ave","Louisville","KY","40214"
84717,"212 Clover Ln","Louisville","KY","40207"
84718,"12100 Redspire Dr","Unit 101","Louisville",
84719,"4427 Baygarden Ct","Louisville","KY","40245"
84720,"11307 Coolwood Rd","Louisville","KY","40223"
84721,"8505 Kimberly Way","Louisville","KY","40291"
84722,"2710 Durbing Ave","Louisville","KY","40299"
84723,"7919 Osborne Dr","Louisville","KY","40222"
84724,"3112 Faywood Way","Louisville","KY","40215"
84725,"303 Winton Ave","Louisville","KY","40206"
84726,"10416 Deering Rd","Louisville","KY","40272"
84727,"12402 Brightfield Dr","Louisville","KY","40243"
84728,"2601 Benoch Ave","Louisville","KY","40216"
84729,"4802 Oak Park Dr","Louisville","KY","40258"
84730,"4019 Mulberry Row Way","Louisville","KY","40299"
84731,"202 Northwestern Pkwy","Louisville","KY","40212"
84732,"10325 Pine Glen Cir","Louisville","KY","40291"
84733,"7002 Sky Blue Ave","Louisville","KY","40258"
84734,"3310 Illinois Ave","Louisville","KY","40213"
84735,"4024 Henderson Ave","Louisville","KY","40213"
84736,"938 W Whitney Ave","Louisville","KY","40215"
84737,"10402 Christina Ct","Louisville","KY","40223"
84738,"232 Chenoweth Ln","Louisville","KY","40207"
84739,"811 Denmark St","Louisville","KY","40215"
84740,"8417 Blossom Ln","Louisville","KY","40242"
84741,"1709 Sonne Ave","Louisville","KY","40216"
84742,"3421 Audubon Ridge Ct","Louisville","KY","40213"
84743,"515 W Woodlawn Ave","Louisville","KY","40214"
84744,"206 Fairfax Ave","Louisville","KY","40207"
84745,"7229 Heatherly Sq","Louisville","KY","40242"
84746,"7804 Fair Ln","Louisville","KY","40291"
84747,"6807 Obryan Rd","Louisville","KY","40291"
84748,"1728 Belay Way","Louisville","KY","40245"
84749,"8507 Beulah Church Rd","Louisville","KY","40291"
84750,"4508 Manslick Rd","Louisville","KY","40216"
84751,"257 Hillside Ln","Louisville","KY","40229"
84752,"12009 Valley Meadow Way","Louisville","KY","40272"
84753,"2911 Rockford Ln","Louisville","KY","40216"
84754,"848 Ash St","Louisville","KY","40217"
84755,"3819 Canopus Ct","Louisville","KY","40219"
84756,"211 Sequoya Rd","Louisville","KY","40207"
84757,"2142 Winston Ave","Louisville","KY","40205"
84758,"703 Wolford Ridge Ct","Louisville","KY","40245"
84759,"3403 Brookhollow Dr","Louisville","KY","40220"
84760,"3305 Richard Ave","Louisville","KY","40206"
84761,"7908 Tip Top Ln","Louisville","KY","40219"
84762,"9804 Collier Ln","Louisville","KY","40291"
84763,"143 E Ashland Ave","Louisville","KY","40214"
84764,"1700 Nelson Ave","Louisville","KY","40216"
84765,"2024 Kendall Ln","Louisville","KY","40216"
84766,"4102 Saint Francis Ln","Louisville","KY","40218"
84767,"5307 Kilmer Blvd","Louisville","KY","40213"
84768,"1311 Castlewood Ave","Louisville","KY","40204"
84769,"114 Crescent Ave","Apt D3","Louisville",
84770,"3204 Jacks Ln","Louisville","KY","40216"
84771,"4112 Handley Ave","Louisville","KY","40218"
84772,"133 S 3rd St","Apt 201","Louisville",
84773,"4703 Dohn Rd","Louisville","KY","40216"
84774,"11705 Taylor Rae Dr","Louisville","KY","40229"
84775,"2915 Westfield Rd","Louisville","KY","40220"
84776,"2711 Bank St","Louisville","KY","40212"
84777,"1377 Dixie Hwy","Louisville","KY","40210"
84778,"419 N 34th St","Louisville","KY","40212"
84779,"2634 Drayton Dr","Louisville","KY","40205"
84780,"5707 Mockernut Ln","Louisville","KY","40258"
84781,"6603 Arbor Creek Dr","Louisville","KY","40228"
84782,"2834 Garfield Ave","Louisville","KY","40212"
84783,"5100 Us Hwy","42 Apt 622","Louisville",
84784,"1701 Stratton Ct","Louisville","KY","40211"
84785,"8513 Blue Lick Rd","Louisville","KY","40219"
84786,"707 Vannah Ave","Louisville","KY","40223"
84787,"11923 Tazwell Dr","Apt 1","Louisville",
84788,"9804 Dea Dea Ct","Louisville","KY","40291"
84789,"6211 Terry Rd","Louisville","KY","40258"
84790,"715 Indian Ridge Rd","Louisville","KY","40207"
84791,"304 Lyndonwoods Cir","Louisville","KY","40222"
84792,"3808 Iron Horse Way","Louisville","KY","40272"
84793,"2219 Grove Hill Pl","Louisville","KY","40207"
84794,"2912 Garey Ln","Louisville","KY","40216"
84795,"4119 Boones Grove Way","Louisville","KY","40299"
84796,"2119 Lowell Ave","Louisville","KY","40205"
84797,"4114 Bubbling Over Dr","Louisville","KY","40216"
84798,"1713 Quarry Hill Rd","Louisville","KY","40213"
84799,"5717 Maryman Rd","Louisville","KY","40258"
84800,"11508 Nancy Stone Ct","Louisville","KY","40229"
84801,"6902 Beard Ct","Louisville","KY","40228"
84802,"725 Sutcliffe Ave","Louisville","KY","40211"
84803,"409 Virginia Ave","Louisville","KY","40222"
84804,"11101 Kilrenny Ct","Louisville","KY","40243"
84805,"10205 Davinhurst Ct","Louisville","KY","40241"
84806,"3775 Parthenia Ave","Louisville","KY","40215"
84807,"4611 Chenwood Ln","Louisville","KY","40299"
84808,"1736 Luken Dr","Louisville","KY","40216"
84809,"5910 Saddle Blanket Dr","Louisville","KY","40219"
84810,"4531 Stonestreet Ave","Louisville","KY","40216"
84811,"10310 Moonlight Way","Louisville","KY","40272"
84812,"913 Lone Tree Ct","Louisville","KY","40223"
84813,"7012 Bischoff Farm Dr","Louisville","KY","40291"
84814,"4101 Cheviot Dr","Louisville","KY","40216"
84815,"3515 Hardwood Forest Dr","Louisville","KY","40214"
84816,"4826 Redstart Rd","Louisville","KY","40213"
84817,"9202 Willowwood Way","Louisville","KY","40299"
84818,"9005 Harwich Pl","Louisville","KY","40242"
84819,"6917 Arbor Manor Way","Louisville","KY","40228"
84820,"2036 Lynn Lea Rd","Louisville","KY","40216"
84821,"5206 Rosette Blvd","Louisville","KY","40218"
84822,"2427 Broadmeade Rd","Louisville","KY","40205"
84823,"3807 Zaring Mill Cir","Louisville","KY","40241"
84824,"1881 Rutherford Ave","Louisville","KY","40205"
84825,"7713 Chet Ln","Louisville","KY","40214"
84826,"10613 Providence Dr","Louisville","KY","40291"
84827,"2300 Alta Ave","Louisville","KY","40205"
84828,"1885 Rutherford Ave","Louisville","KY","40205"
84829,"2925 Richland Ave","Louisville","KY","40220"
84830,"13419 Cain Ln","Louisville","KY","40245"
84831,"820 Hazel St","Louisville","KY","40211"
84832,"5002 Winding Spring Pl","Louisville","KY","40245"
84833,"7062 Wildwood Cir","Apt 127","Louisville",
84834,"2502 Briargate Ave","Louisville","KY","40216"
84835,"10709 Water Oaks Ct","Louisville","KY","40241"
84836,"7502 Yorktown Rd","Louisville","KY","40214"
84837,"8515 William Cummins Ct","Louisville","KY","40228"
84838,"600 E Barbee Ave","Louisville","KY","40217"
84839,"1477 Sable Wing Cir","Louisville","KY","40223"
84840,"12250 Ridgemont Rd","Louisville","KY","40229"
84841,"1142 Algonquin Pkwy","Louisville","KY","40208"
84842,"4009 Massie Ave","Louisville","KY","40207"
84843,"1350 Trinity Park Dr","Louisville","KY","40213"
84844,"1249 S 1st St","Apt 3","Louisville",
84845,"5106 Regent Way","Louisville","KY","40218"
84846,"5312 Red Oak Ln","Louisville","KY","40218"
84847,"5213 Rural Way","Louisville","KY","40218"
84848,"3010 Freys Hill Rd","Louisville","KY","40241"
84849,"113 Adams St","Louisville","KY","40206"
84850,"645 N Barbee Way","Louisville","KY","40217"
84851,"1643 Rangeland Rd","Louisville","KY","40219"
84852,"2002 Glenview Ave","Louisville","KY","40222"
84853,"8507 Autumn Ridge Ct","Louisville","KY","40242"
84854,"3700 Fenholt Rd","Louisville","KY","40218"
84855,"7249 Heatherly Sq","Louisville","KY","40242"
84856,"3307 Quinton Dr","Louisville","KY","40216"
84857,"2611 Hardwood Ct","Louisville","KY","40214"
84858,"215 Norbourne Blvd","Louisville","KY","40207"
84859,"128 Bellefonte Ct","Louisville","KY","40229"
84860,"8901 Gutenberg Rd","Louisville","KY","40299"
84861,"7003 Woodhaven Place Dr","Louisville","KY","40228"
84862,"5907 Bay Pine Dr","Louisville","KY","40219"
84863,"2303 Rausch Dr","Louisville","KY","40216"
84864,"2913 Gleeson Ln","Louisville","KY","40299"
84865,"470 N 29th St","Louisville","KY","40212"
84866,"800 S 41st St","Louisville","KY","40211"
84867,"11002 Saybrook Ct","Louisville","KY","40229"
84868,"8923 Reamers Rd","Louisville","KY","40245"
84869,"7620 Beechspring Farm Blvd","Louisville","KY","40241"
84870,"6501 Lure Ln","Louisville","KY","40229"
84871,"7709 Laurel Ridge Rd","Louisville","KY","40219"
84872,"1015 Sarah Dr","Louisville","KY","40219"
84873,"3916 Landherr Dr","Louisville","KY","40299"
84874,"5407 Minyard Dr","Louisville","KY","40219"
84875,"526 Harris Pl","Louisville","KY","40222"
84876,"7000 Bischoff Farm Dr","Louisville","KY","40291"
84877,"8907 Teak Dr","Louisville","KY","40228"
84878,"2202 S 23rd St","Louisville","KY","40216"
84879,"1401 Melody Ln","Louisville","KY","40214"
84880,"4604 Johanna Ct","Louisville","KY","40229"
84881,"1425 Rhonda Way","Louisville","KY","40216"
84882,"5507 Billtown Rd","Louisville","KY","40299"
84883,"12620 Spring Haven Ct","Louisville","KY","40229"
84884,"5105 Doyle Dr","Louisville","KY","40216"
84885,"1602 Cedar St","Louisville","KY","40203"
84886,"10401 Nanka Rd","Louisville","KY","40272"
84887,"2404 Tregaron Ave","Louisville","KY","40299"
84888,"2722 W Kentucky St","Louisville","KY","40211"
84889,"19020 Long Grove Way","Louisville","KY","40245"
84890,"4309 Mount Vernon Rd","Louisville","KY","40220"
84891,"8001 Linda Rd","Louisville","KY","40219"
84892,"2 Ridge Rd","Louisville","KY","40205"
84893,"4303 Tulip Grove Ct","Louisville","KY","40241"
84894,"4602 Maris Ln","Louisville","KY","40241"
84895,"1903 Neville Dr","Louisville","KY","40216"
84896,"153 Treslyn Way","Louisville","KY","40245"
84897,"2705 Audley Dr","Louisville","KY","40206"
84898,"1877 Brownsboro Rd","Louisville","KY","40206"
84899,"2414 Lamborne Blvd","Louisville","KY","40272"
84900,"8213 Granwood Ln","Louisville","KY","40258"
84901,"2501 Wilkerson Ave","Louisville","KY","40216"
84902,"119 W Hill St","Louisville","KY","40208"
84903,"5103 Gemma Way","Apt 201","Louisville",
84904,"8002 Stacy Lynn Ct","Louisville","KY","40291"
84905,"4906 Bridle Bend Way","Louisville","KY","40299"
84906,"3751 Powell Ave","Louisville","KY","40215"
84907,"257 El Conquistador Pl","Louisville","KY","40220"
84908,"11408 Garden Trace Dr","Louisville","KY","40229"
84909,"6815 Fordham Ln","Louisville","KY","40291"
84910,"3716 Fairway Ln","Louisville","KY","40207"
84911,"5612 Axbridge Rd","Louisville","KY","40216"
84912,"5000 Yew Ln","Louisville","KY","40213"
84913,"10321 Deering Rd","Louisville","KY","40272"
84914,"2620 Elliott Ave","Louisville","KY","40211"
84915,"7607 Marietta Ct","Louisville","KY","40258"
84916,"5904 Dewitt Dr","Louisville","KY","40258"
84917,"17026 Bowline View Trl","Louisville","KY","40245"
84918,"7224 Strive Ln","Louisville","KY","40258"
84919,"4100 Brook Farm Pl","Louisville","KY","40299"
84920,"966 Cherokee Rd","Unit 102","Louisville",
84921,"1339 Hoertz Ave","Louisville","KY","40217"
84922,"1601 Melody Ln","Louisville","KY","40214"
84923,"10328 Keystone Trce","Louisville","KY","40223"
84924,"3020 Louisa Ave","Louisville","KY","40217"
84925,"4525 Dumesnil St","Louisville","KY","40211"
84926,"6417 Hunters Creek Blvd","Louisville","KY","40258"
84927,"5611 Regal Dr","Louisville","KY","40218"
84928,"2413 Old Hickory Rd","Louisville","KY","40299"
84929,"2607 Colonel Dr","Louisville","KY","40242"
84930,"9402 Cornflower Rd","Louisville","KY","40272"
84931,"1608 Beechwood Ave","Apt 4","Louisville",
84932,"1602 Beechwood Ave","Louisville","KY","40204"
84933,"3008 Betty Ln","Louisville","KY","40205"
84934,"2400 Mellwood Ave","Louisville","KY","40206"
84935,"1204 Oleanda Ave","Louisville","KY","40215"
84936,"3051 Crystal Waters Way","Louisville","KY","40299"
84937,"4618 Garland Ave","Louisville","KY","40211"
84938,"7514 Yorktown Rd","Louisville","KY","40214"
84939,"1603 Applewood Ln","Louisville","KY","40222"
84940,"8403 Smithton Rd","Louisville","KY","40219"
84941,"7605 Kenhurst Dr","Louisville","KY","40258"
84942,"1305 Navajo Ct","Louisville","KY","40207"
84943,"9717 Lancewood Rd","Louisville","KY","40229"
84944,"1008 High School Dr","Louisville","KY","40219"
84945,"5515 Rustic Way","Louisville","KY","40218"
84946,"4602 Dohn Rd","Louisville","KY","40216"
84947,"3954 Stonyrun Dr","Louisville","KY","40220"
84948,"202 Browns Ln","Apt 6","Louisville",
84949,"15705 Beckley Hills Dr","Louisville","KY","40245"
84950,"4524 Meadowlark Manor Ln","Louisville","KY","40245"
84951,"3928 Pinoak View Ct","Louisville","KY","40299"
84952,"3828 Darlene Dr","Louisville","KY","40216"
84953,"4304 Low Trail Ct","Louisville","KY","40299"
84954,"8211 Candelabrum Pl","Louisville","KY","40214"
84955,"6901 John Adams Way","Louisville","KY","40272"
84956,"5607 Secret Way","Louisville","KY","40272"
84957,"2810 Fairview Ave","Louisville","KY","40208"
84958,"755 N Hite Ave","Apt 2","Louisville",
84959,"10920 Fairway Pointe Dr","Louisville","KY","40241"
84960,"612 S 35th St","Louisville","KY","40211"
84961,"614 S 35th St","Louisville","KY","40211"
84962,"4408 S 8th St","Louisville","KY","40215"
84963,"2109 Churchdown Ln","Louisville","KY","40214"
84964,"9729 Ranger Rd","Louisville","KY","40229"
84965,"6003 Seaforth Way","Louisville","KY","40258"
84966,"7802 Bridlewood Pl","Louisville","KY","40228"
84967,"812 Gleam Dr","Louisville","KY","40214"
84968,"2319 W Jefferson St","Louisville","KY","40212"
84969,"2318 W Jefferson St","Louisville","KY","40212"
84970,"4103 Foreman Ln","Louisville","KY","40219"
84971,"2550 Magazine St","Louisville","KY","40211"
84972,"2222 W Jefferson St","Louisville","KY","40212"
84973,"6006 Crockett Dr","Louisville","KY","40258"
84974,"900 S 5th St","Unit 206","Louisville",
84975,"900 S 5th St","Unit 205","Louisville",
84976,"1710 Odaniel Ave","Apt 40","Louisville",
84977,"4006 Neagli Ct","Louisville","KY","40229"
84978,"3807 Hillcross Dr","Louisville","KY","40229"
84979,"318 S Birchwood Ave","Louisville","KY","40206"
84980,"314 S Birchwood Ave","Louisville","KY","40206"
84981,"8717 Hi View Ln","Louisville","KY","40272"
84982,"5902 Emmalee Dr","Louisville","KY","40219"
84983,"8607 Birch Ct","Louisville","KY","40242"
84984,"1345 Lillian Ave","Louisville","KY","40208"
84985,"3204 Verna Rd","Louisville","KY","40216"
84986,"4700 Haney Way","Louisville","KY","40272"
84987,"16819 Mallet Hill Dr","Louisville","KY","40245"
84988,"10006 Cardigan Dr","Louisville","KY","40299"
84989,"900 S 5th St","Unit 108","Louisville",
84990,"2848 Klondike Ln","Louisville","KY","40218"
84991,"900 S 5th St","Unit 210","Louisville",
84992,"665 S 36th St","Louisville","KY","40211"
84993,"1016 Baxter Ave","Louisville","KY","40204"
84994,"1113 Baxter Ave","Apt 4","Louisville",
84995,"10730 Copper Ridge Dr","Louisville","KY","40241"
84996,"1323 Earl Ave","Louisville","KY","40215"
84997,"678 S 44th St","Louisville","KY","40211"
84998,"1207 Navajo Ct","Louisville","KY","40207"
84999,"312 Glendora Ave","Louisville","KY","40212"
85000,"8601 Banbridge Rd","Louisville","KY","40242"
85001,"2707 Browns Ln","Louisville","KY","40220"
85002,"1243 S Clay St","Louisville","KY","40203"
85003,"900 S 5th St","Unit 209","Louisville",
85004,"900 S 5th St","Unit 106","Louisville",
85005,"10900 Lake Vista Ct","Louisville","KY","40241"
85006,"3716 Stonyrun Cir","Louisville","KY","40220"
85007,"6519 Cady Dr","Louisville","KY","40258"
85008,"1331 S 32nd St","Louisville","KY","40211"
85009,"4112 Saint Charles Ln","Louisville","KY","40218"
85010,"5200 Oaklawn Park Dr","Louisville","KY","40299"
85011,"12216 Hardwick Rd","Louisville","KY","40243"
85012,"17000 Piton Way","Louisville","KY","40245"
85013,"900 S 5th St","Unit 306","Louisville",
85014,"1105 Ireland Dr","Louisville","KY","40219"
85015,"5309 Chathamwood Dr","Louisville","KY","40229"
85016,"9019 Dove Creek Ct","Louisville","KY","40242"
85017,"1740 W Gaulbert Ave","Louisville","KY","40210"
85018,"1515 Hoertz Ave","Louisville","KY","40217"
85019,"9700 Heidelberg Ct","Louisville","KY","40291"
85020,"421 N 22nd St","Louisville","KY","40212"
85021,"5308 Carolina Crossings Way","Unit 201","Louisville",
85022,"331 Butterfly Ln","Louisville","KY","40229"
85023,"7306 Deutsch Rd","Louisville","KY","40229"
85024,"11725 Oak Bay Dr","Louisville","KY","40245"
85025,"7317 Quindero Run Rd","Louisville","KY","40228"
85026,"8119 Village Point Dr","Louisville","KY","40291"
85027,"9222 Cavalcade Ave","Louisville","KY","40272"
85028,"206 Eastern Wood Ct","Louisville","KY","40243"
85029,"3431 Stony Farm Dr","Louisville","KY","40299"
85030,"2907 Bowman Ave","Louisville","KY","40205"
85031,"8301 Sunny Ridge Ct","Louisville","KY","40299"
85032,"6008 Jeanine Dr","Louisville","KY","40219"
85033,"3021 Don Dee Dr","Louisville","KY","40220"
85034,"9914 Arterburn Woods Dr","Louisville","KY","40223"
85035,"4205 Pleasant Glen Dr","Louisville","KY","40299"
85036,"156 Whispering Pines Cir","Louisville","KY","40245"
85037,"3320 Audubon Ridge Dr","Louisville","KY","40213"
85038,"153 Prairie Dr","Louisville","KY","40229"
85039,"2124 Algonquin Pkwy","Louisville","KY","40210"
85040,"8400 Ambrosse Ln","Unit 206","Louisville",
85041,"1611 Spring Dr","Apt 4E","Louisville",
85042,"2219 Mary Catherine Dr","Louisville","KY","40216"
85043,"522 Nottingham Pkwy","Louisville","KY","40222"
85044,"2178 Emerson Ave","Louisville","KY","40205"
85045,"1600 Gardiner Ln","Apt 201","Louisville",
85046,"4100 Shelton Ave","Louisville","KY","40218"
85047,"10410 Venado Dr","Louisville","KY","40291"
85048,"7204 Rambo Way","Louisville","KY","40228"
85049,"1006 Elaine Dr","Louisville","KY","40219"
85050,"416 Knollwood Cir","Louisville","KY","40229"
85051,"11472 Tumbleweed Rd","Louisville","KY","40229"
85052,"5301 Vista John Dr","Louisville","KY","40214"
85053,"1710 Ashmoor Ln","Louisville","KY","40223"
85054,"4714 Goepper Rd","Louisville","KY","40258"
85055,"3213 Furman Blvd","Louisville","KY","40220"
85056,"1104 Queen Ave","Louisville","KY","40215"
85057,"8904 Hudson Ln","Louisville","KY","40291"
85058,"311 N 43rd St","Louisville","KY","40212"
85059,"4707 Shenandoah Dr","Louisville","KY","40241"
85060,"4407 Vaneto Dr","Louisville","KY","40216"
85061,"2505 Meadow Rd","Louisville","KY","40205"
85062,"3028 Dartmouth Ave","Louisville","KY","40205"
85063,"1211 Delor Ave","Louisville","KY","40217"
85064,"900 S 5th St","Unit 110","Louisville",
85065,"3510 Ephraim Mcdowell Dr","Louisville","KY","40205"
85066,"3418 W Jefferson St","Louisville","KY","40212"
85067,"3514 Autumn Way","Louisville","KY","40218"
85068,"2511 Veenia Ave","Louisville","KY","40205"
85069,"11205 Brooke Trace Cir","Louisville","KY","40229"
85070,"4208 Browns Ln","Unit 407","Louisville",
85071,"4103 Coverbrook Ct","Louisville","KY","40220"
85072,"8006 Zelma Fields Ave","Louisville","KY","40228"
85073,"2408 Top Hill Rd","Louisville","KY","40206"
85074,"674 Eastlawn Ave","Louisville","KY","40211"
85075,"809 Bowmore Pl","Louisville","KY","40243"
85076,"9212 Tangley Ln","Louisville","KY","40242"
85077,"7910 Wooded Ridge Dr","Louisville","KY","40214"
85078,"9504 Holiday Dr","Louisville","KY","40272"
85079,"15313 Champion Lakes Pl","Louisville","KY","40245"
85080,"1826 Date St","Louisville","KY","40210"
85081,"2109 Greenwood Ave","Louisville","KY","40210"
85082,"3065 University Rd","Louisville","KY","40206"
85083,"825 Denmark St","Louisville","KY","40215"
85084,"14425 Crescent Cove Dr","Louisville","KY","40299"
85085,"4923 Raven Rd","Louisville","KY","40213"
85086,"7806 Hall Farm Dr","Louisville","KY","40291"
85087,"12414 Aquarius Rd","Louisville","KY","40243"
85088,"827 Washburn Ave","Louisville","KY","40222"
85089,"6938 Ambridge Cir","Louisville","KY","40207"
85090,"209 Wooded Falls Rd","Louisville","KY","40243"
85091,"1822 Deerwood Ave","Louisville","KY","40205"
85092,"6914 Woodhaven Place Dr","Louisville","KY","40228"
85093,"5501 Minor Ln","Louisville","KY","40219"
85094,"4002 Keal Run Way","Louisville","KY","40241"
85095,"11105 Herring Ct","Louisville","KY","40291"
85096,"3001 Thomas Ln","Louisville","KY","40299"
85097,"209 N Steedland Dr","Louisville","KY","40229"
85098,"4013 Mulberry Row Way","Louisville","KY","40299"
85099,"1353 Gilmore Ln","Louisville","KY","40213"
85100,"3330 Illinois Ave","Louisville","KY","40213"
85101,"10511 Colonel Hancock Dr","Louisville","KY","40291"
85102,"2312 W Hill St","Louisville","KY","40210"
85103,"6810 Norway Dr","Louisville","KY","40214"
85104,"2910 S Winchester Acres Rd","Louisville","KY","40223"
85105,"12506 Essex Bay Ct","Louisville","KY","40245"
85106,"3030 Breckenridge Ln","Apt 414","Louisville",
85107,"3810 Greenwich Way","Louisville","KY","40218"
85108,"3717 Von Spiegel St","Louisville","KY","40211"
85109,"346 S Skyline Dr","Louisville","KY","40229"
85110,"3431 Bryan Way","Louisville","KY","40220"
85111,"919 Lake Forest Pkwy","Louisville","KY","40245"
85112,"3210 Rudd Ave","Louisville","KY","40212"
85113,"5211 Skylight Dr","Louisville","KY","40258"
85114,"13039 Bessels Blvd","Louisville","KY","40272"
85115,"734 Dearborn Ave","Louisville","KY","40211"
85116,"9716 Brooks Bend Rd","Louisville","KY","40258"
85117,"305 Patriot Ct","Louisville","KY","40214"
85118,"9001 Walter Ave","Louisville","KY","40229"
85119,"7101 Glen Echo Pl","Louisville","KY","40258"
85120,"5403 E Manslick Rd","Louisville","KY","40219"
85121,"6106 Stannye Dr","Louisville","KY","40222"
85122,"132 Saguaro Ct","Louisville","KY","40229"
85123,"574 Blankenbaker Ln","Louisville","KY","40207"
85124,"9312 Talitha Dr","Louisville","KY","40299"
85125,"578 Lilly Ave","Louisville","KY","40217"
85126,"203 Fairfax Ave","Louisville","KY","40207"
85127,"10214 Brentlinger Ln","Louisville","KY","40291"
85128,"279 Beechland Rd","Louisville","KY","40229"
85129,"4911 Mount Holyoke Dr","Louisville","KY","40216"
85130,"4716 Goepper Rd","Louisville","KY","40258"
85131,"1516 Schuff Ln","Louisville","KY","40205"
85132,"2302 Standard Ave","Louisville","KY","40210"
85133,"8106 Arbor Meadow Way","Louisville","KY","40228"
85134,"1601 Spring Dr","Apt 7","Louisville",
85135,"17021 Ashburton Dr","Louisville","KY","40245"
85136,"3804 Plymouth Rd","Louisville","KY","40207"
85137,"800 Sutcliffe Ave","Louisville","KY","40211"
85138,"9719 Collier Ln","Louisville","KY","40291"
85139,"6802 Barbrook Rd","Louisville","KY","40258"
85140,"8209 Sprint Ct","Louisville","KY","40291"
85141,"1204 Donard Ave","Louisville","KY","40218"
85142,"4205 Saint Thomas Ave","Louisville","KY","40218"
85143,"8112 Cedar Garden Cir","Louisville","KY","40291"
85144,"8200 Camberley Dr","Louisville","KY","40222"
85145,"9104 Marse Henry Dr","Louisville","KY","40299"
85146,"13800 Buttermilk Ridge Rd","Louisville","KY","40299"
85147,"6023 Dutschke Rd","Louisville","KY","40272"
85148,"414 Creel Ave","Louisville","KY","40208"
85149,"412 Creel Ave","Louisville","KY","40208"
85150,"410 Creel Ave","Louisville","KY","40208"
85151,"3505 Capri Dr","Louisville","KY","40218"
85152,"1055 E Caldwell St","Louisville","KY","40204"
85153,"860 Humler St","Louisville","KY","40211"
85154,"3613 E Indian Trl","Louisville","KY","40213"
85155,"612 S 43rd St","Louisville","KY","40211"
85156,"3102 Westone Way","Louisville","KY","40241"
85157,"2225 Cedar St","Louisville","KY","40212"
85158,"4011 Fern Valley Rd","Louisville","KY","40219"
85159,"4118 Retreat Rd","Louisville","KY","40219"
85160,"7002 Bischoff Farm Dr","Louisville","KY","40291"
85161,"901 S 32nd St","Unit A","Louisville",
85162,"901 S 32nd St","Unit B","Louisville",
85163,"3823 Sedalia Trl","Louisville","KY","40272"
85164,"2019 Lytle St","Louisville","KY","40203"
85165,"606 Davenport Dr","Louisville","KY","40245"
85166,"3212 Stony Farm Dr","Louisville","KY","40299"
85167,"408 Creel Ave","Louisville","KY","40208"
85168,"1004 Seelbach Ave","Louisville","KY","40215"
85169,"3603 Valdosta Ave","Louisville","KY","40218"
85170,"6807 Fordham Ln","Louisville","KY","40291"
85171,"7906 Manner Pointe Dr","Louisville","KY","40220"
85172,"5506 Morning Glory Ln","Louisville","KY","40258"
85173,"9303 Stonestreet Rd","Unit 212","Louisville",
85174,"2513 Meadow Dr","Louisville","KY","40218"
85175,"14200 Glendower Dr","Louisville","KY","40245"
85176,"4001 W Market St","Louisville","KY","40212"
85177,"14114 Spring Mill Rd","Louisville","KY","40245"
85178,"11473 Tumbleweed Rd","Louisville","KY","40229"
85179,"411 Mayfair Ln","Louisville","KY","40207"
85180,"1921 Bonnycastle Ave","Louisville","KY","40205"
85181,"2527 Osage Ave","Louisville","KY","40210"
85182,"101 Sycamore Dr","Louisville","KY","40223"
85183,"4533 S 3rd St","Louisville","KY","40214"
85184,"3800 Fallen Timber Dr","Louisville","KY","40241"
85185,"6914 Fernview Rd","Louisville","KY","40291"
85186,"1924 Goldsmith Ln","Unit 45","Louisville",
85187,"701 Auburn Oaks Dr","Louisville","KY","40214"
85188,"2909 Slevin St","Louisville","KY","40212"
85189,"6618 Vandre Ave","Louisville","KY","40228"
85190,"2607 Adrienne Way","Louisville","KY","40216"
85191,"1726 Nelson Ave","Louisville","KY","40216"
85192,"11910 Longview Farm Dr","Louisville","KY","40299"
85193,"9433 Chambers Way","Louisville","KY","40229"
85194,"13401 Sapling Spring Pl","Louisville","KY","40245"
85195,"10000 Hornbeam Blvd","Louisville","KY","40228"
85196,"157 Dale Rd","Louisville","KY","40229"
85197,"1309 Pigeon Pass Rd","Louisville","KY","40213"
85198,"2505 Neblett Ave","Louisville","KY","40216"
85199,"2200 Portland Ave","Louisville","KY","40212"
85200,"645 Lindell Ave","Louisville","KY","40211"
85201,"1485 Olive St","Louisville","KY","40210"
85202,"2227 Landan Dr","Louisville","KY","40218"
85203,"1005 Springside Way","Louisville","KY","40223"
85204,"1217 S 43rd St","Louisville","KY","40211"
85205,"2022 Village Dr","Louisville","KY","40205"
85206,"2116 Lancashire Ave","Louisville","KY","40205"
85207,"2138 East Ln","Louisville","KY","40216"
85208,"4810 Red Fern Rd","Louisville","KY","40219"
85209,"10703 Hite Creek Rd","Louisville","KY","40241"
85210,"3906 Canopus Ct","Louisville","KY","40219"
85211,"1901 Charbdin Pl","Louisville","KY","40207"
85212,"1624 Ruth Ave","Louisville","KY","40205"
85213,"5217 Twinkle Dr","Louisville","KY","40258"
85214,"3721 Selma Ave","Louisville","KY","40218"
85215,"2600 Alia Cir","Louisville","KY","40222"
85216,"679 Eastlawn Ave","Louisville","KY","40211"
85217,"332 Chris Dr","Louisville","KY","40214"
85218,"7333 Fox Hollow Way","Louisville","KY","40228"
85219,"114 S Hampton Rd","Louisville","KY","40223"
85220,"6605 Queens Falls Ct","Louisville","KY","40229"
85221,"4013 Carbine Ln","Louisville","KY","40229"
85222,"1417 Arcade Ave","Louisville","KY","40215"
85223,"6415 S 3rd St","Louisville","KY","40214"
85224,"5010 Fairwood Ln","Louisville","KY","40291"
85225,"4120 Brook Farm Pl","Louisville","KY","40299"
85226,"9205 Wellington Hill Ct","Louisville","KY","40291"
85227,"1510 E Breckinridge St","Louisville","KY","40204"
85228,"6601 Mount Washington Rd","Louisville","KY","40229"
85229,"8001 N Blake Ln","Louisville","KY","40258"
85230,"3533 Tyrone Dr","Louisville","KY","40218"
85231,"3414 Park Row Dr","Louisville","KY","40216"
85232,"3713 Lentz Ave","Louisville","KY","40215"
85233,"1729 Deer Ln","Louisville","KY","40205"
85234,"7105 Bowie Ct","Louisville","KY","40219"
85235,"5705 Alicante Ln","Louisville","KY","40272"
85236,"665 S 27th St","Louisville","KY","40211"
85237,"3010 Taylor Blvd","Louisville","KY","40208"
85238,"5511 Lovers Ln","Louisville","KY","40299"
85239,"132 Adams St","Louisville","KY","40206"
85240,"344 Big Oaks Dr","Louisville","KY","40229"
85241,"5746 New Cut Rd","Louisville","KY","40214"
85242,"5118 Mount Holyoke Dr","Louisville","KY","40216"
85243,"8500 Saberdee Dr","Louisville","KY","40242"
85244,"4619 S 1st St","Louisville","KY","40214"
85245,"4708 Unseld Blvd","Louisville","KY","40218"
85246,"6300 Dewitt Dr","Louisville","KY","40258"
85247,"12004 Hillrose Cir","Louisville","KY","40243"
85248,"2507 Titleist Rd","Louisville","KY","40242"
85249,"346 W Southside Ct","Louisville","KY","40214"
85250,"4621 Stone Lakes Dr","Louisville","KY","40299"
85251,"1102 Franelm Rd","Louisville","KY","40214"
85252,"8812 Willowcreek Dr","Louisville","KY","40219"
85253,"1241 Everett Ave","Louisville","KY","40204"
85254,"2138 Sycamore Ave","Louisville","KY","40206"
85255,"2802 Park Brook Ln","Louisville","KY","40213"
85256,"925 Willow Creek Ln","Louisville","KY","40245"
85257,"5569 Bruce Ave","Louisville","KY","40214"
85258,"7907 Manner Pointe Dr","Louisville","KY","40220"
85259,"5012 Cedar Brook Ct","Louisville","KY","40219"
85260,"1209 Fischer Ave","Louisville","KY","40204"
85261,"1108 Crossings Cove Ct","Louisville","KY","40245"
85262,"8427 Splendid Pt","Louisville","KY","40229"
85263,"4607 Dannywood Rd","Louisville","KY","40220"
85264,"9210 Marse Henry Dr","Louisville","KY","40299"
85265,"1821 Hardesty Ave","Louisville","KY","40216"
85266,"8905 Thixton Ln","Louisville","KY","40229"
85267,"218 N Chadwick Rd","Louisville","KY","40223"
85268,"5214 Telford Ln","Louisville","KY","40241"
85269,"3713 Chamberlain Ct","Louisville","KY","40241"
85270,"2314 Grand Ave","Louisville","KY","40210"
85271,"239 El Conquistador Pl","Louisville","KY","40220"
85272,"542 W Whitney Ave","Louisville","KY","40215"
85273,"4601 Hanford Ln","Louisville","KY","40207"
85274,"1106 Glenlake Way","Louisville","KY","40245"
85275,"2315 W Muhammad Ali Blvd","Louisville","KY","40212"
85276,"4831 Westmar Ter","Unit 102","Louisville",
85277,"4319 Pinnacle View Pl","Louisville","KY","40272"
85278,"8508 Perry Rd","Louisville","KY","40222"
85279,"6213 Terry Rd","Louisville","KY","40258"
85280,"9803 Sunway Dr","Louisville","KY","40272"
85281,"17120 Mallet Hill Dr","Louisville","KY","40245"
85282,"3913 Marwood Pl","Louisville","KY","40213"
85283,"5 Overbrook Rd","Louisville","KY","40207"
85284,"112 W Blue Jay Rd","Louisville","KY","40229"
85285,"9010 Mapleview Dr","Louisville","KY","40258"
85286,"229 Breckenridge Ln","Louisville","KY","40207"
85287,"4019 Springhill Rd","Louisville","KY","40207"
85288,"1832 Sherwood Ave","Louisville","KY","40205"
85289,"1542 Gallagher St","Louisville","KY","40210"
85290,"2633 Algonquin Pkwy","Louisville","KY","40210"
85291,"10001 Brighton Springs Ct","Louisville","KY","40291"
85292,"2911 N Melrose Dr","Louisville","KY","40299"
85293,"1059 Highland Ave","Louisville","KY","40204"
85294,"108 Norwood Dr","Apt 2","Louisville",
85295,"7602 Oswego Cir","Louisville","KY","40214"
85296,"6619 Calm River Way","Louisville","KY","40299"
85297,"1328 Cypress St","Louisville","KY","40211"
85298,"1248 Dahl Rd","Louisville","KY","40213"
85299,"620 Lynn St","Louisville","KY","40217"
85300,"4011 Napanee Rd","Louisville","KY","40207"
85301,"2310 Woodbourne Ave","Apt 15","Louisville",
85302,"1228 S 41st St","Louisville","KY","40211"
85303,"6113 Morning Glory Ln","Louisville","KY","40258"
85304,"9007 Crescent View Ct","Louisville","KY","40272"
85305,"1915 Rutherford Ave","Louisville","KY","40205"
85306,"11000 Heidelberg Dr","Louisville","KY","40291"
85307,"7 Hawthorn Hl","Louisville","KY","40204"
85308,"8704 Black Cherry Ct","Louisville","KY","40242"
85309,"5209 Red Fern Rd","Louisville","KY","40218"
85310,"7222 Browns Ln","Louisville","KY","40258"
85311,"6322 Rivers End Dr","Louisville","KY","40258"
85312,"4413 Kurtz Ave","Louisville","KY","40229"
85313,"495 Lightfoot Rd","Louisville","KY","40207"
85314,"10503 Bardstown Bluff Rd","Louisville","KY","40291"
85315,"4501 Ivy Crest Cir","Louisville","KY","40241"
85316,"2006 Baringer Ave","Louisville","KY","40204"
85317,"7006 Wildwood Cir","Apt 56","Louisville",
85318,"5804 Dellrose Dr","Louisville","KY","40258"
85319,"801 S 42nd St","Louisville","KY","40211"
85320,"1412 Willow Ave","Apt 58","Louisville",
85321,"3410 W Kentucky St","Louisville","KY","40211"
85322,"7706 Pear View Ln","Louisville","KY","40218"
85323,"2642 Duncan St","Louisville","KY","40212"
85324,"10603 Providence Dr","Louisville","KY","40291"
85325,"9711 Anita Blvd","Louisville","KY","40272"
85326,"2609 Meadow Dr","Louisville","KY","40220"
85327,"818 Shady Brook Ln","Louisville","KY","40229"
85328,"3206 Rosewedge Way","Louisville","KY","40216"
85329,"239 Alpha Ave","Louisville","KY","40218"
85330,"9327 La Grange Rd","Apt 1","Louisville",
85331,"6812 Glendale Rd","Louisville","KY","40291"
85332,"1205 Reutlinger Ave","Louisville","KY","40204"
85333,"2010 Maricopa Dr","Louisville","KY","40223"
85334,"9812 Agena Dr","Louisville","KY","40229"
85335,"4100 Grand Ave","Louisville","KY","40211"
85336,"7902 Cypress Green Way","Louisville","KY","40291"
85337,"3411 Sample Way","Louisville","KY","40245"
85338,"3706 Oboe Dr","Louisville","KY","40216"
85339,"11603 Expedition Trl","Louisville","KY","40291"
85340,"1215 Blackthorn Rd","Louisville","KY","40299"
85341,"2123 Date St","Louisville","KY","40210"
85342,"1550 W Saint Catherine St","Louisville","KY","40210"
85343,"4321 Meadowbend Way","Louisville","KY","40218"
85344,"10410 Vista Hills Blvd","Louisville","KY","40291"
85345,"412 N 42nd St","Louisville","KY","40212"
85346,"5405 Big Sky Dr","Louisville","KY","40229"
85347,"3518 Gladden Dr","Louisville","KY","40218"
85348,"1107 Girard Dr","Louisville","KY","40222"
85349,"5509 Haunz Ln","Louisville","KY","40241"
85350,"1214 Homeview Dr","Louisville","KY","40215"
85351,"716 S 32nd St","Louisville","KY","40211"
85352,"4211 Saint Charles Ln","Louisville","KY","40218"
85353,"8305 Croydon Cir","Louisville","KY","40222"
85354,"5511 Random Way","Louisville","KY","40291"
85355,"10000 Cedar Garden Dr","Louisville","KY","40291"
85356,"10010 Cedar Garden Dr","Louisville","KY","40291"
85357,"722 Vine St","Louisville","KY","40204"
85358,"2507 Hale Ave","Louisville","KY","40210"
85359,"6806 Spring Lawn Ct","Louisville","KY","40291"
85360,"6810 Lake Elkhorn Ct","Louisville","KY","40291"
85361,"400 Freeman Ave","Louisville","KY","40214"
85362,"5608 Elmer Ln","Louisville","KY","40214"
85363,"3620 Locust Ave","Louisville","KY","40299"
85364,"163 N Bellaire Ave","Louisville","KY","40206"
85365,"4703 Southern Pkwy","Louisville","KY","40214"
85366,"2324 Dundee Rd","Louisville","KY","40205"
85367,"1448 Catalpa St","Louisville","KY","40211"
85368,"413 Kinnaird Ln","Louisville","KY","40243"
85369,"1903 Hazelwood Ct","Louisville","KY","40214"
85370,"8006 Terry Rd","Louisville","KY","40258"
85371,"3321 Bon Air Ave","Louisville","KY","40220"
85372,"2228 Eastview Ave","Louisville","KY","40205"
85373,"4812 Overbrook Dr","Louisville","KY","40216"
85374,"329 Kilmory Ave","Louisville","KY","40214"
85375,"7411 Rome Beauty Pl","Louisville","KY","40228"
85376,"12110 Pleasure Ln","Louisville","KY","40272"
85377,"411 Southland Blvd","Louisville","KY","40214"
85378,"11015 Jefferson Trace Blvd","Louisville","KY","40291"
85379,"5209 Terrace Green Cir","Louisville","KY","40218"
85380,"7607 Hornbeck Farm Rd","Louisville","KY","40291"
85381,"3501 Illinois Ave","Apt A16","Louisville",
85382,"4915 Glenna Way","Louisville","KY","40219"
85383,"6209 Nigel Dr","Louisville","KY","40216"
85384,"7808 Edsel Ln","Louisville","KY","40291"
85385,"425 Whiteheath Ln","Louisville","KY","40243"
85386,"4049 Mulberry Row Way","Louisville","KY","40299"
85387,"7324 Supremus Dr","Louisville","KY","40214"
85388,"1201 Stoney Point Trce","Louisville","KY","40223"
85389,"4921 Celeste Dr","Louisville","KY","40228"
85390,"7508 Gadwall Way","Louisville","KY","40218"
85391,"329 Smith Ln","Louisville","KY","40229"
85392,"7615 Stone Ledge Rd","Louisville","KY","40291"
85393,"4017 Mulberry Row Way","Louisville","KY","40299"
85394,"1926 Goldsmith Ln","Unit 114","Louisville",
85395,"417 Creel Ave","Louisville","KY","40208"
85396,"1930 W Madison St","Louisville","KY","40203"
85397,"3003 Bob White Ct","Louisville","KY","40216"
85398,"5124 Emery Ave","Louisville","KY","40214"
85399,"6919 Arbor Manor Way","Louisville","KY","40228"
85400,"5222 Indian Woods Dr","Unit 204","Louisville",
85401,"1400 Willow Ave","Apt 1807","Louisville",
85402,"6912 Fernhaven Rd","Louisville","KY","40228"
85403,"4831 Westmar Ter","Unit 202","Louisville",
85404,"1629 S 35th St","Louisville","KY","40211"
85405,"10606 Hite Creek Rd","Louisville","KY","40241"
85406,"7827 Bridlewood Pl","Louisville","KY","40228"
85407,"6206 Upper Hunters Trce","Louisville","KY","40216"
85408,"3013 Dale Ann Dr","Louisville","KY","40220"
85409,"1920 S 35th St","Louisville","KY","40211"
85410,"5623 Carolyn Way","Louisville","KY","40219"
85411,"3315 Indian Lake Dr","Louisville","KY","40241"
85412,"8023 Woodbury Dr","Louisville","KY","40219"
85413,"6905 Creston Dr","Louisville","KY","40258"
85414,"4321 Hampton Creek Dr","Louisville","KY","40241"
85415,"7804 Foxlair Way","Louisville","KY","40220"
85416,"2219 Kaelin Ave","Louisville","KY","40205"
85417,"1802 Hartman Ave","Louisville","KY","40205"
85418,"4917 Carver Ct","Louisville","KY","40218"
85419,"5000 S 2nd St","Louisville","KY","40214"
85420,"5004 S 2nd St","Louisville","KY","40214"
85421,"201 W Amherst Ave","Louisville","KY","40214"
85422,"5012 S 2nd St","Louisville","KY","40214"
85423,"8385 Dorinda Ave","Louisville","KY","40258"
85424,"5701 Mockernut Ln","Louisville","KY","40258"
85425,"11011 Lunenburg Ct","Louisville","KY","40245"
85426,"5020 S 2nd St","Louisville","KY","40214"
85427,"6910 Peppermill Ln","Louisville","KY","40228"
85428,"2405 Meadow Dr","Louisville","KY","40218"
85429,"1431 Shingo Ave","Louisville","KY","40215"
85430,"9229 Omar Khayyam Blvd","Louisville","KY","40272"
85431,"610 E Hill St","Louisville","KY","40217"
85432,"1468 Cherokee Rd","Louisville","KY","40204"
85433,"9004 Harwich Pl","Louisville","KY","40242"
85434,"4417 Savage Dr","Louisville","KY","40216"
85435,"8912 Beulah Church Rd","Louisville","KY","40291"
85436,"4503 Ivy Crest Cir","Louisville","KY","40241"
85437,"3122 Talisman Rd","Louisville","KY","40220"
85438,"11405 Semillon Ln","Louisville","KY","40272"
85439,"1781 W Ormsby Ave","Louisville","KY","40210"
85440,"10703 Tall Tree Ct","Louisville","KY","40241"
85441,"1021 W Indian Trl","Louisville","KY","40213"
85442,"1008 Seelbach Ave","Louisville","KY","40215"
85443,"4501 Micklenburg Ct","Louisville","KY","40245"
85444,"328 N 42nd St","Louisville","KY","40212"
85445,"6704 Triangle Dr","Louisville","KY","40214"
85446,"4016 Beaver St","Louisville","KY","40215"
85447,"10521 Sawyer Pl","Louisville","KY","40241"
85448,"3824 W Muhammad Ali Blvd","Louisville","KY","40212"
85449,"180 William St","Louisville","KY","40206"
85450,"4615 Andalusia Ln","Louisville","KY","40272"
85451,"7714 3rd Street Rd","Louisville","KY","40214"
85452,"8608 Branchtree Pl","Louisville","KY","40228"
85453,"4145 Reservoir Ave","Louisville","KY","40213"
85454,"5122 Queens Castle Rd","Louisville","KY","40229"
85455,"1235 Larue Ave","Louisville","KY","40213"
85456,"4014 Churchman Ave","Louisville","KY","40215"
85457,"4805 Shasta Trl","Louisville","KY","40218"
85458,"1401 Cardinal Dr","Louisville","KY","40213"
85459,"10206 Red Clover Ct","Louisville","KY","40228"
85460,"6907 Shareith Dr","Louisville","KY","40228"
85461,"226 Lillian Way","Louisville","KY","40214"
85462,"3808 Warner Ave","Louisville","KY","40207"
85463,"1713 Star Rest Dr","Louisville","KY","40272"
85464,"7209 Ivan Ct","Louisville","KY","40214"
85465,"7301 Aurora Dr","Louisville","KY","40214"
85466,"1217 Blackthorn Rd","Louisville","KY","40299"
85467,"4201 Stony Brook Dr","Louisville","KY","40299"
85468,"3816 Jewell Ave","Louisville","KY","40212"
85469,"4101 River Park Dr","Louisville","KY","40211"
85470,"402 Amy Ave","Louisville","KY","40212"
85471,"8313 Huntsman Trl","Louisville","KY","40291"
85472,"3602 Kiki Ct","Louisville","KY","40219"
85473,"4232 Virginia Ave","Louisville","KY","40211"
85474,"1922 Muncie Ave","Apt 8","Louisville",
85475,"161 N Bellaire Ave","Louisville","KY","40206"
85476,"9718 Turnpike View Dr","Louisville","KY","40229"
85477,"5314 Silver Wing Blvd","Louisville","KY","40241"
85478,"6114 Yellow Pine Dr","Louisville","KY","40229"
85479,"10501 Mcclure Ct","Louisville","KY","40241"
85480,"10315 Wingfield Rd","Louisville","KY","40291"
85481,"6505 Redhaven Way","Louisville","KY","40228"
85482,"10619 Hillcross Ct","Louisville","KY","40229"
85483,"5907 Hillwood Dr","Louisville","KY","40219"
85484,"6912 Sprig Leaf Cir","Louisville","KY","40241"
85485,"9303 Fiesta Way","Louisville","KY","40272"
85486,"8101 Rocky Gap Rd","Louisville","KY","40214"
85487,"8008 Broadfern Dr","Louisville","KY","40291"
85488,"10844 Hobbs Station Rd","Louisville","KY","40223"
85489,"342 W Southside Ct","Louisville","KY","40214"
85490,"1800 Woodfield Rd","Louisville","KY","40220"
85491,"521 Mccready Ave","Louisville","KY","40206"
85492,"852 Vine St","Louisville","KY","40204"
85493,"216 S 41st St","Louisville","KY","40212"
85494,"2620 Drayton Dr","Louisville","KY","40205"
85495,"5034 Wabash Pl","Louisville","KY","40214"
85496,"14515 Lake Village Dr","Louisville","KY","40299"
85497,"5002 Rosette Blvd","Louisville","KY","40218"
85498,"7105 Creekton Dr","Louisville","KY","40241"
85499,"3231 Rudd Ave","Louisville","KY","40212"
85500,"2604 Aristocrat Pl","Unit 201","Louisville",
85501,"9003 Nottingham Pkwy","Louisville","KY","40222"
85502,"10704 Colonial Woods Ct","Louisville","KY","40223"
85503,"9502 Dabney Carr Dr","Louisville","KY","40299"
85504,"2248 Wynnewood Cir","Louisville","KY","40222"
85505,"4877 Brenda Dr","Louisville","KY","40219"
85506,"4525 Borney Cir","Louisville","KY","40299"
85507,"10403 Pinoak View Dr","Louisville","KY","40299"
85508,"2009 Dixie Hwy","Louisville","KY","40210"
85509,"2321 Wilson Ave","Louisville","KY","40210"
85510,"2412 Montgomery St","Louisville","KY","40212"
85511,"6900 Arbor Manor Way","Louisville","KY","40228"
85512,"3525 Hycliffe Ave","Louisville","KY","40207"
85513,"2021 Baringer Ave","Louisville","KY","40204"
85514,"3020 Gudgel Rd","Louisville","KY","40211"
85515,"612 Davies Ave","Louisville","KY","40208"
85516,"5424 Revere Dr","Louisville","KY","40218"
85517,"15413 Beckley Hills Dr","Louisville","KY","40245"
85518,"4540 Southern Pkwy","Louisville","KY","40214"
85519,"1027 S 40th St","Louisville","KY","40211"
85520,"8823 Gentlewind Way","Louisville","KY","40291"
85521,"6002 Halma Dr","Louisville","KY","40272"
85522,"1838 Stevens Ave","Louisville","KY","40205"
85523,"2200 Standard Ave","Louisville","KY","40210"
85524,"1520 Alma Ave","Louisville","KY","40215"
85525,"305 Lake Forest Pkwy","Louisville","KY","40245"
85526,"7101 Creekton Dr","Louisville","KY","40241"
85527,"17102 Hillrock Pl","Louisville","KY","40245"
85528,"3429 Young Ave","Louisville","KY","40211"
85529,"1208 Gilmore Ln","Louisville","KY","40213"
85530,"2020 Dubourg Ave","Louisville","KY","40216"
85531,"2135 Belquin Rd","Louisville","KY","40211"
85532,"104 W Whitney Ave","Louisville","KY","40214"
85533,"5921 Dewitt Dr","Louisville","KY","40258"
85534,"6718 Paul Alan Way","Louisville","KY","40291"
85535,"307 Summit Ct","Louisville","KY","40243"
85536,"226 N 20th St","Louisville","KY","40203"
85537,"3314 Linwood Ave","Louisville","KY","40211"
85538,"2130 Maryland Ave","Louisville","KY","40205"
85539,"1231 Bourbon Ave","Louisville","KY","40213"
85540,"1139 Lincoln Ave","Louisville","KY","40208"
85541,"237 Eldorado Ave","Louisville","KY","40218"
85542,"2230 Garland Ave","Louisville","KY","40211"
85543,"123 E Southern Heights Ave","Louisville","KY","40214"
85544,"2030 Tyler Ln","Louisville","KY","40205"
85545,"1712 Bonnycastle Ave","Louisville","KY","40205"
85546,"310 Glendora Ave","Louisville","KY","40212"
85547,"6113 Herron Ct","Louisville","KY","40229"
85548,"9106 Pinnacle Place Dr","Louisville","KY","40272"
85549,"5800 Azalea Ln","Louisville","KY","40258"
85550,"9905 Four Seasons Ln","Louisville","KY","40241"
85551,"3813 Hunsinger Ln","Louisville","KY","40220"
85552,"3412 Southmeade Cir","Louisville","KY","40214"
85553,"3326 Radiance Rd","Louisville","KY","40220"
85554,"309 Pleasantview Ave","Louisville","KY","40206"
85555,"1825 W Chestnut St","Louisville","KY","40203"
85556,"6230 Maravian Dr","Louisville","KY","40258"
85557,"3750 Upper River Rd","Louisville","KY","40207"
85558,"7618 Greenlawn Rd","Louisville","KY","40242"
85559,"4412 Case Way","Louisville","KY","40272"
85560,"9705 Scarborough Ave","Louisville","KY","40272"
85561,"10306 Chimney Ridge Ct","Louisville","KY","40299"
85562,"1790 W Burnett Ave","Louisville","KY","40210"
85563,"11110 Sewell Dr","Louisville","KY","40291"
85564,"11006 Symington Cir","Louisville","KY","40241"
85565,"3310 Colonial Manor Cir","Unit 8A","Louisville",
85566,"420 Eastgate Vlg","Wynde","Louisville",
85567,"4618 E Indian Trl","Louisville","KY","40213"
85568,"1506 Hemlock St","Louisville","KY","40211"
85569,"4009 Mimosa View Dr","Louisville","KY","40299"
85570,"14309 Micawber Way","Louisville","KY","40245"
85571,"201 Dunbar Pl","Louisville","KY","40243"
85572,"6002 Regal Springs Dr","Louisville","KY","40205"
85573,"4409 Rivanna Dr","Louisville","KY","40299"
85574,"4132 Lilac Vista Dr","Louisville","KY","40241"
85575,"2804 Garfield Ave","Louisville","KY","40212"
85576,"9009 Wanlou Dr","Louisville","KY","40272"
85577,"2806 Garfield Ave","Louisville","KY","40212"
85578,"117 N Hubbards Ln","Louisville","KY","40207"
85579,"1203 Constitution Dr","Louisville","KY","40214"
85580,"10507 Sandbourne Way","Louisville","KY","40241"
85581,"10335 Arbor Oak Dr","Louisville","KY","40229"
85582,"1209 Old Cannons Ln","Louisville","KY","40207"
85583,"7602 Daffodil Dr","Louisville","KY","40258"
85584,"2720 Durbing Ave","Louisville","KY","40299"
85585,"4883 Charlotte Dr","Louisville","KY","40219"
85586,"303 Hillcrest Ave","Louisville","KY","40206"
85587,"404 Winton Ln","Louisville","KY","40206"
85588,"9206 Seaton Springs Pkwy","Louisville","KY","40222"
85589,"508 Country Ln","Louisville","KY","40207"
85590,"1804 Eagle Creek Pl","Louisville","KY","40222"
85591,"7605 Texlyn Ct","Louisville","KY","40258"
85592,"3209 Wayside Dr","Louisville","KY","40216"
85593,"9620 Blaze Way","Louisville","KY","40272"
85594,"5107 Railroad Ave","Louisville","KY","40258"
85595,"829 S 38th St","Louisville","KY","40211"
85596,"1850 Cypress St","Louisville","KY","40210"
85597,"2216 Magazine St","Louisville","KY","40211"
85598,"300 Leyton Ave","Louisville","KY","40222"
85599,"311 Shawnee Dr","Louisville","KY","40212"
85600,"1913 Cedar St","Louisville","KY","40203"
85601,"6615 North Dr","Louisville","KY","40272"
85602,"4639 Lor Ann Ave","Louisville","KY","40219"
85603,"5016 S 2nd St","Louisville","KY","40214"
85604,"2306 Youngland Ave","Louisville","KY","40216"
85605,"4119 Dellridge Dr","Louisville","KY","40207"
85606,"1256 Vim Dr","Louisville","KY","40213"
85607,"3430 Peleske Dr","Louisville","KY","40216"
85608,"1433 Twin Ridge Rd","Louisville","KY","40242"
85609,"110 E Blue Jay Rd","Louisville","KY","40229"
85610,"8415 Splendid Pt","Louisville","KY","40229"
85611,"7004 E Manslick Rd","Louisville","KY","40228"
85612,"860 Eastern Pkwy","Louisville","KY","40217"
85613,"3657 Lentz Ave","Louisville","KY","40215"
85614,"1322 Weyler Ave","Louisville","KY","40215"
85615,"10502 Vining Pl","Apt 203","Louisville",
85616,"2411 Landrum Ave","Louisville","KY","40216"
85617,"10004 Nanka Rd","Louisville","KY","40272"
85618,"907 Mckinley Ave","Louisville","KY","40217"
85619,"10429 Leven Blvd","Louisville","KY","40229"
85620,"7316 Quail Ridge Rd","Louisville","KY","40291"
85621,"1603 Orchard Ave","Louisville","KY","40213"
85622,"417 Heywood Ave","Louisville","KY","40208"
85623,"11308 Valley Cove Cir","Louisville","KY","40291"
85624,"3930 Illinois Ave","Louisville","KY","40213"
85625,"4896 Charlotte Dr","Louisville","KY","40219"
85626,"2206 Standard Ave","Louisville","KY","40210"
85627,"10728 Copper Ridge Dr","Louisville","KY","40241"
85628,"8223 Brownsboro Rd","Louisville","KY","40241"
85629,"4310 Shepherdsville Rd","Louisville","KY","40218"
85630,"2221 Cedar St","Louisville","KY","40212"
85631,"1043 Kaiser Ct","Louisville","KY","40211"
85632,"8414 Lake Superior Dr","Louisville","KY","40291"
85633,"2541 Ransdell Ave","Louisville","KY","40204"
85634,"1633 Rangeland Rd","Louisville","KY","40219"
85635,"5102 Shepherdsville Rd","Louisville","KY","40228"
85636,"231 Saguaro Dr","Louisville","KY","40229"
85637,"202 Plaza Ave","Louisville","KY","40218"
85638,"932 S 1st St","Louisville","KY","40203"
85639,"8734 Lantern Lite Pkwy","Louisville","KY","40220"
85640,"890 Clarks Ln","Louisville","KY","40217"
85641,"4211 Stone Lakes Dr","Louisville","KY","40299"
85642,"1114 Louis Coleman Jr Dr","Louisville","KY","40211"
85643,"1369 S 1st St","Louisville","KY","40208"
85644,"513 Pine St","Louisville","KY","40204"
85645,"4031 Lisa Ave","Louisville","KY","40216"
85646,"3735 Essex Rd","Louisville","KY","40220"
85647,"195 E Blue Jay Rd","Louisville","KY","40229"
85648,"4000 Saddlecreek Ct","Louisville","KY","40245"
85649,"3656 Kelly Way","Louisville","KY","40220"
85650,"4124 Pomeroy Ct","Louisville","KY","40218"
85651,"3901 Forest Trace Ct","Louisville","KY","40245"
85652,"2720 S 5th St","Louisville","KY","40208"
85653,"4822 Partridge Run","Louisville","KY","40213"
85654,"5923 Dewitt Dr","Louisville","KY","40258"
85655,"3904 Springhill Rd","Louisville","KY","40207"
85656,"4811 Napa Ridge Way","Louisville","KY","40299"
85657,"1315 Mchenry St","Louisville","KY","40217"
85658,"4028 Orchard Lake Dr","Louisville","KY","40218"
85659,"4706 Vagabond Ln","Louisville","KY","40219"
85660,"4325 S 2nd St","Louisville","KY","40214"
85661,"1725 Sheridan Ave","Louisville","KY","40213"
85662,"311 Belvar Ave","Louisville","KY","40206"
85663,"2819 Arlington Rd","Louisville","KY","40220"
85664,"9819 Galene Dr","Louisville","KY","40299"
85665,"136 Dale Rd","Louisville","KY","40229"
85666,"9403 Tamarisk Pkwy","Louisville","KY","40223"
85667,"9113 Hurstwood Ct","Louisville","KY","40222"
85668,"3716 Chamberlain Ct","Louisville","KY","40241"
85669,"5505 Hempstead Rd","Louisville","KY","40207"
85670,"9336 Ponder Ln","Louisville","KY","40272"
85671,"1130 Westlynne Pl","Unit 3","Louisville",
85672,"6116 Erica Way","Louisville","KY","40272"
85673,"2006 Garland Ave","Louisville","KY","40210"
85674,"710 Sentry Way","Louisville","KY","40223"
85675,"2631 Mccoy Way","Louisville","KY","40205"
85676,"1239 Everett Ave","Louisville","KY","40204"
85677,"8710 Fairmount Ridge Ct","Louisville","KY","40291"
85678,"1826 Olenda Ave","Louisville","KY","40216"
85679,"820 S 39th St","Louisville","KY","40211"
85680,"2931 Rainbow Dr","Louisville","KY","40206"
85681,"1711 Spring Dr","Louisville","KY","40205"
85682,"6501 Miller Park Dr","Louisville","KY","40258"
85683,"5116 Queens Castle Rd","Louisville","KY","40229"
85684,"2525 George Rogers Clark Pl","Apt 109","Louisville",
85685,"4009 S 1st St","Louisville","KY","40214"
85686,"2423 Slevin St","Louisville","KY","40212"
85687,"2007 Newmarket Dr","Louisville","KY","40222"
85688,"3322 Frontier Trl","Louisville","KY","40220"
85689,"120 Waterstone Way","Louisville","KY","40245"
85690,"116 S 40th St","Louisville","KY","40212"
85691,"6103 Galvin Ct","Louisville","KY","40229"
85692,"161 Thierman Ln","Apt 2I","Louisville",
85693,"181 Bally Castle Ct","Louisville","KY","40229"
85694,"2605 Old Hickory Rd","Louisville","KY","40299"
85695,"400 Mccready Ave","Louisville","KY","40206"
85696,"11706 Maple Way","Louisville","KY","40229"
85697,"8504 Claudia Dr","Louisville","KY","40219"
85698,"1236 Oleanda Ave","Louisville","KY","40215"
85699,"1829 Nobel Pl","Louisville","KY","40216"
85700,"4329 Hillside Dr","Louisville","KY","40216"
85701,"3222 Bridwell Dr","Louisville","KY","40216"
85702,"1316 S 28th St","Louisville","KY","40211"
85703,"7205 Nathan Hale Way","Louisville","KY","40272"
85704,"4108 Carbine Ln","Louisville","KY","40229"
85705,"5700 Archtree Pl","Louisville","KY","40229"
85706,"1806 Kline Ct","Louisville","KY","40205"
85707,"419 Kaelin Dr","Louisville","KY","40207"
85708,"7107 Black Walnut Cir","Louisville","KY","40229"
85709,"2310 Montgomery St","Louisville","KY","40212"
85710,"3615 Saint Edwards Dr","Louisville","KY","40299"
85711,"112 N 42nd St","Louisville","KY","40212"
85712,"8412 Bayou Way","Louisville","KY","40242"
85713,"11711 Cedardale Rd","Louisville","KY","40223"
85714,"1003 Clerkenwell Rd","Louisville","KY","40207"
85715,"4105 Slack Ave","Louisville","KY","40229"
85716,"3004 Nepperhan Rd","Louisville","KY","40220"
85717,"3314 Lexington Rd","Louisville","KY","40206"
85718,"10918 Talon Way","Louisville","KY","40223"
85719,"7003 Sun Valley Dr","Louisville","KY","40272"
85720,"601 Alger Ave","Louisville","KY","40214"
85721,"2104 Merriwood Ct","Louisville","KY","40299"
85722,"901 Cecil Ave","Louisville","KY","40211"
85723,"731 Greenridge Ln","Louisville","KY","40207"
85724,"8004 Stacy Lynn Ct","Louisville","KY","40291"
85725,"5228 Mount Holyoke Dr","Louisville","KY","40216"
85726,"2427 Griffiths Ave","Louisville","KY","40212"
85727,"4123 River Park Dr","Louisville","KY","40211"
85728,"4809 Fegenbush Ln","Louisville","KY","40228"
85729,"2362 Saratoga Dr","Louisville","KY","40205"
85730,"8423 Biggin Hill Ln","Louisville","KY","40220"
85731,"10100 Saint Rene Rd","Louisville","KY","40299"
85732,"1001 Audubon Pkwy","Louisville","KY","40213"
85733,"2602 Aristocrat Pl","Unit 302","Louisville",
85734,"8514 Aspen Glen Way","Louisville","KY","40228"
85735,"9604 Gutenberg Rd","Louisville","KY","40299"
85736,"4710 Shepherdsville Rd","Louisville","KY","40218"
85737,"1917 Flat Rock Rd","Louisville","KY","40245"
85738,"8009 Daffodil Dr","Louisville","KY","40258"
85739,"7806 Fern Gardens Way","Louisville","KY","40291"
85740,"900 S 5th St","Unit 102","Louisville",
85741,"1820 S 24th St","Louisville","KY","40210"
85742,"2224 Garland Ave","Louisville","KY","40211"
85743,"2302 Franklin Ave","Louisville","KY","40216"
85744,"1634 Edenside Ave","Louisville","KY","40204"
85745,"613 W Magnolia Ave","Louisville","KY","40208"
85746,"4104 Mud Ln","Louisville","KY","40229"
85747,"5813 Lake Erie Dr","Louisville","KY","40291"
85748,"8105 Saint Anthonys Church Rd","Louisville","KY","40214"
85749,"742 S 44th St","Louisville","KY","40211"
85750,"8116 Arbor Brook Ln","Louisville","KY","40228"
85751,"7840 Stuart Ave","Louisville","KY","40258"
85752,"4303 Dana Dr","Louisville","KY","40216"
85753,"504 Tiffany Ln","Louisville","KY","40207"
85754,"1609 William E Summers Iii Ave","Louisville","KY","40211"
85755,"4406 Wisteria Landing Cir","Unit 201","Louisville",
85756,"6319 Hanses Dr","Louisville","KY","40219"
85757,"606 S 20th St","Louisville","KY","40203"
85758,"313 Oread Rd","Louisville","KY","40207"
85759,"310 Mill Stream Pl","Louisville","KY","40222"
85760,"2218 Woodbourne Ave","Louisville","KY","40205"
85761,"16729 Summit Vista Way","Louisville","KY","40245"
85762,"3514 Hurstbourne Ridge Blvd","Louisville","KY","40299"
85763,"6315 Moorhaven Dr","Louisville","KY","40228"
85764,"1203 Lipps Ln","Louisville","KY","40219"
85765,"1900 Roycewood Ct","Louisville","KY","40214"
85766,"2903 Winterhaven Rd","Louisville","KY","40220"
85767,"3435 Bank St","Louisville","KY","40212"
85768,"5309 Amalfi Ave","Louisville","KY","40219"
85769,"5900 Greenwood Rd","Louisville","KY","40258"
85770,"3105 Evon Ct","Louisville","KY","40299"
85771,"212 Broadland Ct","Louisville","KY","40229"
85772,"4000 Cantle Point Ct","Louisville","KY","40245"
85773,"13521 Forest Bend Cir","Louisville","KY","40245"
85774,"405 Country Ln","Louisville","KY","40207"
85775,"7405 Gadwall Way","Louisville","KY","40218"
85776,"1940 Duker Ave","Louisville","KY","40205"
85777,"2021 Wingfield Ave","Louisville","KY","40210"
85778,"740 Iowa Ave","Louisville","KY","40208"
85779,"2519 Savannah Rd","Louisville","KY","40242"
85780,"1902 Heaton Rd","Louisville","KY","40216"
85781,"1115 Brookline Ave","Louisville","KY","40215"
85782,"4 Normandie Vlg","Louisville","KY","40205"
85783,"8203 Fenwick Farm Pl","Louisville","KY","40220"
85784,"6202 Maravian Dr","Louisville","KY","40258"
85785,"2832 W Chestnut St","Louisville","KY","40211"
85786,"2727 W Madison St","Louisville","KY","40211"
85787,"1409 Autumn Ridge Rd","Louisville","KY","40242"
85788,"8515 Autumn Ridge Ct","Louisville","KY","40242"
85789,"835 S Jackson St","Louisville","KY","40203"
85790,"530 E Caldwell St","Louisville","KY","40203"
85791,"539 E Kentucky St","Louisville","KY","40203"
85792,"912 S Hancock St","Louisville","KY","40203"
85793,"946 S Hancock St","Louisville","KY","40203"
85794,"530 E Breckinridge St","Louisville","KY","40203"
85795,"1715 Millgate Rd","Louisville","KY","40223"
85796,"1808 Blanca Ct","Louisville","KY","40223"
85797,"1805 Wickham Way","Louisville","KY","40223"
85798,"1811 Wickham Way","Louisville","KY","40223"
85799,"9512 Erin Way","Louisville","KY","40223"
85800,"1812 Millgate Rd","Louisville","KY","40223"
85801,"1716 Wickham Way","Louisville","KY","40223"
85802,"1717 The Meadow Rd","Louisville","KY","40223"
85803,"1710 Wickham Way","Louisville","KY","40223"
85804,"1908 The Meadow Rd","Louisville","KY","40223"
85805,"9502 Meadowgate Ct","Louisville","KY","40223"
85806,"2000 Meadowgate Ln","Louisville","KY","40223"
85807,"1806 Millgate Rd","Louisville","KY","40223"
85808,"9513 Erin Way","Louisville","KY","40223"
85809,"9500 Meadowgate Ct","Louisville","KY","40223"
85810,"2003 Meadowgate Ln","Louisville","KY","40223"
85811,"1810 Blanca Ct","Louisville","KY","40223"
85812,"1901 Meadowgate Ln","Louisville","KY","40223"
85813,"1806 Blanca Ct","Louisville","KY","40223"
85814,"1713 Millgate Rd","Louisville","KY","40223"
85815,"10210 Blue Ridge Ct","Louisville","KY","40223"
85816,"349 S Dorsey Ln","Louisville","KY","40223"
85817,"122 Blue Fields Rd","Louisville","KY","40223"
85818,"352 S Dorsey Ln","Louisville","KY","40223"
85819,"10334 Dorsey Village Dr","Louisville","KY","40223"
85820,"447 Rosewood Ct","Louisville","KY","40223"
85821,"237 S Dorsey Ln","Louisville","KY","40223"
85822,"303 Fall Harvest Ct","Louisville","KY","40223"
85823,"10211 Blue Ridge Ct","Louisville","KY","40223"
85824,"10217 Radford Rd","Louisville","KY","40223"
85825,"10202 Radford Rd","Louisville","KY","40223"
85826,"10208 Radford Rd","Louisville","KY","40223"
85827,"10216 Blue Ridge Ct","Louisville","KY","40223"
85828,"10210 Radford Rd","Louisville","KY","40223"
85829,"301 Chertsey Ct","Louisville","KY","40243"
85830,"10327 Dorsey Village Dr","Louisville","KY","40223"
85831,"340 S Dorsey Ln","Louisville","KY","40223"
85832,"10338 Dorsey Village Dr","Louisville","KY","40223"
85833,"323 S Dorsey Ln","Louisville","KY","40223"
85834,"10212 Radford Rd","Louisville","KY","40223"
85835,"338 S Dorsey Ln","Louisville","KY","40223"
85836,"205 Blue Ridge Rd","Louisville","KY","40223"
85837,"245 S Dorsey Ln","Louisville","KY","40223"
85838,"435 Rosewood Ct","Louisville","KY","40223"
85839,"10209 Blue Ridge Ct","Louisville","KY","40223"
85840,"1829 Edenside Ave","Apt 7","Louisville",
85841,"1829 Tyler Pkwy","Louisville","KY","40204"
85842,"1708 Eastern Pkwy","Louisville","KY","40204"
85843,"1832 Windsor Pl","Louisville","KY","40204"
85844,"1829 Edenside Ave","Apt 5","Louisville",
85845,"1808 Eastern Pkwy","Apt 8","Louisville",
85846,"1829 Edenside Ave","Apt 12","Louisville",
85847,"1829 Edenside Ave","Apt 9","Louisville",
85848,"2011 Baringer Ave","Louisville","KY","40204"
85849,"1831 Tyler Pkwy","Louisville","KY","40204"
85850,"1833 Tyler Pkwy","Louisville","KY","40204"
85851,"820 W Evelyn Ave","Louisville","KY","40215"
85852,"941 W Evelyn Ave","Louisville","KY","40215"
85853,"820 Longfield Ave","Louisville","KY","40215"
85854,"804 Dresden Ave","Louisville","KY","40215"
85855,"917 Denmark St","Louisville","KY","40215"
85856,"840 W Evelyn Ave","Louisville","KY","40215"
85857,"922 Longfield Ave","Louisville","KY","40215"
85858,"829 Denmark St","Louisville","KY","40215"
85859,"924 Longfield Ave","Louisville","KY","40215"
85860,"805 Denmark St","Louisville","KY","40215"
85861,"902 W Evelyn Ave","Louisville","KY","40215"
85862,"922 Dresden Ave","Louisville","KY","40215"
85863,"9211 Axminster Dr","Louisville","KY","40299"
85864,"9117 Taylorsville Rd","Louisville","KY","40299"
85865,"2112 Canterbrook Dr","Louisville","KY","40299"
85866,"2113 Canterbrook Dr","Louisville","KY","40299"
85867,"6913 Watson Ln","Louisville","KY","40272"
85868,"13509 Wilken Way","Louisville","KY","40272"
85869,"7100 Betsy Ross Dr","Louisville","KY","40272"
85870,"7108 Watson Ln","Louisville","KY","40272"
85871,"13506 Wilken Way","Louisville","KY","40272"
85872,"7012 Welford Ave","Louisville","KY","40272"
85873,"13610 Kinross Blvd","Louisville","KY","40272"
85874,"13519 Wilken Way","Louisville","KY","40272"
85875,"7009 Watson Ln","Louisville","KY","40272"
85876,"7014 Betsy Ross Dr","Louisville","KY","40272"
85877,"7109 Betsy Ross Dr","Louisville","KY","40272"
85878,"13604 Greystone Ave","Louisville","KY","40272"
85879,"7000 Watson Ln","Louisville","KY","40272"
85880,"7013 Betsy Ross Dr","Louisville","KY","40272"
85881,"7012 Betsy Ross Dr","Louisville","KY","40272"
85882,"7111 Betsy Ross Dr","Louisville","KY","40272"
85883,"5409 Indian Woods Dr","Louisville","KY","40207"
85884,"4108 Stoneview Dr","Apt 3","Louisville",
85885,"5303 Indian Woods Dr","Louisville","KY","40207"
85886,"4105 Crestview Rd","Louisville","KY","40207"
85887,"5201 Indian Woods Ct","Louisville","KY","40207"
85888,"610 Fatima Ln","Louisville","KY","40207"
85889,"1610 Hale Ave","Louisville","KY","40210"
85890,"2225 Liverpool Ln","Louisville","KY","40218"
85891,"2311 Medford Ln","Louisville","KY","40218"
85892,"2241 Paris Dr","Louisville","KY","40218"
85893,"2223 Paris Dr","Louisville","KY","40218"
85894,"2243 Liverpool Ln","Louisville","KY","40218"
85895,"2234 Paris Dr","Louisville","KY","40218"
85896,"3521 Terrier Ln","Louisville","KY","40218"
85897,"3606 Downing Way","Louisville","KY","40218"
85898,"3552 Terrier Ln","Louisville","KY","40218"
85899,"3796 Blanton Ln","Louisville","KY","40216"
85900,"183 Mills Dr","Louisville","KY","40216"
85901,"121 Mills Dr","Louisville","KY","40216"
85902,"173 Mills Dr","Louisville","KY","40216"
85903,"122 Mills Dr","Louisville","KY","40216"
85904,"192 Mills Dr","Louisville","KY","40216"
85905,"3603 Westmeadow Ct","Louisville","KY","40258"
85906,"3808 Blanton Ln","Louisville","KY","40216"
85907,"1505 Sharon Dr","Louisville","KY","40216"
85908,"196 Mills Dr","Louisville","KY","40216"
85909,"198 Mills Dr","Louisville","KY","40216"
85910,"137 Mills Dr","Louisville","KY","40216"
85911,"3517 Endeavor Way","Louisville","KY","40219"
85912,"3505 Foreman Ln","Louisville","KY","40219"
85913,"8018 Woodbury Dr","Louisville","KY","40219"
85914,"3404 Endeavor Way","Louisville","KY","40219"
85915,"8302 Windwood Ct","Louisville","KY","40219"
85916,"8421 Windwood Ct","Louisville","KY","40219"
85917,"3506 Foreman Ln","Louisville","KY","40219"
85918,"3610 Endeavor Way","Louisville","KY","40219"
85919,"3608 Longbranch Ct","Louisville","KY","40219"
85920,"8019 Briarcliff Rd","Louisville","KY","40219"
85921,"3618 Endeavor Way","Louisville","KY","40219"
85922,"3502 Foreman Ln","Louisville","KY","40219"
85923,"8408 Archwood Ct","Louisville","KY","40219"
85924,"8310 Woodsman Ct","Louisville","KY","40219"
85925,"8016 Woodbury Dr","Louisville","KY","40219"
85926,"8404 Bost Ln","Louisville","KY","40219"
85927,"3602 Longbranch Ct","Louisville","KY","40219"
85928,"8021 Briarcliff Rd","Louisville","KY","40219"
85929,"8418 Windwood Ct","Louisville","KY","40219"
85930,"8314 Woodsman Ct","Louisville","KY","40219"
85931,"3514 Foreman Ln","Louisville","KY","40219"
85932,"8015 Briarcliff Rd","Louisville","KY","40219"
85933,"8322 Woodsman Ct","Louisville","KY","40219"
85934,"3602 Endeavor Way","Louisville","KY","40219"
85935,"3505 Endeavor Way","Louisville","KY","40219"
85936,"3108 Redbud Ln","Louisville","KY","40220"
85937,"3129 Redbud Ln","Louisville","KY","40220"
85938,"3738 Taylorsville Rd","Louisville","KY","40220"
85939,"3738 Sheridan Rd","Louisville","KY","40220"
85940,"3103 Mylanta Pl","Louisville","KY","40220"
85941,"3123 Redbud Ln","Louisville","KY","40220"
85942,"3116 Mylanta Pl","Louisville","KY","40220"
85943,"3768 Taylorsville Rd","Louisville","KY","40220"
85944,"3744 Taylorsville Rd","Louisville","KY","40220"
85945,"2929 Avon Rd","Louisville","KY","40220"
85946,"2931 Avon Rd","Louisville","KY","40220"
85947,"3732 Taylorsville Rd","Louisville","KY","40220"
85948,"3121 Redbud Ln","Louisville","KY","40220"
85949,"3501 Foreman Ln","Louisville","KY","40219"
85950,"3702 Tuesday Way","Louisville","KY","40219"
85951,"7998 Woodbury Dr","Louisville","KY","40219"
85952,"8012 Briarcliff Rd","Louisville","KY","40219"
85953,"8204 Bost Ln","Louisville","KY","40219"
85954,"8012 Woodbury Dr","Louisville","KY","40219"
85955,"3110 Melody Acres Ln","Apt 1","Louisville",
85956,"3018 Teakwood Cir","Louisville","KY","40216"
85957,"3107 Melody Acres Ln","Apt 4","Louisville",
85958,"3016 Faywood Way","Louisville","KY","40215"
85959,"3208 Cross Bill Rd","Louisville","KY","40213"
85960,"410 Taurus Pl","Louisville","KY","40243"
85961,"12204 Meadow Ln","Louisville","KY","40243"
85962,"5803 Waycross Ct","Louisville","KY","40229"
85963,"3160 S 3rd St","Louisville","KY","40214"
85964,"11301 Valley Cove Cir","Louisville","KY","40291"
85965,"505 N 18th St","Louisville","KY","40203"
85966,"1731 Bank St","Louisville","KY","40203"
85967,"4112 W Broadway","Louisville","KY","40211"
85968,"2040 New Main St","Louisville","KY","40206"
85969,"6712 Astral Dr","Louisville","KY","40258"
85970,"7703 Cecilia Way","Louisville","KY","40219"
85971,"11012 Sandwood Pl","Louisville","KY","40272"
85972,"5102 Christie Ave","Louisville","KY","40216"
85973,"11308 Brookley Dr","Louisville","KY","40229"
85974,"8104 Catrina Ct","Louisville","KY","40214"
85975,"3504 Lisbon Ln","Louisville","KY","40218"
85976,"13408 Diane Rd","Louisville","KY","40272"
85977,"11519 Leemont Dr","Louisville","KY","40272"
85978,"708 Sentry Way","Louisville","KY","40223"
85979,"1718 Edenside Ave","Louisville","KY","40204"
85980,"5108 Craigs Creek Dr","Louisville","KY","40241"
85981,"750 S 43rd St","Louisville","KY","40211"
85982,"4210 Woodmont Park Ln","Louisville","KY","40245"
85983,"1727 William E Summers Iii Ave","Louisville","KY","40211"
85984,"1402 Garvey Dr","Louisville","KY","40216"
85985,"3002 Sherbrooke Rd","Louisville","KY","40205"
85986,"4820 Westmar Ter","Apt 5","Louisville",
85987,"9201 Fairridge Dr","Louisville","KY","40229"
85988,"6512 Tradesmill Dr","Louisville","KY","40291"
85989,"3402 Dumesnil St","Louisville","KY","40211"
85990,"8015 N Blake Ln","Louisville","KY","40258"
85991,"2009 Patricia Dr","Louisville","KY","40272"
85992,"6725 Regal Rd","Louisville","KY","40222"
85993,"749 N Hite Ave","Apt 4","Louisville",
85994,"14424 Crescent Cove Dr","Louisville","KY","40299"
85995,"406 Sprite Rd","Louisville","KY","40207"
85996,"1037 W Indian Trl","Louisville","KY","40213"
85997,"2958 S Crums Ln","Louisville","KY","40216"
85998,"3302 Fortas Ct","Louisville","KY","40220"
85999,"11064 Brookley Dr","Louisville","KY","40229"
86000,"8510 Atrium Dr","Apt 301","Louisville",
86001,"9805 Highcrest Ave","Louisville","KY","40272"
86002,"8110 Michael Ray Dr","Louisville","KY","40219"
86003,"2703 Alford Ave","Louisville","KY","40212"
86004,"920 Dixie Hwy","Louisville","KY","40210"
86005,"1510 Cypress St","Louisville","KY","40210"
86006,"4409 Bellevue Ave","Louisville","KY","40215"
86007,"2317 Sycamore Ave","Louisville","KY","40206"
86008,"1208 Autumn Sun Ct","Unit 101","Louisville",
86009,"17439 Curry Branch Rd","Louisville","KY","40245"
86010,"1305 Cecil Ave","Louisville","KY","40211"
86011,"3911 Oakleigh Meadow Pl","Louisville","KY","40245"
86012,"4723 Razor Creek Way","Louisville","KY","40299"
86013,"11314 Frenchrone Dr","Louisville","KY","40272"
86014,"14607 Woodstream Pl","Louisville","KY","40245"
86015,"17027 Bowline View Trl","Louisville","KY","40245"
86016,"7402 Ridan Way","Louisville","KY","40214"
86017,"3015 Rosedale Blvd","Louisville","KY","40220"
86018,"6643 Strawberry Ln","Louisville","KY","40214"
86019,"1850 Mary Catherine Dr","Louisville","KY","40216"
86020,"3510 Gonewind Dr","Louisville","KY","40299"
86021,"532 Lampton St","Louisville","KY","40203"
86022,"3338 Bohannon Ave","Louisville","KY","40215"
86023,"2730 Hollywood Ter","Apt 18","Louisville",
86024,"2724 W Kentucky St","Louisville","KY","40211"
86025,"7900 Cedar Brook Dr","Louisville","KY","40219"
86026,"3008 Virginia Ave","Louisville","KY","40211"
86027,"9648 River Trail Dr","Louisville","KY","40229"
86028,"2604 Aristocrat Pl","Unit 104","Louisville",
86029,"1014 Fenley Ave","Louisville","KY","40222"
86030,"12014 Halifax Dr","Louisville","KY","40245"
86031,"2032 Rowan St","Louisville","KY","40203"
86032,"13308 Horncastle Way","Louisville","KY","40272"
86033,"4803 Arroyo Trl","Louisville","KY","40229"
86034,"3018 River Park Dr","Louisville","KY","40211"
86035,"1536 Clara Ave","Louisville","KY","40215"
86036,"308 N 20th St","Louisville","KY","40203"
86037,"12401 Crosswinds Dr","Louisville","KY","40243"
86038,"406 Fountain Ct","Louisville","KY","40208"
86039,"525 Belgravia Ct","Louisville","KY","40208"
86040,"3133 Roselawn Blvd","Louisville","KY","40220"
86041,"5904 Manson Way","Louisville","KY","40258"
86042,"7601 Cooper Chapel Rd","Louisville","KY","40229"
86043,"8212 Nash Rd","Louisville","KY","40214"
86044,"3122 Spring Breeze Ct","Louisville","KY","40220"
86045,"9907 Chapel Hill Rd","Louisville","KY","40229"
86046,"8526 Old Bardstown Rd","Louisville","KY","40291"
86047,"4560 S 2nd St","Louisville","KY","40214"
86048,"202 Alcott Rd","Louisville","KY","40207"
86049,"305 Downes Ln","Louisville","KY","40214"
86050,"271 Eldorado Ave","Louisville","KY","40218"
86051,"3024 Hendon Rd","Louisville","KY","40220"
86052,"3527 W Muhammad Ali Blvd","Louisville","KY","40212"
86053,"105 S 38th St","Louisville","KY","40212"
86054,"914 Burton Ave","Louisville","KY","40208"
86055,"2124 Havenview Dr","Louisville","KY","40218"
86056,"3328 Indian Lake Dr","Louisville","KY","40241"
86057,"6916 Arbor Manor Way","Louisville","KY","40228"
86058,"6708 Stana Dr","Louisville","KY","40258"
86059,"1329 Lillian Ave","Louisville","KY","40208"
86060,"406 Highfield Rd","Louisville","KY","40207"
86061,"7900 Candleglow Ln","Louisville","KY","40214"
86062,"2564 Cherosen Rd","Louisville","KY","40205"
86063,"8017 Bluebonnet Rd","Louisville","KY","40258"
86064,"2101 Gardiner Ln","Louisville","KY","40205"
86065,"4225 Telovi Ct","Louisville","KY","40241"
86066,"1351 Mchenry St","Louisville","KY","40217"
86067,"909 Loveall Ln","Louisville","KY","40223"
86068,"3602 Twin Oak Ln","Louisville","KY","40219"
86069,"1626 Dumesnil St","Louisville","KY","40210"
86070,"1008 Lake Way","Apt D9","Louisville",
86071,"5008 Red Fern Rd","Louisville","KY","40218"
86072,"5316 Twinkle Dr","Louisville","KY","40258"
86073,"3905 Leland Rd","Louisville","KY","40207"
86074,"4700 S 2nd St","Louisville","KY","40214"
86075,"7302 Watson Ln","Louisville","KY","40272"
86076,"1010 Hull St","Louisville","KY","40204"
86077,"910 Rosemary Dr","Louisville","KY","40213"
86078,"4154 Hickman Ave","Louisville","KY","40213"
86079,"109 Sweetbriar Ln","Louisville","KY","40207"
86080,"4411 Baygarden Ct","Louisville","KY","40245"
86081,"805 Thorpe Dr","Louisville","KY","40243"
86082,"288 S Steedland Dr","Louisville","KY","40229"
86083,"11111 Fairmount Rd","Louisville","KY","40291"
86084,"642 Hillview Blvd","Louisville","KY","40229"
86085,"11035 Perwinkle Ln","Louisville","KY","40291"
86086,"7603 Market Cart Way","Louisville","KY","40291"
86087,"5500 Random Way","Louisville","KY","40291"
86088,"7403 Gadwall Way","Louisville","KY","40218"
86089,"6706 Rebecca Ln","Louisville","KY","40258"
86090,"11401 Easum Rd","Louisville","KY","40299"
86091,"132 Fawn Ct","Louisville","KY","40229"
86092,"902 Willow Pointe Dr","Louisville","KY","40299"
86093,"312 N 30th St","Louisville","KY","40212"
86094,"2914 Duncan St","Louisville","KY","40212"
86095,"927 E Washington St","Louisville","KY","40206"
86096,"1014 Longfield Ave","Louisville","KY","40215"
86097,"12213 Saratoga Estates Rd","Louisville","KY","40299"
86098,"2431 Northwestern Pkwy","Louisville","KY","40212"
86099,"5309 Carolina Crossings Way","Unit 203","Louisville",
86100,"605 N 39th St","Louisville","KY","40212"
86101,"2109 Indian Chute","Louisville","KY","40207"
86102,"7107 Blair Creek Way","Louisville","KY","40229"
86103,"13606 Meadow Vista Ct","Louisville","KY","40299"
86104,"1926 Goldsmith Ln","Unit 108","Louisville",
86105,"7814 Fairmeadows Ln","Louisville","KY","40222"
86106,"3202 Wynbrooke Cir","Louisville","KY","40241"
86107,"2343 Village Dr","Louisville","KY","40205"
86108,"1271 Forest Dr","Louisville","KY","40219"
86109,"5406 Lagoona Dr","Louisville","KY","40219"
86110,"639 E Jefferson St","Unit 209","Louisville",
86111,"9000 Spruce Tree Pl","Louisville","KY","40242"
86112,"7208 Gorham Way","Louisville","KY","40291"
86113,"3004 Meade Ave","Louisville","KY","40217"
86114,"12200 Crosswinds Dr","Louisville","KY","40243"
86115,"14500 Deercross Pl","Louisville","KY","40245"
86116,"5003 Ginev Way","Louisville","KY","40219"
86117,"14400 Lake Forest Dr","Louisville","KY","40245"
86118,"7110 Nachand Ln","Louisville","KY","40218"
86119,"7238 Lucille Ave","Louisville","KY","40258"
86120,"2701 Six Mile Ln","Louisville","KY","40220"
86121,"4957 Winding Spring Cir","Louisville","KY","40245"
86122,"4210 Saint Thomas Ave","Louisville","KY","40218"
86123,"4421 Vaneto Dr","Louisville","KY","40216"
86124,"4012 Maynard Ave","Louisville","KY","40229"
86125,"1139 S 32nd St","Louisville","KY","40211"
86126,"3731 Fairway Ln","Louisville","KY","40207"
86127,"14519 Estate Ridge Blvd","Louisville","KY","40291"
86128,"1721 William E Summers Iii Ave","Louisville","KY","40211"
86129,"5022 Flora Springs Cir","Louisville","KY","40299"
86130,"9601 Keeling Ridge Rd","Louisville","KY","40291"
86131,"921 Rosemary Dr","Louisville","KY","40213"
86132,"7703 Bluebonnet Rd","Louisville","KY","40258"
86133,"1911 Donald Dr","Louisville","KY","40216"
86134,"1635 Bernheim Ln","Louisville","KY","40210"
86135,"4204 Meadowbend Way","Louisville","KY","40218"
86136,"10208 Poco Pl","Louisville","KY","40291"
86137,"12011 Rock Spring Ct","Louisville","KY","40245"
86138,"7800 Grand Cascade Dr","Louisville","KY","40228"
86139,"3303 Hikes Ln","Louisville","KY","40220"
86140,"10903 Hobbs Station Rd","Louisville","KY","40223"
86141,"5022 Fay Ave","Louisville","KY","40214"
86142,"1601 Spring Dr","Apt 1","Louisville",
86143,"1 Narwood Dr","Louisville","KY","40299"
86144,"5620 Landcross Dr","Louisville","KY","40216"
86145,"3328 Goldsmith Ln","Louisville","KY","40220"
86146,"9608 Inca Dr","Louisville","KY","40258"
86147,"8623 Garden Gate Cir","Louisville","KY","40291"
86148,"7826 Pleasure Walk Cir","Louisville","KY","40258"
86149,"6800 Taffy Ann Dr","Louisville","KY","40228"
86150,"7508 Kendrick Crossing Ln","Louisville","KY","40291"
86151,"7800 Poinsettia Dr","Louisville","KY","40258"
86152,"5204 Tomahawk Rd","Louisville","KY","40207"
86153,"205 S Hubbards Ln","Louisville","KY","40207"
86154,"4412 Haney Way","Louisville","KY","40272"
86155,"9209 Whipps Mill Rd","Louisville","KY","40242"
86156,"7836 Stuart Ave","Louisville","KY","40258"
86157,"2018 Lynn Way","Louisville","KY","40222"
86158,"3609 Bank St","Louisville","KY","40212"
86159,"10708 Leelah Ct","Louisville","KY","40272"
86160,"13703 Forest Bend Cir","Louisville","KY","40245"
86161,"7008 Memory Ln","Louisville","KY","40258"
86162,"4160 La Salle Ave","Louisville","KY","40215"
86163,"3805 Yardley Ct","Unit 206","Louisville",
86164,"8610 Linda Rd","Louisville","KY","40219"
86165,"511 E Saint Catherine St","Louisville","KY","40203"
86166,"5312 Oldshire Rd","Louisville","KY","40229"
86167,"4320 Hampton Creek Dr","Louisville","KY","40241"
86168,"910 Lake Forest Pkwy","Louisville","KY","40245"
86169,"4214 Cane Run Rd","Louisville","KY","40216"
86170,"1410 Arnold Palmer Blvd","Louisville","KY","40245"
86171,"13603 Quiet Glen Ct","Louisville","KY","40299"
86172,"11415 Tazwell Dr","Louisville","KY","40241"
86173,"873 Overdale Dr","Louisville","KY","40229"
86174,"8015 Kenhurst Dr","Louisville","KY","40258"
86175,"8713 Hi View Ln","Louisville","KY","40272"
86176,"6715 Fenwick Dr","Louisville","KY","40228"
86177,"401 S 38th St","Louisville","KY","40212"
86178,"1649 Hale Ave","Louisville","KY","40210"
86179,"11039 Radleigh Ln","Louisville","KY","40291"
86180,"536 Denmark St","Louisville","KY","40215"
86181,"6507 Innsbruck Way","Louisville","KY","40228"
86182,"1364 Mariemont Ct","Unit 201","Louisville",
86183,"404 Gatehouse Ln","Louisville","KY","40243"
86184,"9200 New Maple Rd","Louisville","KY","40229"
86185,"9619 Riverwalk Ave","Louisville","KY","40229"
86186,"515 Old Harrods Creek Rd","Louisville","KY","40223"
86187,"614 Bellewood Rd","Louisville","KY","40223"
86188,"1029 E Kentucky St","Louisville","KY","40204"
86189,"10803 Colonel Hancock Dr","Louisville","KY","40291"
86190,"722 Heywood Ave","Louisville","KY","40208"
86191,"10520 Charleswood Rd","Louisville","KY","40229"
86192,"2707 Summerfield Dr","Louisville","KY","40220"
86193,"609 Hillrose Dr","Louisville","KY","40243"
86194,"9108 Lyneve Dr","Louisville","KY","40272"
86195,"8003 Magnolia Ridge Ct","Unit 204","Louisville",
86196,"3512 Saint Germaine Ct","Louisville","KY","40207"
86197,"1712 Mae Street Kidd Ave","Louisville","KY","40211"
86198,"8201 Seaforth Dr","Louisville","KY","40258"
86199,"3816 Vermont Ave","Louisville","KY","40211"
86200,"4519 Southcrest Dr","Louisville","KY","40215"
86201,"656 S 26th St","Louisville","KY","40211"
86202,"5615 Regal Dr","Louisville","KY","40218"
86203,"2924 Brownsboro Rd","Louisville","KY","40206"
86204,"8451 Aspen Glen Way","Louisville","KY","40228"
86205,"2922 Brownsboro Rd","Louisville","KY","40206"
86206,"1718 Cardinal Ct","Louisville","KY","40216"
86207,"5010 Tumeric Ln","Louisville","KY","40258"
86208,"36 Chamberry Cir","Louisville","KY","40207"
86209,"705 Ahland Rd","Louisville","KY","40207"
86210,"1019 Ardmore Dr","Louisville","KY","40217"
86211,"1800 Manor House Dr","Apt 108","Louisville",
86212,"2511 Bank St","Louisville","KY","40212"
86213,"5621 Pleasure Ct","Louisville","KY","40272"
86214,"164 Pope St","Louisville","KY","40206"
86215,"10616 Sycamore Grn","Louisville","KY","40223"
86216,"1015 E Saint Catherine St","Louisville","KY","40204"
86217,"11507 Top Walnut Loop","Louisville","KY","40229"
86218,"6400 Autumn Oak Way","Louisville","KY","40272"
86219,"3525 Winterberry Cir","Louisville","KY","40207"
86220,"946 Dixie Hwy","Louisville","KY","40210"
86221,"956 S 6th St","Louisville","KY","40203"
86222,"83 College Ct","Louisville","KY","40203"
86223,"622 Jordan Ave","Louisville","KY","40208"
86224,"618 Jordan Ave","Louisville","KY","40208"
86225,"933 Vine St","Louisville","KY","40204"
86226,"3606 Fallen Timber Dr","Louisville","KY","40241"
86227,"3106 Pine Trace Ct","Louisville","KY","40272"
86228,"1114 Samuel St","Louisville","KY","40204"
86229,"2212 Strathmoor Blvd","Louisville","KY","40205"
86230,"119 Weisser Ave","Louisville","KY","40206"
86231,"2323 Glenview Ave","Louisville","KY","40222"
86232,"7827 Pleasure Walk Cir","Louisville","KY","40258"
86233,"1903 Belay Way","Louisville","KY","40245"
86234,"10316 Blue Lick Rd","Louisville","KY","40229"
86235,"5109 Frey Dr","Louisville","KY","40219"
86236,"4309 Cathay Ct","Louisville","KY","40219"
86237,"10810 Jefferson Trace Blvd","Louisville","KY","40291"
86238,"2041 San Jose Ave","Louisville","KY","40216"
86239,"208 Militia Dr","Louisville","KY","40214"
86240,"104 Wickfield Dr","Louisville","KY","40245"
86241,"13210 Stepping Stone Way","Louisville","KY","40299"
86242,"7800 Bramble Ln","Louisville","KY","40258"
86243,"4915 Melinda Ave","Louisville","KY","40258"
86244,"7217 Oakburn Dr","Louisville","KY","40258"
86245,"2503 Gainesway Ct","Louisville","KY","40245"
86246,"239 Hillview Blvd","Louisville","KY","40229"
86247,"1104 S 3rd St","Louisville","KY","40203"
86248,"17751 Long Run Hill Pl","Louisville","KY","40245"
86249,"2724 Algonquin Pkwy","Louisville","KY","40210"
86250,"1508 Alma Ave","Louisville","KY","40215"
86251,"1322 Winter Ave","Louisville","KY","40204"
86252,"5116 Alba Way","Louisville","KY","40213"
86253,"14006 Oldwood Pl","Louisville","KY","40245"
86254,"4302 Shepherdsville Rd","Louisville","KY","40218"
86255,"8344 Matt Ct","Louisville","KY","40258"
86256,"614 Emily Rd","Louisville","KY","40206"
86257,"2600 Aristocrat Pl","Unit 204","Louisville",
86258,"10103 Kimblewick Dr","Louisville","KY","40223"
86259,"213 Franck Ave","Louisville","KY","40206"
86260,"4628 Oak Pointe Dr","Louisville","KY","40245"
86261,"1718 Odaniel Ave","Apt 15","Louisville",
86262,"6623 Brook Valley Dr","Louisville","KY","40228"
86263,"613 S 39th St","Louisville","KY","40211"
86264,"1022 Hathaway Ave","Louisville","KY","40215"
86265,"3106 Greenwood Ave","Louisville","KY","40211"
86266,"660 Atwood St","Louisville","KY","40217"
86267,"1061 Highland Ave Unit A","Louisville","KY","40204"
86268,"8114 Regency Woods Way","Louisville","KY","40220"
86269,"3419 Stony Farm Dr","Louisville","KY","40299"
86270,"3024 Mid Dale Ln","Louisville","KY","40220"
86271,"1040 Cherokee Rd","Apt D6","Louisville",
86272,"2712 Allston Ave","Louisville","KY","40210"
86273,"7413 Wimstock Ave","Louisville","KY","40272"
86274,"2639 Kings Hwy","Louisville","KY","40205"
86275,"343 S Dorsey Ln","Louisville","KY","40223"
86276,"3813 Saint Germaine Ct","Louisville","KY","40207"
86277,"4304 Briarwood Rd","Louisville","KY","40207"
86278,"7826 Westbrook Rd","Louisville","KY","40258"
86279,"102 Staebler Ave","Louisville","KY","40207"
86280,"3217 Duvalle Dr","Louisville","KY","40211"
86281,"8916 Ayrshire Ave","Louisville","KY","40222"
86282,"12508 Oakland Hills Trl","Louisville","KY","40291"
86283,"10607 Grafton Hall Rd","Louisville","KY","40272"
86284,"12005 Woodland Rd","Louisville","KY","40223"
86285,"3920 Saint Edwards Dr","Louisville","KY","40299"
86286,"3411 Stony Farm Dr","Louisville","KY","40299"
86287,"2322 Saint Louis Ave","Louisville","KY","40210"
86288,"2245 Peaslee Rd","Louisville","KY","40216"
86289,"1710 Tempest Way","Louisville","KY","40216"
86290,"7820 Fairmeadows Ln","Louisville","KY","40222"
86291,"3507 Rems Ct","Louisville","KY","40241"
86292,"1364 Mariemont Ct","Unit 101","Louisville",
86293,"3504 Capri Dr","Louisville","KY","40218"
86294,"3303 Wynbrooke Cir","Louisville","KY","40241"
86295,"109 N 32nd St","Louisville","KY","40212"
86296,"1377 Willow Dr","Louisville","KY","40213"
86297,"4406 Wisteria Landing Cir","Unit 204","Louisville",
86298,"2107 Algonquin Pkwy","Louisville","KY","40210"
86299,"1856 Yale Dr","Louisville","KY","40205"
86300,"818 Foxgate Rd","Louisville","KY","40223"
86301,"345 N 23rd St","Louisville","KY","40212"
86302,"1609 Herr Ln","Louisville","KY","40222"
86303,"19012 Long Grove Way","Louisville","KY","40245"
86304,"8714 Wimborne Way","Louisville","KY","40222"
86305,"3223 Kirby Ave","Louisville","KY","40211"
86306,"4921 Solona Dr","Louisville","KY","40272"
86307,"11613 Wetherby Ave","Louisville","KY","40243"
86308,"3101 Roypom Dr","Louisville","KY","40220"
86309,"2045 Alta Ave","Louisville","KY","40205"
86310,"10104 Fairmount Rd","Louisville","KY","40291"
86311,"31 River Hill Rd","Louisville","KY","40207"
86312,"1861 Lynn Lea Rd","Louisville","KY","40216"
86313,"10408 Perwinkle Ct","Louisville","KY","40291"
86314,"5615 Bruns Dr","Louisville","KY","40216"
86315,"4102 Cottagehill Rd","Louisville","KY","40299"
86316,"1740 Fleming Rd","Louisville","KY","40205"
86317,"753 S 44th St","Louisville","KY","40211"
86318,"311 Primrose Dr","Louisville","KY","40207"
86319,"2423 Montgomery St","Louisville","KY","40212"
86320,"1507 Woodluck Ave","Louisville","KY","40205"
86321,"7821 Fairmeadows Ln","Louisville","KY","40222"
86322,"9216 Trentham Ln","Louisville","KY","40242"
86323,"3021 Lake Vista Dr","Louisville","KY","40241"
86324,"5410 Fennel Ct","Louisville","KY","40258"
86325,"8006 Sycamore Creek Dr","Louisville","KY","40222"
86326,"12404 Alfred Berry Ct","Louisville","KY","40223"
86327,"7402 Greenlawn Rd","Louisville","KY","40222"
86328,"4902 Invicta Dr","Louisville","KY","40216"
86329,"2126 Village Dr","Apt 6","Louisville",
86330,"2702 Goldsmith Ln","Louisville","KY","40220"
86331,"522 Briar Hill Rd","Louisville","KY","40206"
86332,"2119 Millside Dr","Louisville","KY","40223"
86333,"5000 Old Heady Rd","Louisville","KY","40299"
86334,"2600 Fallen Leaf Ct","Louisville","KY","40241"
86335,"4187 Lee Ave","Louisville","KY","40213"
86336,"5017 Dunvegan Rd","Louisville","KY","40222"
86337,"6805 Falls Creek Rd","Louisville","KY","40241"
86338,"7721 Pear View Ln","Louisville","KY","40218"
86339,"4410 Flintlock Dr","Louisville","KY","40216"
86340,"3303 Heather Ln","Louisville","KY","40218"
86341,"3005 Talisman Rd","Louisville","KY","40220"
86342,"9012 Willow Springs Dr","Louisville","KY","40242"
86343,"12387 Springmeadow Dr","Louisville","KY","40229"
86344,"4302 Woodgate Ln","Louisville","KY","40220"
86345,"1506 Iroquois Pkwy","Louisville","KY","40214"
86346,"1031 E Burnett Ave","Louisville","KY","40217"
86347,"2024 Goldsmith Ln","Louisville","KY","40218"
86348,"1253 S Shelby St","Louisville","KY","40203"
86349,"1214 W Woodlawn Ave","Louisville","KY","40215"
86350,"4203 Naneen Dr","Louisville","KY","40216"
86351,"1432 Twin Ridge Rd","Louisville","KY","40242"
86352,"3531 Sasse Way","Louisville","KY","40245"
86353,"1405 Larchmont Ave","Louisville","KY","40215"
86354,"827 E Burnett Ave","Louisville","KY","40217"
86355,"3665 Lentz Ave","Louisville","KY","40215"
86356,"5671 Dorinda Dr","Louisville","KY","40258"
86357,"3930 Elfin Ave","Louisville","KY","40207"
86358,"1959 Douglass Blvd","Louisville","KY","40205"
86359,"1401 Catalpa St","Louisville","KY","40211"
86360,"312 E Esplanade Ave","Louisville","KY","40214"
86361,"7802 Kenhurst Dr","Louisville","KY","40258"
86362,"3409 Donald Dr","Louisville","KY","40216"
86363,"204 Valley Rd","Louisville","KY","40229"
86364,"16700 Glen Lakes Dr","Louisville","KY","40245"
86365,"6303 Sonnette Way","Louisville","KY","40258"
86366,"5508 Locust Way","Louisville","KY","40229"
86367,"6820 Brook Bend Way","Louisville","KY","40229"
86368,"12408 Aquarius Rd","Louisville","KY","40243"
86369,"12233 Ridgemont Rd","Louisville","KY","40229"
86370,"1244 Wolfe Ave","Louisville","KY","40213"
86371,"4830 S 6th St","Louisville","KY","40214"
86372,"3249 Cross Bill Rd","Louisville","KY","40213"
86373,"4421 Wilshire Ave","Louisville","KY","40216"
86374,"1609 S 38th St","Louisville","KY","40211"
86375,"3127 Pine Trace Ct","Louisville","KY","40272"
86376,"11113 Rock Bend Way","Louisville","KY","40241"
86377,"1135 Fischer Ave","Louisville","KY","40204"
86378,"330 N 24th St","Louisville","KY","40212"
86379,"4107 Brentler Rd","Louisville","KY","40241"
86380,"6504 Glenbrook Ave","Louisville","KY","40216"
86381,"9813 White Blossom Blvd","Louisville","KY","40241"
86382,"2210 Wynnewood Cir","Louisville","KY","40222"
86383,"4540 Old Hazelwood Ave","Louisville","KY","40214"
86384,"16215 Eastwood Cut Off Rd","Louisville","KY","40245"
86385,"12805 Ledges Dr","Louisville","KY","40243"
86386,"203 N 28th St","Louisville","KY","40212"
86387,"1850 Dumesnil St","Louisville","KY","40210"
86388,"2515 Savannah Rd","Louisville","KY","40242"
86389,"613 W Oak St","Louisville","KY","40203"
86390,"215 Bramton Rd","Louisville","KY","40207"
86391,"2613 Merhoff St","Louisville","KY","40217"
86392,"7221 Quindero Run Rd","Louisville","KY","40228"
86393,"7610 Blue Boy Pl","Louisville","KY","40291"
86394,"427 Twinbrook Rd","Louisville","KY","40207"
86395,"4507 Summitt Dr","Louisville","KY","40229"
86396,"12512 Nassau Ln","Louisville","KY","40243"
86397,"936 Packard Ave","Louisville","KY","40217"
86398,"3323 Bon Air Ave","Louisville","KY","40220"
86399,"2911 Henrietta Ave","Louisville","KY","40220"
86400,"4206 Manner Dale Dr","Louisville","KY","40220"
86401,"1465 Cypress St","Louisville","KY","40210"
86402,"2926 Garfield Ave","Louisville","KY","40212"
86403,"4203 Bryant Park Dr","Louisville","KY","40299"
86404,"1209 Goss Ave","Louisville","KY","40217"
86405,"12446 Spring Trace Ct","Louisville","KY","40229"
86406,"4200 Wisteria Landing Cir","Unit 103","Louisville",
86407,"511 N 34th St","Louisville","KY","40212"
86408,"4614 W Broadway","Louisville","KY","40211"
86409,"6706 Black Locust Way","Louisville","KY","40272"
86410,"5503 Leeward Ct","Louisville","KY","40291"
86411,"10331 Arbor Oak Dr","Louisville","KY","40229"
86412,"707 Iowa Ave","Louisville","KY","40208"
86413,"810 Glenbarr Pl","Louisville","KY","40243"
86414,"4401 Manner Gate Ct","Louisville","KY","40220"
86415,"8910 Yellow Wood Pl","Louisville","KY","40242"
86416,"3807 Crestridge Dr","Louisville","KY","40272"
86417,"8606 Tannen Dr","Louisville","KY","40242"
86418,"4600 Silverleaf Dr","Louisville","KY","40213"
86419,"2501 W Burnett Ave","Louisville","KY","40210"
86420,"8712 Blossom Ln","Louisville","KY","40242"
86421,"303 Chelsea Rd","Louisville","KY","40207"
86422,"4318 Lees Ln","Louisville","KY","40216"
86423,"4014 Addison Ln","Louisville","KY","40216"
86424,"4822 Napa Ridge Way","Louisville","KY","40299"
86425,"2121 Garrs Ln","Louisville","KY","40216"
86426,"6522 Bridleview Cir","Louisville","KY","40228"
86427,"10004 Afton Rd","Louisville","KY","40223"
86428,"616 W Woodlawn Ave","Louisville","KY","40215"
86429,"222 Fairfax Ave","Louisville","KY","40207"
86430,"1135 Charles St","Louisville","KY","40204"
86431,"3912 Benje Way","Louisville","KY","40241"
86432,"7019 Irewick Way","Louisville","KY","40272"
86433,"11314 Prince George Ct","Louisville","KY","40241"
86434,"11465 Tazwell Dr","Louisville","KY","40241"
86435,"13714 Saddlecreek Dr","Louisville","KY","40245"
86436,"601 Davenport Dr","Louisville","KY","40245"
86437,"1818 Woodbourne Ave","Louisville","KY","40205"
86438,"416 Bromwell Dr","Louisville","KY","40245"
86439,"10404 Southern Meadows Dr","Apt 203","Louisville",
86440,"463 N 29th St","Louisville","KY","40212"
86441,"2206 Landan Dr","Louisville","KY","40218"
86442,"1007 Springside Way","Louisville","KY","40223"
86443,"10935 Symington Cir","Louisville","KY","40241"
86444,"2917 Virginia Ave","Louisville","KY","40211"
86445,"2811 Rockhaven Ave","Louisville","KY","40220"
86446,"5602 Riata Ct","Louisville","KY","40218"
86447,"4115 Shady Villa Dr","Louisville","KY","40219"
86448,"9103 Maiden Ct","Louisville","KY","40229"
86449,"4624 N Rutland Ave","Louisville","KY","40215"
86450,"5408 Azalea Ln","Louisville","KY","40258"
86451,"3115 Indian Lake Dr","Louisville","KY","40241"
86452,"406 Club Ln","Louisville","KY","40207"
86453,"3821 Grand Ave","Louisville","KY","40211"
86454,"2907 White Plains Rd","Louisville","KY","40218"
86455,"8309 Grandel Forest Way","Louisville","KY","40258"
86456,"3242 Herman St","Louisville","KY","40212"
86457,"523 Beecher St","Louisville","KY","40215"
86458,"2923 Pomeroy Dr","Louisville","KY","40218"
86459,"520 Nottingham Pkwy","Louisville","KY","40222"
86460,"10611 Farm Oaks Ct","Louisville","KY","40241"
86461,"5004 Kendall Rd","Louisville","KY","40272"
86462,"206 Woodcleft Rd","Louisville","KY","40222"
86463,"9600 Gutenberg Rd","Louisville","KY","40299"
86464,"4808 Lawrie Ln","Louisville","KY","40214"
86465,"4031 Mulberry Row Way","Louisville","KY","40299"
86466,"500 Club Ln","Louisville","KY","40207"
86467,"8703 Brittany Dr","Louisville","KY","40220"
86468,"636 E Breckinridge St","Louisville","KY","40203"
86469,"7809 Fairmeadows Ln","Louisville","KY","40222"
86470,"3747 Craig Ave","Louisville","KY","40215"
86471,"4711 Bay Cove Ct","Louisville","KY","40245"
86472,"6909 Monty Ln","Louisville","KY","40291"
86473,"5103 Stewart Dr","Louisville","KY","40216"
86474,"142 Wiltshire Ave","Louisville","KY","40207"
86475,"16 Chamberry Cir","Louisville","KY","40207"
86476,"2704 Avenue","of the Woods","Louisville",
86477,"421 Creason Ct","Unit 104","Louisville",
86478,"6404 Pendleton Rd","Louisville","KY","40272"
86479,"8807 Michael Edward Dr","Louisville","KY","40291"
86480,"2311 Gladstone Ave","Louisville","KY","40205"
86481,"5907 Bannon Crossings Dr","Louisville","KY","40228"
86482,"187 Sanna Dr","Louisville","KY","40229"
86483,"3808 Brody Ln","Louisville","KY","40299"
86484,"520 Colorado Ave","Louisville","KY","40208"
86485,"5106 Bannon Crossings Dr","Louisville","KY","40218"
86486,"4314 E Indian Trl","Louisville","KY","40213"
86487,"8101 Arbor Brook Ln","Louisville","KY","40228"
86488,"17048 Ashburton Dr","Louisville","KY","40245"
86489,"9506 Thor Ave","Louisville","KY","40229"
86490,"1105 Julia Ave","Louisville","KY","40204"
86491,"4307 Allmond Ave","Louisville","KY","40209"
86492,"6904 Monty Ln","Louisville","KY","40291"
86493,"2705 Hale Ave","Louisville","KY","40211"
86494,"1726 Youngland Ave","Louisville","KY","40216"
86495,"6917 Fallen Leaf Cir","Louisville","KY","40241"
86496,"828 Lake Forest Pkwy","Louisville","KY","40245"
86497,"2612 Patio Ct","Louisville","KY","40214"
86498,"1718 Belay Way","Louisville","KY","40245"
86499,"196 Brenda Way","Louisville","KY","40229"
86500,"12507 Berrytown Rd","Louisville","KY","40223"
86501,"3418 Southmeade Cir","Louisville","KY","40214"
86502,"10014 Cedar Garden Dr","Louisville","KY","40291"
86503,"3509 Hillsboro Ct","Louisville","KY","40207"
86504,"5043 Terry Rd","Louisville","KY","40216"
86505,"14812 Fox Bend Ct","Louisville","KY","40245"
86506,"2800 Thames Ave","Louisville","KY","40220"
86507,"5521 Vevia Pl","Louisville","KY","40272"
86508,"5300 Anatahan Ct","Louisville","KY","40272"
86509,"2432 Tradition Cir","Louisville","KY","40245"
86510,"4836 Bellevue Ave","Louisville","KY","40215"
86511,"156 Pope St","Louisville","KY","40206"
86512,"2113 Lauderdale Rd","Louisville","KY","40205"
86513,"656 S 43rd St","Louisville","KY","40211"
86514,"3022 Parkstone Ct","Louisville","KY","40241"
86515,"1612 Gardiner Ln","Apt 108","Louisville",
86516,"1114 Hennepin Dr","Louisville","KY","40214"
86517,"11212 Ballardsville Rd","Louisville","KY","40241"
86518,"248 Circle Valley Dr","Louisville","KY","40229"
86519,"973 Barret Ave","Louisville","KY","40204"
86520,"7011 Graymoor Rd","Louisville","KY","40222"
86521,"10202 Brownhurst Ct","Louisville","KY","40241"
86522,"276 Saunders Ave","Louisville","KY","40206"
86523,"2924 Gudgel Rd","Louisville","KY","40211"
86524,"141 Outer Loop","Louisville","KY","40214"
86525,"315 Inverness Ave","Louisville","KY","40214"
86526,"135 Blackburn Ave","Louisville","KY","40206"
86527,"729 Hazel St","Louisville","KY","40211"
86528,"639 E Jefferson St","Unit 102","Louisville",
86529,"10215 Hornbeam Blvd","Louisville","KY","40228"
86530,"5316 Vista John Dr","Louisville","KY","40214"
86531,"4239 Regina Ln","Louisville","KY","40213"
86532,"4517 Starks Dr","Louisville","KY","40218"
86533,"1811 Claremoor Dr","Louisville","KY","40223"
86534,"10251 Pine Glen Cir","Louisville","KY","40291"
86535,"8999 W Manslick Rd","Louisville","KY","40272"
86536,"10513 Leven Blvd","Louisville","KY","40229"
86537,"3607 Argyle Ln","Louisville","KY","40220"
86538,"900 Audubon Pkwy","Apt 12","Louisville",
86539,"1515 Olive St","Louisville","KY","40210"
86540,"403 N 34th St","Louisville","KY","40212"
86541,"1006 Oakwood Ave","Louisville","KY","40215"
86542,"2236 W Madison St","Louisville","KY","40211"
86543,"10705 Eagle Ridge Pl","Louisville","KY","40223"
86544,"6815 Arbor Creek Dr","Louisville","KY","40228"
86545,"1714 Edenside Ave","Louisville","KY","40204"
86546,"4302 W Muhammad Ali Blvd","Louisville","KY","40212"
86547,"8226 Delta Cir","Louisville","KY","40228"
86548,"12225 Brookgreen Dr","Louisville","KY","40243"
86549,"10311 Amberwell Park Rd","Louisville","KY","40241"
86550,"5106 Amber Hill Pl","Louisville","KY","40241"
86551,"3207 Patricia Dr","Louisville","KY","40216"
86552,"10903 Spring Run Ct","Louisville","KY","40291"
86553,"6218 Hines Mill Way","Louisville","KY","40291"
86554,"9807 Hofelich Ln","Louisville","KY","40291"
86555,"4303 Chenwood Ln","Louisville","KY","40299"
86556,"900 Audubon Pkwy","Apt 15","Louisville",
86557,"900 Audubon Pkwy","Apt 4","Louisville",
86558,"6704 Leverett Ln","Louisville","KY","40258"
86559,"6706 Weather Vane Dr","Louisville","KY","40299"
86560,"5 Rebel Rd","Louisville","KY","40206"
86561,"1144 Delor Ave","Louisville","KY","40217"
86562,"2228 Duncan St","Louisville","KY","40212"
86563,"6028 Six Mile Ln","Louisville","KY","40218"
86564,"1290 Gilmore Ln","Louisville","KY","40213"
86565,"4601 Shenandoah Dr","Louisville","KY","40241"
86566,"8227 Eagle Creek Dr","Louisville","KY","40222"
86567,"13508 Rock Bay Ct","Louisville","KY","40245"
86568,"1621 Star Rest Dr","Louisville","KY","40272"
86569,"10006 Harlech Ln","Louisville","KY","40299"
86570,"402 Washburn Ave","Louisville","KY","40222"
86571,"5602 Grandel Blvd","Louisville","KY","40258"
86572,"3102 Longford Ln","Louisville","KY","40242"
86573,"3231 Welman Dr","Louisville","KY","40216"
86574,"104 S Whipps Mill Rd","Louisville","KY","40222"
86575,"8405 Eagle Creek Dr","Louisville","KY","40222"
86576,"2139 S 39th St","Louisville","KY","40211"
86577,"842 S 22nd St","Louisville","KY","40211"
86578,"906 Evergreen Rd","Louisville","KY","40223"
86579,"7600 Tempsclair Rd","Louisville","KY","40220"
86580,"4103 Landside Dr","Louisville","KY","40220"
86581,"2109 S Preston St","Louisville","KY","40217"
86582,"242 El Conquistador Pl","Louisville","KY","40220"
86583,"1414 Eastern Pkwy","Apt 2","Louisville",
86584,"517 E Saint Catherine St","Louisville","KY","40203"
86585,"933 Keswick Blvd","Louisville","KY","40217"
86586,"1715 William E Summers Iii Ave","Louisville","KY","40211"
86587,"5317 Juanita Ln","Louisville","KY","40272"
86588,"3253 Virginia Ave","Louisville","KY","40211"
86589,"11115 Rock Bend Way","Louisville","KY","40241"
86590,"3314 Dr William G Weathers Dr","Louisville","KY","40211"
86591,"6511 Grey Oaks Ct","Louisville","KY","40291"
86592,"1714 Shelby Rd","Louisville","KY","40213"
86593,"5612 Reflection Dr","Louisville","KY","40218"
86594,"8014 Bluebonnet Rd","Louisville","KY","40258"
86595,"2551 Fureen Dr","Louisville","KY","40218"
86596,"8817 Old Bardstown Rd","Louisville","KY","40291"
86597,"134 Travois Rd","Louisville","KY","40207"
86598,"1101 Powerhouse Ln","Unit 103","Louisville",
86599,"7500 Autumn Pointe Dr","Unit 103","Louisville",
86600,"7323 Windemere Dr","Louisville","KY","40214"
86601,"9508 Fairground Rd","Louisville","KY","40291"
86602,"506 Grand Vista Pl","Louisville","KY","40243"
86603,"1510 Cardinal Dr","Louisville","KY","40213"
86604,"3504 Grissom Way","Louisville","KY","40229"
86605,"14601 Cressington Cir","Louisville","KY","40245"
86606,"14515 Signature Point Dr","Louisville","KY","40299"
86607,"127 Blue Fields Rd","Louisville","KY","40223"
86608,"8307 Marshwood Ct","Louisville","KY","40219"
86609,"108 Clarland Dr","Louisville","KY","40243"
86610,"4319 W Muhammad Ali Blvd","Louisville","KY","40212"
86611,"602 Montana Ave","Louisville","KY","40208"
86612,"4801 S 4th St","Louisville","KY","40214"
86613,"644 S 27th St","Louisville","KY","40211"
86614,"4923 Bluebird Ave","Louisville","KY","40213"
86615,"4418 Manner Dale Dr","Louisville","KY","40220"
86616,"713 Macdonald Rd","Louisville","KY","40118"
86617,"4655 Shenandoah Dr","Louisville","KY","40241"
86618,"13200 Urton Ln","Louisville","KY","40243"
86619,"1117 Holly Springs Dr","Louisville","KY","40242"
86620,"12507 Old Shelbyville Rd","Louisville","KY","40243"
86621,"2430 Rowan St","Louisville","KY","40212"
86622,"2523 Date St","Louisville","KY","40210"
86623,"8714 Bayberry Pl","Apt 10","Louisville",
86624,"949 E Saint Catherine St","Louisville","KY","40204"
86625,"10200 Shoal Creek Ct","Louisville","KY","40291"
86626,"12401 Bristol Bay Pl","Louisville","KY","40245"
86627,"1398 Girard Dr","Louisville","KY","40222"
86628,"3612 Susan Ln","Louisville","KY","40229"
86629,"2212 Carabiner Way","Louisville","KY","40245"
86630,"8003 Daffodil Dr","Louisville","KY","40258"
86631,"602 Ledgeview Park Dr","Louisville","KY","40206"
86632,"5513 Azalea Ln","Louisville","KY","40258"
86633,"10400 Florian Rd","Louisville","KY","40223"
86634,"410 Jarvis Ln","Louisville","KY","40207"
86635,"818 Lake Forest Pkwy","Louisville","KY","40245"
86636,"303 Bent Tree Ct","Louisville","KY","40223"
86637,"200 Sanna Dr","Louisville","KY","40229"
86638,"2101 Camargo Rd","Louisville","KY","40207"
86639,"2421 W Muhammad Ali Blvd","Louisville","KY","40212"
86640,"2605 Dixdale Ave","Louisville","KY","40210"
86641,"3391 Dearcy Ave","Louisville","KY","40215"
86642,"4314 Wilmoth Ave","Louisville","KY","40216"
86643,"2013 Winston Ave","Louisville","KY","40205"
86644,"9902 Nanka Rd","Louisville","KY","40272"
86645,"1812 Claremoor Dr","Louisville","KY","40223"
86646,"4607 Picadilly Ave","Louisville","KY","40215"
86647,"3322 Wellingmoor Ave","Louisville","KY","40218"
86648,"837 S 37th St","Louisville","KY","40211"
86649,"1001 Milton St","Louisville","KY","40217"
86650,"1038 S 6th St","Louisville","KY","40203"
86651,"718 S 45th St","Louisville","KY","40211"
86652,"4118 Alana Dr","Louisville","KY","40216"
86653,"8702 Michael Ray Dr","Louisville","KY","40219"
86654,"7201 Apple Mill Dr","Louisville","KY","40228"
86655,"614 Woodlake Dr","Louisville","KY","40245"
86656,"6302 Chadron Dr","Louisville","KY","40258"
86657,"2211 Osage Ave","Louisville","KY","40210"
86658,"2749 Field Ave","Louisville","KY","40206"
86659,"2108 Havenview Dr","Louisville","KY","40218"
86660,"8208 Vaughn Mill Rd","Louisville","KY","40228"
86661,"206 Alpha Ave","Louisville","KY","40218"
86662,"8004 Red Bud Hill Dr","Louisville","KY","40228"
86663,"4110 Grand Ave","Louisville","KY","40211"
86664,"17608 Curry Branch Rd","Louisville","KY","40245"
86665,"208 Stillwood Ct","Louisville","KY","40223"
86666,"8702 Summertree Ln","Louisville","KY","40291"
86667,"122 Bonner Ave","Louisville","KY","40207"
86668,"4210 Norbourne Blvd","Louisville","KY","40207"
86669,"9345 Taylorsville Rd","Apt 17","Louisville",
86670,"15405 Crystal Springs Way","Louisville","KY","40245"
86671,"1627 Frankfort Ave","Louisville","KY","40206"
86672,"1202 S Park Rd","Louisville","KY","40118"
86673,"5513 Woodcross Pl","Louisville","KY","40229"
86674,"4206 Stonemeadow Ct","Louisville","KY","40218"
86675,"301 N 41st St","Louisville","KY","40212"
86676,"1309 Audubon Pkwy","Louisville","KY","40213"
86677,"1716 W Chestnut St","Louisville","KY","40203"
86678,"2252 Emerson Ave","Louisville","KY","40205"
86679,"3642 Kelly Way","Louisville","KY","40220"
86680,"1209 Rammers Ave","Louisville","KY","40204"
86681,"1133 Payne St","Louisville","KY","40204"
86682,"3812 Greenwich Rd","Louisville","KY","40218"
86683,"9501 Williamsborough Ln","Louisville","KY","40291"
86684,"2610 Colin Ave","Louisville","KY","40217"
86685,"3003 Rexford Way","Louisville","KY","40205"
86686,"5511 Lagoona Dr","Louisville","KY","40219"
86687,"12306 Davidson Dr","Louisville","KY","40243"
86688,"227 Carey Ave","Louisville","KY","40218"
86689,"3416 Park Row Dr","Louisville","KY","40216"
86690,"2725 Greenwood Ave","Louisville","KY","40211"
86691,"8712 Hickory Ct","Louisville","KY","40242"
86692,"210 Southwood Ter","Louisville","KY","40214"
86693,"3427 Del Park Ter","Louisville","KY","40211"
86694,"4501 Deepwood Dr","Louisville","KY","40241"
86695,"506 Meadowbrook Ct","Louisville","KY","40214"
86696,"11108 Rock Bend Way","Louisville","KY","40241"
86697,"1304 Morton Ave","Louisville","KY","40204"
86698,"6803 Dartmoor Dr","Louisville","KY","40222"
86699,"4608 Melvin Dr","Louisville","KY","40216"
86700,"6901 Janes Farm Dr","Louisville","KY","40228"
86701,"14603 Landis Lakes Dr","Louisville","KY","40245"
86702,"1616 S 32nd St","Louisville","KY","40211"
86703,"10605 S Dodge Ln","Louisville","KY","40272"
86704,"1531 Texas Ave","Louisville","KY","40217"
86705,"5911 Soverign Ct","Louisville","KY","40258"
86706,"302 Renn Ct","Louisville","KY","40245"
86707,"4413 Fancy Gap Ct","Louisville","KY","40299"
86708,"4104 Ciremos Ter","Louisville","KY","40241"
86709,"7912 Brownsboro Rd","Louisville","KY","40241"
86710,"2115 Patterson Ave","Louisville","KY","40204"
86711,"9208 Matilda Ct","Louisville","KY","40229"
86712,"1532 Southgate Ave","Louisville","KY","40215"
86713,"4710 Longborough Ct","Louisville","KY","40299"
86714,"9710 El Prado St","Louisville","KY","40272"
86715,"4908 Ranchland Dr","Louisville","KY","40216"
86716,"10800 Fairmount Rd","Louisville","KY","40291"
86717,"9905 Fairmount Rd","Louisville","KY","40291"
86718,"3451 Fern Lea Rd","Louisville","KY","40216"
86719,"10711 Waycross Ave","Louisville","KY","40229"
86720,"2005 Bartholomew Dr","Louisville","KY","40218"
86721,"10709 Waycross Ave","Louisville","KY","40229"
86722,"6406 Linstead Rd","Louisville","KY","40228"
86723,"3435 Stony Farm Dr","Louisville","KY","40299"
86724,"10714 Enclave Ct","Louisville","KY","40229"
86725,"5410 Rural Way","Louisville","KY","40218"
86726,"3712 Belkamp Dr","Louisville","KY","40299"
86727,"2702 Bagby Way","Louisville","KY","40216"
86728,"7802 Donegal Dr","Louisville","KY","40219"
86729,"8606 Claudia Dr","Louisville","KY","40219"
86730,"3408 Broeck Pointe Cir","Louisville","KY","40241"
86731,"18703 Willington Cir","Louisville","KY","40245"
86732,"106 Sam Dr","Louisville","KY","40214"
86733,"2901 Montgomery St","Louisville","KY","40212"
86734,"3923 S 1st St","Louisville","KY","40214"
86735,"9417 Magnolia Ridge Dr","Unit 202","Louisville",
86736,"9712 Forestwood Dr","Louisville","KY","40299"
86737,"2315 Plantation Dr","Louisville","KY","40216"
86738,"2216 Greenwood Ave","Louisville","KY","40210"
86739,"8413 Ambrosse Ln","Unit 205","Louisville",
86740,"7706 Cedar Brook Dr","Louisville","KY","40219"
86741,"814 Winkler Ave","Louisville","KY","40208"
86742,"1320 Lynmar Dr","Apt 7","Louisville",
86743,"2174 Park Boundary Rd","Louisville","KY","40205"
86744,"4001 Ashridge Dr","Louisville","KY","40241"
86745,"3709 Chamberlain Ct","Louisville","KY","40241"
86746,"11903 Memory Run Pl","Louisville","KY","40243"
86747,"3911 Orchard Lake Dr","Louisville","KY","40218"
86748,"225 N 26th St","Louisville","KY","40212"
86749,"7308 Orchard Lake Blvd","Louisville","KY","40218"
86750,"8415 Ambrosse Ln","Unit 103","Louisville",
86751,"3402 Colson Ct","Louisville","KY","40220"
86752,"10502 Tarrytowne Rd","Louisville","KY","40272"
86753,"319 S Hubbards Ln","Louisville","KY","40207"
86754,"3410 Bryan Way","Louisville","KY","40220"
86755,"2228 Talbott Ave","Louisville","KY","40205"
86756,"2037 Lynn Lea Rd","Louisville","KY","40216"
86757,"1106 Rammers Ave","Louisville","KY","40204"
86758,"8015 Cortland Dr","Louisville","KY","40228"
86759,"10116 Cave Creek Rd","Louisville","KY","40223"
86760,"1715 Glenview Pl","Louisville","KY","40216"
86761,"9244 Saint Moritz Dr","Louisville","KY","40291"
86762,"300 Patriot Ct","Louisville","KY","40214"
86763,"6724 Calm River Way","Louisville","KY","40299"
86764,"9806 Encino Ct","Louisville","KY","40223"
86765,"5306 Witten Dr","Louisville","KY","40258"
86766,"708 Yorkwood Pl","Louisville","KY","40223"
86767,"9808 Sunnys Halo Ct","Louisville","KY","40214"
86768,"1813 Belay Way","Louisville","KY","40245"
86769,"923 Stone St","Louisville","KY","40217"
86770,"224 N Birchwood Ave","Louisville","KY","40206"
86771,"207 Locust Creek Blvd","Louisville","KY","40245"
86772,"105 N 39th St","Louisville","KY","40212"
86773,"4319 Saint Regis Ln","Louisville","KY","40220"
86774,"6106 E Manslick Rd","Louisville","KY","40219"
86775,"7207 York River Rd","Louisville","KY","40214"
86776,"9812 Secretariat Dr","Louisville","KY","40214"
86777,"9808 Caven Ave","Louisville","KY","40229"
86778,"10117 Headley Hill Rd","Louisville","KY","40223"
86779,"6437 Six Mile Ln","Louisville","KY","40218"
86780,"820 Sylvia St","Louisville","KY","40217"
86781,"4200 Dolphin Rd","Louisville","KY","40220"
86782,"4916 Wabash Pl","Louisville","KY","40214"
86783,"1211 Holsworth Ln","Louisville","KY","40222"
86784,"2515 Griffiths Ave","Louisville","KY","40212"
86785,"4416 Santa Paula Ln","Louisville","KY","40219"
86786,"213 S Evergreen Rd","Louisville","KY","40243"
86787,"4033 Crawford Ave","Louisville","KY","40218"
86788,"604 Hillrose Dr","Louisville","KY","40243"
86789,"2 Indian Hills Trl","Louisville","KY","40207"
86790,"5268 Stephan Dr","Louisville","KY","40258"
86791,"10406 Grafton Hall Rd","Louisville","KY","40272"
86792,"165 Thierman Ln","Apt 106","Louisville",
86793,"1711 W Lee St","Louisville","KY","40210"
86794,"617 S 43rd St","Louisville","KY","40211"
86795,"322 Browns Ln","Louisville","KY","40207"
86796,"1211 Pigeon Pass Rd","Louisville","KY","40213"
86797,"11110 Pebble Creek Dr","Louisville","KY","40241"
86798,"2502 Walbrook Dr","Louisville","KY","40222"
86799,"10505 Irvin Pines Dr","Louisville","KY","40229"
86800,"5804 Creighton Hill Rd","Louisville","KY","40207"
86801,"6200 Darrell Ct","Louisville","KY","40216"
86802,"9400 Blue Lick Rd","Apt 202","Louisville",
86803,"9404 Blue Lick Rd","Apt 201","Louisville",
86804,"9402 Blue Lick Rd","Apt 101","Louisville",
86805,"9402 Blue Lick Rd","Apt 201","Louisville",
86806,"9400 Blue Lick Rd","Apt 201","Louisville",
86807,"9404 Blue Lick Rd","Apt 202","Louisville",
86808,"9404 Blue Lick Rd","Apt 102","Louisville",
86809,"9402 Blue Lick Rd","Apt 202","Louisville",
86810,"9400 Blue Lick Rd","Apt 102","Louisville",
86811,"9400 Blue Lick Rd","Apt 101","Louisville",
86812,"9402 Blue Lick Rd","Apt 102","Louisville",
86813,"1815 Allanwood Rd","Louisville","KY","40214"
86814,"1624 S 32nd St","Louisville","KY","40211"
86815,"1222 Beech St","Louisville","KY","40211"
86816,"6803 Windhurst Rd","Louisville","KY","40207"
86817,"1741 S 25th St","Louisville","KY","40210"
86818,"1943 Roanoke Ave","Louisville","KY","40205"
86819,"350 N Skyline Dr","Louisville","KY","40229"
86820,"9102 Willowwood Way","Louisville","KY","40299"
86821,"9402 Farnham Dr","Louisville","KY","40223"
86822,"9404 Blue Lick Rd","Apt 101","Louisville",
86823,"503 Village Lake Dr","Louisville","KY","40245"
86824,"2713 Conestoga Ave","Louisville","KY","40210"
86825,"2404 Elkhorn Ln","Louisville","KY","40216"
86826,"2611 Lower Hunters Trce","Louisville","KY","40216"
86827,"643 Merwin Ave","Louisville","KY","40217"
86828,"7605 Lesane Dr","Louisville","KY","40214"
86829,"103 S 40th St","Louisville","KY","40212"
86830,"842 Linwood Ave","Louisville","KY","40217"
86831,"5314 Big Sky Dr","Louisville","KY","40229"
86832,"6583 Sylvania 6 Rd","Louisville","KY","40258"
86833,"11027 Eagles Cove Dr","Louisville","KY","40241"
86834,"9214 Pensive Ln","Louisville","KY","40272"
86835,"12319 Hardwick Rd","Louisville","KY","40243"
86836,"6800 Obryan Rd","Louisville","KY","40291"
86837,"12317 Hardwick Rd","Louisville","KY","40243"
86838,"1603 William E Summers Iii Ave","Louisville","KY","40211"
86839,"659 Barricks Rd","Louisville","KY","40229"
86840,"438 Blossom Rd","Louisville","KY","40229"
86841,"4531 S 2nd St","Louisville","KY","40214"
86842,"10703 Black Walnut Blvd","Louisville","KY","40229"
86843,"2205 Alta Ave","Louisville","KY","40205"
86844,"13517 Wilken Way","Louisville","KY","40272"
86845,"3958 Staebler Ave","Louisville","KY","40207"
86846,"4727 Ferrer Way","Louisville","KY","40299"
86847,"1612 Roosevelt Ave","Louisville","KY","40242"
86848,"2502 Wendell Ave","Louisville","KY","40205"
86849,"48 Narwood Dr","Louisville","KY","40299"
86850,"223 Big Oaks Dr","Louisville","KY","40229"
86851,"3912 Therina Way","Louisville","KY","40241"
86852,"4408 Burnt Cedar Ln","Louisville","KY","40219"
86853,"1708 Odaniel Ave","Apt 33","Louisville",
86854,"11817 Oak Bay Dr","Louisville","KY","40245"
86855,"3708 Powell Ave","Louisville","KY","40215"
86856,"3712 Powell Ave","Louisville","KY","40215"
86857,"4104 Coverbrook Ct","Louisville","KY","40220"
86858,"6923 Colrain Cir","Louisville","KY","40258"
86859,"316 Winton Ave","Louisville","KY","40206"
86860,"1455 S 9th St","Louisville","KY","40208"
86861,"10391 Lower River Rd","Louisville","KY","40272"
86862,"1437 Winter Ave","Louisville","KY","40204"
86863,"6 Hill Top Ct","Louisville","KY","40214"
86864,"612 E Hill St","Louisville","KY","40217"
86865,"6001 Corinth Way","Louisville","KY","40219"
86866,"3316 Ellis Way","Louisville","KY","40220"
86867,"1227 Euclid Ave","Louisville","KY","40208"
86868,"1626 Bonnycastle Ter","Louisville","KY","40205"
86869,"3333 Lester Ave","Louisville","KY","40215"
86870,"1229 W Woodlawn Ave","Louisville","KY","40215"
86871,"5909 Soverign Ct","Louisville","KY","40258"
86872,"7416 York River Rd","Louisville","KY","40214"
86873,"11103 Harrods Creek Ct","Louisville","KY","40223"
86874,"3106 Dale Ann Dr","Louisville","KY","40220"
86875,"12600 Ledges Dr","Louisville","KY","40243"
86876,"4004 Indian Grass Ct","Louisville","KY","40218"
86877,"6802 Broadhale Dr","Louisville","KY","40291"
86878,"1107 Lavista Way","Louisville","KY","40219"
86879,"12590 Spring Falls Ct","Louisville","KY","40229"
86880,"4206 Manner Gate Dr","Louisville","KY","40220"
86881,"3416 Tucker Wood Ln","Louisville","KY","40299"
86882,"2244 Woodford Pl","Louisville","KY","40205"
86883,"4019 Naomi Dr","Louisville","KY","40219"
86884,"9606 Holiday Dr","Louisville","KY","40272"
86885,"4810 Paramount Dr","Louisville","KY","40258"
86886,"118 Blankenbaker Ln","Louisville","KY","40207"
86887,"3110 Diemer Ln","Louisville","KY","40205"
86888,"7403 Crawfordshire Ln","Louisville","KY","40220"
86889,"1802 Rangeland Rd","Louisville","KY","40219"
86890,"11112 Thunder Dr","Louisville","KY","40272"
86891,"2037 Alta Ave","Louisville","KY","40205"
86892,"1735 S 24th St","Louisville","KY","40210"
86893,"5605 Garrow Ave","Louisville","KY","40219"
86894,"110 Stoll Ave","Louisville","KY","40206"
86895,"1830 Tyler Pkwy","Louisville","KY","40204"
86896,"8013 Judge Blvd","Louisville","KY","40219"
86897,"8406 Clever Ct","Louisville","KY","40229"
86898,"3406 Heatherfield Dr","Louisville","KY","40216"
86899,"234 Glendora Ave","Louisville","KY","40212"
86900,"2143 Belmont Rd","Louisville","KY","40218"
86901,"3601 River Park Dr","Louisville","KY","40211"
86902,"3812 Wheeler Ave","Louisville","KY","40215"
86903,"6000 Loretta St","Louisville","KY","40213"
86904,"3420 Young Ave","Louisville","KY","40211"
86905,"8009 Poinsettia Dr","Louisville","KY","40258"
86906,"8614 Whipps Bend Rd","Louisville","KY","40222"
86907,"308 N 21st St","Louisville","KY","40203"
86908,"11505 Shaffer Farms Ln","Louisville","KY","40291"
86909,"5304 Beth Rd","Louisville","KY","40219"
86910,"1935 Gardiner Ln","Apt J136","Louisville",
86911,"8115 Arbor Brook Ln","Louisville","KY","40228"
86912,"3251 Poplar View Dr","Louisville","KY","40216"
86913,"5703 Walnut Way","Louisville","KY","40229"
86914,"4311 Dover Rd","Louisville","KY","40216"
86915,"220 Beechland Rd","Louisville","KY","40229"
86916,"3753 Stanton Blvd","Louisville","KY","40220"
86917,"7312 Six Mile Ln","Louisville","KY","40220"
86918,"631 Maylawn Ave","Louisville","KY","40217"
86919,"3704 Glenmeade Rd","Louisville","KY","40218"
86920,"5403 Big Sky Dr","Louisville","KY","40229"
86921,"3463 Illinois Ave","Louisville","KY","40213"
86922,"4323 Pinnacle View Pl","Louisville","KY","40272"
86923,"8305 Jenny Lind Dr","Louisville","KY","40219"
86924,"1100 Watterson Trl","Louisville","KY","40299"
86925,"5005 Volney Ct","Louisville","KY","40291"
86926,"2508 Harmony Rd","Louisville","KY","40299"
86927,"7619 Buena Vista Ct","Louisville","KY","40219"
86928,"1914 Nocturne Dr","Louisville","KY","40272"
86929,"6800 Hill Peak Ct","Louisville","KY","40214"
86930,"8901 Stara Way","Louisville","KY","40299"
86931,"5805 Milan Ct","Louisville","KY","40258"
86932,"655 S 20th St","Louisville","KY","40203"
86933,"417 Kenilworth Rd","Louisville","KY","40206"
86934,"353 S Dorsey Ln","Louisville","KY","40223"
86935,"3409 Virginia Ave","Louisville","KY","40211"
86936,"4312 S Brook St","Louisville","KY","40214"
86937,"1921 Elba Dr","Louisville","KY","40218"
86938,"319 S Wenzel St","Louisville","KY","40204"
86939,"10111 Glen Rose Ct","Louisville","KY","40229"
86940,"14419 Estate Ridge Blvd","Louisville","KY","40291"
86941,"2122 Cleveland Ave","Louisville","KY","40212"
86942,"327 Brunswick Rd","Louisville","KY","40207"
86943,"329 W Kenwood Way","Louisville","KY","40214"
86944,"1126 Mulberry St","Louisville","KY","40217"
86945,"5101 Rossmoor Dr","Louisville","KY","40219"
86946,"2303 Janlyn Rd","Louisville","KY","40299"
86947,"10912 Rock Valley Ct","Louisville","KY","40241"
86948,"6629 Hunters Creek Blvd","Louisville","KY","40258"
86949,"10313 Waycross Ave","Louisville","KY","40229"
86950,"4702 Haeringdon Ct","Louisville","KY","40299"
86951,"820 Lake Forest Pkwy","Louisville","KY","40245"
86952,"5615 Locust Way","Louisville","KY","40229"
86953,"4016 Woodmont Park Ln","Louisville","KY","40245"
86954,"8717 Stony Falls Way","Louisville","KY","40299"
86955,"5502 Deering Heights Dr","Louisville","KY","40272"
86956,"1838 Hale Ave","Louisville","KY","40210"
86957,"6719 Elmcroft Cir","Louisville","KY","40241"
86958,"5003 Winding Spring Pl","Louisville","KY","40245"
86959,"415 Southwestern Pkwy","Louisville","KY","40212"
86960,"201 Carey Ave","Louisville","KY","40218"
86961,"1704 W Chestnut St","Louisville","KY","40203"
86962,"12212 Old Henry Rd","Louisville","KY","40223"
86963,"1003 High School Dr","Louisville","KY","40219"
86964,"5811 New Cut Rd","Louisville","KY","40214"
86965,"6608 Morocco Dr","Louisville","KY","40214"
86966,"1712 Bicknell Ave","Louisville","KY","40215"
86967,"1172 Norton Ave","Louisville","KY","40213"
86968,"9915 Mccrea Ln","Louisville","KY","40229"
86969,"1534 Southgate Ave","Louisville","KY","40215"
86970,"7009 Billie Ln","Louisville","KY","40219"
86971,"5310 Rayburn Rd","Louisville","KY","40272"
86972,"2313 Steeplechase Dr","Louisville","KY","40299"
86973,"205 Cambridge Dr","Louisville","KY","40214"
86974,"2129 W Gaulbert Ave","Louisville","KY","40210"
86975,"4005 Riveroaks Ln","Louisville","KY","40241"
86976,"250 Moser Rd","Louisville","KY","40223"
86977,"2809 Park Brook Ln","Louisville","KY","40213"
86978,"11000 Altsheler Pl","Louisville","KY","40229"
86979,"5201 Benson Ct","Louisville","KY","40272"
86980,"4600 W Jefferson St","Louisville","KY","40212"
86981,"1131 Fischer Ave","Louisville","KY","40204"
86982,"5220 Robinwood Rd","Louisville","KY","40218"
86983,"7007 Honiasant Rd","Louisville","KY","40214"
86984,"6510 South Dr","Louisville","KY","40272"
86985,"2431 Woodmont Dr","Louisville","KY","40220"
86986,"6731 North Dr","Louisville","KY","40272"
86987,"16705 Glen Lakes Dr","Louisville","KY","40245"
86988,"1821 Wickham Way","Louisville","KY","40223"
86989,"2811 Woodward Dr","Louisville","KY","40220"
86990,"5608 Alicante Ln","Louisville","KY","40272"
86991,"3812 Burning Bush Rd","Louisville","KY","40241"
86992,"2301 Carolina Ave","Louisville","KY","40205"
86993,"6700 Kings Falls Ct","Louisville","KY","40229"
86994,"1033 S 7th St","Louisville","KY","40203"
86995,"2011 Frankfort Ave","Unit 314","Louisville",
86996,"7324 Quindero Run Rd","Louisville","KY","40228"
86997,"10004 Merioneth Dr","Louisville","KY","40299"
86998,"5703 E Manslick Rd","Louisville","KY","40219"
86999,"5208 Red Oak Ln","Louisville","KY","40218"
87000,"4120 Handley Ave","Louisville","KY","40218"
87001,"4408 Vaneto Dr","Louisville","KY","40216"
87002,"3602 Dorset Rd","Louisville","KY","40214"
87003,"424 Pennington Ln","Louisville","KY","40207"
87004,"403 Davenport Dr","Louisville","KY","40245"
87005,"10427 Vista Hills Blvd","Louisville","KY","40291"
87006,"2402 Nopper Ct","Louisville","KY","40220"
87007,"3121 Pioneer Rd","Louisville","KY","40216"
87008,"410 Kaelin Dr","Louisville","KY","40207"
87009,"1372 Poplar Level Rd","Louisville","KY","40217"
87010,"1535 S 38th St","Louisville","KY","40211"
87011,"301 Fairlawn Rd","Louisville","KY","40207"
87012,"7420 York River Rd","Louisville","KY","40214"
87013,"3318 Audubon Ridge Dr","Louisville","KY","40213"
87014,"1568 Loney Ln","Louisville","KY","40216"
87015,"1307 Bostwick Ln","Louisville","KY","40245"
87016,"4604 Sunday Dr","Louisville","KY","40219"
87017,"11710 Peyote Pl","Louisville","KY","40299"
87018,"604 Cressbrook Dr","Louisville","KY","40206"
87019,"1321 Arling Ave","Louisville","KY","40215"
87020,"1358 Gardiner Ln","Louisville","KY","40213"
87021,"2513 Proctor Knott Dr","Louisville","KY","40218"
87022,"6008 Clearwater Cir","Louisville","KY","40219"
87023,"701 Marengo Dr","Louisville","KY","40243"
87024,"2321 Strotman Rd","Louisville","KY","40216"
87025,"2525 Garland Ave","Louisville","KY","40211"
87026,"750 Zorn Ave","Apt 4","Louisville",
87027,"4311 Mount Vernon Rd","Louisville","KY","40220"
87028,"1611 Louis Coleman Jr Dr","Louisville","KY","40211"
87029,"4201 Holly Tree Dr","Louisville","KY","40241"
87030,"6516 Cottagemeadow Dr","Louisville","KY","40218"
87031,"2024 Bonnycastle Ave","Louisville","KY","40205"
87032,"2006 Janlyn Rd","Louisville","KY","40299"
87033,"4903 Southside Dr","Louisville","KY","40214"
87034,"11306 Garden Trace Dr","Louisville","KY","40229"
87035,"10815 Oreland Mill Rd","Louisville","KY","40229"
87036,"2000 Lancashire Ave","Unit 303","Louisville",
87037,"311 Bramton Rd","Louisville","KY","40207"
87038,"2004 Columbia St","Louisville","KY","40203"
87039,"114 N 42nd St","Louisville","KY","40212"
87040,"4017 Orchard Lake Dr","Louisville","KY","40218"
87041,"5100 Us Hwy","42 Apt 722","Louisville",
87042,"314 Sage Rd","Louisville","KY","40207"
87043,"3019 Greenwood Ave","Louisville","KY","40211"
87044,"5 College Ct","Louisville","KY","40203"
87045,"7502 Cedar Hollow Dr","Louisville","KY","40291"
87046,"1060 Reasor Ave","Louisville","KY","40217"
87047,"4310 Twillingate Ln","Louisville","KY","40241"
87048,"6428 Cottagemeadow Dr","Louisville","KY","40218"
87049,"4601 Fox Run Rd","Louisville","KY","40207"
87050,"7021 Osprey Ridge Dr","Louisville","KY","40228"
87051,"5418 Logwood Ave","Louisville","KY","40272"
87052,"4103 Manner Gate Dr","Louisville","KY","40220"
87053,"411 Cornell Pl","Louisville","KY","40207"
87054,"1023 English Ave","Louisville","KY","40217"
87055,"2924 Bank St","Louisville","KY","40212"
87056,"649 Louis Coleman Jr Dr","Louisville","KY","40211"
87057,"2604 Butler Rd","Louisville","KY","40216"
87058,"3215 Wynbrooke Cir","Louisville","KY","40241"
87059,"3326 Virginia Ave","Louisville","KY","40211"
87060,"7821 Pleasure Walk Cir","Louisville","KY","40258"
87061,"1137 Rammers Ave","Louisville","KY","40204"
87062,"4301 Brownhurst Way","Louisville","KY","40241"
87063,"10502 Forest Garden Ln","Louisville","KY","40223"
87064,"4707 Lynn Lea Rd","Louisville","KY","40216"
87065,"9910 Queens Castle Ct","Louisville","KY","40229"
87066,"720 Heywood Ave","Louisville","KY","40208"
87067,"5 Thurman Ct","Louisville","KY","40216"
87068,"1920 Beech St","Louisville","KY","40210"
87069,"5910 Bannon Crossings Dr","Louisville","KY","40228"
87070,"9312 Tiverton Way","Louisville","KY","40242"
87071,"1725 Larkmoor Ln","Louisville","KY","40218"
87072,"11007 Lehr Rd","Louisville","KY","40272"
87073,"611 Iroquois Ave","Louisville","KY","40214"
87074,"3511 Bonaventure Blvd","Louisville","KY","40219"
87075,"636 S 37th St","Louisville","KY","40211"
87076,"3612 Deibel Way","Louisville","KY","40220"
87077,"155 Blarney Ln","Louisville","KY","40229"
87078,"11100 Sandwood Pl","Louisville","KY","40272"
87079,"20 Gardiner Ct","Louisville","KY","40205"
87080,"9205 Le Beau Ct","Louisville","KY","40299"
87081,"3005 Spencer Ave","Louisville","KY","40205"
87082,"7605 Gadwall Way","Louisville","KY","40218"
87083,"8914 Mahoney Dr","Louisville","KY","40258"
87084,"808 S 32nd St","Louisville","KY","40211"
87085,"2807 Windsor Lakes Pkwy","Louisville","KY","40214"
87086,"1718 Sonne Ave","Louisville","KY","40216"
87087,"247 Salisbury Sq","Apt 103","Louisville",
87088,"3104 Krashey Way","Louisville","KY","40213"
87089,"248 Eldorado Ave","Louisville","KY","40218"
87090,"253 Eldorado Ave","Louisville","KY","40218"
87091,"8704 Birchline Ct","Louisville","KY","40291"
87092,"101 Stevenson Ave","Louisville","KY","40206"
87093,"6906 Green Manor Dr","Louisville","KY","40228"
87094,"4623 Oak Pointe Dr","Louisville","KY","40245"
87095,"617 Stivers Rd","Louisville","KY","40207"
87096,"4309 Diamond Way","Louisville","KY","40216"
87097,"10011 Seatonville Rd","Louisville","KY","40291"
87098,"7907 Nature Way","Louisville","KY","40218"
87099,"3906 Bristol Oaks Dr","Louisville","KY","40299"
87100,"3461 Glendale Ave","Louisville","KY","40215"
87101,"2019 S Shelby St","Louisville","KY","40217"
87102,"7316 Maria Ave","Louisville","KY","40222"
87103,"11127 Little Spring Blvd","Louisville","KY","40291"
87104,"311 Starlite Dr","Louisville","KY","40229"
87105,"1413 Mccoy Ave","Louisville","KY","40215"
87106,"4843 S 4th St","Louisville","KY","40214"
87107,"5104 Frey Dr","Louisville","KY","40219"
87108,"8309 Happiness Way","Louisville","KY","40291"
87109,"1232 W Woodlawn Ave","Louisville","KY","40215"
87110,"2908 Alford Ave","Louisville","KY","40212"
87111,"604 Plainview Terrace Dr","Louisville","KY","40223"
87112,"5205 Rangoon Way","Louisville","KY","40218"
87113,"7413 Russell Ave","Louisville","KY","40258"
87114,"1438 Christy Ave","Louisville","KY","40204"
87115,"9515 Cedarlook Dr","Louisville","KY","40291"
87116,"3223 Hikes Ln","Louisville","KY","40220"
87117,"1552 Gallagher St","Louisville","KY","40210"
87118,"3030 Breckenridge Ln","Apt 534","Louisville",
87119,"915 Schiller Ave","Louisville","KY","40204"
87120,"8608 Claudia Dr","Louisville","KY","40219"
87121,"3709 Hunsinger Ln","Louisville","KY","40220"
87122,"9633 Riverwalk Ave","Louisville","KY","40229"
87123,"9012 Stockton Ct","Louisville","KY","40291"
87124,"2503 Charles Ct","Louisville","KY","40218"
87125,"617 Wataga Dr","Louisville","KY","40206"
87126,"7305 Cane Run Rd","Louisville","KY","40258"
87127,"9715 Galene Dr","Louisville","KY","40299"
87128,"626 E Main St","Apt 104","Louisville",
87129,"3005 Klonway Dr","Louisville","KY","40220"
87130,"8704 Redcoat Ct","Louisville","KY","40291"
87131,"3911 Ashridge Dr","Louisville","KY","40241"
87132,"3903 Leland Rd","Louisville","KY","40207"
87133,"5215 Kilmer Blvd","Louisville","KY","40213"
87134,"9 Muirfield Pl","Louisville","KY","40222"
87135,"7002 Field View Ct","Louisville","KY","40291"
87136,"9619 Lancewood Rd","Louisville","KY","40229"
87137,"8708 Lakeridge Dr","Louisville","KY","40272"
87138,"6800 Sunny Vale Way","Louisville","KY","40272"
87139,"2122 Long Run Rd","Louisville","KY","40245"
87140,"8706 Hudson Ln","Louisville","KY","40291"
87141,"8904 Whipps Mill Rd","Louisville","KY","40222"
87142,"1809 Arboro Pl","Louisville","KY","40220"
87143,"10413 Casalanda Dr","Louisville","KY","40272"
87144,"1101 Glenbrook Rd","Louisville","KY","40223"
87145,"2611 Alanmede Rd","Louisville","KY","40205"
87146,"15001 Oakvista Way","Louisville","KY","40245"
87147,"10205 Garlanreid Pl","Louisville","KY","40223"
87148,"623 Southwestern Pkwy","Louisville","KY","40211"
87149,"1207 Stonewall Way","Louisville","KY","40242"
87150,"2611 Hampton Hill Ct","Louisville","KY","40220"
87151,"7402 Crabtree Dr","Louisville","KY","40228"
87152,"124 Bigwood Way","Louisville","KY","40229"
87153,"10000 Moon Beam Ct","Louisville","KY","40272"
87154,"7746 3rd Street Rd","Louisville","KY","40214"
87155,"4616 Kiefer Rd","Louisville","KY","40216"
87156,"2148 Lakeside Dr","Louisville","KY","40205"
87157,"7390 Wolfspring Trce","Louisville","KY","40241"
87158,"9104 Willowcreek Dr","Louisville","KY","40219"
87159,"8512 Eula Rd","Louisville","KY","40219"
87160,"525 Locust Creek Blvd","Louisville","KY","40245"
87161,"3306 Donald Dr","Louisville","KY","40216"
87162,"7702 Shaker Mill Rd","Louisville","KY","40220"
87163,"6610 El Toro Ct","Louisville","KY","40291"
87164,"15000 Portico Estate Dr","Louisville","KY","40245"
87165,"1307 Scholar St","Louisville","KY","40213"
87166,"2432 Sherry Rd","Louisville","KY","40217"
87167,"2303 Tavener Dr","Louisville","KY","40242"
87168,"9908 Northridge Dr","Louisville","KY","40272"
87169,"2101 Woodbourne Ave","Louisville","KY","40205"
87170,"5105 Lesabre Dr","Louisville","KY","40216"
87171,"10419 Going Ct","Louisville","KY","40241"
87172,"1403 Eastbridge Ct","Louisville","KY","40223"
87173,"8106 Huntsman Trl","Louisville","KY","40291"
87174,"10341 Arbor Oak Dr","Louisville","KY","40229"
87175,"6193 Jeffrey Dr","Louisville","KY","40258"
87176,"12109 Saratoga Estates Rd","Louisville","KY","40299"
87177,"8581 Sally Dr","Louisville","KY","40258"
87178,"1807 William E Summers Iii Ct","Louisville","KY","40211"
87179,"615 Darnay Pl","Louisville","KY","40245"
87180,"114 Crescent Ave","Apt E2","Louisville",
87181,"6812 John Adams Way","Louisville","KY","40272"
87182,"1220 Holsworth Ln","Louisville","KY","40222"
87183,"3806 Downing Way","Louisville","KY","40218"
87184,"9800 Whipps Mill Rd","Unit 2","Louisville",
87185,"2024 Nocturne Dr","Louisville","KY","40272"
87186,"1303 Dahl Rd","Louisville","KY","40213"
87187,"3109 Springcrest Dr","Louisville","KY","40241"
87188,"3606 Kahlert Ave","Louisville","KY","40215"
87189,"1219 Vim Dr","Louisville","KY","40213"
87190,"6614 Woodrow Way","Louisville","KY","40228"
87191,"8104 Arbor Meadow Way","Louisville","KY","40228"
87192,"944 Cherokee Rd","Louisville","KY","40204"
87193,"1808 Woodfield Rd","Louisville","KY","40220"
87194,"9801 Anita Blvd","Louisville","KY","40272"
87195,"8708 Zabel Way","Louisville","KY","40291"
87196,"3821 Newburg Rd","Louisville","KY","40218"
87197,"289 Blossom Rd","Louisville","KY","40229"
87198,"10312 Nanka Rd","Louisville","KY","40272"
87199,"4115 Boones Grove Way","Louisville","KY","40299"
87200,"3503 Lodge Ln","Apt 106","Louisville",
87201,"3406 Nelinda May Dr","Louisville","KY","40213"
87202,"2520 S 3rd St","Unit 116","Louisville",
87203,"1825 Greenwood Ave","Louisville","KY","40210"
87204,"616 Atwood St","Louisville","KY","40217"
87205,"1864 Douglass Blvd","Louisville","KY","40205"
87206,"1844 Douglass Blvd","Louisville","KY","40205"
87207,"4624 Herman St","Louisville","KY","40212"
87208,"11315 Wind Haven Way","Louisville","KY","40291"
87209,"8706 Lakeridge Dr","Louisville","KY","40272"
87210,"5307 Ronwood Dr","Louisville","KY","40219"
87211,"3001 Roypom Dr","Louisville","KY","40220"
87212,"775 Hillview Blvd","Louisville","KY","40229"
87213,"6901 Merganser Dr","Louisville","KY","40228"
87214,"2605 Wareham Rd","Louisville","KY","40242"
87215,"9204 Hassy Way","Louisville","KY","40299"
87216,"2617 Delor Ave","Louisville","KY","40217"
87217,"615 S 40th St","Louisville","KY","40211"
87218,"1732 Meyers Ln","Louisville","KY","40216"
87219,"2000 Lancashire Ave","Unit 102","Louisville",
87220,"3003 Fleming Ave","Louisville","KY","40206"
87221,"305 Sage Rd","Louisville","KY","40207"
87222,"5308 Maryman Rd","Louisville","KY","40258"
87223,"2444 Lindbergh Dr","Louisville","KY","40208"
87224,"223 Southwestern Pkwy","Louisville","KY","40212"
87225,"107 W Southern Heights Ave","Louisville","KY","40214"
87226,"11714 Autumn Forest Ct","Louisville","KY","40229"
87227,"607 N Arbor Dr","Louisville","KY","40223"
87228,"3717 Saint Germaine Ct","Louisville","KY","40207"
87229,"9611 Glenawyn Cir","Louisville","KY","40299"
87230,"12014 Hudson View Ct","Louisville","KY","40299"
87231,"9003 Delee Way","Louisville","KY","40219"
87232,"1625 S 32nd St","Louisville","KY","40211"
87233,"105 Forest Place Ct","Louisville","KY","40245"
87234,"5313 E Indian Trl","Louisville","KY","40218"
87235,"14100 Brendon Hills Ct","Louisville","KY","40245"
87236,"8511 Splendid Pt","Louisville","KY","40229"
87237,"11127 Perwinkle Ln","Louisville","KY","40291"
87238,"9710 Blue Lick Rd","Louisville","KY","40229"
87239,"4208 Browns Ln","Unit 206","Louisville",
87240,"7712 Sunbury Ln","Louisville","KY","40220"
87241,"2200 Longest Ave","Louisville","KY","40204"
87242,"553 Maylawn Ave","Louisville","KY","40217"
87243,"3218 Dumesnil St","Louisville","KY","40211"
87244,"3009 Blue Wing Ct","Louisville","KY","40216"
87245,"232 N 34th St","Louisville","KY","40212"
87246,"11407 Garden Trace Dr","Louisville","KY","40229"
87247,"5012 Red Fern Rd","Louisville","KY","40218"
87248,"317 Marshall Dr","Louisville","KY","40207"
87249,"500 Christopher Pl","Louisville","KY","40214"
87250,"10503 Sawyer Pl","Louisville","KY","40241"
87251,"18743 Willington Cir","Louisville","KY","40245"
87252,"9228 Lantana Dr","Louisville","KY","40229"
87253,"3406 Brookhollow Dr","Louisville","KY","40220"
87254,"8623 Bluebell Dr","Louisville","KY","40219"
87255,"7023 Uranus Dr","Louisville","KY","40258"
87256,"3910 Meadowfield Dr","Louisville","KY","40245"
87257,"10901 Seatonville Rd","Louisville","KY","40291"
87258,"4005 Hillview Ave","Louisville","KY","40216"
87259,"1674 Trigg St","Louisville","KY","40213"
87260,"5911 Oakdale Ln","Louisville","KY","40219"
87261,"2334 Quinn Dr","Louisville","KY","40216"
87262,"10518 Autumn Creek Pl","Louisville","KY","40229"
87263,"124 Crescent Ave","Louisville","KY","40206"
87264,"9242 Saint Moritz Dr","Louisville","KY","40291"
87265,"10513 Bayport Rd","Louisville","KY","40299"
87266,"2422 Ransdell Ave","Louisville","KY","40204"
87267,"1963 Payne St","Louisville","KY","40206"
87268,"3347 Arterburn Ave Unit A","Louisville","KY","40206"
87269,"1503 Homeview Dr","Louisville","KY","40215"
87270,"4125 S 2nd St","Louisville","KY","40214"
87271,"802 Auburn Oaks Dr","Louisville","KY","40214"
87272,"5508 Euclid Ave","Louisville","KY","40272"
87273,"9801 Watterson Trl","Louisville","KY","40299"
87274,"1611 Eagle Nest Way","Louisville","KY","40222"
87275,"13519 Forest Bend Cir","Louisville","KY","40245"
87276,"10212 Falling Tree Way","Louisville","KY","40223"
87277,"5111 Robbs Ln","Louisville","KY","40219"
87278,"7108 Shipley Ln","Louisville","KY","40272"
87279,"302 Marian Dr","Louisville","KY","40218"
87280,"4825 Sherburn Ln","Unit 307B","Louisville",
87281,"4103 Plymouth Rd","Louisville","KY","40207"
87282,"523 N 26th St","Louisville","KY","40212"
87283,"307 Chelsea Rd","Louisville","KY","40207"
87284,"8716 Broadwood Ct","Louisville","KY","40291"
87285,"2136 W Gaulbert Ave","Louisville","KY","40210"
87286,"2701 Tucker Station Rd","Louisville","KY","40299"
87287,"1206 Twin Willows Ln","Louisville","KY","40214"
87288,"9606 Preston Spring Dr","Unit 101","Louisville",
87289,"12003 Dixon Park Blvd","Louisville","KY","40299"
87290,"5402 Minyard Dr","Louisville","KY","40219"
87291,"1507 S 38th St","Louisville","KY","40211"
87292,"9010 Henry Clay Dr","Louisville","KY","40242"
87293,"2222 Thistledawn Dr","Louisville","KY","40216"
87294,"3601 Saint Germaine Ct","Louisville","KY","40207"
87295,"3616 Rudd Ave","Louisville","KY","40212"
87296,"5201 Rock Bluff Dr","Louisville","KY","40241"
87297,"5501 S 3rd St","Louisville","KY","40214"
87298,"5004 Solona Dr","Louisville","KY","40272"
87299,"5009 Yew Ln","Louisville","KY","40213"
87300,"6208 Sheila Rd","Louisville","KY","40219"
87301,"1318 Weller Ave","Louisville","KY","40208"
87302,"506 Oak Branch Rd","Louisville","KY","40245"
87303,"268 Smith Ln","Louisville","KY","40229"
87304,"98 Persimmon Ridge Dr","Louisville","KY","40245"
87305,"4217 Brook Farm Pl","Louisville","KY","40299"
87306,"8502 Rebecca Scott Way","Louisville","KY","40228"
87307,"6519 Lucerne Ave","Louisville","KY","40216"
87308,"2000 Lancashire Ave","Unit 304","Louisville",
87309,"2000 Lancashire Ave","Unit 202","Louisville",
87310,"2621 W Muhammad Ali Blvd","Louisville","KY","40212"
87311,"405 Chenoweth Ln","Louisville","KY","40207"
87312,"6709 Hunters Creek Blvd","Louisville","KY","40258"
87313,"2603 Windsor Forest Dr","Louisville","KY","40272"
87314,"2512 Guelat Ave","Louisville","KY","40216"
87315,"16805 Polo Fields Ln","Louisville","KY","40245"
87316,"4408 Manner Dale Dr","Louisville","KY","40220"
87317,"2221 Liverpool Ln","Louisville","KY","40218"
87318,"10621 Black Iron Rd","Louisville","KY","40291"
87319,"6501 Wood Rd","Louisville","KY","40258"
87320,"3908 Stony Brook Dr","Louisville","KY","40299"
87321,"9114 Thompson Ln","Louisville","KY","40258"
87322,"8824 Vision Pl","Louisville","KY","40229"
87323,"939 Clarks Ln","Louisville","KY","40217"
87324,"2209 Date St","Louisville","KY","40210"
87325,"2211 Date St","Louisville","KY","40210"
87326,"365 Spring Lake Ct","Louisville","KY","40229"
87327,"2517 Hermitage Way","Louisville","KY","40242"
87328,"4521 Varble Ave","Louisville","KY","40211"
87329,"2225 Date St","Louisville","KY","40210"
87330,"826 Fountain Ave","Louisville","KY","40222"
87331,"11104 Foxbrook Ct","Louisville","KY","40223"
87332,"8203 Zelma Fields Ave","Louisville","KY","40228"
87333,"1019 Chesley Dr","Louisville","KY","40219"
87334,"4919 Swaps Ln","Louisville","KY","40216"
87335,"11040 Perwinkle Ln","Louisville","KY","40291"
87336,"711 Grant Ave","Louisville","KY","40222"
87337,"8109 Limehouse Ln","Louisville","KY","40220"
87338,"4001 Saddlecreek Ct","Louisville","KY","40245"
87339,"7104 Gageland Rd","Louisville","KY","40258"
87340,"9612 Westport Rd","Apt 10","Louisville",
87341,"3301 Grandview Ave","Louisville","KY","40207"
87342,"818 W Saint Catherine St","Louisville","KY","40203"
87343,"2506 Standard Ave","Louisville","KY","40210"
87344,"10115 Autumn Gardens Way","Louisville","KY","40229"
87345,"4413 Shenandoah Dr","Louisville","KY","40241"
87346,"3402 Cross Pointe Rd","Louisville","KY","40241"
87347,"3520 Hycliffe Ave","Louisville","KY","40207"
87348,"2424 Lamborne Blvd","Louisville","KY","40272"
87349,"9910 Stonehenge Way","Louisville","KY","40241"
87350,"1169 S 41st St","Louisville","KY","40211"
87351,"3241 Welman Dr","Louisville","KY","40216"
87352,"3819 Hillcross Dr","Louisville","KY","40229"
87353,"3666 Powell Ave","Louisville","KY","40215"
87354,"8506 Soverign Way","Louisville","KY","40258"
87355,"6206 Apple Cider Dr","Louisville","KY","40219"
87356,"3017 Curran Rd","Louisville","KY","40205"
87357,"10116 Whipps Mill Rd","Louisville","KY","40223"
87358,"5703 Apache Rd","Louisville","KY","40207"
87359,"2757 Montana Ave","Louisville","KY","40208"
87360,"4527 S 3rd St","Louisville","KY","40214"
87361,"532 Beecher St","Louisville","KY","40215"
87362,"1012 English Ave","Louisville","KY","40217"
87363,"8405 Sunny Stone Ln","Louisville","KY","40299"
87364,"1406 Mccoy Ave","Louisville","KY","40215"
87365,"10213 Parkstone Dr","Louisville","KY","40241"
87366,"1321 Olive St","Louisville","KY","40211"
87367,"2434 Proctor Knott Dr","Louisville","KY","40218"
87368,"2105 Terriwood Ct","Louisville","KY","40223"
87369,"7309 Saint Andrews Woods Cir","Unit 106","Louisville",
87370,"4804 Stony Brook Dr","Louisville","KY","40291"
87371,"12027 Running Creek Rd","Louisville","KY","40243"
87372,"1520 Indiana Ave","Louisville","KY","40213"
87373,"17019 Bowline View Trl","Louisville","KY","40245"
87374,"4713 Aledo Ct","Louisville","KY","40229"
87375,"8304 Bellis Way","Louisville","KY","40242"
87376,"17201 Creek Ridge Rd","Louisville","KY","40245"
87377,"1446 Olive St","Louisville","KY","40210"
87378,"6900 Brook Valley Ct","Louisville","KY","40228"
87379,"8401 Ambrosse Ln","Unit 103","Louisville",
87380,"1213 Curlew Ave","Louisville","KY","40213"
87381,"1230 Euclid Ave","Louisville","KY","40208"
87382,"4110 Brownsboro Glen Rd","Louisville","KY","40241"
87383,"2907 Wurtele Ave","Louisville","KY","40216"
87384,"7307 Daisy Ave","Louisville","KY","40258"
87385,"5734 New Cut Rd","Louisville","KY","40214"
87386,"5728 New Cut Rd","Louisville","KY","40214"
87387,"5732 New Cut Rd","Louisville","KY","40214"
87388,"2925 Nepperhan Rd","Louisville","KY","40218"
87389,"109 Lupton Ct","Louisville","KY","40229"
87390,"4203 San Marcos Rd","Louisville","KY","40299"
87391,"2804 Klondike Ln","Louisville","KY","40218"
87392,"8721 Stony Field Way","Louisville","KY","40299"
87393,"1420 Homeview Dr","Louisville","KY","40215"
87394,"814 S 37th St","Louisville","KY","40211"
87395,"9100 Loch Lea Ln","Louisville","KY","40291"
87396,"2706 W Muhammad Ali Blvd","Louisville","KY","40212"
87397,"5611 Southland Blvd","Louisville","KY","40214"
87398,"2309 Duncan St","Louisville","KY","40212"
87399,"4808 Mile Of Sunshine Dr","Louisville","KY","40219"
87400,"3013 Iris Way","Louisville","KY","40220"
87401,"7248 Helen Ave","Louisville","KY","40258"
87402,"4204 Winchester Rd","Louisville","KY","40207"
87403,"1845 Bolling Ave","Louisville","KY","40210"
87404,"129 Haldeman Ave","Louisville","KY","40206"
87405,"7815 Pleasure Walk Cir","Louisville","KY","40258"
87406,"4505 Saint Rita Dr","Louisville","KY","40219"
87407,"6713 Flagler Ave","Louisville","KY","40216"
87408,"5306 Devers Ave","Louisville","KY","40214"
87409,"4335 Charlotte Ann Dr","Louisville","KY","40216"
87410,"307 Norwood Way","Louisville","KY","40229"
87411,"1153 Lone Oak Ave","Louisville","KY","40219"
87412,"718 Lampton St","Louisville","KY","40203"
87413,"5610 Vevia Pl","Louisville","KY","40272"
87414,"5508 Pine Tree Dr","Louisville","KY","40219"
87415,"11524 Top Walnut Loop","Louisville","KY","40229"
87416,"4811 Red Fern Rd","Louisville","KY","40219"
87417,"2221 Beargrass Ave","Louisville","KY","40218"
87418,"3013 Parkstone Ct","Louisville","KY","40241"
87419,"105 Gardiner Lake Rd","Louisville","KY","40205"
87420,"7801 Mackie Ln","Louisville","KY","40214"
87421,"1433 Hazel St","Louisville","KY","40211"
87422,"1288 Eastern Pkwy","Louisville","KY","40204"
87423,"9620 Maple Rd","Louisville","KY","40229"
87424,"7711 Pear View Ln","Louisville","KY","40218"
87425,"10511 Venado Dr","Louisville","KY","40291"
87426,"7801 Binford Way","Louisville","KY","40291"
87427,"731 Waterford Rd","Louisville","KY","40207"
87428,"260 Oxford Ln","Louisville","KY","40229"
87429,"4013 Pinecroft Dr","Louisville","KY","40219"
87430,"311 Hatcher Ave","Louisville","KY","40214"
87431,"11308 Wind Haven Way","Louisville","KY","40291"
87432,"8402 Sunny Knoll Ln","Louisville","KY","40299"
87433,"4531 Buffle Head Way","Louisville","KY","40218"
87434,"733 W Florence Ave","Louisville","KY","40215"
87435,"3309 Hale Ave","Louisville","KY","40211"
87436,"7312 Wesboro Rd","Louisville","KY","40222"
87437,"1229 Westlynne Way","Apt 6","Louisville",
87438,"4907 Hillview Dr","Louisville","KY","40258"
87439,"623 Lynn St","Louisville","KY","40217"
87440,"4014 Cedarway Ct","Louisville","KY","40229"
87441,"3409 Grandview Ave","Louisville","KY","40207"
87442,"9608 Shoshone Way","Louisville","KY","40258"
87443,"170 E Ashland Ave","Louisville","KY","40214"
87444,"4209 Stonemeadow Ct","Louisville","KY","40218"
87445,"17611 Curry Branch Rd","Louisville","KY","40245"
87446,"499 Lightfoot Rd","Louisville","KY","40207"
87447,"425 Wisteria Ave","Louisville","KY","40222"
87448,"5709 Prince William St","Louisville","KY","40207"
87449,"2926 Slevin St","Louisville","KY","40212"
87450,"2307 Magazine St","Louisville","KY","40211"
87451,"2701 Greenwood Ave","Louisville","KY","40211"
87452,"1102 Ambridge Dr","Louisville","KY","40207"
87453,"2733 Bank St","Louisville","KY","40212"
87454,"4717 Beech Dr","Louisville","KY","40216"
87455,"5906 Bluestone Rd","Louisville","KY","40219"
87456,"993 Schiller Ave","Louisville","KY","40204"
87457,"2707 Grinstead Dr","Louisville","KY","40206"
87458,"3205 Dublin Ln","Louisville","KY","40206"
87459,"8411 Splendid Pt","Louisville","KY","40229"
87460,"10801 Youngtown Dr","Louisville","KY","40272"
87461,"2504 Wyckford Way","Louisville","KY","40218"
87462,"4913 Valley Station Rd","Louisville","KY","40272"
87463,"3018 Peale Ave","Louisville","KY","40205"
87464,"1353 Dixie Hwy","Louisville","KY","40210"
87465,"2206 Date St","Louisville","KY","40210"
87466,"1812 Dixdale Ave","Louisville","KY","40210"
87467,"3202 Thousand Oaks Dr","Louisville","KY","40205"
87468,"819 W Evelyn Ave","Louisville","KY","40215"
87469,"1429 S 28th St","Louisville","KY","40211"
87470,"5411 Bramble Ct","Louisville","KY","40258"
87471,"5102 Dorose Ct","Louisville","KY","40291"
87472,"6724 Cassidy Cir","Louisville","KY","40229"
87473,"1520 Bank St","Louisville","KY","40203"
87474,"2371 Gladstone Ave","Louisville","KY","40205"
87475,"8702 Shadow Creek Way","Louisville","KY","40291"
87476,"4808 Cox Woods Ct","Louisville","KY","40229"
87477,"1523 Rowan St","Louisville","KY","40203"
87478,"4212 Bubbling Over Dr","Louisville","KY","40216"
87479,"15218 Abington Ridge Pl","Louisville","KY","40245"
87480,"4016 S 3rd St","Louisville","KY","40214"
87481,"4111 Heatherview Rd","Louisville","KY","40218"
87482,"3921 Druid Hills Rd","Louisville","KY","40207"
87483,"1027 Mayer Ave","Louisville","KY","40217"
87484,"4809 Gullane Ct","Louisville","KY","40222"
87485,"1548 Quadrant Ave","Louisville","KY","40205"
87486,"8504 William Cummins Ct","Louisville","KY","40228"
87487,"106 N 44th St","Louisville","KY","40212"
87488,"7408 Lanfair Dr","Louisville","KY","40241"
87489,"6405 Cedar Branch Ct","Louisville","KY","40291"
87490,"6302 Rivers End Dr","Louisville","KY","40258"
87491,"9002 Hurstbourne Club Ln","Louisville","KY","40222"
87492,"8504 Soverign Way","Louisville","KY","40258"
87493,"2019 Gardiner Ln","Louisville","KY","40205"
87494,"1323 Oakwood Ave","Louisville","KY","40215"
87495,"7615 Cove Dr","Louisville","KY","40291"
87496,"306 Lyndon Ln","Louisville","KY","40222"
87497,"2509 Coronet Dr","Louisville","KY","40216"
87498,"2507 Coronet Dr","Louisville","KY","40216"
87499,"1825 Pershing Ave","Louisville","KY","40242"
87500,"4914 Determine Ln","Louisville","KY","40216"
87501,"5108 Yaupon Ln","Louisville","KY","40213"
87502,"1372 Gardiner Ln","Louisville","KY","40213"
87503,"4108 Maynard Ave","Louisville","KY","40229"
87504,"1049 Cristland Rd","Louisville","KY","40214"
87505,"2601 Landor Ave","Louisville","KY","40205"
87506,"541 Camden Ave","Louisville","KY","40215"
87507,"3009 Ashview Ter","Louisville","KY","40217"
87508,"5102 Alba Way","Louisville","KY","40213"
87509,"127 Mcarthur Dr","Louisville","KY","40207"
87510,"2114 Middle Ln","Louisville","KY","40216"
87511,"4117 Millcreek Dr","Louisville","KY","40216"
87512,"9105 Pomona Pl","Louisville","KY","40272"
87513,"1019 Bluegrass Ave","Louisville","KY","40215"
87514,"7113 Creekton Dr","Louisville","KY","40241"
87515,"4304 S 3rd St","Louisville","KY","40214"
87516,"2200 Polo Creek Ln","Louisville","KY","40245"
87517,"246 Granvil Dr","Louisville","KY","40218"
87518,"11815 Poplarwood Dr","Louisville","KY","40272"
87519,"1330 Thornberry Ave","Louisville","KY","40215"
87520,"274 Moser Rd","Louisville","KY","40223"
87521,"7545 Merlyn Cir","Louisville","KY","40214"
87522,"614 Ledgeview Park Dr","Louisville","KY","40206"
87523,"17017 Ashburton Dr","Louisville","KY","40245"
87524,"1805 Hartman Ave","Louisville","KY","40205"
87525,"10628 Gleneagle Pl","Louisville","KY","40223"
87526,"1209 Payne St","Louisville","KY","40204"
87527,"1608 Louis Coleman Jr Dr","Louisville","KY","40211"
87528,"8604 Terry Rd","Louisville","KY","40258"
87529,"6617 Astral Dr","Louisville","KY","40258"
87530,"4115 Bolling Brook Dr","Louisville","KY","40299"
87531,"4008 Saratoga Woods Dr","Louisville","KY","40299"
87532,"3421 Fayette Ave","Louisville","KY","40213"
87533,"8120 Dry Ridge Ln","Louisville","KY","40299"
87534,"4305 Woodgate Ln","Louisville","KY","40220"
87535,"9629 Scarborough Ave","Louisville","KY","40272"
87536,"8610 Soverign Way","Louisville","KY","40258"
87537,"1433 Goddard Ave","Louisville","KY","40204"
87538,"3610 Deibel Way","Louisville","KY","40220"
87539,"1915 Herbert Ln","Louisville","KY","40272"
87540,"101 Whispering Pines Cir","Louisville","KY","40245"
87541,"1607 Night Hawk Ct","Louisville","KY","40223"
87542,"2003 Grasmere Dr","Louisville","KY","40205"
87543,"1600 Gardiner Ln","Apt 103","Louisville",
87544,"1208 Innis Ct","Louisville","KY","40204"
87545,"10614 Evanwood Dr","Louisville","KY","40228"
87546,"905 S 17th St","Louisville","KY","40210"
87547,"6307 Price Lane Rd","Louisville","KY","40229"
87548,"1913 Roosevelt Ave","Louisville","KY","40242"
87549,"5908 Soverign Ct","Louisville","KY","40258"
87550,"621 Marquette Dr","Louisville","KY","40222"
87551,"8102 Sycamore Creek Dr","Louisville","KY","40222"
87552,"1719 Casselberry Rd","Louisville","KY","40205"
87553,"9408 Bartley Dr","Louisville","KY","40291"
87554,"14404 Willow Grove Cir","Louisville","KY","40245"
87555,"8601 Broecker Blvd","Louisville","KY","40241"
87556,"1843 Date St","Louisville","KY","40210"
87557,"250 S 43rd St","Louisville","KY","40212"
87558,"412 Clare Ln","Louisville","KY","40206"
87559,"328 Rosewood Dr","Louisville","KY","40223"
87560,"604 Yancy Ln","Louisville","KY","40207"
87561,"5507 Binbrook Dr","Louisville","KY","40216"
87562,"2417 Mount Claire Ave","Louisville","KY","40217"
87563,"6713 Seminole Ave","Louisville","KY","40214"
87564,"614 E Oak St","Louisville","KY","40203"
87565,"4205 Bay Pointe Dr","Louisville","KY","40241"
87566,"10421 Sandbourne Way","Louisville","KY","40241"
87567,"2726 Fleming Ave","Louisville","KY","40206"
87568,"10612 Waterloo Way","Louisville","KY","40223"
87569,"8219 Denise Dr","Louisville","KY","40219"
87570,"2511 Martin Ave","Louisville","KY","40216"
87571,"8806 High Point Cir","Louisville","KY","40299"
87572,"9601 Moorfield Cir","Louisville","KY","40241"
87573,"110 Crews Dr","Louisville","KY","40218"
87574,"512 Willow Stone Way","Louisville","KY","40223"
87575,"3125 Roypom Dr","Louisville","KY","40220"
87576,"4327 Cara Way","Louisville","KY","40299"
87577,"221 Crator Dr","Louisville","KY","40229"
87578,"6001 Wooded Creek Dr","Unit 201","Louisville",
87579,"6830 Arbor Manor Way","Louisville","KY","40228"
87580,"3609 Deibel Way","Louisville","KY","40220"
87581,"5915 Six Mile Ln","Louisville","KY","40218"
87582,"422 Bermuda Way","Louisville","KY","40243"
87583,"1802 Springhill Rd","Louisville","KY","40223"
87584,"7606 Beechspring Farm Blvd","Louisville","KY","40241"
87585,"4214 Jim Hawkins Dr","Louisville","KY","40229"
87586,"11519 Shaffer Farms Ln","Louisville","KY","40291"
87587,"6124 Athens Dr","Louisville","KY","40219"
87588,"115 S Longworth Ave","Louisville","KY","40212"
87589,"10603 Gleneagle Pl","Louisville","KY","40223"
87590,"1510 Audubon Pkwy","Louisville","KY","40213"
87591,"2438 Weber Ln","Louisville","KY","40216"
87592,"3316 Stratford Ave","Louisville","KY","40218"
87593,"9120 Maiden Ct","Louisville","KY","40229"
87594,"838 Parkway Dr","Louisville","KY","40217"
87595,"5606 Mcdeane Rd","Louisville","KY","40216"
87596,"10316 Waycross Ave","Louisville","KY","40229"
87597,"10119 Lancewood Rd","Louisville","KY","40229"
87598,"508 E Saint Catherine St","Louisville","KY","40203"
87599,"1131 Johnson Rd","Louisville","KY","40245"
87600,"1333 Rhonda Way","Louisville","KY","40216"
87601,"101 Buttercup Rd","Louisville","KY","40218"
87602,"3312 Lexington Rd","Louisville","KY","40206"
87603,"4809 Guy Dr","Louisville","KY","40258"
87604,"313 Beckley Woods Dr","Louisville","KY","40245"
87605,"9305 Wimbley Ct","Louisville","KY","40241"
87606,"4305 Estate Dr","Louisville","KY","40216"
87607,"8508 Atrium Dr","Apt 1112","Louisville",
87608,"8507 Atrium Dr","Apt 303","Louisville",
87609,"1616 Ehrler Dr","Louisville","KY","40213"
87610,"11517 Expedition Trl","Louisville","KY","40291"
87611,"10021 Colonel Hancock Dr","Louisville","KY","40291"
87612,"2110 Douglass Blvd","Louisville","KY","40205"
87613,"200 E Southern Heights Ave","Louisville","KY","40209"
87614,"7524 Merlyn Cir","Louisville","KY","40214"
87615,"5304 Westhall Ave","Louisville","KY","40214"
87616,"14010 Glendower Dr","Louisville","KY","40245"
87617,"10309 Arbor Oak Dr","Louisville","KY","40229"
87618,"8700 Raintree Dr","Louisville","KY","40220"
87619,"1012 Ellison Ave","Louisville","KY","40204"
87620,"1075 E Kentucky St","Louisville","KY","40204"
87621,"4014 Meadowfield Dr","Louisville","KY","40245"
87622,"3418 Blanton Ln","Louisville","KY","40214"
87623,"9909 West Ave","Louisville","KY","40272"
87624,"2531 Tennyson Ave","Louisville","KY","40205"
87625,"5713 Midnight Ln","Louisville","KY","40229"
87626,"4628 Taylor Blvd","Louisville","KY","40215"
87627,"8801 Perry Rd","Louisville","KY","40222"
87628,"9604 Lower River Rd","Louisville","KY","40272"
87629,"100 N Rastetter Ave","Louisville","KY","40206"
87630,"607 Pennyroyal Way","Louisville","KY","40223"
87631,"12210 Ridge Crest Dr","Louisville","KY","40243"
87632,"1312 Weller Ave","Louisville","KY","40208"
87633,"11 College Ct","Louisville","KY","40203"
87634,"1206 Winterbranch Way","Louisville","KY","40245"
87635,"3506 Blanton Ln","Louisville","KY","40214"
87636,"8605 Shelbyville Rd","Apt 117","Louisville",
87637,"8922 Stony Falls Way","Louisville","KY","40299"
87638,"7807 Pear View Ln","Louisville","KY","40218"
87639,"2204 W Burnett Ave","Louisville","KY","40210"
87640,"1775 W Lee St","Louisville","KY","40210"
87641,"1716 Tempest Way","Louisville","KY","40216"
87642,"7509 Maria Ave","Louisville","KY","40222"
87643,"11005 Oreland Mill Rd","Louisville","KY","40229"
87644,"3528 Kerry Dr","Louisville","KY","40218"
87645,"214 Daleview Ln","Louisville","KY","40207"
87646,"8901 Aristides Dr","Louisville","KY","40258"
87647,"3355 Eastside Dr","Louisville","KY","40220"
87648,"5202 Monticello Ave","Louisville","KY","40218"
87649,"7431 Apple Mill Dr","Louisville","KY","40228"
87650,"4812 Partridge Run Rd","Louisville","KY","40213"
87651,"2600 Pindell Ave","Louisville","KY","40217"
87652,"6600 Connie Dr","Louisville","KY","40258"
87653,"1102 Hidden Hill Ct","Louisville","KY","40245"
87654,"1003 Burning Springs Dr","Louisville","KY","40223"
87655,"6500 South Dr","Louisville","KY","40272"
87656,"114 Crescent Ave Apt B","Louisville","KY","40206"
87657,"4810 Warbler Way","Louisville","KY","40213"
87658,"3023 Joan Ave","Louisville","KY","40205"
87659,"7910 Albrecht Cir","Louisville","KY","40241"
87660,"9304 Wimbley Ct","Louisville","KY","40241"
87661,"7207 Creekton Dr","Louisville","KY","40241"
87662,"8005 Wanda Way","Louisville","KY","40219"
87663,"2619 Montgomery St","Louisville","KY","40212"
87664,"1100 S 15th St","Louisville","KY","40210"
87665,"1102 Lone Oak Ave","Louisville","KY","40219"
87666,"2734 Montana Ave","Louisville","KY","40208"
87667,"2710 Wyandotte Ave","Louisville","KY","40210"
87668,"8715 Bost Ln","Louisville","KY","40219"
87669,"8708 Wooded Trail Ct","Louisville","KY","40220"
87670,"312 N Bonner Ave","Louisville","KY","40207"
87671,"12608 Chesapeake Bay Dr","Louisville","KY","40245"
87672,"9506 Maple Rd","Louisville","KY","40229"
87673,"5310 Bonita Ln","Louisville","KY","40213"
87674,"8215 Rochelle Rd","Louisville","KY","40228"
87675,"8504 Glendale Trce","Louisville","KY","40291"
87676,"6207 Jeffrey Dr","Louisville","KY","40258"
87677,"10117 Kimblewick Dr","Louisville","KY","40223"
87678,"6801 Brook Terrace Dr","Louisville","KY","40228"
87679,"6416 Black Oak Ln","Louisville","KY","40216"
87680,"2507 Guelat Ave","Louisville","KY","40216"
87681,"11707 Robindale Rd","Louisville","KY","40243"
87682,"316 Blarney Ln","Louisville","KY","40229"
87683,"7701 Gayeway Dr","Louisville","KY","40219"
87684,"1746 Sulgrave Rd","Louisville","KY","40205"
87685,"4308 Wisteria Landing Cir","Unit 101","Louisville",
87686,"1748 Dixdale Ave","Louisville","KY","40210"
87687,"617 Penguin St","Louisville","KY","40217"
87688,"5710 Arvis Dr","Louisville","KY","40258"
87689,"1904 Swainsboro Dr","Louisville","KY","40218"
87690,"1227 Etawah Ave","Louisville","KY","40222"
87691,"7817 Pleasure Walk Cir","Louisville","KY","40258"
87692,"4522 Southern Pkwy","Louisville","KY","40214"
87693,"7903 Laura Jean Ct","Louisville","KY","40291"
87694,"203 Travois Rd","Louisville","KY","40207"
87695,"4509 Malcolm Rd","Louisville","KY","40216"
87696,"1553 Lincoln Ave","Louisville","KY","40213"
87697,"4709 E Manslick Rd","Louisville","KY","40219"
87698,"208 Springwood Dr","Louisville","KY","40229"
87699,"8101 Watterson Trl","Louisville","KY","40299"
87700,"2509 Mavis Ct","Louisville","KY","40216"
87701,"696 Circle Valley Dr","Louisville","KY","40229"
87702,"3226 Radiance Rd","Louisville","KY","40220"
87703,"5409 Southern Pkwy","Louisville","KY","40214"
87704,"4109 Manner Dale Dr","Louisville","KY","40220"
87705,"1710 W Burnett Ave","Louisville","KY","40210"
87706,"2217 Wilson Ave","Louisville","KY","40210"
87707,"13709 Willow Reed Dr","Louisville","KY","40299"
87708,"2608 Mccoy Way","Louisville","KY","40205"
87709,"6813 Creston Dr","Louisville","KY","40258"
87710,"3001 Spencer Ave","Louisville","KY","40205"
87711,"1200 Benton Ave","Louisville","KY","40204"
87712,"2930 Riedling Dr","Louisville","KY","40206"
87713,"9003 Falcon Crest Ct","Unit 207","Louisville",
87714,"812 Washburn Ave","Apt 28","Louisville",
87715,"5002 Roman Dr","Louisville","KY","40291"
87716,"1611 Two Springs Pl","Louisville","KY","40207"
87717,"10922 Collington Dr","Louisville","KY","40241"
87718,"8605 Shelbyville Rd","Apt 207","Louisville",
87719,"135 Whispering Pines Cir","Louisville","KY","40245"
87720,"7002 Welford Ave","Louisville","KY","40272"
87721,"108 N Skyline Dr","Louisville","KY","40229"
87722,"13128 Willow Forest Dr","Louisville","KY","40245"
87723,"3804 Fallen Timber Dr","Louisville","KY","40241"
87724,"6012 Bay Harbor Dr","Louisville","KY","40228"
87725,"2000 Lancashire Ave","Unit 206","Louisville",
87726,"2000 Lancashire Ave","Unit 207","Louisville",
87727,"9601 Titan Dr","Louisville","KY","40229"
87728,"2309 Burwell Ave","Louisville","KY","40210"
87729,"5012 Maryman Rd","Louisville","KY","40258"
87730,"8702 Lakeridge Dr","Louisville","KY","40272"
87731,"1808 Nelson Ave","Louisville","KY","40216"
87732,"4404 Burgundy Dr","Louisville","KY","40299"
87733,"4315 Malcolm Ave","Louisville","KY","40215"
87734,"608 Orchard Hill Dr","Louisville","KY","40214"
87735,"512 Grand Vista Pl","Louisville","KY","40243"
87736,"406 Ledgeview Park Dr","Louisville","KY","40206"
87737,"4706 Fister Ct","Louisville","KY","40258"
87738,"2102 Camargo Rd","Louisville","KY","40207"
87739,"135 N 41st St","Louisville","KY","40212"
87740,"2549 Ellsworth Ave","Louisville","KY","40217"
87741,"3822 Leland Rd","Apt 2","Louisville",
87742,"7108 Betsy Ross Dr","Louisville","KY","40272"
87743,"820 W Saint Catherine St","Louisville","KY","40203"
87744,"2200 Dumesnil St","Louisville","KY","40210"
87745,"2126 Griffiths Ave","Louisville","KY","40212"
87746,"8107 Red Cedar Way","Louisville","KY","40219"
87747,"4317 Lincoln Rd","Louisville","KY","40220"
87748,"1205 Isleworth Dr","Louisville","KY","40245"
87749,"1213 Tallow Ln","Louisville","KY","40214"
87750,"4103 Bolling Brook Dr","Louisville","KY","40299"
87751,"9310 Pine Lake Dr","Unit 201","Louisville",
87752,"2519 Stonehurst Dr","Louisville","KY","40242"
87753,"1301 Garden Hill Pl","Louisville","KY","40245"
87754,"2118 Mccloskey Ave","Louisville","KY","40210"
87755,"2305 Allston Ave","Louisville","KY","40210"
87756,"2722 Slevin Dr","Louisville","KY","40212"
87757,"323 Cecil Ave","Louisville","KY","40212"
87758,"354 N 42nd St","Louisville","KY","40212"
87759,"6800 Fernview Rd","Louisville","KY","40291"
87760,"3005 Wellbrooke Rd","Louisville","KY","40205"
87761,"6519 Hunters Chase Ln","Louisville","KY","40258"
87762,"10512 Venado Dr","Louisville","KY","40291"
87763,"801 Taper Ct","Louisville","KY","40214"
87764,"9311 New Maple Rd","Louisville","KY","40229"
87765,"166 Orchid Ct","Louisville","KY","40229"
87766,"7014 Train Station Way","Louisville","KY","40272"
87767,"13203 Meadowlawn Dr","Louisville","KY","40272"
87768,"1260 Gilmore Ln","Louisville","KY","40213"
87769,"4020 Mulberry Row Way","Louisville","KY","40299"
87770,"216 S Spring St","Louisville","KY","40206"
87771,"4243 Middlebrook Rd","Louisville","KY","40207"
87772,"4118 Bubbling Over Dr","Louisville","KY","40216"
87773,"815 S 37th St","Louisville","KY","40211"
87774,"221 Briarwood Ln","Louisville","KY","40229"
87775,"1212 Weller Ave","Louisville","KY","40208"
87776,"3609 Rosemont Ct","Louisville","KY","40218"
87777,"1519 Rosewood Ave","Louisville","KY","40204"
87778,"2082 Douglass Blvd","Apt 18","Louisville",
87779,"5103 Lesabre Dr","Louisville","KY","40216"
87780,"5018 Wabash Pl","Louisville","KY","40214"
87781,"1053 Eigelbach Ave","Louisville","KY","40217"
87782,"303 Eline Ave","Louisville","KY","40207"
87783,"10507 Black Iron Rd","Louisville","KY","40291"
87784,"1304 Highland Ave","Louisville","KY","40204"
87785,"4707 Longborough Ct","Louisville","KY","40299"
87786,"10514 Vintage Creek Dr","Louisville","KY","40299"
87787,"5127 Poplar Level Rd","Louisville","KY","40219"
87788,"1827 Pershing Ave","Louisville","KY","40242"
87789,"3004 Norma Lee Dr","Louisville","KY","40214"
87790,"1112 Lavista Way","Louisville","KY","40219"
87791,"7403 Colson Dr","Louisville","KY","40220"
87792,"7112 Wood Briar Pl","Louisville","KY","40241"
87793,"7632 Pauls View Pl","Louisville","KY","40228"
87794,"6711 Downs Branch Rd","Louisville","KY","40228"
87795,"3431 Southmeade Cir","Louisville","KY","40214"
87796,"7010 Bischoff Farm Dr","Louisville","KY","40291"
87797,"7409 Beahl Blvd","Louisville","KY","40258"
87798,"8103 Aspen Green Ln","Louisville","KY","40291"
87799,"7410 Royalwood Dr","Louisville","KY","40214"
87800,"14303 Oak Bluff Ct","Louisville","KY","40245"
87801,"8075 Shepherdsville Rd","Louisville","KY","40219"
87802,"1828 Bolling Ave","Louisville","KY","40210"
87803,"1105 Blackthorn Rd","Louisville","KY","40299"
87804,"644 S 23rd St","Louisville","KY","40211"
87805,"1914 Griffiths Ave","Louisville","KY","40203"
87806,"7404 Wesboro Rd","Louisville","KY","40242"
87807,"7107 Creekton Dr","Louisville","KY","40241"
87808,"3602 Eastside Dr","Louisville","KY","40220"
87809,"1716 Pikeview Ct","Louisville","KY","40215"
87810,"8205 Nancy Ln","Louisville","KY","40258"
87811,"124 N 46th St","Louisville","KY","40212"
87812,"4006 Greenbrook Ct","Louisville","KY","40220"
87813,"1308 Killiney Pl","Louisville","KY","40207"
87814,"5204 Oaklawn Park Dr","Louisville","KY","40299"
87815,"9709 Forestwood Dr","Louisville","KY","40299"
87816,"5704 Lovers Ln","Louisville","KY","40299"
87817,"4702 Lake Louisvilla Dr","Louisville","KY","40245"
87818,"8307 Regency Woods Way","Louisville","KY","40220"
87819,"9004 Henry Clay Dr","Louisville","KY","40242"
87820,"2134 W Gaulbert Ave","Louisville","KY","40210"
87821,"931 Schiller Ave","Louisville","KY","40204"
87822,"8305 Savannah Springs Ct","Unit 302","Louisville",
87823,"8608 Smithton Rd","Louisville","KY","40219"
87824,"3030 Breckenridge Ln","Apt 409","Louisville",
87825,"3324 Greenwood Ave","Louisville","KY","40211"
87826,"2148 Alta Ave","Louisville","KY","40205"
87827,"2415 Silverbrook Ave","Louisville","KY","40220"
87828,"5309 Pavilion Way","Louisville","KY","40291"
87829,"430 E Blue Jay Rd","Louisville","KY","40229"
87830,"8702 Nottingham Pkwy","Louisville","KY","40222"
87831,"11921 Tazwell Dr","Apt 2","Louisville",
87832,"7509 Braeburn Cir","Louisville","KY","40228"
87833,"9808 Sunkist Way","Louisville","KY","40272"
87834,"5201 General Ln","Louisville","KY","40218"
87835,"137 Tumbleweed Dr","Louisville","KY","40229"
87836,"171 Norwood Way","Louisville","KY","40229"
87837,"8307 Eagle Creek Dr","Louisville","KY","40222"
87838,"743 Fehr Rd","Louisville","KY","40206"
87839,"817 Rugby Pl","Louisville","KY","40222"
87840,"504 Foxwick Ct","Louisville","KY","40223"
87841,"8508 Ambrosse Ln","Unit 102","Louisville",
87842,"2833 Coleen Ct","Louisville","KY","40206"
87843,"661 Southwestern Pkwy","Louisville","KY","40211"
87844,"907 Lake Forest Pkwy","Louisville","KY","40245"
87845,"9100 Mahoney Dr","Louisville","KY","40258"
87846,"4517 Swako Ln","Louisville","KY","40216"
87847,"4709 Andalusia Ln","Louisville","KY","40272"
87848,"7601 Hornbeck Farm Rd","Louisville","KY","40291"
87849,"510 Dorsey Way","Louisville","KY","40223"
87850,"7368 Lucille Ave","Louisville","KY","40258"
87851,"829 S 23rd St","Louisville","KY","40211"
87852,"1605 Parkridge Pkwy","Louisville","KY","40214"
87853,"2832 Pomeroy Dr","Louisville","KY","40218"
87854,"107 Dorchester Rd","Louisville","KY","40223"
87855,"8916 Stony Falls Way","Louisville","KY","40299"
87856,"4000 Ciremos Ter","Louisville","KY","40241"
87857,"8463 Grand Trevi Dr","Louisville","KY","40228"
87858,"520 Beecher St","Louisville","KY","40215"
87859,"1704 Applewood Ln","Louisville","KY","40222"
87860,"4412 Watercrest Ct","Louisville","KY","40241"
87861,"2016 Lynn Lea Rd","Louisville","KY","40216"
87862,"2220 Valley Vista Rd","Louisville","KY","40205"
87863,"6901 Avanti Pl","Louisville","KY","40291"
87864,"1606 Lois Morris Dr","Louisville","KY","40211"
87865,"6305 Upper Hunters Trce","Louisville","KY","40216"
87866,"3507 Brookhollow Dr","Louisville","KY","40220"
87867,"6101 Top Hat Ct","Louisville","KY","40258"
87868,"8608 Wimborne Way","Louisville","KY","40222"
87869,"5061 Poplar Level Rd","Louisville","KY","40219"
87870,"2005 Griffiths Ave","Louisville","KY","40203"
87871,"425 Atwood St","Louisville","KY","40217"
87872,"4109 Morgan Jaymes Dr","Louisville","KY","40299"
87873,"2123 Tyler Ln","Louisville","KY","40205"
87874,"7807 Shepherdsville Rd","Louisville","KY","40219"
87875,"6309 Serenity Ct","Louisville","KY","40219"
87876,"1414 Eastern Pkwy","Apt 3","Louisville",
87877,"2221 Dumesnil St","Louisville","KY","40210"
87878,"402 Kenilworth Rd","Louisville","KY","40206"
87879,"4005 Fayette Ave","Louisville","KY","40213"
87880,"2104 Garland Ave","Louisville","KY","40211"
87881,"7712 Cottage Cove Way","Louisville","KY","40214"
87882,"8008 Autumn Leaf Ct","Louisville","KY","40220"
87883,"6518 Keeling Park Dr","Louisville","KY","40291"
87884,"7101 Ethan Allen Way","Louisville","KY","40272"
87885,"220 Saunders Ave","Louisville","KY","40206"
87886,"1812 Radnor Ave","Louisville","KY","40205"
87887,"1311 Ellison Ave","Louisville","KY","40204"
87888,"6007 Robinhood Ln","Louisville","KY","40219"
87889,"4933 Forest Park Dr","Louisville","KY","40219"
87890,"816 Rubel Ave Unit B","Louisville","KY","40204"
87891,"13502 Greystone Ave","Louisville","KY","40272"
87892,"605 Willowhurst Pl","Louisville","KY","40223"
87893,"617 Davenport Dr","Louisville","KY","40245"
87894,"3329 Furman Blvd","Louisville","KY","40220"
87895,"6604 Orchard Club Pl","Louisville","KY","40291"
87896,"2621 Bank St","Louisville","KY","40212"
87897,"1602 Polo Club Ct","Louisville","KY","40245"
87898,"2309 Langdon Dr","Louisville","KY","40242"
87899,"1403 Wurtele Ave","Louisville","KY","40208"
87900,"932 Lydia St","Louisville","KY","40217"
87901,"3308 Tucker Wood Ln","Louisville","KY","40299"
87902,"18705 Brookshade Ln","Louisville","KY","40245"
87903,"8409 Glaser Ln","Louisville","KY","40291"
87904,"10118 Autumn Gardens Way","Louisville","KY","40229"
87905,"114 Crescent Ave","Apt A2","Louisville",
87906,"5605 Sprigwood Ln","Louisville","KY","40291"
87907,"8801 Michael Edward Dr","Louisville","KY","40291"
87908,"3130 Lynnwood Way","Louisville","KY","40299"
87909,"1419 Central Ave","Louisville","KY","40208"
87910,"275 E Blue Jay Rd","Louisville","KY","40229"
87911,"6502 Beech Grove Ct","Louisville","KY","40229"
87912,"11201 Baumler Pl","Louisville","KY","40291"
87913,"708 Gwendolyn St","Louisville","KY","40203"
87914,"6528 Bridleview Cir","Louisville","KY","40228"
87915,"3123 Eagle Pass","Louisville","KY","40213"
87916,"9106 Waltlee Rd","Louisville","KY","40291"
87917,"4603 Seibel Ct","Louisville","KY","40258"
87918,"13109 Meadowlawn Dr","Louisville","KY","40272"
87919,"2001 Bartholomew Dr","Louisville","KY","40218"
87920,"4600 Seibel Ct","Louisville","KY","40258"
87921,"13503 Rock Bay Ct","Louisville","KY","40245"
87922,"3501 Lennox View Ct","Unit 207","Louisville",
87923,"11011 Oliverda Dr","Louisville","KY","40272"
87924,"901 W Lee St","Louisville","KY","40208"
87925,"905 W Lee St","Louisville","KY","40208"
87926,"4120 Vermont Ave","Louisville","KY","40211"
87927,"12200 Vevia Ct","Louisville","KY","40272"
87928,"1137 Milton St","Louisville","KY","40217"
87929,"109 Waterstone Way","Louisville","KY","40245"
87930,"3223 Dumesnil St","Louisville","KY","40211"
87931,"440 E Brandeis Ave","Louisville","KY","40217"
87932,"4515 Swako Ln","Louisville","KY","40216"
87933,"11005 Altsheler Pl","Louisville","KY","40229"
87934,"1118 Payne St","Louisville","KY","40204"
87935,"10202 Hartley Dr","Louisville","KY","40223"
87936,"1305 Bostwick Ln","Louisville","KY","40245"
87937,"5508 Maco Ln","Louisville","KY","40219"
87938,"2526 Broadmeade Rd","Louisville","KY","40205"
87939,"11319 Cottage View Ct","Louisville","KY","40299"
87940,"400 Jarvis Ln","Louisville","KY","40207"
87941,"404 Wynfield Close Ct","Louisville","KY","40206"
87942,"7309 Nottoway Cir","Louisville","KY","40214"
87943,"8809 Ferndale Rd","Louisville","KY","40291"
87944,"8223 Eagle Creek Dr","Louisville","KY","40222"
87945,"2716 Goldsmith Ln","Louisville","KY","40220"
87946,"110 N Chadwick Rd","Louisville","KY","40223"
87947,"1431 Larchmont Ave","Louisville","KY","40215"
87948,"2710 Bank St","Louisville","KY","40212"
87949,"1007 Windsong Way","Louisville","KY","40207"
87950,"3501 Lennox View Ct","Unit 208","Louisville",
87951,"1603 Eagle Pines Ct","Louisville","KY","40223"
87952,"9307 Bova Ct","Louisville","KY","40291"
87953,"126 S Peterson Ave","Louisville","KY","40206"
87954,"3501 Illinois Ave","Apt E12","Louisville",
87955,"5013 Roaming Plains Ct","Louisville","KY","40229"
87956,"812 Starlite Dr","Louisville","KY","40207"
87957,"3517 Schaffner Dr","Louisville","KY","40216"
87958,"510 Iowa Ave","Louisville","KY","40208"
87959,"7018 Adeno Way","Louisville","KY","40291"
87960,"323 W Saint Catherine St","Louisville","KY","40203"
87961,"9626 Blaze Way","Louisville","KY","40272"
87962,"211 Ottawa Ave","Louisville","KY","40209"
87963,"7604 Eagle Landing Way","Louisville","KY","40214"
87964,"407 Revolutionary Rd","Louisville","KY","40214"
87965,"4422 Deepwood Dr","Louisville","KY","40241"
87966,"6413 Labor Ln","Louisville","KY","40291"
87967,"126 N Galt Ave","Louisville","KY","40206"
87968,"7007 Glendale Rd","Louisville","KY","40291"
87969,"7432 Apple Mill Dr","Louisville","KY","40228"
87970,"10710 Rock Moss Ct","Louisville","KY","40291"
87971,"5603 Morning Glory Ln","Louisville","KY","40258"
87972,"7300 Supremus Dr","Louisville","KY","40214"
87973,"5407 Azalea Ln","Louisville","KY","40258"
87974,"6831 Green Meadow Cir","Louisville","KY","40207"
87975,"148 Westwind Rd","Louisville","KY","40207"
87976,"6008 Pendleton Rd","Louisville","KY","40272"
87977,"772 Overdale Dr","Louisville","KY","40229"
87978,"8203 Arbor Meadow Way","Louisville","KY","40228"
87979,"6809 Green Meadow Cir","Louisville","KY","40207"
87980,"829 Parkway Dr","Louisville","KY","40217"
87981,"1621 Grove Ave","Louisville","KY","40213"
87982,"8900 Largo Ct","Louisville","KY","40299"
87983,"2010 Lynn Way","Louisville","KY","40222"
87984,"2327 Newburg Rd","Louisville","KY","40205"
87985,"8840 Stony Falls Way","Louisville","KY","40299"
87986,"2389 Clarendon Ave","Louisville","KY","40205"
87987,"1702 Sutherland Dr","Louisville","KY","40205"
87988,"8806 Stony Field Way","Louisville","KY","40299"
87989,"8910 Stara Way","Louisville","KY","40299"
87990,"8918 Stony Falls Way","Louisville","KY","40299"
87991,"8715 Stony Falls Way","Louisville","KY","40299"
87992,"2622 Parklawn Dr","Louisville","KY","40217"
87993,"2705 Wendell Ave","Louisville","KY","40205"
87994,"2824 Taylor Blvd","Louisville","KY","40208"
87995,"4838 Bellevue Ave","Louisville","KY","40215"
87996,"4404 E Pages Ln","Louisville","KY","40272"
87997,"8519 Jan Way","Louisville","KY","40219"
87998,"8912 Alphin Ct","Louisville","KY","40299"
87999,"9817 Brooks Bend Rd","Louisville","KY","40258"
88000,"108 S 46th St","Louisville","KY","40212"
88001,"7706 Arnoldtown Rd","Louisville","KY","40214"
88002,"3801 Sonoma Ln","Louisville","KY","40219"
88003,"3018 Stonebridge Rd","Louisville","KY","40241"
88004,"7408 Quail Ridge Rd","Louisville","KY","40291"
88005,"3325 Kramers Ln","Louisville","KY","40216"
88006,"1003 Ambridge Dr","Louisville","KY","40207"
88007,"800 Thorpe Dr","Louisville","KY","40243"
88008,"1606 Belmar Dr","Louisville","KY","40213"
88009,"14 Hallsdale Dr","Louisville","KY","40220"
88010,"4208 Browns Ln","Unit 211","Louisville",
88011,"3020 Juniper Hill Rd","Louisville","KY","40206"
88012,"5120 Queens Castle Rd","Louisville","KY","40229"
88013,"10502 Southern Meadows Dr","Apt 202","Louisville",
88014,"2931 Rio Rita Ave","Louisville","KY","40220"
88015,"10702 Helmsdale Ln","Louisville","KY","40243"
88016,"4422 Shenandoah Dr","Louisville","KY","40241"
88017,"4148 Sunset Ave","Louisville","KY","40211"
88018,"8116 Arbor Meadow Way","Louisville","KY","40228"
88019,"4808 Red Fern Rd","Louisville","KY","40219"
88020,"11923 Pond Creek Dr","Louisville","KY","40272"
88021,"5225 Silverton Ln","Louisville","KY","40241"
88022,"8806 Abingdon Ct","Louisville","KY","40258"
88023,"1633 S 35th St","Louisville","KY","40211"
88024,"9913 Spring Ridge Dr","Louisville","KY","40223"
88025,"7006 Shutesbury Cir","Louisville","KY","40258"
88026,"13608 Bohannon Ave","Louisville","KY","40272"
88027,"3735 Carol Rd","Louisville","KY","40218"
88028,"2616 Patio Ct","Louisville","KY","40214"
88029,"1917 Wickham Way","Louisville","KY","40223"
88030,"123 State St","Louisville","KY","40206"
88031,"615 Ervay Ave","Louisville","KY","40217"
88032,"607 Forest Park Rd","Louisville","KY","40223"
88033,"1800 Overlook Ter","Louisville","KY","40205"
88034,"121 E Amherst Ave","Louisville","KY","40214"
88035,"10205 Deer Vista Dr","Unit 204","Louisville",
88036,"705 Sentry Way","Louisville","KY","40223"
88037,"5519 Garrow Ave","Louisville","KY","40219"
88038,"5111 Broadmoor Blvd","Louisville","KY","40218"
88039,"8213 Nottingham Pkwy","Louisville","KY","40222"
88040,"8 Canterbury Dr","Louisville","KY","40220"
88041,"18723 Weatherford Cir","Louisville","KY","40245"
88042,"11620 Maple Way","Louisville","KY","40229"
88043,"5910 Halma Dr","Louisville","KY","40272"
88044,"1510 Carlimar Ln","Louisville","KY","40222"
88045,"2822 Englewood Ave","Louisville","KY","40220"
88046,"4109 Alton Rd","Louisville","KY","40207"
88047,"500 Wendover Ave","Louisville","KY","40207"
88048,"7217 Heatherly Sq","Louisville","KY","40242"
88049,"2918 Arlington Ct","Louisville","KY","40299"
88050,"2115 Lauderdale Rd","Louisville","KY","40205"
88051,"1926 Rowan St","Louisville","KY","40203"
88052,"4717 Weybridge Gdns","Apt 102","Louisville",
88053,"4423 Garden Leaf Dr","Louisville","KY","40241"
88054,"833 Perennial Dr","Louisville","KY","40217"
88055,"5522 Wilke Farm Ave","Louisville","KY","40216"
88056,"2200 Boulevard","Napoleon","Louisville",
88057,"6814 Aron Rd","Louisville","KY","40258"
88058,"4827 Raven Rd","Louisville","KY","40213"
88059,"1828 Princeton Dr","Louisville","KY","40205"
88060,"1631 Deer Ln","Louisville","KY","40205"
88061,"904 Ambridge Dr","Louisville","KY","40207"
88062,"16410 Taunton Vale Rd","Louisville","KY","40245"
88063,"7514 E Manslick Rd","Louisville","KY","40228"
88064,"6942 Ambridge Cir","Louisville","KY","40207"
88065,"1731 Edenside Ave","Louisville","KY","40204"
88066,"2503 Woodmont Dr","Louisville","KY","40220"
88067,"4206 Garvey Ct","Louisville","KY","40216"
88068,"12470 Spring Trace Ct","Louisville","KY","40229"
88069,"8506 Wooded Glen Ct","Louisville","KY","40220"
88070,"269 Derby Ave","Louisville","KY","40218"
88071,"1256 Cherokee Rd","Louisville","KY","40204"
88072,"4306 Stonemeadow Ct","Louisville","KY","40218"
88073,"4810 Cliff Ave","Louisville","KY","40215"
88074,"7114 Blair Creek Way","Louisville","KY","40229"
88075,"4312 Taggart Rd","Louisville","KY","40207"
88076,"7427 Falls Ridge Ct","Louisville","KY","40241"
88077,"3758 Stanton Blvd","Louisville","KY","40220"
88078,"1223 W Woodlawn Ave","Louisville","KY","40215"
88079,"913 Barret Ave","Louisville","KY","40204"
88080,"7819 Bridlewood Pl","Louisville","KY","40228"
88081,"2323 Embassy Ln","Louisville","KY","40216"
88082,"4200 Willowview Blvd","Louisville","KY","40299"
88083,"11514 Saratoga Club Rd","Louisville","KY","40299"
88084,"2611 Alia Cir","Louisville","KY","40222"
88085,"4024 Poplar Level Rd","Apt 12","Louisville",
88086,"5104 Old Billtown Rd","Louisville","KY","40299"
88087,"3804 Frontier Trl","Louisville","KY","40220"
88088,"1205 Heritage Pl","Louisville","KY","40214"
88089,"4947 Winding Spring Cir","Louisville","KY","40245"
88090,"8122 Avanti Way","Louisville","KY","40291"
88091,"3022 Colonial Hill Rd","Louisville","KY","40205"
88092,"1102 Balmoral Dr","Louisville","KY","40205"
88093,"1543 Catalpa St","Louisville","KY","40211"
88094,"532 S 4th St","Unit 305","Louisville",
88095,"6706 Glastonburg Ln","Louisville","KY","40291"
88096,"1968 Goldsmith Ln","Apt 4","Louisville",
88097,"7207 Daisy Ave","Louisville","KY","40258"
88098,"5800 S Watterson Trl","Louisville","KY","40291"
88099,"10820 Milwaukee Way","Louisville","KY","40272"
88100,"18410 Standwick Dr","Louisville","KY","40245"
88101,"3721 Downing Way","Louisville","KY","40218"
88102,"4304 Westport Ter","Louisville","KY","40207"
88103,"1830 Overlook Ter","Louisville","KY","40205"
88104,"3201 Broeck Pointe Cir","Louisville","KY","40241"
88105,"3304 S Winchester Acres Rd","Louisville","KY","40223"
88106,"162 Ledgewood Ct","Louisville","KY","40229"
88107,"4 E Mill Pl","Louisville","KY","40222"
88108,"10523 Wemberley Hill Blvd","Louisville","KY","40241"
88109,"3800 Hillcreek Rd","Louisville","KY","40220"
88110,"1935 Bank St","Louisville","KY","40203"
88111,"1823 Millgate Rd","Louisville","KY","40223"
88112,"7228 Brownsboro Rd","Louisville","KY","40241"
88113,"4939 Fielding Way","Louisville","KY","40216"
88114,"11205 Taco Ct","Louisville","KY","40229"
88115,"9201 Linn Station Rd","Louisville","KY","40222"
88116,"2006 Ashley Ct","Louisville","KY","40242"
88117,"657 S 37th St","Louisville","KY","40211"
88118,"6702 Morocco Dr","Louisville","KY","40214"
88119,"1834 Heaton Rd","Louisville","KY","40216"
88120,"1707 Colsterworth Ln","Louisville","KY","40215"
88121,"608 Maryhill Ln","Louisville","KY","40207"
88122,"5510 La Vel Ln","Louisville","KY","40216"
88123,"3108 Woodland Ave","Louisville","KY","40211"
88124,"124 Kirsti Ct","Louisville","KY","40229"
88125,"5215 Delaware Dr","Louisville","KY","40218"
88126,"5800 Coach Gate Wynde","Apt 310","Louisville",
88127,"305 Inverness Ave","Louisville","KY","40214"
88128,"6814 Carribean Ln","Louisville","KY","40219"
88129,"713 E Saint Catherine St","Louisville","KY","40203"
88130,"4800 Elmcroft Ln","Louisville","KY","40241"
88131,"940 Texas Ave","Louisville","KY","40217"
88132,"4403 Tara Ave","Louisville","KY","40216"
88133,"4401 Lincoln Rd","Louisville","KY","40220"
88134,"8905 Willow Springs Dr","Louisville","KY","40242"
88135,"2508 S 4th St","Louisville","KY","40208"
88136,"8615 Summertree Ln","Louisville","KY","40291"
88137,"12113 Vanherr Dr","Louisville","KY","40299"
88138,"4704 Oak Bend Dr","Louisville","KY","40241"
88139,"4007 Sunflower Ave","Louisville","KY","40216"
88140,"1904 Cedar St","Louisville","KY","40203"
88141,"8302 Virginia Rd","Louisville","KY","40258"
88142,"8025 Cloudcroft Ln","Louisville","KY","40220"
88143,"110 S 17th St","Louisville","KY","40203"
88144,"4207 Hewitt Ave","Louisville","KY","40220"
88145,"4309 Malcolm Ave","Louisville","KY","40215"
88146,"7502 Farmhouse Ln","Louisville","KY","40291"
88147,"5913 Brittany Valley Rd","Louisville","KY","40222"
88148,"10908 Marbado Ct","Louisville","KY","40229"
88149,"9104 Split Rail Dr","Louisville","KY","40272"
88150,"4809 Cliff Ave","Louisville","KY","40215"
88151,"4409 Northwood Dr","Louisville","KY","40220"
88152,"11001 Youngtown Dr","Louisville","KY","40272"
88153,"6616 Vandre Ave","Louisville","KY","40228"
88154,"4404 Baygarden Ct","Louisville","KY","40245"
88155,"207 Willow Stone Way","Louisville","KY","40223"
88156,"4224 Willowview Blvd","Louisville","KY","40299"
88157,"3826 Algonquin Pkwy","Louisville","KY","40211"
88158,"414 W Lansing Ave","Louisville","KY","40214"
88159,"16700 Mallet Hill Dr","Louisville","KY","40245"
88160,"4841 Redstart Rd","Louisville","KY","40213"
88161,"9314 Walhampton Dr","Louisville","KY","40242"
88162,"10211 Bluffsprings Trce","Louisville","KY","40223"
88163,"5914 Soverign Ct","Louisville","KY","40258"
88164,"300 Alcott Rd","Louisville","KY","40207"
88165,"219 W Kenwood Dr","Louisville","KY","40214"
88166,"1624 Norris Pl","Louisville","KY","40205"
88167,"5614 Alicante Ln","Louisville","KY","40272"
88168,"3607 Johnston Way","Louisville","KY","40220"
88169,"2201 S Shelby St","Louisville","KY","40217"
88170,"4526 Dove Park Blvd","Louisville","KY","40299"
88171,"4814 Ferrer Way","Louisville","KY","40291"
88172,"9404 Coolridge Dr","Louisville","KY","40229"
88173,"2905 Swope Rd","Louisville","KY","40241"
88174,"4514 Lunenburg Dr","Louisville","KY","40245"
88175,"8600 Whipps Bend Rd","Louisville","KY","40222"
88176,"3021 Wayside Dr","Louisville","KY","40216"
88177,"3433 Stony Farm Dr","Louisville","KY","40299"
88178,"1243 Hogarth Dr","Louisville","KY","40222"
88179,"2310 Woodland Ave","Louisville","KY","40210"
88180,"4900 Hillview Dr","Louisville","KY","40258"
88181,"179 Granvil Dr","Louisville","KY","40218"
88182,"750 Zorn Ave","Apt 11","Louisville",
88183,"1421 Quincy St","Louisville","KY","40206"
88184,"272 Stonehenge Dr","Apt 101","Louisville",
88185,"114 S 41st St","Louisville","KY","40212"
88186,"2353 Ingleside Dr","Louisville","KY","40205"
88187,"3724 Mamaroneck Rd","Louisville","KY","40218"
88188,"5508 Rock Valley Way","Louisville","KY","40241"
88189,"309 Dorsey Way","Louisville","KY","40223"
88190,"1808 Deerwood Ave","Louisville","KY","40205"
88191,"511 Nickleby Pl","Louisville","KY","40245"
88192,"3613 Henry Ave","Louisville","KY","40215"
88193,"8803 Willowcreek Dr","Louisville","KY","40219"
88194,"9501 Tamarisk Pkwy","Louisville","KY","40223"
88195,"2000 Lancashire Ave","Unit 1","Louisville",
88196,"13007 Trump Ave","Louisville","KY","40299"
88197,"18706 Brookshade Ln","Louisville","KY","40245"
88198,"6 Muirfield Pl","Louisville","KY","40222"
88199,"5720 Coach Gate Wynde","Louisville","KY","40207"
88200,"6702 Miller Park Dr","Louisville","KY","40258"
88201,"11314 Breeze Cir","Unit 11314-205","Louisville",
88202,"1015 Pitchford Rd","Louisville","KY","40219"
88203,"4119 Orchard Way","Louisville","KY","40216"
88204,"205 Middletown Sq","Louisville","KY","40243"
88205,"9107 Aristides Dr","Louisville","KY","40258"
88206,"3306 Warson Ct","Louisville","KY","40299"
88207,"311 Park View Dr","Louisville","KY","40245"
88208,"4308 Wisteria Landing Cir","Unit 201","Louisville",
88209,"1844 W Gaulbert Ave","Louisville","KY","40210"
88210,"4312 Stonemeadow Ct","Louisville","KY","40218"
88211,"6620 Fincastle Trl","Louisville","KY","40272"
88212,"30 Glenwood Rd","Louisville","KY","40222"
88213,"3925 Winchester Rd","Louisville","KY","40207"
88214,"2354 Ingleside Dr","Louisville","KY","40205"
88215,"9307 Springmont Pl","Louisville","KY","40241"
88216,"419 Jennymac Dr","Louisville","KY","40229"
88217,"2523 Accasia Dr","Louisville","KY","40216"
88218,"10715 Vine Hill Dr","Louisville","KY","40299"
88219,"8913 Old South Park Rd","Louisville","KY","40219"
88220,"188 Saguaro Dr","Louisville","KY","40229"
88221,"1865 Alfresco Pl","Louisville","KY","40205"
88222,"4135 Taylorsville Rd","Louisville","KY","40220"
88223,"8409 Lake Superior Dr","Louisville","KY","40291"
88224,"11513 Pierce Way","Louisville","KY","40272"
88225,"6100 Green Manor Dr","Louisville","KY","40219"
88226,"4309 Juniper Forest Pl","Louisville","KY","40245"
88227,"8602 Roberta Ct","Louisville","KY","40291"
88228,"2314 Franklin Ave","Louisville","KY","40216"
88229,"2313 Dexter St","Louisville","KY","40216"
88230,"8622 Wintergreen Ct","Louisville","KY","40242"
88231,"2909 Lexham Rd","Louisville","KY","40220"
88232,"5316 Winslow Dr","Louisville","KY","40272"
88233,"6605 Fernview Rd","Louisville","KY","40291"
88234,"10712 Northington Ln","Louisville","KY","40241"
88235,"720 S 37th St","Louisville","KY","40211"
88236,"634 Rubel Ave","Louisville","KY","40204"
88237,"1716 Sheridan Ave","Louisville","KY","40213"
88238,"1612 Cedar St","Louisville","KY","40203"
88239,"4213 Wooded Way","Louisville","KY","40219"
88240,"5312 Kilmer Blvd","Louisville","KY","40213"
88241,"6631 Lucerne Ave","Louisville","KY","40216"
88242,"9807 Abbeywood Village Way","Louisville","KY","40241"
88243,"11417 Pleasant Dr","Louisville","KY","40272"
88244,"5814 Bonfire Dr","Louisville","KY","40207"
88245,"6111 Titanic Way","Louisville","KY","40258"
88246,"4415 Ivy Crest Cir","Louisville","KY","40241"
88247,"2505 Gardiner Ln","Louisville","KY","40205"
88248,"4202 Wisteria Landing Cir","Unit 104","Louisville",
88249,"746 S 15th St","Louisville","KY","40210"
88250,"1706 W Gaulbert Ave","Louisville","KY","40210"
88251,"2730 Algonquin Pkwy","Louisville","KY","40210"
88252,"606 Forest Park Rd","Louisville","KY","40223"
88253,"406 Freeman Ave","Louisville","KY","40214"
88254,"10714 Black Walnut Blvd","Louisville","KY","40229"
88255,"2555 Slevin St","Louisville","KY","40212"
88256,"416 Fairlawn Rd","Louisville","KY","40207"
88257,"8104 Meadowgreen Pl","Louisville","KY","40299"
88258,"2607 Butler Rd","Louisville","KY","40216"
88259,"6506 Skyline Dr","Louisville","KY","40272"
88260,"1633 S 30th St","Louisville","KY","40211"
88261,"400 S Beckley Station Rd","Louisville","KY","40245"
88262,"2905 Iris Way","Louisville","KY","40220"
88263,"8709 Temperate Ct","Louisville","KY","40229"
88264,"10523 Parkerwood Pl","Louisville","KY","40229"
88265,"2009 Glenview Ave","Louisville","KY","40222"
88266,"3006 Seneca Blvd","Louisville","KY","40205"
88267,"1312 Larchmont Ave","Louisville","KY","40215"
88268,"1630 Gallagher St","Louisville","KY","40210"
88269,"6002 Apex Dr","Louisville","KY","40219"
88270,"9907 Michaele Ln","Louisville","KY","40299"
88271,"199 Knollwood Cir","Louisville","KY","40229"
88272,"11404 Tierney Ave","Louisville","KY","40272"
88273,"11905 Boydton Ct","Louisville","KY","40245"
88274,"1531 Crosstimbers Dr","Louisville","KY","40245"
88275,"3010 Brookway Ct","Louisville","KY","40214"
88276,"300 Appomattox Rd","Louisville","KY","40214"
88277,"1962 Goldsmith Ln","Apt 2","Louisville",
88278,"2004 Frog Pond Way","Louisville","KY","40245"
88279,"7104 Tangelo Dr","Louisville","KY","40228"
88280,"1300 Autumn Ridge Rd","Louisville","KY","40242"
88281,"923 S Shelby St","Louisville","KY","40203"
88282,"617 N Hite Ave","Louisville","KY","40206"
88283,"4504 Grandview Dr","Louisville","KY","40216"
88284,"1826 W Chestnut St","Louisville","KY","40203"
88285,"3256 Radiance Rd","Louisville","KY","40220"
88286,"1114 Mulberry St","Louisville","KY","40217"
88287,"5214 Monticello Ave","Louisville","KY","40218"
88288,"3423 Buckeye Rd","Louisville","KY","40216"
88289,"2615 Hardwood Ct","Louisville","KY","40214"
88290,"4315 Statton Rd","Louisville","KY","40220"
88291,"9700 Galene Dr","Louisville","KY","40299"
88292,"4913 Nottinghamshire Dr","Louisville","KY","40299"
88293,"4812 Lunenburg Dr","Louisville","KY","40245"
88294,"4604 Marcy Ave","Louisville","KY","40272"
88295,"7005 Mary Laverne Dr","Louisville","KY","40219"
88296,"5308 Oldshire Rd","Louisville","KY","40229"
88297,"12600 Nursery Ln","Louisville","KY","40243"
88298,"1117 Charles St","Louisville","KY","40204"
88299,"2332 Woodland Ave","Louisville","KY","40210"
88300,"2601 Callery Pl","Unit 103","Louisville",
88301,"7824 Bridlewood Pl","Louisville","KY","40228"
88302,"5519 Minor Ln","Louisville","KY","40219"
88303,"521 Country Ln","Louisville","KY","40207"
88304,"3402 Terrier Ln","Louisville","KY","40218"
88305,"6013 Lewis Way","Louisville","KY","40272"
88306,"927 Lydia St","Louisville","KY","40217"
88307,"1414 Clara Ave","Louisville","KY","40215"
88308,"919 Livingston Ave","Louisville","KY","40215"
88309,"300 Old Farm Rd","Louisville","KY","40207"
88310,"4004 Graf Dr","Louisville","KY","40220"
88311,"645 S 42nd St","Louisville","KY","40211"
88312,"730 S 41st St","Louisville","KY","40211"
88313,"506 Davenport Dr","Louisville","KY","40245"
88314,"1723 Kennedy Rd","Louisville","KY","40216"
88315,"5918 Count Turf Dr","Louisville","KY","40272"
88316,"658 Atwood St","Louisville","KY","40217"
88317,"205 W Tenny Ave","Louisville","KY","40214"
88318,"214 Kim Ct","Louisville","KY","40214"
88319,"8202 Kerry Rd","Louisville","KY","40258"
88320,"6126 Athens Dr","Louisville","KY","40219"
88321,"1100 Lodge Hill Rd","Louisville","KY","40223"
88322,"1 Hill Top Ct","Louisville","KY","40214"
88323,"5004 Old Heady Rd","Louisville","KY","40299"
88324,"4319 Wells Dr","Louisville","KY","40258"
88325,"2352 Dorma Ave","Louisville","KY","40217"
88326,"7808 Edna M Rd","Louisville","KY","40258"
88327,"3011 Leman Dr","Louisville","KY","40220"
88328,"9612 Bayberry Green Ln","Louisville","KY","40291"
88329,"9006 Raintree Dr","Louisville","KY","40220"
88330,"1240 S Jackson St","Louisville","KY","40203"
88331,"9005 John Paul Ct","Louisville","KY","40229"
88332,"10610 Hobbs Station Rd","Louisville","KY","40223"
88333,"1408 E Breckinridge St","Louisville","KY","40204"
88334,"4106 Saint Joseph Ave","Louisville","KY","40216"
88335,"4019 Carbine Ln","Louisville","KY","40229"
88336,"7715 Dominique Dr","Louisville","KY","40228"
88337,"3501 Ramblin Creek Rd","Louisville","KY","40299"
88338,"4917 Daleray Dr","Louisville","KY","40219"
88339,"502 Micawber Ct","Louisville","KY","40245"
88340,"7209 Chestnut Tree Ln","Louisville","KY","40291"
88341,"2265 Beargrass Ave","Louisville","KY","40218"
88342,"4829 Hames Trce","Louisville","KY","40291"
88343,"2411 Seneca Valley Rd","Louisville","KY","40205"
88344,"4004 Shepherdsville Rd","Louisville","KY","40218"
88345,"6802 Crossmoor Ln","Louisville","KY","40222"
88346,"1894 Dove Creek Blvd","Louisville","KY","40242"
88347,"1236 Dahl Rd","Louisville","KY","40213"
88348,"165 Thierman Ln","Apt 302","Louisville",
88349,"1523 Southgate Ave","Louisville","KY","40215"
88350,"552 Sunnyside Dr","Louisville","KY","40206"
88351,"9303 Stonestreet Rd","Unit 213","Louisville",
88352,"6117 Terry Rd","Louisville","KY","40258"
88353,"308 Mccready Ave","Louisville","KY","40206"
88354,"700 Creekvalley Rd","Louisville","KY","40243"
88355,"4211 Dana Dr","Louisville","KY","40216"
88356,"10108 Glen Rose Ct","Louisville","KY","40229"
88357,"18713 Brookshade Ln","Louisville","KY","40245"
88358,"7403 Creekton Dr","Louisville","KY","40241"
88359,"405 Browns Ln","Louisville","KY","40207"
88360,"327 Chris Dr","Louisville","KY","40214"
88361,"11112 Pebble Creek Dr","Louisville","KY","40241"
88362,"608 W Southern Heights Ave","Louisville","KY","40215"
88363,"6214 Yellow Pine Dr","Louisville","KY","40229"
88364,"8103 Linda Rd","Louisville","KY","40219"
88365,"1708 Shady Ln","Louisville","KY","40205"
88366,"10112 Merioneth Dr","Louisville","KY","40299"
88367,"6512 Gabriel Dr","Louisville","KY","40258"
88368,"9601 Fairground Rd","Louisville","KY","40291"
88369,"13521 Arbor Crest Cir","Louisville","KY","40245"
88370,"7513 Jamaica Dr","Louisville","KY","40214"
88371,"3911 Pembroke Rd","Louisville","KY","40220"
88372,"3427 Stony Farm Dr","Louisville","KY","40299"
88373,"1665 Todd Ave","Louisville","KY","40213"
88374,"5607 Locust Way","Louisville","KY","40229"
88375,"13301 Cain Ln","Louisville","KY","40245"
88376,"11605 Winding Stream Way","Louisville","KY","40272"
88377,"10313 Lark Park Dr","Louisville","KY","40299"
88378,"821 W Evelyn Ave","Louisville","KY","40215"
88379,"2308 Helen Ave","Louisville","KY","40216"
88380,"4847 Westmar Ter","Louisville","KY","40222"
88381,"513 Alabama Ave","Louisville","KY","40222"
88382,"7820 Pleasure Walk Cir","Louisville","KY","40258"
88383,"1610 Beech St","Louisville","KY","40211"
88384,"104 Northwestern Pkwy","Louisville","KY","40212"
88385,"3713 Carpenter Dr","Louisville","KY","40229"
88386,"4117 Burrell Dr","Louisville","KY","40216"
88387,"9804 Secretariat Dr","Louisville","KY","40214"
88388,"4041 Mulberry Row Way","Louisville","KY","40299"
88389,"11114 Perwinkle Ln","Louisville","KY","40291"
88390,"402 Glen Lakes Ct","Louisville","KY","40245"
88391,"9514 Cedar Lake Dr","Louisville","KY","40291"
88392,"919 Lydia St","Louisville","KY","40217"
88393,"1000 Oakwood Ave","Louisville","KY","40215"
88394,"9008 Wooddale Dr","Louisville","KY","40272"
88395,"3517 Mayo Dr","Louisville","KY","40218"
88396,"2823 Preston Hwy","Louisville","KY","40217"
88397,"9109 Loch Lea Ln","Louisville","KY","40291"
88398,"12019 Lavenia Ln","Louisville","KY","40272"
88399,"4707 Fox Den Ct","Louisville","KY","40241"
88400,"1862 Princeton Dr","Louisville","KY","40205"
88401,"2433 Griffiths Ave","Louisville","KY","40212"
88402,"4100 Bay Pointe Dr","Louisville","KY","40241"
88403,"3427 Park Row Dr","Louisville","KY","40216"
88404,"2322 Embassy Ln","Louisville","KY","40216"
88405,"6025 Shean Ct","Louisville","KY","40291"
88406,"10117 Rimfire Rd","Louisville","KY","40291"
88407,"5309 Idlewood Ln","Louisville","KY","40291"
88408,"1415 Ormsby Ln","Louisville","KY","40222"
88409,"15421 Beckley Hills Dr","Louisville","KY","40245"
88410,"4122 Roosevelt Ave","Louisville","KY","40213"
88411,"7616 Auburn Oaks Ct","Louisville","KY","40214"
88412,"4320 Clarene Dr","Louisville","KY","40216"
88413,"9304 Aristides Dr","Louisville","KY","40272"
88414,"6403 Canterview Ct","Louisville","KY","40228"
88415,"6610 Morocco Dr","Louisville","KY","40214"
88416,"1027 Runell Rd","Louisville","KY","40214"
88417,"10305 Chimney Ridge Ct","Louisville","KY","40299"
88418,"5514 Ridgecrest Rd","Louisville","KY","40218"
88419,"5608 Blevins Gap Rd","Louisville","KY","40272"
88420,"5809 Shepherd Crossing Dr","Louisville","KY","40219"
88421,"11308 Top Walnut Loop","Louisville","KY","40229"
88422,"4406 Fancy Gap Ct","Louisville","KY","40299"
88423,"8714 Stony Field Way","Louisville","KY","40299"
88424,"3406 Stony Farm Dr","Louisville","KY","40299"
88425,"8710 Stony Field Way","Louisville","KY","40299"
88426,"4609 Edgebourne Ct","Louisville","KY","40299"
88427,"2901 Rowan St","Louisville","KY","40212"
88428,"3901 Meadow Haven Rd","Louisville","KY","40218"
88429,"2203 W Oak St","Louisville","KY","40210"
88430,"1504 Cypress St","Louisville","KY","40210"
88431,"1614 Dumesnil St","Louisville","KY","40210"
88432,"3045 Cabinwood Dr","Louisville","KY","40220"
88433,"4906 Red Oak Ln","Louisville","KY","40218"
88434,"1333 Scholar St","Louisville","KY","40213"
88435,"6823 Feyhurst Dr","Louisville","KY","40258"
88436,"7120 Creekton Dr","Louisville","KY","40241"
88437,"3917 Grandview Ave","Louisville","KY","40207"
88438,"201 Donard Ave","Louisville","KY","40218"
88439,"920 Iola Rd","Louisville","KY","40207"
88440,"11310 Bodley Dr","Louisville","KY","40223"
88441,"2321 Bolling Ave","Louisville","KY","40210"
88442,"2407 Chadford Way","Louisville","KY","40222"
88443,"1204 Blue Vale Way","Louisville","KY","40222"
88444,"5003 Invicta Dr","Louisville","KY","40216"
88445,"2403 Quillman Hill Rd","Louisville","KY","40214"
88446,"525 Dresden Ave","Louisville","KY","40215"
88447,"2062 Sherwood Ave","Louisville","KY","40205"
88448,"1907 W Chestnut St","Louisville","KY","40203"
88449,"3449 Powell Ave","Louisville","KY","40215"
88450,"240 Stonehenge Dr","Apt 102","Louisville",
88451,"7900 Manner Pointe Dr","Louisville","KY","40220"
88452,"2415 Paddock Ln","Louisville","KY","40216"
88453,"8806 Eli Dr","Louisville","KY","40291"
88454,"4907 Lila Ave","Louisville","KY","40258"
88455,"4519 Sandhill Rd","Louisville","KY","40219"
88456,"10701 Saint Rene Rd","Louisville","KY","40299"
88457,"4118 Bolling Brook Dr","Louisville","KY","40299"
88458,"1832 Woodfill Way","Louisville","KY","40205"
88459,"17103 Mallet Hill Dr","Louisville","KY","40245"
88460,"10307 Moonlight Way","Louisville","KY","40272"
88461,"9808 Creek View Estates Dr","Louisville","KY","40291"
88462,"1513 Hawkshead Ln","Louisville","KY","40220"
88463,"3217 Springfield Dr","Louisville","KY","40214"
88464,"3941 Kennison Ave","Louisville","KY","40207"
88465,"1713 W Lee St","Louisville","KY","40210"
88466,"3217 Springfield Dr","Apt 3","Louisville",
88467,"4323 Sadie Ln","Louisville","KY","40216"
88468,"4611 Bellevue Ave","Louisville","KY","40215"
88469,"10218 Westwego Pl","Louisville","KY","40299"
88470,"4700 Salisbury Sq","Apt 102","Louisville",
88471,"2556 Seneca Dr","Louisville","KY","40205"
88472,"5203 Cedrus Cir","Louisville","KY","40213"
88473,"3409 Kerry Dr","Louisville","KY","40218"
88474,"2846 Elam Dr","Louisville","KY","40213"
88475,"18911 Long Grove Way","Louisville","KY","40245"
88476,"8718 Chetwood Trace Dr","Louisville","KY","40291"
88477,"419 Ledgeview Park Dr","Louisville","KY","40206"
88478,"10827 Golden Maple Pl","Louisville","KY","40223"
88479,"4327 Charlotte Ann Dr","Louisville","KY","40216"
88480,"402 Victory Ridge Ct","Louisville","KY","40245"
88481,"1001 Alta Cir","Louisville","KY","40205"
88482,"2717 Hillside Ter","Louisville","KY","40206"
88483,"5519 Pico Ln","Louisville","KY","40219"
88484,"1008 Girard Dr","Louisville","KY","40222"
88485,"9702 Leopold Ct","Louisville","KY","40272"
88486,"7240 Strive Ln","Louisville","KY","40258"
88487,"4622 Mud Ln","Louisville","KY","40229"
88488,"1436 Goddard Ave","Louisville","KY","40204"
88489,"5857 Brittany Woods Cir","Louisville","KY","40222"
88490,"5609 Mount Washington Rd","Louisville","KY","40229"
88491,"3616 Sorrento Ave","Louisville","KY","40241"
88492,"8108 Cedar Brook Dr","Louisville","KY","40219"
88493,"1016 Ash St","Louisville","KY","40217"
88494,"3200 Springstead Cir","Louisville","KY","40241"
88495,"1781 Wathen Ln","Louisville","KY","40216"
88496,"3841 W Muhammad Ali Blvd","Louisville","KY","40212"
88497,"2253 Lowell Ave","Louisville","KY","40205"
88498,"4205 Patterson Park Ct","Louisville","KY","40299"
88499,"3826 Zaring Mill Cir","Louisville","KY","40241"
88500,"3326 Farnsley Rd","Louisville","KY","40216"
88501,"5500 London Dr","Louisville","KY","40216"
88502,"2323 W Kentucky St","Louisville","KY","40210"
88503,"4821 Oak Pointe Dr","Louisville","KY","40245"
88504,"9912 Vega Ln","Louisville","KY","40272"
88505,"519 W Whitney Ave","Louisville","KY","40215"
88506,"1811 Washington Blvd","Louisville","KY","40242"
88507,"12406 Wynmeade Pl","Louisville","KY","40223"
88508,"1008 S 43rd St","Louisville","KY","40211"
88509,"4108 Foreman Ln","Louisville","KY","40219"
88510,"4303 Hannah Ave","Louisville","KY","40213"
88511,"4414 Estate Dr","Louisville","KY","40216"
88512,"1420 Wurtele Ave","Louisville","KY","40208"
88513,"212 W Collins Ct","Louisville","KY","40214"
88514,"1343 Phyllis Ave","Louisville","KY","40215"
88515,"1715 Edgeland Ave","Louisville","KY","40204"
88516,"11707 Saratoga Woods Ct","Louisville","KY","40299"
88517,"11203 Brookwynd Dr","Louisville","KY","40229"
88518,"225 Rochester Dr","Louisville","KY","40214"
88519,"1294 Lucas Ave","Louisville","KY","40213"
88520,"10007 Lower River Rd","Louisville","KY","40272"
88521,"3215 Donald Dr","Louisville","KY","40216"
88522,"222 S Hampton Rd","Louisville","KY","40223"
88523,"9513 Fern Creek Rd","Louisville","KY","40291"
88524,"1052 Clayborne Rd","Louisville","KY","40214"
88525,"2514 Bagby Way","Louisville","KY","40216"
88526,"2315 Farnsley Rd","Louisville","KY","40216"
88527,"9013 Black Powder Ln","Louisville","KY","40228"
88528,"613 Montana Ave","Louisville","KY","40208"
88529,"4811 Redwing Way","Louisville","KY","40213"
88530,"511 Brookstone Way","Louisville","KY","40223"
88531,"8807 Waltlee Rd","Louisville","KY","40291"
88532,"6715 Longlake Dr","Louisville","KY","40291"
88533,"1634 Sale Ave","Louisville","KY","40215"
88534,"2511 Northwestern Pkwy","Louisville","KY","40212"
88535,"5310 Bannon Crossings Dr","Louisville","KY","40218"
88536,"221 N Clifton Ave","Apt 38","Louisville",
88537,"8118 Arbor Meadow Way","Louisville","KY","40228"
88538,"123 Lenoak Dr","Louisville","KY","40214"
88539,"2517 Alanmede Rd","Louisville","KY","40205"
88540,"9644 River Trail Dr","Louisville","KY","40229"
88541,"4934 Southern Pkwy","Louisville","KY","40214"
88542,"314 Hidden Oak Way","Louisville","KY","40222"
88543,"17501 Polo Run Ln","Louisville","KY","40245"
88544,"1312 Autumn Ridge Rd","Louisville","KY","40242"
88545,"2321 Burrell Dr","Louisville","KY","40216"
88546,"408 Evergreen Rd","Louisville","KY","40223"
88547,"14408 Forest Glenn Ct","Louisville","KY","40245"
88548,"3219 Rolling Oak Blvd","Louisville","KY","40214"
88549,"6941 Woodhaven Place Dr","Louisville","KY","40228"
88550,"4424 Brookhaven Ave","Louisville","KY","40220"
88551,"8009 Laughton Ln","Louisville","KY","40222"
88552,"12307 Somerset Dr","Louisville","KY","40229"
88553,"7214 Meadow Ridge Dr","Louisville","KY","40218"
88554,"8901 Cromwell Hill Rd","Louisville","KY","40222"
88555,"3 College Ct","Louisville","KY","40203"
88556,"2115 Maryland Ave","Louisville","KY","40205"
88557,"4931 S 4th St","Louisville","KY","40214"
88558,"3412 Rainview Cir","Louisville","KY","40220"
88559,"1716 Loney Ln","Louisville","KY","40216"
88560,"422 Willow Stone Way","Louisville","KY","40223"
88561,"8402 Blue Lick Rd","Louisville","KY","40219"
88562,"2306 Northfield Dr","Louisville","KY","40222"
88563,"4043 Mulberry Row Way","Louisville","KY","40299"
88564,"3325 Eastside Dr","Louisville","KY","40220"
88565,"706 Macon Ave","Louisville","KY","40207"
88566,"9014 Antler Ct","Louisville","KY","40242"
88567,"2536 Duncan St","Louisville","KY","40212"
88568,"515 N 44th St","Louisville","KY","40212"
88569,"8400 Famous Ct","Louisville","KY","40219"
88570,"4311 Vermont Ave","Louisville","KY","40211"
88571,"5309 Juanita Ln","Louisville","KY","40272"
88572,"4035 Glenhurst Ave","Louisville","KY","40216"
88573,"6404 Maravian Dr","Louisville","KY","40258"
88574,"218 W Southland Blvd","Louisville","KY","40214"
88575,"9901 Scrim Ave","Louisville","KY","40272"
88576,"520 Gheens Ave","Louisville","KY","40214"
88577,"1624 Earl Ave","Louisville","KY","40215"
88578,"527 Virginia Ave","Louisville","KY","40222"
88579,"5311 Rookwood Ave","Louisville","KY","40218"
88580,"206 S Hampton Rd","Louisville","KY","40223"
88581,"6205 Six Mile Ln","Louisville","KY","40218"
88582,"13807 Fancy Gap Dr","Louisville","KY","40299"
88583,"504 Camp St","Louisville","KY","40203"
88584,"1600 Frank Stanley Sr Ct","Louisville","KY","40211"
88585,"7119 Blue Stream Ct","Louisville","KY","40258"
88586,"6304 Birchline Blvd","Louisville","KY","40291"
88587,"8401 Tolls Ln","Louisville","KY","40214"
88588,"3631 Johnston Way","Louisville","KY","40220"
88589,"5203 Charlbury Ct","Louisville","KY","40241"
88590,"1363 Trinity Park Dr","Louisville","KY","40213"
88591,"7608 Parkridge Trce","Louisville","KY","40214"
88592,"9306 Artis Way","Louisville","KY","40291"
88593,"661 S 35th St","Louisville","KY","40211"
88594,"3510 Paragon Ct","Unit 14","Louisville",
88595,"206 Alvina Way","Louisville","KY","40214"
88596,"7706 Six Mile Ln","Louisville","KY","40220"
88597,"4103 Chambers Way","Louisville","KY","40299"
88598,"3406 Emerald Dr","Louisville","KY","40299"
88599,"300 Marian Dr","Louisville","KY","40218"
88600,"4319 Winchester Rd","Louisville","KY","40207"
88601,"10103 Headley Hill Rd","Louisville","KY","40223"
88602,"8501 Atrium Dr","Apt 102","Louisville",
88603,"7421 Apple Mill Dr","Louisville","KY","40228"
88604,"539 Wainwright Ave","Louisville","KY","40217"
88605,"5009 Runic Way","Louisville","KY","40218"
88606,"1106 Abbeywood Rd","Louisville","KY","40222"
88607,"10109 Whipps Mill Rd","Louisville","KY","40223"
88608,"1012 Ash St","Louisville","KY","40217"
88609,"7210 Orchard Lake Blvd","Louisville","KY","40218"
88610,"1836 Dumesnil St","Louisville","KY","40210"
88611,"7543 Merlyn Cir","Louisville","KY","40214"
88612,"2605 Callery Pl","Unit 204","Louisville",
88613,"603 Forest Park Rd","Louisville","KY","40223"
88614,"1904 Rowan St","Louisville","KY","40203"
88615,"801 Smith View Ct","Louisville","KY","40214"
88616,"8611 Tannen Dr","Louisville","KY","40242"
88617,"120 N Hubbards Ln","Louisville","KY","40207"
88618,"8304 Millington Ct","Louisville","KY","40228"
88619,"816 S Hancock St","Louisville","KY","40203"
88620,"12512 Gemini Way","Louisville","KY","40243"
88621,"374 S Steedland Dr","Louisville","KY","40229"
88622,"9823 Reynolda Rd","Louisville","KY","40223"
88623,"6313 Oak Valley Dr","Louisville","KY","40214"
88624,"1705 Brentmoor Ln","Louisville","KY","40223"
88625,"9412 Tamarisk Pkwy","Louisville","KY","40223"
88626,"8000 Huntsman Trl","Louisville","KY","40291"
88627,"8518 Shirley Ln","Louisville","KY","40258"
88628,"3938 Napanee Rd","Louisville","KY","40207"
88629,"4308 Arwine Ct","Louisville","KY","40245"
88630,"1306 S 32nd St","Louisville","KY","40211"
88631,"8701 Chetwood Trace Dr","Louisville","KY","40291"
88632,"5607 Revere Dr","Louisville","KY","40218"
88633,"9906 Queens Castle Ct","Louisville","KY","40229"
88634,"1286 Parkway Gardens Ct","Apt 121","Louisville",
88635,"2808 Valhalla Ct","Louisville","KY","40242"
88636,"3714 Old Outer Loop","Louisville","KY","40219"
88637,"1044 Cristland Rd","Louisville","KY","40214"
88638,"654 Lindell Ave","Louisville","KY","40211"
88639,"623 Alger Ave","Louisville","KY","40214"
88640,"2103 Greenwood Ave","Louisville","KY","40210"
88641,"1610 Gallagher St","Louisville","KY","40210"
88642,"5143 Magdalen Sq","Louisville","KY","40241"
88643,"10117 Landwood Dr","Louisville","KY","40291"
88644,"837 S 28th St","Louisville","KY","40211"
88645,"8319 Blue Lick Rd","Louisville","KY","40219"
88646,"1336 Arling Ave","Louisville","KY","40215"
88647,"4513 Louane Way","Louisville","KY","40216"
88648,"2614 Benoch Ave","Louisville","KY","40216"
88649,"483 Dublin Cir","Louisville","KY","40229"
88650,"3000 Hilo Ct","Louisville","KY","40220"
88651,"14650 Cressington Cir","Louisville","KY","40245"
88652,"8711 Stony Falls Way","Louisville","KY","40299"
88653,"10401 Trotters Pointe Dr","Apt 102","Louisville",
88654,"1830 Sherwood Ave","Louisville","KY","40205"
88655,"105 E Tenny Ave","Louisville","KY","40214"
88656,"407 Eline Ave","Louisville","KY","40207"
88657,"410 N 22nd St","Louisville","KY","40212"
88658,"1220 Euclid Ave","Louisville","KY","40208"
88659,"317 Ring Rd","Louisville","KY","40207"
88660,"1120 Milton St","Louisville","KY","40217"
88661,"2123 Bashford Manor Ln","Louisville","KY","40218"
88662,"11213 Pyramid Rd","Louisville","KY","40229"
88663,"7809 Watering Pl","Louisville","KY","40291"
88664,"5225 Charmane Dr","Louisville","KY","40219"
88665,"8516 Missionary Ct","Louisville","KY","40291"
88666,"228 Brown Ave","Louisville","KY","40207"
88667,"9417 Magnolia Ridge Dr","Unit 102","Louisville",
88668,"3531 Lentz Ave","Louisville","KY","40215"
88669,"1111 Plato Ter","Louisville","KY","40211"
88670,"4351 Cavelle Ave","Louisville","KY","40213"
88671,"9504 Yellow Pine Ct","Louisville","KY","40229"
88672,"620 W Magnolia Ave","Louisville","KY","40208"
88673,"2104 Garrs Ln","Louisville","KY","40216"
88674,"4812 Seville Dr","Louisville","KY","40272"
88675,"4302 Brownsboro Glen Rd","Louisville","KY","40241"
88676,"2605 Callery Pl","Unit 104","Louisville",
88677,"4919 Daleray Dr","Louisville","KY","40219"
88678,"9113 Talitha Dr","Louisville","KY","40299"
88679,"9722 Lanesboro Way","Louisville","KY","40242"
88680,"924 E Muhammad Ali Blvd","Louisville","KY","40204"
88681,"2200 Stephan Ln","Louisville","KY","40214"
88682,"1516 W Chestnut St","Louisville","KY","40203"
88683,"512 Kinglan Rd","Louisville","KY","40207"
88684,"10413 Vista Hills Blvd","Louisville","KY","40291"
88685,"6900 Old Briscoe Ln","Louisville","KY","40228"
88686,"7509 Westport Rd","Louisville","KY","40222"
88687,"1621 Trevilian Way","Louisville","KY","40205"
88688,"7840 Whipperwill Rd","Louisville","KY","40214"
88689,"3524 Sasse Way","Louisville","KY","40245"
88690,"9004 Prospect St","Louisville","KY","40242"
88691,"3615 Lentz Ave","Louisville","KY","40215"
88692,"2210 Saint Louis Ave","Louisville","KY","40210"
88693,"610 Lake Sterling Rd","Louisville","KY","40223"
88694,"4312 Leaf Dr","Louisville","KY","40216"
88695,"111 Algiers Ct","Apt 1","Louisville",
88696,"664 N Barbee Way","Louisville","KY","40217"
88697,"9111 Seaforth Dr","Louisville","KY","40258"
88698,"8408 Clever Ct","Louisville","KY","40229"
88699,"1123 Dresden Ave","Louisville","KY","40215"
88700,"3607 Hunsinger Ln","Louisville","KY","40220"
88701,"3501 Janell Rd","Louisville","KY","40216"
88702,"3522 Algonquin Pkwy","Louisville","KY","40211"
88703,"719 Fehr Rd","Louisville","KY","40206"
88704,"7519 Mallard Dr","Louisville","KY","40258"
88705,"1559 Mckay Ave","Louisville","KY","40213"
88706,"819 S Jackson St","Louisville","KY","40203"
88707,"2238 Osage Ave","Louisville","KY","40210"
88708,"114 N 37th St","Louisville","KY","40212"
88709,"8493 Chase Rd","Louisville","KY","40258"
88710,"107 Buttercup Rd","Louisville","KY","40218"
88711,"10508 Kovats Ct","Louisville","KY","40223"
88712,"10231 Dodge Ln","Louisville","KY","40272"
88713,"7103 Blair Creek Way","Louisville","KY","40229"
88714,"128 E Oak St","Apt 3","Louisville",
88715,"1201 Winter Springs Ct","Unit 204","Louisville",
88716,"2248 Emerson Ave","Louisville","KY","40205"
88717,"7208 Astin Ct","Louisville","KY","40219"
88718,"413 Lyndon Ln","Louisville","KY","40222"
88719,"14911 Galston Blvd","Louisville","KY","40272"
88720,"3506 Hillview Dr","Louisville","KY","40229"
88721,"2927 Riedling Dr","Louisville","KY","40206"
88722,"4801 Raven Rd","Louisville","KY","40213"
88723,"7901 Laura Jean Ct","Louisville","KY","40291"
88724,"6208 Big Ben Dr","Louisville","KY","40291"
88725,"3029 Don Dee Dr","Louisville","KY","40220"
88726,"1307 Rammers Ave","Louisville","KY","40204"
88727,"121 Wood Rd","Louisville","KY","40222"
88728,"2913 Windsor Forest Dr","Louisville","KY","40272"
88729,"5114 Queens Castle Rd","Louisville","KY","40229"
88730,"3923 Landherr Dr","Louisville","KY","40299"
88731,"1133 Saint Michael Pl","Louisville","KY","40204"
88732,"6900 Sunny Vale Way","Louisville","KY","40272"
88733,"726 Yorkwood Pl","Louisville","KY","40223"
88734,"1915 Farrington Dr","Louisville","KY","40216"
88735,"5002 July Ct","Louisville","KY","40258"
88736,"406 Timberlake Trl","Louisville","KY","40245"
88737,"11116 Perwinkle Ln","Louisville","KY","40291"
88738,"3421 Pinnacle Gardens Dr","Louisville","KY","40245"
88739,"1005 Minor Ln","Louisville","KY","40219"
88740,"7236 Strive Ln","Louisville","KY","40258"
88741,"1818 Wickham Way","Louisville","KY","40223"
88742,"4305 Rondean Dr","Louisville","KY","40216"
88743,"801 Beechwood Rd","Louisville","KY","40207"
88744,"3901 Goldstein Ln","Louisville","KY","40272"
88745,"8101 Wendamoor Dr","Unit 22","Louisville",
88746,"9906 Arterburn Woods Dr","Louisville","KY","40223"
88747,"3201 Wayside Dr","Louisville","KY","40216"
88748,"946 Clarks Ln","Louisville","KY","40217"
88749,"3308 Barbers Ln","Louisville","KY","40216"
88750,"355 N 42nd St","Louisville","KY","40212"
88751,"2306 Garland Ave","Louisville","KY","40211"
88752,"353 N 42nd St","Louisville","KY","40212"
88753,"129 Mcarthur Dr","Louisville","KY","40207"
88754,"7605 Ashleywood Dr","Louisville","KY","40241"
88755,"4725 John Law Ct","Louisville","KY","40272"
88756,"3018 S Winchester Acres Rd","Louisville","KY","40223"
88757,"612 Rothbury Ln","Louisville","KY","40243"
88758,"6310 Venango Dr","Louisville","KY","40258"
88759,"6804 Arbor Manor Way","Louisville","KY","40228"
88760,"4418 Lincoln Rd","Louisville","KY","40220"
88761,"4700 Haley Ln","Louisville","KY","40241"
88762,"5609 Pleasure Ct","Louisville","KY","40272"
88763,"2726 Hollywood Ter","Apt 107","Louisville",
88764,"3119 W Muhammad Ali Blvd","Louisville","KY","40212"
88765,"1204 Forest Park Rd","Louisville","KY","40223"
88766,"4100 Norene Ln","Louisville","KY","40219"
88767,"305 Casa Bella Ct","Louisville","KY","40220"
88768,"1835 Farnsley Rd","Louisville","KY","40216"
88769,"6596 Patricia Way","Louisville","KY","40219"
88770,"1035 Wagner Ave","Louisville","KY","40217"
88771,"1820 Alfresco Pl","Louisville","KY","40205"
88772,"11404 Wind Haven Way","Louisville","KY","40291"
88773,"5228 River Trail Pl","Louisville","KY","40229"
88774,"23 Welby Rd","Louisville","KY","40216"
88775,"1720 Chester Rd","Louisville","KY","40216"
88776,"3202 Dover Ave","Louisville","KY","40216"
88777,"620 Hillview Blvd","Louisville","KY","40229"
88778,"12686 Spring Haven Ct","Louisville","KY","40229"
88779,"3152 Talisman Rd","Louisville","KY","40220"
88780,"1625 Hemlock Ct","Louisville","KY","40211"
88781,"8537 Applegate Village Dr","Louisville","KY","40219"
88782,"3408 Cross Pointe Rd","Louisville","KY","40241"
88783,"3805 Spring Willow Ct","Louisville","KY","40299"
88784,"9108 Wilson Ave","Louisville","KY","40242"
88785,"120 Cannons Ln","Louisville","KY","40206"
88786,"1539 Clara Ave","Louisville","KY","40215"
88787,"221 Hampton Pl Ct","Louisville","KY","40118"
88788,"1042 Lynnhurst Ave","Louisville","KY","40215"
88789,"682 Westlawn St","Louisville","KY","40211"
88790,"7008 Box Car Way","Louisville","KY","40272"
88791,"9201 Seaton Springs Pkwy","Louisville","KY","40222"
88792,"1617 Norris Pl","Louisville","KY","40205"
88793,"5818 Chalet Cir","Louisville","KY","40228"
88794,"11016 Radleigh Ln","Louisville","KY","40291"
88795,"744 Logan St","Louisville","KY","40204"
88796,"12504 Nassau Ln","Louisville","KY","40243"
88797,"10601 Millers Ln","Louisville","KY","40272"
88798,"8716 Longborough Way","Louisville","KY","40299"
88799,"7720 Daffodil Dr","Louisville","KY","40258"
88800,"3324 Illinois Ave","Louisville","KY","40213"
88801,"3518 Craig Ave","Louisville","KY","40215"
88802,"141 Persimmon Ridge Dr","Louisville","KY","40245"
88803,"4105 Stone Gap Ct","Louisville","KY","40272"
88804,"10241 Pine Glen Cir","Louisville","KY","40291"
88805,"4308 Hampton Creek Dr","Louisville","KY","40241"
88806,"7706 Joyce Dr","Louisville","KY","40219"
88807,"8215 Grandel Pl","Louisville","KY","40258"
88808,"8019 Broadfern Dr","Louisville","KY","40291"
88809,"9504 Arrowridge Dr","Louisville","KY","40229"
88810,"9904 Brooks Bend Rd","Louisville","KY","40258"
88811,"3909 Lees Ln","Louisville","KY","40216"
88812,"4815 Greenvale Cir","Louisville","KY","40272"
88813,"6704 Norway Dr","Louisville","KY","40214"
88814,"3030 Breckenridge Ln","Apt 304","Louisville",
88815,"3058 University Rd","Louisville","KY","40206"
88816,"4313 E Pages Ln","Louisville","KY","40272"
88817,"4028 Franklin Ave","Louisville","KY","40213"
88818,"7820 Oxted Ln","Louisville","KY","40222"
88819,"8913 Loch Lea Ln","Louisville","KY","40291"
88820,"16912 Bowline View Trl","Louisville","KY","40245"
88821,"3316 Dr William G Weathers Dr","Louisville","KY","40211"
88822,"6805 Dartmoor Dr","Louisville","KY","40222"
88823,"8903 Brandywyne Dr","Louisville","KY","40291"
88824,"12715 Westport Rd","Louisville","KY","40245"
88825,"2402 Concord Dr","Louisville","KY","40217"
88826,"107 W Amherst Ave","Louisville","KY","40214"
88827,"173 N Keats Ave","Apt 1","Louisville",
88828,"4413 Garden Leaf Dr","Louisville","KY","40241"
88829,"314 Iola Rd","Louisville","KY","40207"
88830,"4606 Braves Ln","Louisville","KY","40272"
88831,"7200 Terry Rd","Louisville","KY","40258"
88832,"17025 Ashburton Dr","Louisville","KY","40245"
88833,"1228 S 1st St","Louisville","KY","40203"
88834,"2601 Callery Pl","Unit 301","Louisville",
88835,"9807 West Ave","Louisville","KY","40272"
88836,"8509 Shepherdsville Rd","Louisville","KY","40219"
88837,"3814 Oboe Dr","Louisville","KY","40216"
88838,"6713 North Dr","Louisville","KY","40272"
88839,"6906 Feyhurst Dr","Louisville","KY","40258"
88840,"3351 Camp Ground Rd","Louisville","KY","40211"
88841,"2113 W Kentucky St","Louisville","KY","40210"
88842,"114 N 38th St","Louisville","KY","40212"
88843,"2636 W Kentucky St","Louisville","KY","40211"
88844,"3520 Warner Ave","Louisville","KY","40207"
88845,"10810 Dartford Pl","Louisville","KY","40243"
88846,"4320 Retreat Rd","Louisville","KY","40219"
88847,"6111 Gailbreath Ave","Louisville","KY","40219"
88848,"4140 Dover Rd","Louisville","KY","40216"
88849,"511 Heywood Ave","Louisville","KY","40208"
88850,"11116 Eagles Cove Dr","Louisville","KY","40241"
88851,"4200 Wine Cellar Ct","Louisville","KY","40272"
88852,"3733 Avon Ct","Louisville","KY","40220"
88853,"9211 Glover Ln","Louisville","KY","40242"
88854,"12392 Spring Leaf Ct","Louisville","KY","40229"
88855,"1509 Sylvan Way","Louisville","KY","40205"
88856,"1501 Bellamy Pl","Louisville","KY","40208"
88857,"1693 Adelia Ave","Louisville","KY","40210"
88858,"3220 Eagle Pass","Louisville","KY","40213"
88859,"1800 Wickham Way","Louisville","KY","40223"
88860,"11906 Queen Annes Ct","Louisville","KY","40245"
88861,"4608 Plane Tree Dr","Louisville","KY","40219"
88862,"7709 Carnation Dr","Louisville","KY","40258"
88863,"3602 Nellie Bly Dr","Louisville","KY","40213"
88864,"9346 Saint Moritz Dr","Louisville","KY","40291"
88865,"7609 Greenlawn Rd","Louisville","KY","40242"
88866,"7918 Niemann Dr","Louisville","KY","40291"
88867,"6124 Lone Oak Trl","Louisville","KY","40214"
88868,"4702 Haney Way","Louisville","KY","40272"
88869,"9704 Dixie Hwy","Louisville","KY","40272"
88870,"613 Cressbrook Dr","Louisville","KY","40206"
88871,"8309 Alpena Way","Louisville","KY","40242"
88872,"12303 Old Lucas Ln","Louisville","KY","40223"
88873,"13601 Running Sky Ct","Louisville","KY","40299"
88874,"10780 Millers Ln","Louisville","KY","40272"
88875,"5921 Middlerose Cir","Louisville","KY","40272"
88876,"1515 Walter Ave","Louisville","KY","40215"
88877,"5304 Famous Way","Louisville","KY","40219"
88878,"2212 Alta Ave","Louisville","KY","40205"
88879,"104 N Bellaire Ave","Louisville","KY","40206"
88880,"106 N Bellaire Ave","Louisville","KY","40206"
88881,"8013 Schroering Dr","Louisville","KY","40291"
88882,"2100 Goldsmith Ln","Louisville","KY","40218"
88883,"4206 Norene Ln","Louisville","KY","40219"
88884,"3617 Henry Ave","Louisville","KY","40215"
88885,"7907 Bala Ct","Louisville","KY","40291"
88886,"5007 Caerlson Ln","Louisville","KY","40241"
88887,"6704 Santom Ln","Louisville","KY","40291"
88888,"3022 Boaires Ln","Louisville","KY","40220"
88889,"3005 Winterhaven Rd","Louisville","KY","40220"
88890,"7066 Wildwood Cir","Apt 138","Louisville",
88891,"5602 Nally Ct","Louisville","KY","40216"
88892,"2403 Franklin Ave","Louisville","KY","40216"
88893,"3233 Virginia Ave","Louisville","KY","40211"
88894,"7410 Wesboro Rd","Louisville","KY","40242"
88895,"8202 Pandorea Dr","Louisville","KY","40258"
88896,"7217 Lawnside Dr","Louisville","KY","40214"
88897,"3016 Woodland Ave","Louisville","KY","40211"
88898,"5216 Doyle Dr","Louisville","KY","40216"
88899,"5007 Roaming Plains Ct","Louisville","KY","40229"
88900,"4402 Signal Hill Rd","Louisville","KY","40207"
88901,"4915 Columbia Ave","Louisville","KY","40258"
88902,"1335 Berry Blvd","Louisville","KY","40215"
88903,"2107 Edgeland Ave","Louisville","KY","40204"
88904,"7725 Stovall Pl","Louisville","KY","40228"
88905,"2124 Glenworth Ave","Louisville","KY","40218"
88906,"4406 Cane Run Rd","Louisville","KY","40216"
88907,"4001 Carol Rd","Louisville","KY","40218"
88908,"577 Blossom Rd","Louisville","KY","40229"
88909,"916 Tamarisk Ct","Louisville","KY","40223"
88910,"3800 Flowering Grove Ct","Louisville","KY","40241"
88911,"2310 Osage Ave","Louisville","KY","40210"
88912,"7803 Alfred Schlatter Dr","Apt 4","Louisville",
88913,"2407 Elkhorn Ln","Louisville","KY","40216"
88914,"9922 White Blossom Blvd","Louisville","KY","40241"
88915,"4623 Beaver Rd","Louisville","KY","40207"
88916,"1300 Bee Ln","Unit 101","Louisville",
88917,"503 Landis Lakes Ct","Louisville","KY","40245"
88918,"4027 Lisa Ave","Louisville","KY","40216"
88919,"5010 Axtell Ave","Louisville","KY","40258"
88920,"9313 Fern Creek Rd","Louisville","KY","40291"
88921,"114 Crestwood Ave","Louisville","KY","40206"
88922,"2211 High Pine Dr","Louisville","KY","40214"
88923,"3816 Rock Bay Dr","Louisville","KY","40245"
88924,"6308 Krause Ave","Louisville","KY","40216"
88925,"9215 Wanlou Dr","Louisville","KY","40272"
88926,"6102 Bay Pine Dr","Louisville","KY","40219"
88927,"1503 Delmar Ct","Louisville","KY","40216"
88928,"6907 Dunkirk Ln","Louisville","KY","40272"
88929,"312 Persimmon Ridge Dr","Louisville","KY","40245"
88930,"10015 3rd Street Rd","Louisville","KY","40272"
88931,"4440 Lynnview Dr","Louisville","KY","40216"
88932,"502 S Beckley Station Rd","Louisville","KY","40245"
88933,"2626 Cleveland Blvd","Louisville","KY","40206"
88934,"413 Wynfield Close Ct","Louisville","KY","40206"
88935,"4914 Shasta Trl","Louisville","KY","40218"
88936,"7116 Quail Ridge Rd","Louisville","KY","40291"
88937,"2417 Farnsley Rd","Louisville","KY","40216"
88938,"5002 Ronwood Dr","Louisville","KY","40219"
88939,"2202 Glenview Ave","Louisville","KY","40222"
88940,"121 Mcarthur Dr","Louisville","KY","40207"
88941,"3605 Saint Edwards Dr","Louisville","KY","40299"
88942,"1306 Forest Park Rd","Louisville","KY","40223"
88943,"212 Derby Ave","Louisville","KY","40218"
88944,"8730 Broadwood Ct","Louisville","KY","40291"
88945,"6910 Creston Dr","Louisville","KY","40258"
88946,"2814 Rio Rita Ave","Louisville","KY","40220"
88947,"2228 W Muhammad Ali Blvd","Louisville","KY","40212"
88948,"1211 Hart Ave","Louisville","KY","40213"
88949,"4109 Retreat Rd","Louisville","KY","40219"
88950,"3413 Stony Farm Dr","Louisville","KY","40299"
88951,"4849 Southside Dr","Louisville","KY","40214"
88952,"3611 Susanna Dr","Louisville","KY","40213"
88953,"3509 Rems Ct","Louisville","KY","40241"
88954,"4807 Whitekirk Ct","Louisville","KY","40222"
88955,"2600 Aristocrat Pl","Unit 301","Louisville",
88956,"6000 Oakdale Ln","Louisville","KY","40219"
88957,"4023 Blanton Ln","Louisville","KY","40216"
88958,"6607 Birchline Blvd","Louisville","KY","40291"
88959,"300 Hillside Ln","Louisville","KY","40229"
88960,"3715 Tuesday Way","Louisville","KY","40219"
88961,"2920 Portland Ave","Louisville","KY","40212"
88962,"734 Gheens Ave","Louisville","KY","40214"
88963,"1708 Bonnyville Blvd","Louisville","KY","40216"
88964,"7408 Wesboro Rd","Louisville","KY","40242"
88965,"3311 Moulton Ln","Louisville","KY","40218"
88966,"2711 Howard St","Louisville","KY","40211"
88967,"5512 Minyard Dr","Louisville","KY","40219"
88968,"1191 Bicknell Ave","Louisville","KY","40215"
88969,"3402 Kirby Ave","Louisville","KY","40211"
88970,"1110 E Saint Catherine St","Louisville","KY","40204"
88971,"1942 Richmond Dr","Louisville","KY","40205"
88972,"3230 W Jefferson St","Louisville","KY","40212"
88973,"128 W Blue Jay Rd","Louisville","KY","40229"
88974,"9239 Chenault Rd","Louisville","KY","40272"
88975,"403 Country Ln","Louisville","KY","40207"
88976,"3108 Hunsinger Blvd","Louisville","KY","40220"
88977,"4912 Southside Dr","Louisville","KY","40214"
88978,"3030 Breckenridge Ln","Apt 524","Louisville",
88979,"3814 Village Green Dr","Louisville","KY","40299"
88980,"9205 Felsmere Cir","Louisville","KY","40241"
88981,"1344 Hemlock St","Louisville","KY","40211"
88982,"7302 Nathan Hale Way","Louisville","KY","40272"
88983,"1392 Trinity Park Dr","Louisville","KY","40213"
88984,"215 Sage Rd","Louisville","KY","40207"
88985,"6709 Brook Terrace Dr","Louisville","KY","40228"
88986,"14202 Barkis Way","Louisville","KY","40245"
88987,"5507 Azalea Ln","Louisville","KY","40258"
88988,"4005 Machupe Dr","Louisville","KY","40241"
88989,"9807 White Blossom Blvd","Louisville","KY","40241"
88990,"2329 Bolling Ave","Louisville","KY","40210"
88991,"9318 Hudson Ln","Louisville","KY","40291"
88992,"14033 Spring Mill Rd","Louisville","KY","40245"
88993,"3344 Grand Ave","Louisville","KY","40211"
88994,"2501 Lamborne Blvd","Louisville","KY","40272"
88995,"1330 Weller Ave","Louisville","KY","40208"
88996,"3508 Gladden Dr","Louisville","KY","40218"
88997,"4230 Greenwood Ave","Louisville","KY","40211"
88998,"3922 Sunflower Ave","Louisville","KY","40216"
88999,"3711 Carol Rd","Louisville","KY","40218"
89000,"6003 Fairridge Ct","Louisville","KY","40229"
89001,"11102 Bedington Ct","Louisville","KY","40243"
89002,"10300 Going Ct","Louisville","KY","40241"
89003,"6006 Ledgerock Cove Pl","Louisville","KY","40219"
89004,"3325 Fernheather Dr","Louisville","KY","40216"
89005,"2523 Kings Hwy","Louisville","KY","40205"
89006,"4303 Culpepper Cir","Louisville","KY","40241"
89007,"9811 Forest Village Ln","Louisville","KY","40223"
89008,"9111 Talitha Dr","Louisville","KY","40299"
89009,"9807 Melissa Dr","Louisville","KY","40223"
89010,"5507 Mcdeane Rd","Louisville","KY","40216"
89011,"10101 Brentlinger Ln","Louisville","KY","40291"
89012,"1823 S 24th St","Louisville","KY","40210"
89013,"5119 Emerald Dr","Louisville","KY","40219"
89014,"5219 Oldshire Rd","Louisville","KY","40229"
89015,"8403 Roseborough Rd","Louisville","KY","40228"
89016,"8212 Sprint Ct","Louisville","KY","40291"
89017,"10104 Pennyrile Ct","Louisville","KY","40299"
89018,"2324 Thornhill Rd","Louisville","KY","40222"
89019,"201 Robin Rd","Louisville","KY","40229"
89020,"6001 Sylvatica Ct","Louisville","KY","40258"
89021,"3681 E Blue Lick Rd","Louisville","KY","40229"
89022,"3320 Fernheather Dr","Louisville","KY","40216"
89023,"735 S 2nd St","Louisville","KY","40202"
89024,"3503 Susanna Dr","Louisville","KY","40213"
89025,"3123 Northwestern Pkwy","Louisville","KY","40212"
89026,"2202 Landan Dr","Louisville","KY","40218"
89027,"5105 Firwood Ln","Louisville","KY","40291"
89028,"1006 Hathaway Ave","Louisville","KY","40215"
89029,"306 Chelsea Green Ct","Louisville","KY","40207"
89030,"5200 Bonita Ln","Louisville","KY","40213"
89031,"147 E Wampum Ave","Louisville","KY","40214"
89032,"2242 Rutherford Wynd","Louisville","KY","40205"
89033,"14605 Lake Bluff Pl","Louisville","KY","40245"
89034,"5217 Broadmoor Blvd","Louisville","KY","40218"
89035,"122 S Sherrin Ave","Apt 1","Louisville",
89036,"9504 Tiverton Way","Louisville","KY","40242"
89037,"4200 Broadmoor Ct","Louisville","KY","40218"
89038,"4912 Rockaway Cir","Louisville","KY","40216"
89039,"4210 Brookhaven Ave","Louisville","KY","40220"
89040,"1625 Redwood Dr","Louisville","KY","40213"
89041,"7315 Saint Andrews Church Rd","Louisville","KY","40214"
89042,"3342 Penway Ave","Louisville","KY","40211"
89043,"3906 Charter Oaks Dr","Apt 4","Louisville",
89044,"11525 Top Walnut Loop","Louisville","KY","40229"
89045,"3616 W Jefferson St","Louisville","KY","40212"
89046,"221 N Clifton Ave","Apt 18","Louisville",
89047,"7506 Lesane Dr","Louisville","KY","40214"
89048,"2123 Garrs Ln","Louisville","KY","40216"
89049,"3921 Hycliffe Ave","Louisville","KY","40207"
89050,"4000 Meadowfield Dr","Louisville","KY","40245"
89051,"6804 Beackstone Ct","Louisville","KY","40228"
89052,"10333 Arbor Oak Dr","Louisville","KY","40229"
89053,"5336 Ilex Ave","Louisville","KY","40213"
89054,"5118 Red Oak Ln","Louisville","KY","40218"
89055,"507 Dublin Cir","Louisville","KY","40229"
89056,"3618 Locklee Rd","Louisville","KY","40214"
89057,"3101 Grand Lakes Dr","Louisville","KY","40299"
89058,"222 N 32nd St","Louisville","KY","40212"
89059,"204 N 34th St","Louisville","KY","40212"
89060,"210 N 32nd St","Louisville","KY","40212"
89061,"2109 Fort St","Louisville","KY","40217"
89062,"3523 Lisbon Ln","Louisville","KY","40218"
89063,"1915 Taffeta Dr","Louisville","KY","40272"
89064,"9209 W Manslick Rd","Louisville","KY","40272"
89065,"3300 Dayton Ave","Louisville","KY","40207"
89066,"1232 Helck Ave","Louisville","KY","40213"
89067,"212 Militia Dr","Louisville","KY","40214"
89068,"905 Livingston Ave","Louisville","KY","40215"
89069,"222 E Witherspoon St","Unit 1601","Louisville",
89070,"4908 Miles Ln","Louisville","KY","40219"
89071,"2903 Homewood Pl","Louisville","KY","40241"
89072,"1108 Forrest St","Louisville","KY","40217"
89073,"3214 Lenover Dr","Louisville","KY","40216"
89074,"5002 Dreamers Way","Louisville","KY","40219"
89075,"2113 Bashford Manor Ln","Louisville","KY","40218"
89076,"2107 Bashford Manor Ln","Louisville","KY","40218"
89077,"2203 Carabiner Way","Louisville","KY","40245"
89078,"1103 Lake Bluff Cir","Louisville","KY","40245"
89079,"916 Texas Ave","Louisville","KY","40217"
89080,"1621 S 35th St","Louisville","KY","40211"
89081,"6327 Hunters Grove Rd","Louisville","KY","40216"
89082,"1203 Tallow Ln","Louisville","KY","40214"
89083,"500 Malcolm Ave","Louisville","KY","40223"
89084,"11613 Easum Rd","Louisville","KY","40299"
89085,"9246 Saint Moritz Dr","Louisville","KY","40291"
89086,"5308 Oak Lea Dr","Louisville","KY","40216"
89087,"4407 Lynnview Dr","Louisville","KY","40216"
89088,"4404 Lincoln Rd","Louisville","KY","40220"
89089,"228 Middletown Sq","Louisville","KY","40243"
89090,"112 Brown Ave","Louisville","KY","40207"
89091,"12365 Springmeadow Dr","Louisville","KY","40229"
89092,"13315 Cain Ln","Louisville","KY","40245"
89093,"1802 Gregg Ave","Louisville","KY","40210"
89094,"370 S Bayly Ave","Louisville","KY","40206"
89095,"8704 Kev Ct","Louisville","KY","40299"
89096,"7005 Betsy Ross Dr","Louisville","KY","40272"
89097,"4616 Brownsboro Gardens Dr","Louisville","KY","40241"
89098,"1015 Charles St","Louisville","KY","40204"
89099,"517 Alabama Ave","Louisville","KY","40222"
89100,"1036 Sarah Dr","Louisville","KY","40219"
89101,"7903 Cresthaven Dr","Louisville","KY","40228"
89102,"5616 Wooded Lake Dr","Louisville","KY","40299"
89103,"3022 Falmouth Dr","Louisville","KY","40205"
89104,"236 Middletown Sq","Louisville","KY","40243"
89105,"194 N Skyline Dr","Louisville","KY","40229"
89106,"9101 Mapleview Dr","Louisville","KY","40258"
89107,"3523 Tyrone Dr","Louisville","KY","40218"
89108,"1630 Greyling Dr","Louisville","KY","40272"
89109,"116 S 35th St","Louisville","KY","40212"
89110,"4809 Saint Leo Pl","Louisville","KY","40214"
89111,"7108 Bedum Ln","Louisville","KY","40258"
89112,"712 Wolford Ridge Ct","Louisville","KY","40245"
89113,"1406 Highland Ave","Louisville","KY","40204"
89114,"1606 Frank Stanley Sr Ct","Louisville","KY","40211"
89115,"1131 Southwestern Pkwy","Louisville","KY","40211"
89116,"4407 Chenwood Ln","Louisville","KY","40299"
89117,"1204 Holly Springs Dr","Louisville","KY","40242"
89118,"2404 Stannye Ct","Louisville","KY","40222"
89119,"7433 Ralston Ave","Louisville","KY","40258"
89120,"7004 Broken Bow Dr","Louisville","KY","40258"
89121,"2119 Osage Ave","Louisville","KY","40210"
89122,"1309 S 16th St","Louisville","KY","40210"
89123,"735 N 33rd St","Louisville","KY","40212"
89124,"1145 Louis Coleman Jr Dr","Louisville","KY","40211"
89125,"3505 Lexington Rd","Louisville","KY","40207"
89126,"1226 Stanley Ave","Louisville","KY","40215"
89127,"12200 Ledges Dr","Louisville","KY","40243"
89128,"3020 Wurtele Ave","Louisville","KY","40216"
89129,"1836 W Hill St","Louisville","KY","40210"
89130,"1036 Navaho Pl","Louisville","KY","40215"
89131,"3802 Burning Bush Rd","Louisville","KY","40241"
89132,"2340 W Muhammad Ali Blvd","Louisville","KY","40212"
89133,"4451 Lynnview Dr","Louisville","KY","40216"
89134,"7321 Manslick Rd","Louisville","KY","40214"
89135,"209 Rochester Dr","Louisville","KY","40214"
89136,"2825 Alta Vista Ct","Louisville","KY","40206"
89137,"7111 Creek Stone Blvd","Louisville","KY","40228"
89138,"12612 Spring Haven Ct","Louisville","KY","40229"
89139,"2922 Beaumont Rd","Louisville","KY","40205"
89140,"1803 Mae Street Kidd Ct","Louisville","KY","40211"
89141,"6015 Crockett Dr","Louisville","KY","40258"
89142,"728 Louis Coleman Jr Dr","Louisville","KY","40211"
89143,"3515 Dumesnil St","Louisville","KY","40211"
89144,"3301 Eastside Dr","Louisville","KY","40220"
89145,"10318 Moonlight Way","Louisville","KY","40272"
89146,"2803 Thornbird Ct","Louisville","KY","40220"
89147,"1436 Garvey Dr","Louisville","KY","40216"
89148,"14611 Woodstream Pl","Louisville","KY","40245"
89149,"6504 Falling Star Dr","Louisville","KY","40272"
89150,"10700 Bowmore Ct","Louisville","KY","40243"
89151,"1241 Larchmont Ave","Louisville","KY","40215"
89152,"816 Packard Ave","Louisville","KY","40217"
89153,"1042 Ellison Ave","Louisville","KY","40204"
89154,"2415 Merriwood Dr","Louisville","KY","40299"
89155,"9311 Springmont Pl","Louisville","KY","40241"
89156,"1227 W Woodlawn Ave","Louisville","KY","40215"
89157,"131 Hill Bend Pl","Louisville","KY","40208"
89158,"3501 Illinois Ave","Apt C2","Louisville",
89159,"1727 Sadie Ln","Louisville","KY","40216"
89160,"9404 Walhampton Dr","Louisville","KY","40242"
89161,"4200 W Market St","Louisville","KY","40212"
89162,"5909 Bluestone Rd","Louisville","KY","40219"
89163,"5701 Maryman Rd","Louisville","KY","40258"
89164,"8701 Loch Lea Ln","Louisville","KY","40299"
89165,"3223 Canterbury Ln","Louisville","KY","40207"
89166,"215 N 36th St","Louisville","KY","40212"
89167,"206 Dorsey Ln","Louisville","KY","40223"
89168,"2638 Landor Ave","Unit 5H","Louisville",
89169,"2001 Lancashire Ave","Unit 103","Louisville",
89170,"111 S 42nd St","Louisville","KY","40212"
89171,"3926 Elfin Ave","Louisville","KY","40207"
89172,"4305 River Park Dr","Louisville","KY","40211"
89173,"1606 Young Ct","Louisville","KY","40211"
89174,"3107 Runnymede Ct","Louisville","KY","40222"
89175,"1707 Richmond Dr","Louisville","KY","40205"
89176,"2801 Deshler Dr","Louisville","KY","40213"
89177,"4529 Saratoga Woods Dr","Louisville","KY","40299"
89178,"1413 Ormsby Ln","Louisville","KY","40222"
89179,"4631 Brownsboro Rd","Louisville","KY","40207"
89180,"2110 Terriwood Ct","Louisville","KY","40223"
89181,"3808 Darlene Dr","Louisville","KY","40216"
89182,"2507 Howard St","Louisville","KY","40211"
89183,"1825 S 24th St","Louisville","KY","40210"
89184,"3200 La Vel Ln","Louisville","KY","40216"
89185,"7905 Tip Top Ln","Louisville","KY","40219"
89186,"4308 Lake Louisvilla Dr","Louisville","KY","40245"
89187,"6528 Calm River Way","Louisville","KY","40299"
89188,"3302 Lester Ave","Louisville","KY","40215"
89189,"4528 Shelvis Dr","Louisville","KY","40216"
89190,"330 Mac Brae Rd","Louisville","KY","40214"
89191,"3308 Allison Way","Louisville","KY","40220"
89192,"201 Freeman Ave","Louisville","KY","40214"
89193,"743 Vine St","Louisville","KY","40204"
89194,"2603 Allston Ave","Louisville","KY","40210"
89195,"6932 Arbor Manor Way","Louisville","KY","40228"
89196,"10101 Trotter Trce","Louisville","KY","40228"
89197,"6115 Beulah Church Rd","Louisville","KY","40228"
89198,"9204 Wellington Hill Ct","Louisville","KY","40291"
89199,"157 S Crestmoor Ave","Louisville","KY","40206"
89200,"3811 Greenwich Rd","Louisville","KY","40218"
89201,"233 Gheens Ave","Louisville","KY","40214"
89202,"10624 Hillcross Ct","Louisville","KY","40229"
89203,"5 Cillia Rd","Louisville","KY","40216"
89204,"7906 Laura Jean Ct","Louisville","KY","40291"
89205,"7904 Kendrick Crossing Ln","Louisville","KY","40291"
89206,"5206 Red Fern Rd","Louisville","KY","40218"
89207,"6702 Six Mile Ln","Louisville","KY","40218"
89208,"4213 Warren St","Louisville","KY","40213"
89209,"11526 Lower River Rd","Louisville","KY","40272"
89210,"7419 Creekton Dr","Louisville","KY","40241"
89211,"4910 Wabash Pl","Louisville","KY","40214"
89212,"6121 Loretta St","Louisville","KY","40213"
89213,"509 N 39th St","Louisville","KY","40212"
89214,"4802 Edge Ridge Rd","Louisville","KY","40258"
89215,"9510 Rustling Tree Way","Unit 102","Louisville",
89216,"3804 Drexel Ct","Louisville","KY","40241"
89217,"8712 Shepherdsville Rd","Louisville","KY","40219"
89218,"9507 Stillridge Pl","Louisville","KY","40229"
89219,"10618 Black Iron Rd","Louisville","KY","40291"
89220,"5214 Broadmoor Blvd","Louisville","KY","40218"
89221,"8804 Chetwood Trace Dr","Louisville","KY","40291"
89222,"4105 Woodmont Park Ln","Louisville","KY","40245"
89223,"113 Forest Place Ct","Louisville","KY","40245"
89224,"2209 S 23rd St","Louisville","KY","40216"
89225,"7132 Black Walnut Cir","Louisville","KY","40229"
89226,"516 Altagate Rd","Louisville","KY","40206"
89227,"3203 Ainslie Way","Louisville","KY","40220"
89228,"2509 Magazine St","Louisville","KY","40211"
89229,"620 S 24th St","Louisville","KY","40211"
89230,"2130 Havenview Dr","Louisville","KY","40218"
89231,"2204 Speed Ave","Louisville","KY","40205"
89232,"898 Molter Ave","Louisville","KY","40217"
89233,"111 Blue Fields Rd","Louisville","KY","40223"
89234,"6706 Gabriel Dr","Louisville","KY","40258"
89235,"7003 Linton Ct","Louisville","KY","40258"
89236,"132 Seneca Trl","Louisville","KY","40214"
89237,"11412 Wind Haven Way","Louisville","KY","40291"
89238,"4855 Brenda Dr","Louisville","KY","40219"
89239,"13208 Ashlawn Dr","Louisville","KY","40272"
89240,"3600 Kahlert Ave","Louisville","KY","40215"
89241,"1305 Audubon Pkwy","Louisville","KY","40213"
89242,"802 Brentwood Ave","Louisville","KY","40215"
89243,"3241 Taylor Blvd","Louisville","KY","40215"
89244,"6917 Catalpa Springs Dr","Louisville","KY","40228"
89245,"3111 Runnymede Ct","Louisville","KY","40222"
89246,"2124 W Magazine St","Louisville","KY","40211"
89247,"10309 Carbine Ct","Louisville","KY","40229"
89248,"8204 Ardenia Ln","Louisville","KY","40228"
89249,"11306 Cottage View Ct","Louisville","KY","40299"
89250,"9602 Somerford Ct","Louisville","KY","40242"
89251,"5508 Jeanine Dr","Louisville","KY","40219"
89252,"2601 Parklawn Dr","Louisville","KY","40217"
89253,"3806 Darlene Dr","Louisville","KY","40216"
89254,"4021 Heatherview Rd","Louisville","KY","40218"
89255,"2209 Dumesnil St","Louisville","KY","40210"
89256,"8402 Catalpa Springs Ct","Louisville","KY","40228"
89257,"6828 Arbor Creek Dr","Louisville","KY","40228"
89258,"9915 Michaele Ln","Louisville","KY","40299"
89259,"153 William St","Louisville","KY","40206"
89260,"10504 Forest Garden Ln","Louisville","KY","40223"
89261,"5208 Rookwood Ave","Louisville","KY","40218"
89262,"134 Lupton Ct","Louisville","KY","40229"
89263,"289 S Circlecrest Dr","Louisville","KY","40229"
89264,"9402 Marse Henry Dr","Louisville","KY","40299"
89265,"5502 Mount Washington Rd","Louisville","KY","40229"
89266,"312 Alcott Rd","Louisville","KY","40207"
89267,"10714 Milwaukee Way","Louisville","KY","40272"
89268,"2501 W Main St","Louisville","KY","40212"
89269,"1823 Allston Ave","Louisville","KY","40210"
89270,"1204 Longfield Ave","Louisville","KY","40215"
89271,"2210 Woodford Pl","Louisville","KY","40205"
89272,"6619 Bruner Ln","Louisville","KY","40272"
89273,"836 N Pope Lick Rd","Louisville","KY","40243"
89274,"1817 Tyler Pkwy","Louisville","KY","40204"
89275,"3500 Greenwood Ave","Louisville","KY","40211"
89276,"309 E Market St","Unit 310","Louisville",
89277,"5317 Georgia Ln","Louisville","KY","40219"
89278,"608 Tucker Station Rd","Louisville","KY","40243"
89279,"7211 Astin Ct","Louisville","KY","40219"
89280,"615 1/2 Washburn Ave","Louisville","KY","40222"
89281,"3103 Lake Vista Dr","Louisville","KY","40241"
89282,"8325 Siesta Way","Louisville","KY","40219"
89283,"1315 Bostwick Ln","Louisville","KY","40245"
89284,"8808 Blue Lick Rd","Louisville","KY","40219"
89285,"4810 Brenda Dr","Louisville","KY","40219"
89286,"911 E Chestnut St","Louisville","KY","40204"
89287,"4525 Wolfcreek Pkwy","Louisville","KY","40241"
89288,"4218 N Church Way","Apt 4","Louisville",
89289,"304 Castleview Dr","Louisville","KY","40207"
89290,"5610 Harrods Glen Dr","Louisville","KY","40059"
89291,"1307 Somerhill Pl","Louisville","KY","40223"
89292,"2706 Alia Cir","Louisville","KY","40222"
89293,"10316 Rancho Dr","Louisville","KY","40272"
89294,"2605 Lindsay Ave","Louisville","KY","40206"
89295,"2029 Eastern Pkwy","Louisville","KY","40204"
89296,"2805 Lencott Dr","Louisville","KY","40216"
89297,"10817 Symington Cir","Louisville","KY","40241"
89298,"1536 S Shelby St","Louisville","KY","40217"
89299,"9002 Dorjean Dr","Louisville","KY","40272"
89300,"6828 Arbor Manor Way","Louisville","KY","40228"
89301,"11200 Woodridge Lake Way","Louisville","KY","40272"
89302,"2327 Cherokee Pkwy","Louisville","KY","40204"
89303,"6008 Red Rock Ct","Louisville","KY","40219"
89304,"1329 Ellison Ave","Louisville","KY","40204"
89305,"2704 Jenlee Ln","Louisville","KY","40216"
89306,"7217 Quail Ridge Rd","Louisville","KY","40291"
89307,"2708 Slevin St","Louisville","KY","40212"
89308,"1769 Wilson Ave","Louisville","KY","40210"
89309,"759 N Hite Ave","Apt 2","Louisville",
89310,"5121 Fay Ave","Louisville","KY","40214"
89311,"1110 English Ave","Louisville","KY","40217"
89312,"2314 Howard St","Louisville","KY","40211"
89313,"4807 Red Fern Rd","Louisville","KY","40219"
89314,"6624 Bluffview Cir","Louisville","KY","40299"
89315,"5215 Barnes Dr","Louisville","KY","40219"
89316,"685 Jennymac Dr","Louisville","KY","40229"
89317,"11505 Falling Brook Dr","Louisville","KY","40299"
89318,"2701 Goose Creek Rd","Louisville","KY","40242"
89319,"220 S 39th St","Louisville","KY","40212"
89320,"5602 Archtree Pl","Louisville","KY","40229"
89321,"2701 Poplar Hill Ct","Louisville","KY","40207"
89322,"11419 Fenimore Ridge Dr","Louisville","KY","40229"
89323,"9805 Oakshire Dr","Louisville","KY","40299"
89324,"6001 Santa Fe Trl","Louisville","KY","40258"
89325,"718 Brendon Hills Pl","Louisville","KY","40245"
89326,"13508 Forest Bend Cir","Louisville","KY","40245"
89327,"8002 Emerald Green Way","Louisville","KY","40291"
89328,"8302 Running Spring Dr","Louisville","KY","40241"
89329,"638 S 36th St","Louisville","KY","40211"
89330,"918 Lydia St","Louisville","KY","40217"
89331,"6805 Fincastle Trl","Louisville","KY","40272"
89332,"727 S 43rd St","Louisville","KY","40211"
89333,"4820 Napa Ridge Way","Louisville","KY","40299"
89334,"100 W Burnett Ave","Louisville","KY","40208"
89335,"4126 Hillview Ave","Louisville","KY","40216"
89336,"9719 Springwater Ct","Louisville","KY","40229"
89337,"2009 Appleton Ln","Louisville","KY","40216"
89338,"704 Tin Dor Way","Louisville","KY","40118"
89339,"1226 Beech St","Louisville","KY","40211"
89340,"9404 Bronzeridge Pl","Louisville","KY","40229"
89341,"146 E Wellington Ave","Louisville","KY","40214"
89342,"2702 Razor View Ct","Louisville","KY","40299"
89343,"4121 Browns Ln","Unit A7","Louisville",
89344,"908 E Chestnut St","Louisville","KY","40204"
89345,"906 E Chestnut St","Louisville","KY","40204"
89346,"11110 Oakhurst Rd","Louisville","KY","40245"
89347,"1711 Sulgrave Rd","Louisville","KY","40205"
89348,"7209 Aurora Dr","Louisville","KY","40214"
89349,"5202 Amestree Pl","Louisville","KY","40229"
89350,"11513 Spring Heath Ct","Louisville","KY","40223"
89351,"1222 Central Ave","Louisville","KY","40208"
89352,"7801 Kim Dr","Louisville","KY","40214"
89353,"1320 Lynmar Dr","Apt 8","Louisville",
89354,"4409 Virginia Ave","Louisville","KY","40211"
89355,"12600 Iris Bed Ct","Louisville","KY","40243"
89356,"10313 Valley Farms Blvd","Louisville","KY","40272"
89357,"8002 Red Cedar Way","Louisville","KY","40219"
89358,"819 Louis Coleman Jr Dr","Louisville","KY","40211"
89359,"1617 S 31st St","Louisville","KY","40211"
89360,"9822 West Ave","Louisville","KY","40272"
89361,"5906 Soverign Ct","Louisville","KY","40258"
89362,"5920 Midnight Ln","Louisville","KY","40229"
89363,"10603 Kinross Ct","Louisville","KY","40243"
89364,"2814 W Main St","Louisville","KY","40212"
89365,"1556 Clara Ave","Louisville","KY","40215"
89366,"4013 W Main St","Louisville","KY","40212"
89367,"1040 Wetterau Ave","Louisville","KY","40217"
89368,"2905 Lake Vista Dr","Louisville","KY","40241"
89369,"5445 Bruce Ave","Louisville","KY","40214"
89370,"2801 Triplett Ct","Louisville","KY","40258"
89371,"2003 White Oak Ln","Louisville","KY","40216"
89372,"8800 Running Fox Cir","Louisville","KY","40291"
89373,"6917 Shareith Dr","Louisville","KY","40228"
89374,"6923 Fernview Rd","Louisville","KY","40291"
89375,"1808 Sherwood Ave","Louisville","KY","40205"
89376,"9230 Lantana Dr","Louisville","KY","40229"
89377,"8429 Grandel Forest Way","Louisville","KY","40258"
89378,"1220 Morgan Ave","Louisville","KY","40213"
89379,"4114 Saint Joseph Ave","Louisville","KY","40216"
89380,"316 Gheens Ave","Louisville","KY","40214"
89381,"424 Arlington Meadows Dr","Louisville","KY","40023"
89382,"9817 Somerford Rd","Louisville","KY","40242"
89383,"12401 Somerset Dr","Louisville","KY","40229"
89384,"7111 Wesboro Rd","Louisville","KY","40222"
89385,"10517 Autumn Creek Pl","Louisville","KY","40229"
89386,"414 Clare Ln","Louisville","KY","40206"
89387,"409 Scottsdale Blvd","Louisville","KY","40214"
89388,"2621 Alford Ave","Louisville","KY","40212"
89389,"1009 Westgate Pl","Louisville","KY","40207"
89390,"18609 Treyborne Pl","Louisville","KY","40245"
89391,"7803 Bridlewood Pl","Louisville","KY","40228"
89392,"205 Appomattox Rd","Louisville","KY","40214"
89393,"14301 Academy Ridge Blvd","Louisville","KY","40245"
89394,"1413 S 32nd St","Louisville","KY","40211"
89395,"8301 Rockvine Ct","Louisville","KY","40299"
89396,"2139 Bank St","Louisville","KY","40212"
89397,"121 Dorsey Station Rd","Louisville","KY","40223"
89398,"4218 Winnrose Way","Louisville","KY","40211"
89399,"303 Mcarthur Dr","Louisville","KY","40207"
89400,"312 Eline Ave","Louisville","KY","40207"
89401,"1205 Westlynne Way","Louisville","KY","40222"
89402,"11202 Arbor Wood Dr","Louisville","KY","40299"
89403,"3113 Deibel Ct","Louisville","KY","40220"
89404,"7113 Meihaus Way","Louisville","KY","40272"
89405,"8701 Best Ct","Louisville","KY","40242"
89406,"1905 Addington Ave","Louisville","KY","40220"
89407,"5305 Fairy Belle Ct","Louisville","KY","40213"
89408,"102 Troon Ct","Unit 9A","Louisville",
89409,"7909 Misty Green Way","Louisville","KY","40291"
89410,"7600 Stone Ledge Rd","Louisville","KY","40291"
89411,"10306 Royce Ct","Apt 103","Louisville",
89412,"4224 Grand Ave","Louisville","KY","40211"
89413,"1820 Edgeland Ave","Louisville","KY","40204"
89414,"4918 Cedar Brook Ct","Louisville","KY","40219"
89415,"672 N Barbee Way","Louisville","KY","40217"
89416,"330 N 22nd St","Louisville","KY","40212"
89417,"3505 River Park Dr","Louisville","KY","40211"
89418,"1060 Cecil Ave","Louisville","KY","40211"
89419,"511 Inverness Ave","Louisville","KY","40214"
89420,"7902 Briarhollow Ct","Louisville","KY","40220"
89421,"709 Winding Oaks Trl","Louisville","KY","40223"
89422,"2300 Dundee Rd","Apt 9","Louisville",
89423,"10216 Moonlight Way","Louisville","KY","40272"
89424,"225 Appomattox Rd","Louisville","KY","40214"
89425,"823 S 31st St","Louisville","KY","40211"
89426,"4702 E Manslick Rd","Louisville","KY","40219"
89427,"4011 Chesley Martin Dr","Louisville","KY","40299"
89428,"417 Macon Ave","Louisville","KY","40207"
89429,"1415 Mchenry St","Louisville","KY","40217"
89430,"1417 Mchenry St","Louisville","KY","40217"
89431,"4400 Parker Ave","Louisville","KY","40212"
89432,"2226 Millvale Rd","Louisville","KY","40205"
89433,"2119 Wallie Ann Ct","Louisville","KY","40210"
89434,"134 Cannons Ln","Louisville","KY","40206"
89435,"5405 Galaxie Dr","Louisville","KY","40258"
89436,"10604 Vintage Creek Dr","Louisville","KY","40299"
89437,"2401 Roddy Rd","Louisville","KY","40216"
89438,"417 N 21st St","Louisville","KY","40203"
89439,"7005 Capella Ln","Louisville","KY","40258"
89440,"4305 Lincoln Ct","Louisville","KY","40213"
89441,"4807 Fielding Way","Louisville","KY","40216"
89442,"2906 Bowman Ave","Louisville","KY","40205"
89443,"9204 Donerail Way","Louisville","KY","40272"
89444,"2501 Concord Dr","Louisville","KY","40217"
89445,"1017 E Caldwell St","Louisville","KY","40204"
89446,"3772 Stanton Blvd","Louisville","KY","40220"
89447,"111 Scottsdale Blvd","Louisville","KY","40214"
89448,"5111 Mile Of Sunshine Dr","Louisville","KY","40219"
89449,"4006 Mamaroneck Rd","Louisville","KY","40218"
89450,"1203 Park Hills Ct","Louisville","KY","40207"
89451,"208 Glenview Rd","Louisville","KY","40229"
89452,"10503 Kovats Ct","Louisville","KY","40223"
89453,"3013 Virginia Ave","Louisville","KY","40211"
89454,"3233 New Lynnview Dr","Louisville","KY","40216"
89455,"744 S 37th St","Louisville","KY","40211"
89456,"111 Southwestern Pkwy","Louisville","KY","40212"
89457,"1422 Shingo Ave","Louisville","KY","40215"
89458,"6411 Moorman Rd","Louisville","KY","40272"
89459,"6108 Titanic Way","Louisville","KY","40258"
89460,"208 Lanark Pl","Louisville","KY","40243"
89461,"1214 Rock Falls Trce","Louisville","KY","40223"
89462,"113 Whispering Pines Cir","Louisville","KY","40245"
89463,"16 Oak Tree Ln","Louisville","KY","40245"
89464,"3903 Massie Ave","Louisville","KY","40207"
89465,"2622 Olive St","Louisville","KY","40210"
89466,"438 E Brandeis Ave","Louisville","KY","40217"
89467,"3720 Stratton Ave","Louisville","KY","40211"
89468,"222 Butterfly Ln","Louisville","KY","40229"
89469,"1016 Brookline Ave","Louisville","KY","40215"
89470,"1433 Texas Ave","Louisville","KY","40217"
89471,"3814 Vermont Ave","Louisville","KY","40211"
89472,"209 Brown Ave","Louisville","KY","40207"
89473,"4107 Wooded Way","Louisville","KY","40219"
89474,"5314 Kilmer Blvd","Louisville","KY","40213"
89475,"2510 Lorene Ave","Louisville","KY","40216"
89476,"1411 Weyler Ave","Louisville","KY","40215"
89477,"7126 Black Walnut Cir","Louisville","KY","40229"
89478,"4713 Huckleberry Ct","Louisville","KY","40216"
89479,"213 Kratz Ln","Louisville","KY","40243"
89480,"11201 Waterview Pl","Louisville","KY","40291"
89481,"4748 Walnut Grove Ave","Louisville","KY","40216"
89482,"8003 Sherry Lynn Ct","Louisville","KY","40228"
89483,"1632 Stafford Ave","Louisville","KY","40216"
89484,"4307 Martha Ave","Louisville","KY","40220"
89485,"2831 Goose Creek Rd","Apt 4","Louisville",
89486,"2330 Greenwood Ave","Louisville","KY","40210"
89487,"3030 Breckenridge Ln","Apt 302","Louisville",
89488,"9807 Spring Gate Dr","Louisville","KY","40241"
89489,"6102 Mayna Rd","Louisville","KY","40258"
89490,"7102 Creekton Dr","Louisville","KY","40241"
89491,"9131 Gayle Dr","Louisville","KY","40272"
89492,"1435 S 6th St","Louisville","KY","40208"
89493,"13221 Forge Cir","Louisville","KY","40272"
89494,"4705 Chenwood Ln","Louisville","KY","40299"
89495,"2831 Goose Creek Rd","Apt 1","Louisville",
89496,"2831 Goose Creek Rd","Apt 2","Louisville",
89497,"9722 Somerford Rd","Louisville","KY","40242"
89498,"2831 Goose Creek Rd","Apt 3","Louisville",
89499,"14202 Markleham Way","Louisville","KY","40245"
89500,"860 Parkway Dr","Louisville","KY","40217"
89501,"7702 Cedar Creek Rd","Louisville","KY","40291"
89502,"216 Downes Ln","Louisville","KY","40214"
89503,"12402 Parkfield Rd","Louisville","KY","40223"
89504,"5902 Jessamine Ln","Louisville","KY","40258"
89505,"1211 Winterbranch Way","Louisville","KY","40245"
89506,"6114 Lynnchester Dr","Louisville","KY","40219"
89507,"1649 W Oak St","Louisville","KY","40210"
89508,"3024 W Madison St","Louisville","KY","40211"
89509,"202 Flanders Ct","Apt 4","Louisville",
89510,"1611 W Muhammad Ali Blvd","Louisville","KY","40203"
89511,"9303 Justine Ct","Louisville","KY","40299"
89512,"9006 Trentham Ln","Louisville","KY","40242"
89513,"1251 S Brook St","Louisville","KY","40203"
89514,"944 Ash St","Louisville","KY","40217"
89515,"6608 Nightingale Bluff Ln","Louisville","KY","40241"
89516,"5614 New Cut Rd","Louisville","KY","40214"
89517,"126 N 43rd St","Louisville","KY","40212"
89518,"1114 Balmoral Dr","Louisville","KY","40205"
89519,"12016 Bay Run Dr","Louisville","KY","40245"
89520,"4118 Bank St","Louisville","KY","40212"
89521,"3010 Don Dee Dr","Louisville","KY","40220"
89522,"1909 Floradora Dr","Louisville","KY","40272"
89523,"13415 Kristen Leigh Ct","Louisville","KY","40299"
89524,"8900 Shepherdsville Rd","Louisville","KY","40219"
89525,"1814 Date St","Louisville","KY","40210"
89526,"10615 Gleneagle Pl","Louisville","KY","40223"
89527,"2615 Lamborne Blvd","Louisville","KY","40272"
89528,"835 Reading Rd","Louisville","KY","40217"
89529,"4622 Beaver Rd","Louisville","KY","40207"
89530,"213 Mccready Ave","Louisville","KY","40206"
89531,"1439 Hazel St","Louisville","KY","40211"
89532,"213 Mount Holly Ave","Louisville","KY","40206"
89533,"2604 Ballantrae Cir","Louisville","KY","40242"
89534,"202 Loganberry Ct","Louisville","KY","40207"
89535,"2703 Thornwood Ct","Louisville","KY","40220"
89536,"8626 Stony Falls Way","Louisville","KY","40299"
89537,"7548 Justan Ave","Louisville","KY","40214"
89538,"6404 S 3rd St","Louisville","KY","40214"
89539,"611 Baxter Ave","Louisville","KY","40204"
89540,"3722 Charter Oaks Dr","Apt 1","Louisville",
89541,"11505 Top Walnut Loop","Louisville","KY","40229"
89542,"159 E Wampum Ave","Louisville","KY","40214"
89543,"908 Cecil Ave","Louisville","KY","40211"
89544,"3224 Del Park Ter","Louisville","KY","40211"
89545,"5201 Rodgers Rd","Louisville","KY","40258"
89546,"2209 Douglass Blvd","Louisville","KY","40205"
89547,"2421 Wallace Ave","Louisville","KY","40205"
89548,"3720 Larkwood Ave","Louisville","KY","40212"
89549,"10212 Brownhurst Ct","Louisville","KY","40241"
89550,"4405 S Brook St","Louisville","KY","40214"
89551,"4909 Roaming Plains Ct","Louisville","KY","40229"
89552,"3800 Karma Way","Louisville","KY","40241"
89553,"1106 Tindall Ln","Louisville","KY","40245"
89554,"7213 Heatherly Sq","Louisville","KY","40242"
89555,"11614 Gosling Shoals Way","Louisville","KY","40229"
89556,"907 Thruston Dr","Louisville","KY","40217"
89557,"1406 Shingo Ave","Louisville","KY","40215"
89558,"745 S 40th St","Louisville","KY","40211"
89559,"661 Hecks Ln","Louisville","KY","40211"
89560,"3231 Vermont Ave","Louisville","KY","40211"
89561,"4308 Seagrape Rd","Louisville","KY","40299"
89562,"1003 Camden Ave","Louisville","KY","40215"
89563,"4715 Braves Ln","Louisville","KY","40272"
89564,"9610 Turnpike View Dr","Louisville","KY","40229"
89565,"4205 Hillbrook Dr","Louisville","KY","40220"
89566,"8504 Tiffany Brooke Ct","Louisville","KY","40228"
89567,"1303 Regatta Cir","Louisville","KY","40211"
89568,"1723 Glenview Pl","Louisville","KY","40216"
89569,"9006 Walter Ave","Louisville","KY","40229"
89570,"3202 Judy Ln","Louisville","KY","40216"
89571,"810 Hillview Blvd","Louisville","KY","40229"
89572,"2209 Douglass Ct","Louisville","KY","40205"
89573,"7707 Chet Ln","Louisville","KY","40214"
89574,"1864 Alfresco Pl","Louisville","KY","40205"
89575,"5808 Chalet Cir","Louisville","KY","40228"
89576,"11810 Leemont Dr","Louisville","KY","40272"
89577,"1710 Saint Louis Ave","Louisville","KY","40210"
89578,"2212 Greenwood Ave","Louisville","KY","40210"
89579,"10417 Cottonwood Ct","Louisville","KY","40223"
89580,"8519 Smithton Rd","Louisville","KY","40219"
89581,"1225 Phyllis Ave","Louisville","KY","40215"
89582,"3606 Lisa Ln","Louisville","KY","40299"
89583,"688 S 42nd St","Louisville","KY","40211"
89584,"8929 Gentlewind Way","Louisville","KY","40291"
89585,"9508 River Trail Dr","Louisville","KY","40229"
89586,"1520 Southgate Ave","Louisville","KY","40215"
89587,"501 Halkirk Ct","Louisville","KY","40243"
89588,"4809 Bluebird Ave","Louisville","KY","40213"
89589,"1228 Durrett Ln","Louisville","KY","40213"
89590,"7718 Chet Ln","Louisville","KY","40214"
89591,"320 W Fairmont Ave","Louisville","KY","40214"
89592,"109 E Fairmont Ave","Louisville","KY","40214"
89593,"129 Wise Ct","Louisville","KY","40229"
89594,"7617 Hornbeck Farm Rd","Louisville","KY","40291"
89595,"3705 Winchester Rd","Louisville","KY","40207"
89596,"5212 Mercury Dr","Louisville","KY","40258"
89597,"9324 Fern Bluff Ln","Louisville","KY","40229"
89598,"7819 Pear View Ln","Louisville","KY","40218"
89599,"1102 Euclid Ave","Louisville","KY","40208"
89600,"8303 Roseborough Rd","Louisville","KY","40228"
89601,"17 Indian Hills Trl","Louisville","KY","40207"
89602,"4514 Dumesnil St","Louisville","KY","40211"
89603,"4512 Dumesnil St","Louisville","KY","40211"
89604,"1506 Stonewall Way","Louisville","KY","40242"
89605,"11707 Wiltonwood Ct","Louisville","KY","40272"
89606,"1134 Algonquin Pkwy","Louisville","KY","40208"
89607,"605 Wataga Dr","Louisville","KY","40206"
89608,"3424 Stony Farm Dr","Louisville","KY","40299"
89609,"2905 W Market St","Louisville","KY","40212"
89610,"1516 Olive St","Louisville","KY","40210"
89611,"4901 Peachtree Ave","Louisville","KY","40215"
89612,"308 Gatehouse Ln","Louisville","KY","40243"
89613,"1924 Goldsmith Ln","Unit 59","Louisville",
89614,"1309 Earl Ave","Louisville","KY","40215"
89615,"2106 Belmont Rd","Louisville","KY","40218"
89616,"1500 Edgewood Pl","Louisville","KY","40205"
89617,"2618 Slevin St","Louisville","KY","40212"
89618,"3117 Likens Ave","Louisville","KY","40211"
89619,"5324 Lost Trl","Louisville","KY","40214"
89620,"1120 Fenley Ave","Louisville","KY","40222"
89621,"4424 Garden Leaf Dr","Louisville","KY","40241"
89622,"7103 Feyhurst Dr","Louisville","KY","40258"
89623,"408 Kentucky Ave","Louisville","KY","40222"
89624,"309 S 28th St","Louisville","KY","40212"
89625,"4113 Sirate Ln","Louisville","KY","40229"
89626,"1126 Rostrevor Cir","Louisville","KY","40205"
89627,"6320 May Pen Rd","Louisville","KY","40228"
89628,"11022 Sandwood Pl","Louisville","KY","40272"
89629,"4824 Swallow Rd","Louisville","KY","40213"
89630,"8019 White Cedar Dr","Louisville","KY","40219"
89631,"217 Pope St","Louisville","KY","40206"
89632,"4112 Sunflower Ave","Louisville","KY","40216"
89633,"2907 Weissinger Rd","Louisville","KY","40241"
89634,"1704 Rangeland Rd","Louisville","KY","40219"
89635,"151 Outer Loop","Louisville","KY","40214"
89636,"4908 Libby Ln","Louisville","KY","40272"
89637,"10516 Pinoak View Dr","Louisville","KY","40299"
89638,"7720 Burr Ln","Louisville","KY","40214"
89639,"6702 Weather Vane Dr","Louisville","KY","40299"
89640,"1227 Bates Ct","Louisville","KY","40204"
89641,"5504 Georgia Ln","Louisville","KY","40219"
89642,"2606 Colin Ave","Louisville","KY","40217"
89643,"11607 Oak Pine Ct","Louisville","KY","40291"
89644,"11605 Tranquility Way","Louisville","KY","40291"
89645,"543 Wainwright Ave","Louisville","KY","40217"
89646,"2909 Delor Ave","Louisville","KY","40217"
89647,"9304 Farnham Dr","Louisville","KY","40223"
89648,"2426 Emil Ave","Louisville","KY","40217"
89649,"3819 Darlene Dr","Louisville","KY","40216"
89650,"3410 Stony Farm Dr","Louisville","KY","40299"
89651,"7101 Whipple Rd","Louisville","KY","40272"
89652,"2332 W Oak St","Louisville","KY","40210"
89653,"3639 Vermont Ave","Louisville","KY","40211"
89654,"715 S 32nd St","Louisville","KY","40211"
89655,"2408 Farnsley Rd","Louisville","KY","40216"
89656,"3658 Craig Ave","Louisville","KY","40215"
89657,"1109 Baxter Ave","Louisville","KY","40204"
89658,"3900 Elmwood Ave","Louisville","KY","40207"
89659,"8119 Old Gate Rd","Louisville","KY","40241"
89660,"9510 Walnutwood Way","Louisville","KY","40299"
89661,"9906 Spring Gate Dr","Louisville","KY","40241"
89662,"2109 Carabiner Way","Louisville","KY","40245"
89663,"1517 Magazine St","Louisville","KY","40203"
89664,"3800 Old Routt Rd","Louisville","KY","40299"
89665,"2537 Hampstead Dr","Louisville","KY","40216"
89666,"4506 Saint Claude Ct","Louisville","KY","40299"
89667,"14508 Maple Glenn Pl","Louisville","KY","40245"
89668,"11206 Paloma Ct","Louisville","KY","40229"
89669,"8711 Stony Field Way","Louisville","KY","40299"
89670,"4311 Harvest Moon Dr","Louisville","KY","40218"
89671,"828 Mulberry St","Louisville","KY","40217"
89672,"3908 Elfin Ave","Louisville","KY","40207"
89673,"3101 Virginia Ave","Louisville","KY","40211"
89674,"3006 Wellbrooke Rd","Louisville","KY","40205"
89675,"3805 Ormond Rd","Louisville","KY","40207"
89676,"9601 Southern Breeze Ln","Louisville","KY","40299"
89677,"3508 Willis Ave","Louisville","KY","40207"
89678,"9907 Prairie Dr","Louisville","KY","40272"
89679,"128 Claremont Ave","Louisville","KY","40206"
89680,"8712 Gorham Ct","Louisville","KY","40291"
89681,"1816 W Gaulbert Ave","Louisville","KY","40210"
89682,"1774 W Burnett Ave","Louisville","KY","40210"
89683,"1754 W Gaulbert Ave","Louisville","KY","40210"
89684,"4520 Meridale Ave","Louisville","KY","40214"
89685,"7503 Plain Field Ct","Louisville","KY","40220"
89686,"2603 Lynnbrook Ct","Louisville","KY","40220"
89687,"610 Candlelight Ln","Louisville","KY","40214"
89688,"4913 Libby Ln","Louisville","KY","40272"
89689,"1705 Devondale Dr","Louisville","KY","40222"
89690,"4412 Comanche Trl","Louisville","KY","40207"
89691,"1338 Arling Ave","Louisville","KY","40215"
89692,"3802 Sonoma Ln","Louisville","KY","40219"
89693,"7109 Sun Valley Dr","Louisville","KY","40272"
89694,"13804 S Blakely Ln","Louisville","KY","40272"
89695,"10503 Wake Ct","Louisville","KY","40272"
89696,"9101 W Manslick Rd","Louisville","KY","40272"
89697,"3421 Shagbark Rd","Louisville","KY","40216"
89698,"2640 Landor Ave","Unit 5D","Louisville",
89699,"3030 Breckenridge Ln","Apt 517","Louisville",
89700,"1311 Whirlaway Dr","Louisville","KY","40242"
89701,"3126 Elliott Ave","Louisville","KY","40211"
89702,"2702 Stephan Rd","Louisville","KY","40214"
89703,"4703 Tuscany Way","Louisville","KY","40299"
89704,"733 Algonquin Pkwy","Louisville","KY","40208"
89705,"705 W Ashland Ave","Louisville","KY","40215"
89706,"1413 Indiana Ave","Louisville","KY","40213"
89707,"111 Park View Dr","Louisville","KY","40245"
89708,"1705 Shady Ln","Louisville","KY","40205"
89709,"13708 Windy Haven Way","Louisville","KY","40299"
89710,"2514 Bank St","Louisville","KY","40212"
89711,"1714 W Kentucky St","Louisville","KY","40210"
89712,"516 N 44th St","Louisville","KY","40212"
89713,"3616 Hycliffe Ave","Louisville","KY","40207"
89714,"1021 Garden Creek Cir","Louisville","KY","40223"
89715,"10332 Amberwell Park Rd","Louisville","KY","40241"
89716,"2151 Strathmoor Blvd","Louisville","KY","40205"
89717,"9000 Terry Rd","Louisville","KY","40258"
89718,"2304 Woodbourne Ave","Apt 3","Louisville",
89719,"3905 Birch Leaf Ct","Louisville","KY","40229"
89720,"203 S Galt Ave","Louisville","KY","40206"
89721,"9208 Trenta Ln","Louisville","KY","40291"
89722,"3616 Dorset Ct","Louisville","KY","40214"
89723,"11411 Tazwell Dr","Louisville","KY","40241"
89724,"3019 Fleming Ave","Louisville","KY","40206"
89725,"3906 Birch Leaf Ct","Louisville","KY","40229"
89726,"3016 Graystone Manor Pkwy","Louisville","KY","40241"
89727,"3504 Fern Lea Rd","Louisville","KY","40216"
89728,"2219 Elmhurst Ave","Louisville","KY","40216"
89729,"7315 Rambo Way","Louisville","KY","40228"
89730,"3417 Southmeade Cir","Louisville","KY","40214"
89731,"14205 Wakefield Pl","Louisville","KY","40245"
89732,"10431 Dove Chase Cir","Louisville","KY","40299"
89733,"5302 Vista John Dr","Louisville","KY","40214"
89734,"3911 Sparta Dr","Louisville","KY","40219"
89735,"213 Marytena Dr","Louisville","KY","40214"
89736,"4313 Shasta Trl","Louisville","KY","40213"
89737,"2205 Wilson Ave","Louisville","KY","40210"
89738,"3915 Terry Ct","Louisville","KY","40216"
89739,"1133 Delor Ave","Louisville","KY","40217"
89740,"2727 Alford Ave","Louisville","KY","40212"
89741,"820 S 37th St","Louisville","KY","40211"
89742,"2200 Greenwood Ave","Louisville","KY","40210"
89743,"1607 Prentice St","Louisville","KY","40210"
89744,"1836 Mary Catherine Dr","Louisville","KY","40216"
89745,"810 S 40th St","Louisville","KY","40211"
89746,"442 E Brandeis Ave","Louisville","KY","40217"
89747,"4336 Lynnview Dr","Louisville","KY","40216"
89748,"121 N 21st St","Louisville","KY","40203"
89749,"4415 Lynnview Dr","Louisville","KY","40216"
89750,"5018 Cronin Dr","Louisville","KY","40245"
89751,"2609 Conestoga Ave","Louisville","KY","40210"
89752,"3302 Enridge Dr","Louisville","KY","40220"
89753,"1429 Rosewood Ave","Louisville","KY","40204"
89754,"4500 Chenoweth Run Rd","Louisville","KY","40299"
89755,"6801 Feyhurst Dr","Louisville","KY","40258"
89756,"3304 Enridge Dr","Louisville","KY","40220"
89757,"4005 Leland Rd","Louisville","KY","40207"
89758,"1728 San Jose Ave","Louisville","KY","40216"
89759,"6207 Eureka Ave","Louisville","KY","40216"
89760,"1611 Military Ave","Louisville","KY","40242"
89761,"1444 Cardinal Dr","Louisville","KY","40213"
89762,"9201 Whitegate Ct","Louisville","KY","40222"
89763,"5616 Vevia Pl","Louisville","KY","40272"
89764,"1812 S 23rd St","Louisville","KY","40210"
89765,"2820 Saint Xavier St","Louisville","KY","40212"
89766,"10305 Trotters Pointe Dr","Apt 202","Louisville",
89767,"1406 Valley Dr","Louisville","KY","40213"
89768,"10923 Youngtown Dr","Louisville","KY","40272"
89769,"619 E Caldwell St","Louisville","KY","40203"
89770,"1904 Dorothy Ave","Apt 4","Louisville",
89771,"1207 Cecil Ave","Louisville","KY","40211"
89772,"4812 Cedar Forest Pl","Louisville","KY","40245"
89773,"4203 Woodmont Park Ln","Louisville","KY","40245"
89774,"204 S Lyndon Ln","Louisville","KY","40222"
89775,"6604 Silo Ridge Ct","Louisville","KY","40299"
89776,"3721 Bardstown Rd","Apt 407","Louisville",
89777,"5315 Velle Vista Dr","Louisville","KY","40272"
89778,"10217 Hornbeam Blvd","Louisville","KY","40228"
89779,"9822 Tamarisk Pkwy","Louisville","KY","40223"
89780,"1110 Fairdale Rd","Louisville","KY","40118"
89781,"538 Forum Ave","Louisville","KY","40214"
89782,"176 Toy Ct","Louisville","KY","40229"
89783,"3520 Wheeler Ave","Louisville","KY","40215"
89784,"2621 W Jefferson St","Louisville","KY","40212"
89785,"1306 S Brook St","Louisville","KY","40208"
89786,"13320 Eastgate Village Dr","Louisville","KY","40223"
89787,"4718 Beech Dr","Louisville","KY","40216"
89788,"470 Hillview Blvd","Louisville","KY","40229"
89789,"710 Homestead Blvd","Louisville","KY","40207"
89790,"2224 Kaelin Ave","Louisville","KY","40205"
89791,"2308 Rowan St","Louisville","KY","40212"
89792,"5900 Bocagrande Dr","Louisville","KY","40219"
89793,"4200 Wisteria Landing Cir","Unit 101","Louisville",
89794,"3923 Kennison Ave","Louisville","KY","40207"
89795,"1637 Lucia Ave","Louisville","KY","40204"
89796,"2503 Wyeth Ct","Louisville","KY","40220"
89797,"2003 S Shelby St","Louisville","KY","40217"
89798,"6732 Bluffview Cir","Louisville","KY","40299"
89799,"9638 River Trail Dr","Louisville","KY","40229"
89800,"3726 Craig Ave","Louisville","KY","40215"
89801,"3202 Rainview Cir","Louisville","KY","40220"
89802,"511 Harris Pl","Louisville","KY","40222"
89803,"517 S Campbell St","Louisville","KY","40204"
89804,"417 Spring House Ln","Louisville","KY","40229"
89805,"3420 Southmeade Cir","Louisville","KY","40214"
89806,"314 Wendover Ave","Louisville","KY","40207"
89807,"3239 Taylor Blvd","Louisville","KY","40215"
89808,"208 Mohawk Ave","Louisville","KY","40209"
89809,"4419 Campobello St","Louisville","KY","40213"
89810,"2350 Payne St","Louisville","KY","40206"
89811,"6100 Richiewayne Dr","Louisville","KY","40219"
89812,"7104 Welchire Falls Dr","Louisville","KY","40228"
89813,"7706 Kendrick Crossing Ln","Louisville","KY","40291"
89814,"5005 Lesabre Dr","Louisville","KY","40216"
89815,"827 Humler St","Louisville","KY","40211"
89816,"6016 Gellhaus Ln","Louisville","KY","40299"
89817,"3314 Algonquin Pkwy","Louisville","KY","40211"
89818,"3240 Vermont Ave","Louisville","KY","40211"
89819,"13318 Tennis Blvd","Louisville","KY","40272"
89820,"7105 Arrowwood Rd","Louisville","KY","40222"
89821,"207 Blankenbaker Ln","Louisville","KY","40207"
89822,"3206 Limerick Ln","Louisville","KY","40242"
89823,"9403 Felsmere Cir","Louisville","KY","40241"
89824,"3506 Chauncey Ave","Louisville","KY","40211"
89825,"3510 Chauncey Ave","Louisville","KY","40211"
89826,"1539 Anna Ln","Louisville","KY","40216"
89827,"5401 Wintergreen Rd","Louisville","KY","40272"
89828,"6812 Fegenbush Ln","Louisville","KY","40228"
89829,"1241 S Floyd St","Louisville","KY","40203"
89830,"6008 Wooded Creek Dr","Unit 201","Louisville",
89831,"9014 Wooddale Dr","Louisville","KY","40272"
89832,"5415 Bold Venture Rd","Louisville","KY","40272"
89833,"3113 Roypom Dr","Louisville","KY","40220"
89834,"12302 Davidson Dr","Louisville","KY","40243"
89835,"504 Ledges Ct","Louisville","KY","40243"
89836,"1921 Lynn Lea Rd","Louisville","KY","40216"
89837,"4012 Dupont Cir","Apt 315","Louisville",
89838,"3912 Bayonne Ct","Louisville","KY","40299"
89839,"2713 Goldsmith Ln","Louisville","KY","40220"
89840,"3019 Saint Dennis Ave","Louisville","KY","40216"
89841,"9214 Reigate Ct","Louisville","KY","40222"
89842,"6100 Six Mile Ln","Louisville","KY","40218"
89843,"4706 Kingsmore Dr","Louisville","KY","40229"
89844,"701 Iroquois Ave","Louisville","KY","40214"
89845,"3810 Garfield Ave","Louisville","KY","40212"
89846,"710 E Breckinridge St","Louisville","KY","40203"
89847,"3307 Hikes Ln","Louisville","KY","40220"
89848,"3305 Hikes Ln","Louisville","KY","40220"
89849,"2909 Tremont Dr","Louisville","KY","40205"
89850,"4035 Eden Ln","Louisville","KY","40216"
89851,"2316 Wetstein Ave","Louisville","KY","40205"
89852,"1200 Carrico Ave","Louisville","KY","40215"
89853,"621 Cochran Hill Rd","Louisville","KY","40206"
89854,"3709 Cypress Springs Pl","Louisville","KY","40245"
89855,"2408 Saint Xavier St","Louisville","KY","40212"
89856,"1414 Valley Dr","Louisville","KY","40213"
89857,"3605 W Broadway","Louisville","KY","40211"
89858,"3120 Pine Trace Ct","Louisville","KY","40272"
89859,"1203 Larchmont Ave","Louisville","KY","40215"
89860,"4109 Delores Ave","Louisville","KY","40216"
89861,"1011 Fossil Creek Cir","Louisville","KY","40245"
89862,"8615 Wintergreen Ct","Louisville","KY","40242"
89863,"3205 Mildred Dr","Louisville","KY","40216"
89864,"3016 Mid Dale Ln","Louisville","KY","40220"
89865,"1722 Ormsby Ln","Louisville","KY","40222"
89866,"105 N Arbor Park","Louisville","KY","40214"
89867,"1320 Sale Ave","Louisville","KY","40215"
89868,"9704 Bay Hill Dr","Louisville","KY","40223"
89869,"10614 Fairmount Falls Way","Louisville","KY","40291"
89870,"515 Cannons Ln","Louisville","KY","40207"
89871,"10009 Vista Springs Way","Louisville","KY","40291"
89872,"1173 Lincoln Ave","Louisville","KY","40208"
89873,"2605 Callery Pl","Unit 102","Louisville",
89874,"10003 Blue Lick Rd","Louisville","KY","40229"
89875,"991 Vine St","Louisville","KY","40204"
89876,"2712 Greenwood Ave","Louisville","KY","40211"
89877,"2218 Garland Ave","Louisville","KY","40211"
89878,"2807 W Chestnut St","Louisville","KY","40211"
89879,"2821 Elam Dr","Louisville","KY","40213"
89880,"1631 Catalpa St","Louisville","KY","40211"
89881,"2040 Portland Ave","Louisville","KY","40203"
89882,"10110 Hornbeam Blvd","Louisville","KY","40228"
89883,"7007 Osprey Ridge Dr","Louisville","KY","40228"
89884,"13700 Buttermilk Ridge Rd","Louisville","KY","40299"
89885,"603 E Caldwell St","Louisville","KY","40203"
89886,"11004 Cedar Creek Rd","Louisville","KY","40229"
89887,"6722 Elmcroft Cir","Louisville","KY","40241"
89888,"8802 Old Ironsides Dr","Louisville","KY","40228"
89889,"1735 Glenview Pl","Louisville","KY","40216"
89890,"8035 Watterson Trl","Louisville","KY","40291"
89891,"14002 Beckley Trce","Louisville","KY","40245"
89892,"110 E Southern Heights Ave","Louisville","KY","40214"
89893,"7915 Niemann Dr","Louisville","KY","40291"
89894,"1110 Fox Glen Way","Louisville","KY","40242"
89895,"4334 Whitmore Ave","Louisville","KY","40215"
89896,"8501 Hurstbourne Woods Pl","Louisville","KY","40299"
89897,"3800 Canopus Ct","Louisville","KY","40219"
89898,"4703 Miles Ln","Louisville","KY","40219"
89899,"599 Beechland Rd","Louisville","KY","40229"
89900,"12017 Valley Meadow Way","Louisville","KY","40272"
89901,"4608 Wooded Oak Cir","Louisville","KY","40245"
89902,"12110 Bay Run Dr","Louisville","KY","40245"
89903,"313 Glendora Ave","Louisville","KY","40212"
89904,"9604 Preston Spring Dr","Unit 101","Louisville",
89905,"3416 Taylor Blvd","Louisville","KY","40215"
89906,"2837 Riedling Dr","Louisville","KY","40206"
89907,"120 Glenview Rd","Louisville","KY","40229"
89908,"8716 Lantern Lite Pkwy","Louisville","KY","40220"
89909,"2223 Osage Ave","Louisville","KY","40210"
89910,"9613 Mary Dell Ln","Louisville","KY","40291"
89911,"812 Flicker Rd","Louisville","KY","40214"
89912,"11417 United Blvd","Louisville","KY","40229"
89913,"2582 Martin Ave","Louisville","KY","40216"
89914,"5805 Grandel Blvd","Louisville","KY","40258"
89915,"741 S Shelby St","Louisville","KY","40203"
89916,"202 E Blue Jay Rd","Louisville","KY","40229"
89917,"8710 Mckenna Way","Louisville","KY","40291"
89918,"3519 Del Park Ter","Louisville","KY","40211"
89919,"2527 Ellsworth Ave","Louisville","KY","40217"
89920,"4701 Burkley Ave","Louisville","KY","40214"
89921,"407 Lyndon Ln","Louisville","KY","40222"
89922,"8607 Hudson Ln","Louisville","KY","40291"
89923,"2517 Saint Xavier St","Louisville","KY","40212"
89924,"1084 Springview Dr","Louisville","KY","40219"
89925,"4334 S 3rd St","Louisville","KY","40214"
89926,"2905 Murray Hill Pike","Louisville","KY","40242"
89927,"5007 Dunvegan Rd","Louisville","KY","40222"
89928,"6103 Innes Trace Rd","Louisville","KY","40222"
89929,"2200 Mahan Dr","Louisville","KY","40299"
89930,"1132 Goss Ave","Louisville","KY","40217"
89931,"8111 Judge Blvd","Louisville","KY","40219"
89932,"4605 Andalusia Ln","Louisville","KY","40272"
89933,"521 Willow Stone Way","Louisville","KY","40223"
89934,"8315 Johnson School Rd","Louisville","KY","40291"
89935,"2621 Whittier Ave","Louisville","KY","40205"
89936,"325 S Peterson Ave","Apt 101","Louisville",
89937,"4105 Jim Hawkins Dr","Louisville","KY","40229"
89938,"385 Beechland Rd","Louisville","KY","40229"
89939,"902 Persimmon Way","Louisville","KY","40242"
89940,"3841 Darlene Dr","Louisville","KY","40216"
89941,"4307 Elliott Ave","Louisville","KY","40211"
89942,"13314 Girvan Ave","Louisville","KY","40272"
89943,"4308 Hale Ave","Louisville","KY","40211"
89944,"5203 Rock Bend Pl","Louisville","KY","40241"
89945,"5500 Minyard Dr","Louisville","KY","40219"
89946,"10209 Closterwood Dr","Louisville","KY","40229"
89947,"107 Spruce Ln","Louisville","KY","40207"
89948,"3811 Woodmont Park Ln","Louisville","KY","40245"
89949,"14403 Estate Ridge Blvd","Louisville","KY","40291"
89950,"218 S 39th St","Louisville","KY","40212"
89951,"10405 Florian Rd","Louisville","KY","40223"
89952,"4809 E Manslick Rd","Louisville","KY","40219"
89953,"4015 Brownlee Rd","Louisville","KY","40207"
89954,"3422 Glenview Ave","Louisville","KY","40222"
89955,"12605 Saw Mill Rd","Louisville","KY","40272"
89956,"12615 Saw Mill Rd","Louisville","KY","40272"
89957,"5602 Fruitwood Dr","Louisville","KY","40272"
89958,"2119 Starmont Rd","Louisville","KY","40207"
89959,"3008 Dartmouth Ave","Louisville","KY","40205"
89960,"3907 Yardley Ct","Unit 205","Louisville",
89961,"6813 Caitlynn Way","Louisville","KY","40229"
89962,"535 Barberry Ln","Louisville","KY","40206"
89963,"3607 Brownsboro Rd","Apt 13","Louisville",
89964,"304 Wakefield Trce","Louisville","KY","40245"
89965,"9303 Stonestreet Rd","Unit 208","Louisville",
89966,"3009 Bobolink Rd","Louisville","KY","40217"
89967,"4720 Fairway Pointe Ct","Louisville","KY","40241"
89968,"14503 Fawn Hill Pl","Louisville","KY","40245"
89969,"1738 W Ormsby Ave","Louisville","KY","40210"
89970,"4802 Redwing Way","Louisville","KY","40213"
89971,"2240 Osage Ave","Louisville","KY","40210"
89972,"2324 Rausch Dr","Louisville","KY","40216"
89973,"11506 Top Walnut Loop","Louisville","KY","40229"
89974,"9002 Wilson Ave","Louisville","KY","40242"
89975,"11008 Jefferson Trace Blvd","Louisville","KY","40291"
89976,"2217 Woodbourne Ave","Louisville","KY","40205"
89977,"2537 Martin Ave","Louisville","KY","40216"
89978,"10497 Stonestreet Rd","Louisville","KY","40272"
89979,"3514 Colmar Dr","Louisville","KY","40211"
89980,"5014 Broadmoor Blvd","Louisville","KY","40218"
89981,"3213 Lemmah Dr","Louisville","KY","40216"
89982,"6215 Apex Dr","Louisville","KY","40219"
89983,"506 Lake Forest Pkwy","Louisville","KY","40245"
89984,"3807 Miami Ave","Louisville","KY","40212"
89985,"3621 Brownsboro Rd","Apt 402D","Louisville",
89986,"2810 Riedling Dr","Louisville","KY","40206"
89987,"1957 Lewiston Dr","Louisville","KY","40216"
89988,"243 Franck Ave","Louisville","KY","40206"
89989,"168 Hillside Ln","Louisville","KY","40229"
89990,"4427 Rockwood Dr","Louisville","KY","40220"
89991,"11813 Poplarwood Dr","Louisville","KY","40272"
89992,"1113 Cecil Ave","Louisville","KY","40211"
89993,"1310 Cherokee Rd","Apt B4","Louisville",
89994,"1825 Osage Ave","Louisville","KY","40210"
89995,"1103 Euclid Ave","Louisville","KY","40208"
89996,"11400 Fenimore Ridge Dr","Louisville","KY","40229"
89997,"29 Lake Ave","Louisville","KY","40206"
89998,"544 Camden Ave","Louisville","KY","40215"
89999,"222 E Witherspoon St","Unit 1602","Louisville",
90000,"1218 Euclid Ave","Louisville","KY","40208"
