30001,"714 Elsmere Cir","Louisville","KY","40223"
30002,"1644 Algonquin Pkwy","Louisville","KY","40210"
30003,"604 N Hite Ave","Louisville","KY","40206"
30004,"11107 Kilrenny Ct","Louisville","KY","40243"
30005,"3041 Lexington Rd","Louisville","KY","40206"
30006,"4113 Churchman Ave","Louisville","KY","40215"
30007,"2123 S Preston St","Louisville","KY","40217"
30008,"109 N 19th St","Louisville","KY","40203"
30009,"811 Foxgate Rd","Louisville","KY","40223"
30010,"3111 Valleyside Ct","Louisville","KY","40214"
30011,"4102 Neagli Ct","Louisville","KY","40229"
30012,"2615 Parklawn Dr","Louisville","KY","40217"
30013,"7609 Wolfspring Ct","Louisville","KY","40241"
30014,"4217 Telovi Ct","Louisville","KY","40241"
30015,"500 Macon Ave","Louisville","KY","40207"
30016,"1711 Cowling Ave","Louisville","KY","40205"
30017,"112 Crestwood Ave","Louisville","KY","40206"
30018,"2025 Cedarcrest Dr","Louisville","KY","40242"
30019,"4100 Berkshire Ave","Louisville","KY","40220"
30020,"9000 Bingham Dr","Louisville","KY","40242"
30021,"627 Floral Ter","Louisville","KY","40208"
30022,"809 Starlite Dr","Louisville","KY","40207"
30023,"6401 Pendleton Rd","Louisville","KY","40272"
30024,"2301 Gladstone Ave","Louisville","KY","40205"
30025,"2429 Concord Dr","Louisville","KY","40217"
30026,"2808 Jomarie Ct","Louisville","KY","40220"
30027,"7912 Brookridge Ln","Louisville","KY","40219"
30028,"1510 Delmar Ct","Louisville","KY","40216"
30029,"5612 Braulio Ct","Louisville","KY","40291"
30030,"8314 Regency Woods Way","Louisville","KY","40220"
30031,"634 Lindell Ave","Louisville","KY","40211"
30032,"1012 Hathaway Ave","Louisville","KY","40215"
30033,"9604 Yarmouth Ct","Louisville","KY","40272"
30034,"9213 Wanlou Dr","Louisville","KY","40272"
30035,"8106 Silverbell Ave","Louisville","KY","40228"
30036,"9816 Boxford Ct","Louisville","KY","40242"
30037,"3909 Baymeadow Dr","Louisville","KY","40258"
30038,"304 Chanel Ct","Apt 5","Louisville",
30039,"1327 Phyllis Ave","Louisville","KY","40215"
30040,"7709 Lesane Dr","Louisville","KY","40214"
30041,"7906 Gainsborough Ct","Louisville","KY","40291"
30042,"10802 Cherry Grove Ct","Louisville","KY","40299"
30043,"11449 Tazwell Dr","Louisville","KY","40241"
30044,"4020 Springhill Rd","Louisville","KY","40207"
30045,"9211 Auburn Ave","Louisville","KY","40299"
30046,"126 Scottsdale Blvd","Louisville","KY","40214"
30047,"7416 Kort Way","Louisville","KY","40220"
30048,"913 Loretto Ave","Louisville","KY","40211"
30049,"5815 Prince William St","Louisville","KY","40207"
30050,"1812 Herr Ln","Louisville","KY","40222"
30051,"10207 Bayport Rd","Louisville","KY","40299"
30052,"6809 Fallen Leaf Cir","Louisville","KY","40241"
30053,"1702 Meadowgate Ln","Louisville","KY","40223"
30054,"2904 Windsor Lakes Pkwy","Louisville","KY","40214"
30055,"13416 Hopedale Way","Louisville","KY","40272"
30056,"2118 Douglass Blvd","Louisville","KY","40205"
30057,"1118 Barret Ave","Louisville","KY","40204"
30058,"4804 Fegenbush Ln","Louisville","KY","40228"
30059,"705 E Burnett Ave","Louisville","KY","40217"
30060,"641 Mix Ave","Louisville","KY","40208"
30061,"8303 Rustoak Ln","Louisville","KY","40219"
30062,"4805 Walnut Hills Dr","Louisville","KY","40299"
30063,"2344 Village Dr","Louisville","KY","40205"
30064,"10511 Saint Roche Dr","Louisville","KY","40299"
30065,"4920 Oldshire Rd","Louisville","KY","40229"
30066,"355 S Galt Ave","Louisville","KY","40206"
30067,"4801 Warbler Way","Louisville","KY","40213"
30068,"121 Crews Dr","Louisville","KY","40218"
30069,"1408 Hawkshead Ln","Louisville","KY","40220"
30070,"4109 Riedley Ct","Louisville","KY","40216"
30071,"7502 Eric Edward Way","Louisville","KY","40220"
30072,"7108 S Watterson Trl","Louisville","KY","40291"
30073,"1122 E Breckinridge St","Louisville","KY","40204"
30074,"8905 Waltlee Rd","Louisville","KY","40291"
30075,"10100 Blue Creek Dr","Louisville","KY","40229"
30076,"206 Dorshire Ct","Louisville","KY","40245"
30077,"5206 Benson Ct","Louisville","KY","40272"
30078,"1815 Douglass Blvd","Louisville","KY","40205"
30079,"8424 Hudson Ln","Louisville","KY","40291"
30080,"1758 Dixdale Ave","Louisville","KY","40210"
30081,"1003 Golden Maple Cv","Louisville","KY","40223"
30082,"1107 E Saint Catherine St","Louisville","KY","40204"
30083,"10821 Hobbs Station Rd","Louisville","KY","40223"
30084,"10808 Hobbs Station Rd","Louisville","KY","40223"
30085,"2207 Gursky Ct","Louisville","KY","40223"
30086,"222 Bonner Ave","Louisville","KY","40207"
30087,"7202 Gray Ln","Louisville","KY","40258"
30088,"804 Dorsey Ln","Louisville","KY","40223"
30089,"9214 Cavalcade Ave","Louisville","KY","40272"
30090,"108 Wooded Falls Rd","Louisville","KY","40243"
30091,"4013 Rosemont Ave","Louisville","KY","40220"
30092,"1419 Willow Ave","Louisville","KY","40204"
30093,"2595 E Burnett Ave","Louisville","KY","40217"
30094,"9219 Burgoo King Rd","Louisville","KY","40272"
30095,"5704 Mount Washington Rd","Louisville","KY","40229"
30096,"2222 Bradford Dr","Louisville","KY","40218"
30097,"4818 Burris Dr","Louisville","KY","40291"
30098,"1355 Sale Ave","Louisville","KY","40215"
30099,"1015 Euclid Ave","Louisville","KY","40208"
30100,"7012 Hadley Ct","Louisville","KY","40241"
30101,"1015 Wetterau Ave","Louisville","KY","40217"
30102,"14206 Glendower Dr","Louisville","KY","40245"
30103,"8809 Juniper Springs Pl","Louisville","KY","40242"
30104,"5220 Pluto Dr","Louisville","KY","40258"
30105,"1110 Lodge Hill Rd","Louisville","KY","40223"
30106,"3322 Ellis Way","Louisville","KY","40220"
30107,"716 Gagel Ave","Louisville","KY","40216"
30108,"308 Patriot Ct","Louisville","KY","40214"
30109,"1122 Girard Dr","Louisville","KY","40222"
30110,"4200 Riveroaks Ln","Louisville","KY","40241"
30111,"3006 Faywood Way","Louisville","KY","40215"
30112,"8410 Acme Way","Louisville","KY","40219"
30113,"2405 Tavener Dr","Louisville","KY","40242"
30114,"1913 Hurstbourne Cir","Louisville","KY","40220"
30115,"9922 Winged Foot Dr","Louisville","KY","40223"
30116,"5322 Ilex Ave","Louisville","KY","40213"
30117,"514 Grand Vista Pl","Louisville","KY","40243"
30118,"212 Fenley Ave","Louisville","KY","40206"
30119,"4424 Lincoln Rd","Louisville","KY","40220"
30120,"2805 Rio Rita Ave","Louisville","KY","40220"
30121,"2995 Six Mile Ln","Louisville","KY","40220"
30122,"5811 Crockett Dr","Louisville","KY","40258"
30123,"9515 Janna Dr","Louisville","KY","40272"
30124,"238 E Oak St","Louisville","KY","40203"
30125,"550 Eastern Pkwy","Louisville","KY","40217"
30126,"9005 Cherriville Rd","Louisville","KY","40219"
30127,"10205 Mary Dell Ln","Louisville","KY","40299"
30128,"6518 Bilsim Ln","Louisville","KY","40291"
30129,"8317 Regency Woods Way","Louisville","KY","40220"
30130,"2001 Meadowgate Ln","Louisville","KY","40223"
30131,"3352 Eastside Dr","Louisville","KY","40220"
30132,"2505 Brownsboro Rd","Apt B1","Louisville",
30133,"11204 Rannoch Ln","Louisville","KY","40243"
30134,"9203 Hudson Ln","Louisville","KY","40291"
30135,"4605 Southern Pkwy","Louisville","KY","40214"
30136,"9826 Oakshire Dr","Louisville","KY","40299"
30137,"4405 Talitha Ct","Louisville","KY","40299"
30138,"12502 Brightfield Dr","Louisville","KY","40243"
30139,"3416 Hunsinger Ln","Louisville","KY","40220"
30140,"3117 Stonebridge Rd","Louisville","KY","40241"
30141,"1208 Castlewood Ave","Louisville","KY","40204"
30142,"12014 Brookmoor Dr","Louisville","KY","40243"
30143,"619 N 29th St","Louisville","KY","40212"
30144,"14301 Old Henry Rd","Louisville","KY","40245"
30145,"7203 Ben Franklin Ct","Louisville","KY","40214"
30146,"2401 Emil Ave","Louisville","KY","40217"
30147,"2405 Rudy Ln","Louisville","KY","40207"
30148,"9615 Cochise Way","Louisville","KY","40258"
30149,"901 Barrington Ct","Louisville","KY","40207"
30150,"3028 Talisman Rd","Louisville","KY","40220"
30151,"5000 Mile Of Sunshine Dr","Louisville","KY","40219"
30152,"12414 Kingsley Dr","Louisville","KY","40229"
30153,"901 Persimmon Way","Louisville","KY","40242"
30154,"301 Buckingham Ter","Louisville","KY","40222"
30155,"1112 Springside Ct","Louisville","KY","40223"
30156,"8917 Willow Springs Dr","Louisville","KY","40242"
30157,"3013 Colonial Hill Rd","Louisville","KY","40205"
30158,"5309 Hempstead Rd","Louisville","KY","40207"
30159,"2907 Wood Briar Ct","Louisville","KY","40241"
30160,"5811 Alanadale Dr","Louisville","KY","40272"
30161,"9107 Tangley Ln","Louisville","KY","40242"
30162,"505 Bruner Hill Rd","Louisville","KY","40243"
30163,"300 Chanel Ct","Apt 3","Louisville",
30164,"2506 Dora Dr","Louisville","KY","40214"
30165,"1050 Southacres Dr","Louisville","KY","40219"
30166,"8400 Gloxinia Dr","Louisville","KY","40258"
30167,"1700 Model Rd","Louisville","KY","40216"
30168,"2862 Riedling Dr","Louisville","KY","40206"
30169,"7601 White Post Way","Louisville","KY","40220"
30170,"14306 Wakefield Pl","Louisville","KY","40245"
30171,"8006 Regency Woods Way","Louisville","KY","40220"
30172,"2618 Fordyce Ln","Louisville","KY","40205"
30173,"5206 Woodhill Ln","Louisville","KY","40219"
30174,"3230 Beals Branch Dr","Louisville","KY","40206"
30175,"2507 Browns Ln","Louisville","KY","40220"
30176,"1050 Eastern Pkwy","Louisville","KY","40217"
30177,"5100 Rookwood Ave","Louisville","KY","40218"
30178,"1706 Stallings Ave","Louisville","KY","40216"
30179,"902 Elm Hill Pl","Louisville","KY","40245"
30180,"4808 Bold Ct","Louisville","KY","40218"
30181,"9019 Wooded Glen Rd","Louisville","KY","40220"
30182,"7301 Southside Dr","Louisville","KY","40214"
30183,"4215 Winchester Rd","Louisville","KY","40207"
30184,"1011 Audubon Pkwy","Louisville","KY","40213"
30185,"2107 Edgehill Rd","Louisville","KY","40205"
30186,"7100 Greenwood Rd","Louisville","KY","40258"
30187,"2211 Valley Vista Rd","Louisville","KY","40205"
30188,"5502 Arvis Dr","Louisville","KY","40216"
30189,"10734 Hobbs Station Rd","Louisville","KY","40223"
30190,"2819 Field Ave","Louisville","KY","40206"
30191,"12006 Ancient Spring Dr","Louisville","KY","40245"
30192,"142 N 41st St","Louisville","KY","40212"
30193,"1203 Walter Ave","Louisville","KY","40215"
30194,"2315 Speed Ave","Louisville","KY","40205"
30195,"1024 S Shelby St","Louisville","KY","40203"
30196,"3702 Calm Ct","Louisville","KY","40219"
30197,"3412 Algonquin Pkwy","Louisville","KY","40211"
30198,"9221 Fairground Rd","Louisville","KY","40291"
30199,"5003 July Ct","Louisville","KY","40258"
30200,"9400 Burgoo King Rd","Louisville","KY","40272"
30201,"7113 Gorham Way","Louisville","KY","40291"
30202,"10507 Mcclure Ct","Louisville","KY","40241"
30203,"114 N Galt Ave","Louisville","KY","40206"
30204,"2614 Colin Ave","Louisville","KY","40217"
30205,"423 Deerfield Ln","Louisville","KY","40207"
30206,"3805 Therina Way","Louisville","KY","40241"
30207,"3115 Meadowside Ct","Louisville","KY","40214"
30208,"7313 Keisler Way","Louisville","KY","40222"
30209,"8703 Deer Point Ct","Louisville","KY","40242"
30210,"1714 Jefferson Ave","Louisville","KY","40242"
30211,"5914 Prestwood Ct","Louisville","KY","40219"
30212,"1021 Beecher St","Louisville","KY","40215"
30213,"5624 Wooded Lake Dr","Louisville","KY","40299"
30214,"7401 Bluffington Rd","Louisville","KY","40291"
30215,"4307 Chambers Way","Louisville","KY","40299"
30216,"1409 E Burnett Ave","Louisville","KY","40217"
30217,"5312 Rayburn Rd","Louisville","KY","40272"
30218,"6345 Limewood Cir","Louisville","KY","40222"
30219,"1002 Garden Creek Cir","Louisville","KY","40223"
30220,"741 S 44th St","Louisville","KY","40211"
30221,"7220 Uranus Dr","Louisville","KY","40258"
30222,"3702 Eastside Dr","Louisville","KY","40220"
30223,"4018 S 2nd St","Louisville","KY","40214"
30224,"4801 Dover Rd","Louisville","KY","40216"
30225,"116 E Kenton St","Louisville","KY","40214"
30226,"3507 Indocin Ct","Louisville","KY","40220"
30227,"2605 Swing Ct","Louisville","KY","40299"
30228,"4841 Bellevue Ave","Louisville","KY","40215"
30229,"10926 Hobbs Station Rd","Louisville","KY","40223"
30230,"5311 Random Way","Louisville","KY","40291"
30231,"2514 Manchester Rd","Louisville","KY","40205"
30232,"7103 Wesboro Rd","Louisville","KY","40222"
30233,"7100 Nachand Ln","Louisville","KY","40218"
30234,"2508 Veronica Dr","Louisville","KY","40216"
30235,"10301 Charleswood Rd","Louisville","KY","40229"
30236,"2911 Livingston Ave","Louisville","KY","40299"
30237,"3032 Bridwell Dr","Louisville","KY","40216"
30238,"2244 Grinstead Dr","Louisville","KY","40204"
30239,"708 Flicker Rd","Louisville","KY","40214"
30240,"4103 Hispanyola Ct","Louisville","KY","40229"
30241,"6003 Noah Dr","Louisville","KY","40258"
30242,"2404 Stayton Way","Louisville","KY","40242"
30243,"9916 Arterburn Woods Dr","Louisville","KY","40223"
30244,"9103 Aristides Dr","Louisville","KY","40258"
30245,"2105 Newmarket Dr","Louisville","KY","40222"
30246,"6811 Monty Ln","Louisville","KY","40291"
30247,"1910 N English Station Rd","Louisville","KY","40223"
30248,"2324 Strotman Rd","Louisville","KY","40216"
30249,"9115 Danby Ct","Louisville","KY","40291"
30250,"7400 Eric Edward Way","Louisville","KY","40220"
30251,"5202 Rodgers Rd","Louisville","KY","40258"
30252,"4607 Accomack Dr","Louisville","KY","40241"
30253,"8815 Hagner Dr","Louisville","KY","40258"
30254,"4400 Mount Vernon Rd","Louisville","KY","40220"
30255,"2212 Dumesnil St","Louisville","KY","40210"
30256,"2332 W Gaulbert Ave","Louisville","KY","40210"
30257,"3000 Stonebridge Rd","Louisville","KY","40241"
30258,"603 Yancy Ln","Louisville","KY","40207"
30259,"1631 Texas Ave","Louisville","KY","40217"
30260,"6804 Cross Country Ct","Louisville","KY","40291"
30261,"510 Candlelight Ln","Louisville","KY","40214"
30262,"4617 Haeringdon Dr","Louisville","KY","40299"
30263,"2743 Bank St","Louisville","KY","40212"
30264,"317 Willow Stone Way","Louisville","KY","40223"
30265,"1706 Grenade Ave","Louisville","KY","40213"
30266,"7604 Nottoway Cir","Louisville","KY","40214"
30267,"9006 Westport Rd","Louisville","KY","40242"
30268,"10613 Park Ave","Louisville","KY","40299"
30269,"1045 Cristland Rd","Louisville","KY","40214"
30270,"6 Gardiner Ct","Louisville","KY","40205"
30271,"10802 Blue Lick Rd","Louisville","KY","40229"
30272,"2561 Woodbourne Ave","Louisville","KY","40205"
30273,"2114 Terriwood Ct","Louisville","KY","40223"
30274,"1524 Poplar Level Rd","Louisville","KY","40217"
30275,"8405 Berea Dr","Louisville","KY","40228"
30276,"9008 Raintree Dr","Louisville","KY","40220"
30277,"2341 Valletta Ln","Louisville","KY","40205"
30278,"933 S Jackson St","Louisville","KY","40203"
30279,"934 Burning Springs Cir","Louisville","KY","40223"
30280,"209 Ridgeway Ave","Louisville","KY","40207"
30281,"7803 Barbour Manor Dr","Louisville","KY","40241"
30282,"4217 Saint Thomas Ave","Louisville","KY","40218"
30283,"2909 Gleeson Ln","Louisville","KY","40299"
30284,"1011 Garden Creek Cir","Louisville","KY","40223"
30285,"10833 Hobbs Station Rd","Louisville","KY","40223"
30286,"1084 Forrest View Dr","Louisville","KY","40219"
30287,"3116 Cabinwood Dr","Louisville","KY","40220"
30288,"404 Eline Ave","Louisville","KY","40207"
30289,"206 Iola Rd","Louisville","KY","40207"
30290,"7201 Rainbow Dr","Louisville","KY","40272"
30291,"1753 Harvard Dr","Louisville","KY","40205"
30292,"5012 Volney Ct","Louisville","KY","40291"
30293,"4100 Samoset Ct","Louisville","KY","40299"
30294,"2005 Grasmere Dr","Louisville","KY","40205"
30295,"2647 Cleveland Blvd","Louisville","KY","40206"
30296,"216 Dorchester Rd","Louisville","KY","40223"
30297,"8511 Fairmount Rd","Louisville","KY","40291"
30298,"1010 Morgan St","Louisville","KY","40217"
30299,"9804 Encino Ct","Louisville","KY","40223"
30300,"1905 Manor House Dr","Louisville","KY","40220"
30301,"6901 Heavrin Ave","Louisville","KY","40218"
30302,"6109 Two Springs Ln","Louisville","KY","40207"
30303,"3404 Winchester Rd","Louisville","KY","40207"
30304,"214 Sequoya Rd","Louisville","KY","40207"
30305,"107 Shelby Pointe Dr","Louisville","KY","40223"
30306,"14108 Langland Pl","Louisville","KY","40245"
30307,"3505 Bridgegate Ct","Louisville","KY","40272"
30308,"2300 Phoenix Hill Dr","Louisville","KY","40207"
30309,"1924 Goldsmith Ln","Unit 8","Louisville",
30310,"1127 Southwestern Pkwy","Louisville","KY","40211"
30311,"4908 Axtell Ave","Louisville","KY","40258"
30312,"2224 Gladstone Ave","Louisville","KY","40205"
30313,"10104 Blue Creek Dr","Louisville","KY","40229"
30314,"9403 Aristides Dr","Louisville","KY","40272"
30315,"3015 Eleanor Ave","Louisville","KY","40205"
30316,"7999 Huntsman Trl","Louisville","KY","40291"
30317,"2117 Highland Ave","Louisville","KY","40204"
30318,"10404 Christina Ct","Louisville","KY","40223"
30319,"8504 Bronzewing Ct","Louisville","KY","40299"
30320,"8903 Duxbury Rd","Louisville","KY","40242"
30321,"2409 Rudy Ln","Louisville","KY","40207"
30322,"3707 Plymouth Rd","Louisville","KY","40207"
30323,"6610 Eclipse Dr","Louisville","KY","40258"
30324,"4506 Wolfspring Dr","Louisville","KY","40241"
30325,"1861 Harvard Dr","Louisville","KY","40205"
30326,"4826 Warbler Way","Louisville","KY","40213"
30327,"9116 Tiverton Way","Louisville","KY","40242"
30328,"6507 Connie Dr","Louisville","KY","40258"
30329,"4220 Machupe Dr","Louisville","KY","40241"
30330,"3510 Grandview Ave","Louisville","KY","40207"
30331,"11102 Benson Ln","Louisville","KY","40272"
30332,"4501 Swako Ln","Louisville","KY","40216"
30333,"201 Beckley Woods Dr","Louisville","KY","40245"
30334,"1220 Rufer Ave","Louisville","KY","40204"
30335,"2612 Valletta Rd","Louisville","KY","40205"
30336,"1762 Wilart Dr","Louisville","KY","40210"
30337,"605 Lynn St","Louisville","KY","40217"
30338,"3137 Hunsinger Ln","Louisville","KY","40220"
30339,"1414 Rhonda Way","Louisville","KY","40216"
30340,"1749 Shady Ln","Louisville","KY","40205"
30341,"2700 Thornwood Ct","Louisville","KY","40220"
30342,"512 Forum Ave","Louisville","KY","40214"
30343,"1405 Knight Rd","Louisville","KY","40214"
30344,"1207 S 45th St","Louisville","KY","40211"
30345,"7213 Mount Washington Rd","Louisville","KY","40229"
30346,"1835 Rutherford Ave","Louisville","KY","40205"
30347,"5614 Ridgecrest Rd","Louisville","KY","40218"
30348,"1400 Regal Springs Ct","Louisville","KY","40205"
30349,"1919 Lowell Ave","Louisville","KY","40205"
30350,"305 Marengo Dr","Louisville","KY","40243"
30351,"1713 Parkshire Ln","Louisville","KY","40220"
30352,"8102 Regency Woods Way","Louisville","KY","40220"
30353,"2006 Balfour Dr","Louisville","KY","40242"
30354,"9912 Anita Blvd","Louisville","KY","40272"
30355,"8012 Trillium Dr","Louisville","KY","40258"
30356,"4209 Prince Ln","Louisville","KY","40299"
30357,"9507 Titan Dr","Louisville","KY","40229"
30358,"120 Old Towne Rd","Louisville","KY","40214"
30359,"3106 Ralph Ave","Louisville","KY","40216"
30360,"4911 Manslick Rd","Louisville","KY","40216"
30361,"1609 Helmridge Ct","Louisville","KY","40222"
30362,"3715 Parthenia Ave","Louisville","KY","40215"
30363,"2002 Buechel Bank Rd","Louisville","KY","40218"
30364,"7904 Cedar Brook Dr","Louisville","KY","40219"
30365,"1400 Willow Ave","Apt 2004","Louisville",
30366,"5311 Clover Ave","Louisville","KY","40272"
30367,"8807 Juniper Springs Pl","Louisville","KY","40242"
30368,"430 Twinbrook Rd","Louisville","KY","40207"
30369,"1300 Morgan Ave","Louisville","KY","40213"
30370,"829 Perennial Dr","Louisville","KY","40217"
30371,"5903 Midnight Ln","Louisville","KY","40229"
30372,"1239 Weller Ave","Louisville","KY","40208"
30373,"4115 Wallingford Ln","Louisville","KY","40218"
30374,"9108 Satinwood Ct","Louisville","KY","40229"
30375,"4402 Century Rd","Louisville","KY","40299"
30376,"9204 Pagoda Dr","Louisville","KY","40229"
30377,"11509 Woodridge Dr","Louisville","KY","40272"
30378,"5406 Wethe Ct","Louisville","KY","40291"
30379,"2908 Windsor Lakes Pkwy","Louisville","KY","40214"
30380,"4107 Glen Valley Rd","Louisville","KY","40219"
30381,"822 Camden Ave","Louisville","KY","40215"
30382,"8310 Regency Woods Way","Louisville","KY","40220"
30383,"2239 Douglass Blvd","Louisville","KY","40205"
30384,"9807 Boxford Ct","Louisville","KY","40242"
30385,"618 Darnay Pl","Louisville","KY","40245"
30386,"7410 Quail Ridge Rd","Louisville","KY","40291"
30387,"8104 Regency Woods Way","Louisville","KY","40220"
30388,"1006 S 28th St","Louisville","KY","40211"
30389,"7708 Kim Dr","Louisville","KY","40214"
30390,"3716 Wheeler Ave","Louisville","KY","40215"
30391,"5606 Wooded Lake Dr","Louisville","KY","40299"
30392,"20 Hawthorn Hl","Louisville","KY","40204"
30393,"4602 S 3rd St","Louisville","KY","40214"
30394,"7310 Quail Ridge Rd","Louisville","KY","40291"
30395,"7000 Venetian Way","Louisville","KY","40214"
30396,"3318 Peachtree Ave","Louisville","KY","40215"
30397,"8117 Arnoldtown Rd","Louisville","KY","40214"
30398,"5307 Oak Lea Dr","Louisville","KY","40216"
30399,"708 Lexington Pl","Louisville","KY","40206"
30400,"8204 Lacevine Rd","Louisville","KY","40220"
30401,"2806 Jomarie Ct","Louisville","KY","40220"
30402,"2107 S 39th St","Louisville","KY","40211"
30403,"4802 Bold Ct","Louisville","KY","40218"
30404,"5415 Alicante Ln","Louisville","KY","40272"
30405,"325 W Kenwood Way","Louisville","KY","40214"
30406,"5532 Tecumseh Cir","Louisville","KY","40207"
30407,"9611 Shoshone Way","Louisville","KY","40258"
30408,"11722 Robinlynn Ln","Louisville","KY","40243"
30409,"8571 Vicki Ln","Louisville","KY","40258"
30410,"802 Edenwood Cir","Louisville","KY","40243"
30411,"6911 Heavrin Ave","Louisville","KY","40218"
30412,"8505 Wooded Glen Ct","Louisville","KY","40220"
30413,"10601 Turf Ct","Louisville","KY","40241"
30414,"4011 Carbine Ln","Louisville","KY","40229"
30415,"7011 Broken Bow Dr","Louisville","KY","40258"
30416,"9302 Fern Bluff Ln","Louisville","KY","40229"
30417,"160 S Crestmoor Ave","Louisville","KY","40206"
30418,"3009 Stonebridge Rd","Louisville","KY","40241"
30419,"3 Angora Ct","Louisville","KY","40206"
30420,"4306 Trewlaney Ct","Louisville","KY","40229"
30421,"2210 Woodbourne Ave","Louisville","KY","40205"
30422,"3521 Wexford Dr","Louisville","KY","40218"
30423,"1303 Lucas Ave","Louisville","KY","40213"
30424,"3608 Saint Edwards Dr","Louisville","KY","40299"
30425,"5221 Matterhorn Dr","Louisville","KY","40216"
30426,"8101 Red Cedar Way","Louisville","KY","40219"
30427,"4413 Wilmoth Ave","Louisville","KY","40216"
30428,"7206 Dunkirk Ln","Louisville","KY","40272"
30429,"113 Declaration Dr","Louisville","KY","40214"
30430,"5211 Planet Dr","Louisville","KY","40258"
30431,"10112 Rolling Stone Dr","Louisville","KY","40229"
30432,"4049 Massie Ave","Louisville","KY","40207"
30433,"4404 Woodgate Ln","Louisville","KY","40220"
30434,"9813 Lanesboro Way","Louisville","KY","40242"
30435,"8213 Silverbell Ave","Louisville","KY","40228"
30436,"6713 Fallen Leaf Cir","Louisville","KY","40241"
30437,"916 Reasor Ave","Louisville","KY","40217"
30438,"4506 Amerivan Ct","Louisville","KY","40299"
30439,"6809 Monty Ln","Louisville","KY","40291"
30440,"8312 Croydon Cir","Louisville","KY","40222"
30441,"812 Huntington Rd","Louisville","KY","40207"
30442,"1280 Willow Ave","Louisville","KY","40204"
30443,"8301 Poinsettia Dr","Louisville","KY","40258"
30444,"9227 Cavalcade Ave","Louisville","KY","40272"
30445,"103 Brown Ave","Louisville","KY","40207"
30446,"7306 Aurora Dr","Louisville","KY","40214"
30447,"4108 Hillsboro Rd","Louisville","KY","40207"
30448,"1615 Windsor Pl","Louisville","KY","40204"
30449,"2304 Bonnycastle Ave","Louisville","KY","40205"
30450,"2815 Lexham Rd","Louisville","KY","40220"
30451,"8607 Ferndale Rd","Louisville","KY","40291"
30452,"7600 Six Mile Ln","Louisville","KY","40220"
30453,"6112 Ashby Ln","Louisville","KY","40272"
30454,"3020 Beaumont Rd","Louisville","KY","40205"
30455,"1603 Chichester Ave","Louisville","KY","40205"
30456,"1412 Willow Ave","Apt 88","Louisville",
30457,"8818 Annlou Dr","Louisville","KY","40272"
30458,"8904 Willow Springs Dr","Louisville","KY","40242"
30459,"1805 Millers Ln","Louisville","KY","40216"
30460,"8801 High Point Cir","Louisville","KY","40299"
30461,"6105 Clovelly Ct","Louisville","KY","40258"
30462,"2827 Ashfield Ln","Louisville","KY","40220"
30463,"1131 S 15th St","Louisville","KY","40210"
30464,"8405 Smyrna Pkwy","Louisville","KY","40228"
30465,"4208 Lee Ave","Louisville","KY","40213"
30466,"2041 Tyler Ln","Louisville","KY","40205"
30467,"10218 Eve Adam Dr","Louisville","KY","40272"
30468,"3049 Radiance Rd","Louisville","KY","40220"
30469,"9705 Holiday Dr","Louisville","KY","40272"
30470,"272 Moser Rd","Louisville","KY","40223"
30471,"10801 Wenlock Ct","Louisville","KY","40243"
30472,"7910 Conifer Dr","Louisville","KY","40258"
30473,"3702 Luken Dr","Louisville","KY","40216"
30474,"2806 Six Mile Ln","Louisville","KY","40220"
30475,"312 N 33rd St","Louisville","KY","40212"
30476,"1509 S 28th St","Louisville","KY","40211"
30477,"2412 Royster Way","Louisville","KY","40258"
30478,"4536 S 6th St","Louisville","KY","40214"
30479,"2320 Quinn Dr","Louisville","KY","40216"
30480,"217 Welburn Dr","Louisville","KY","40218"
30481,"1802 The Meadow Rd","Louisville","KY","40223"
30482,"12013 Donohue Ave","Louisville","KY","40243"
30483,"7505 Nancy Ln","Louisville","KY","40258"
30484,"12104 Log Cabin Ln","Louisville","KY","40223"
30485,"2714 Wendell Ave","Louisville","KY","40205"
30486,"7902 Bala Ct","Louisville","KY","40291"
30487,"5514 Shorewood Dr","Louisville","KY","40214"
30488,"4313 Arroyo Trl","Louisville","KY","40229"
30489,"2009 Challedon Way","Louisville","KY","40223"
30490,"10609 Easum Rd","Louisville","KY","40299"
30491,"4110 Mamaroneck Rd","Louisville","KY","40218"
30492,"8806 Doe Run Ct","Louisville","KY","40242"
30493,"302 Bramton Rd","Louisville","KY","40207"
30494,"9318 Cloverwood Ln","Louisville","KY","40291"
30495,"6320 Hackberry Way","Louisville","KY","40229"
30496,"10828 Hobbs Station Rd","Louisville","KY","40223"
30497,"5002 Cedar Brook Ct","Louisville","KY","40219"
30498,"154 State St","Louisville","KY","40206"
30499,"1606 Rosewood Ave","Louisville","KY","40204"
30500,"2502 Marguerite Dr","Louisville","KY","40216"
30501,"3300 Buckeye Ct","Louisville","KY","40216"
30502,"3601 Ten Broeck Way","Louisville","KY","40241"
30503,"14008 Echo Hill Trl","Louisville","KY","40299"
30504,"9906 Lakewood Dr","Louisville","KY","40272"
30505,"2500 Delores Dr","Louisville","KY","40216"
30506,"7410 Old North Church Rd","Louisville","KY","40214"
30507,"4910 Darnton Ln","Louisville","KY","40216"
30508,"8616 Michael Ray Dr","Louisville","KY","40219"
30509,"3017 Petty Jay Rd","Louisville","KY","40220"
30510,"2013 Dixie Hwy","Louisville","KY","40210"
30511,"2925 Chimney Rock Ln","Louisville","KY","40220"
30512,"8800 Abingdon Ct","Louisville","KY","40258"
30513,"1029 Seelbach Ave","Louisville","KY","40215"
30514,"4516 Pulaski Ct","Louisville","KY","40245"
30515,"2635 Whittier Ave","Louisville","KY","40205"
30516,"1902 Crossgate Ln","Louisville","KY","40222"
30517,"3810 Kirby Ln","Louisville","KY","40299"
30518,"2322 Thomas Ave","Louisville","KY","40216"
30519,"4322 Clarene Dr","Louisville","KY","40216"
30520,"8509 Fernview Dr","Louisville","KY","40291"
30521,"2334 W Kentucky St","Louisville","KY","40210"
30522,"356 Ridgeway Ave","Louisville","KY","40207"
30523,"1514 Norris Pl","Louisville","KY","40205"
30524,"4806 Valley Station Rd","Louisville","KY","40272"
30525,"3252 Ellis Way","Louisville","KY","40220"
30526,"3010 Roselawn Blvd","Louisville","KY","40220"
30527,"9508 Gateway Dr","Louisville","KY","40299"
30528,"315 Sage Rd","Louisville","KY","40207"
30529,"714 N 36th St","Louisville","KY","40212"
30530,"8222 Candleglow Ln","Louisville","KY","40214"
30531,"1888 Douglass Blvd","Louisville","KY","40205"
30532,"13 Hawthorn Hl","Louisville","KY","40204"
30533,"6707 Wyckoff Ct","Louisville","KY","40258"
30534,"1926 Floradora Dr","Louisville","KY","40272"
30535,"4109 Chambers Way","Louisville","KY","40299"
30536,"210 S Bayly Ave","Louisville","KY","40206"
30537,"3317 Wren Rd","Louisville","KY","40213"
30538,"5311 Adkins Rd","Louisville","KY","40219"
30539,"2027 Bruce Ave","Louisville","KY","40218"
30540,"6117 Middlerose Cir","Louisville","KY","40272"
30541,"5015 Rural Way","Louisville","KY","40218"
30542,"106 Fairlawn Rd","Louisville","KY","40207"
30543,"7208 Wood Briar Rd","Louisville","KY","40241"
30544,"414 Nickleby Way","Louisville","KY","40245"
30545,"7806 Barbour Manor Dr","Louisville","KY","40241"
30546,"7909 Gable Rd","Louisville","KY","40219"
30547,"3107 Thousand Oaks Dr","Louisville","KY","40205"
30548,"6104 Arlone Ct","Louisville","KY","40216"
30549,"10211 Allentree Pl","Louisville","KY","40229"
30550,"2111 Wrocklage Ave","Louisville","KY","40205"
30551,"9104 Bristol Ave","Louisville","KY","40220"
30552,"9609 Polaris Dr","Louisville","KY","40229"
30553,"11102 Foxgate Pl","Louisville","KY","40223"
30554,"4703 Conder Ave","Louisville","KY","40272"
30555,"5210 Windy Willow Dr","Louisville","KY","40241"
30556,"5403 Fruitwood Dr","Louisville","KY","40272"
30557,"3104 Creekside Dr","Louisville","KY","40241"
30558,"3749 Powell Ave","Louisville","KY","40215"
30559,"7716 Dominique Dr","Louisville","KY","40228"
30560,"12801 S Pope Lick Rd","Louisville","KY","40299"
30561,"11817 Dearing Woods Dr","Louisville","KY","40272"
30562,"3006 Blue Wing Ct","Louisville","KY","40216"
30563,"4115 Sirate Ln","Louisville","KY","40229"
30564,"110 Wooded Falls Rd","Louisville","KY","40243"
30565,"2600 Summerfield Dr","Louisville","KY","40220"
30566,"7503 Greenlawn Rd","Louisville","KY","40242"
30567,"14116 Willow Grove Way","Louisville","KY","40245"
30568,"8914 Reinhart Way","Louisville","KY","40220"
30569,"1032 E Saint Catherine St","Louisville","KY","40204"
30570,"6209 Richiewayne Dr","Louisville","KY","40219"
30571,"7904 Mary Sue Dr","Louisville","KY","40291"
30572,"6810 Triangle Dr","Louisville","KY","40214"
30573,"6911 Cedar Lake Ct","Louisville","KY","40291"
30574,"4207 Lucas Ct","Louisville","KY","40213"
30575,"15 Canterbury Dr","Louisville","KY","40220"
30576,"4123 Churchman Ave","Louisville","KY","40215"
30577,"7504 Saddle Horse Way","Louisville","KY","40291"
30578,"1773 W Lee St","Louisville","KY","40210"
30579,"2611 Lomond Dr","Louisville","KY","40216"
30580,"141 E Ashland Ave","Louisville","KY","40214"
30581,"509 Nickleby Pl","Louisville","KY","40245"
30582,"8610 Locust Ct","Louisville","KY","40242"
30583,"804 Edenwood Cir","Louisville","KY","40243"
30584,"1305 Southwestern Pkwy","Louisville","KY","40211"
30585,"4407 Mullaney Ct","Louisville","KY","40229"
30586,"7604 Hill Top Manor Rd","Louisville","KY","40214"
30587,"4003 Deer Creek Dr","Louisville","KY","40241"
30588,"4515 Freda Way","Louisville","KY","40272"
30589,"10903 Saint Rene Rd","Louisville","KY","40299"
30590,"5604 Greenwood Rd","Louisville","KY","40258"
30591,"354 El Conquistador Pl","Louisville","KY","40220"
30592,"10803 Golden Maple Pl","Louisville","KY","40223"
30593,"4701 Clarion Ct","Louisville","KY","40216"
30594,"1205 Bourbon Ave","Louisville","KY","40213"
30595,"7715 Fairmeadows Ln","Louisville","KY","40222"
30596,"3526 Kirby Ln","Louisville","KY","40299"
30597,"215 N 30th St","Louisville","KY","40212"
30598,"131 E Southern Heights Ave","Louisville","KY","40214"
30599,"5503 Crosswood Ct","Louisville","KY","40291"
30600,"5810 Cooper Chapel Rd","Louisville","KY","40229"
30601,"7007 Shareith Dr","Louisville","KY","40228"
30602,"3043 Rosedale Blvd","Louisville","KY","40220"
30603,"11411 Flowervale Ln","Louisville","KY","40272"
30604,"14908 Bircham Rd","Louisville","KY","40245"
30605,"6207 Morning Glory Ln","Louisville","KY","40258"
30606,"911 Rosemary Dr","Louisville","KY","40213"
30607,"3220 Eastside Dr","Louisville","KY","40220"
30608,"5506 Westhall Ave","Louisville","KY","40214"
30609,"2408 Pikes Peak Blvd","Louisville","KY","40214"
30610,"202 Lanark Pl","Louisville","KY","40243"
30611,"3900 Alton Rd","Louisville","KY","40207"
30612,"3405 Gonewind Dr","Louisville","KY","40299"
30613,"7505 Fort Sumter Ct","Louisville","KY","40214"
30614,"237 Fairfax Ave","Louisville","KY","40207"
30615,"3714 Chatham Rd","Louisville","KY","40218"
30616,"4908 Forest Park Dr","Louisville","KY","40219"
30617,"3231 Furman Blvd","Louisville","KY","40220"
30618,"3514 Marlin Dr","Louisville","KY","40299"
30619,"3257 Beals Branch Dr","Louisville","KY","40206"
30620,"4200 Hewitt Ave","Louisville","KY","40220"
30621,"1842 Nobel Pl","Louisville","KY","40216"
30622,"3816 Pinecroft Dr","Louisville","KY","40219"
30623,"6307 Linstead Rd","Louisville","KY","40228"
30624,"14412 Broad Oak Trce","Louisville","KY","40245"
30625,"2605 Alps Rd","Louisville","KY","40216"
30626,"504 Moser Rd","Louisville","KY","40223"
30627,"5501 Rosary Ct","Louisville","KY","40218"
30628,"5317 Dahl Rd","Louisville","KY","40213"
30629,"1023 E Oak St","Louisville","KY","40204"
30630,"514 Forum Ave","Louisville","KY","40214"
30631,"105 Scottsdale Blvd","Louisville","KY","40214"
30632,"9408 Aylesbury Dr","Louisville","KY","40242"
30633,"10337 Timberwood Cir","Louisville","KY","40223"
30634,"108 Spring Garden Dr","Louisville","KY","40218"
30635,"1630 S 25th St","Louisville","KY","40210"
30636,"10617 Torrington Rd","Louisville","KY","40272"
30637,"7004 Glendale Rd","Louisville","KY","40291"
30638,"9712 Scarborough Ave","Louisville","KY","40272"
30639,"8117 Jasmine Ln","Louisville","KY","40228"
30640,"8009 Ferndale Rd","Louisville","KY","40291"
30641,"10703 Blackwood Rd","Louisville","KY","40299"
30642,"5371 New Cut Rd","Louisville","KY","40214"
30643,"8903 Acushnet Rd","Louisville","KY","40242"
30644,"2214 Stowers Ln","Louisville","KY","40216"
30645,"3414 Bonaventure Blvd","Louisville","KY","40219"
30646,"8218 Vaughn Mill Rd","Louisville","KY","40228"
30647,"835 Linwood Ave","Louisville","KY","40217"
30648,"836 Reading Rd","Louisville","KY","40217"
30649,"7214 Wood Briar Rd","Louisville","KY","40241"
30650,"2601 Summerfield Dr","Louisville","KY","40220"
30651,"9001 Hurstwood Ct","Louisville","KY","40222"
30652,"3029 Roselawn Blvd","Louisville","KY","40220"
30653,"8207 Devonshire Dr","Louisville","KY","40258"
30654,"4911 Abstain Ct","Louisville","KY","40218"
30655,"1020 Rosemary Dr","Louisville","KY","40213"
30656,"1620 Thornberry Ave","Louisville","KY","40215"
30657,"229 Moser Rd","Louisville","KY","40223"
30658,"9100 Wooddale Dr","Louisville","KY","40272"
30659,"4520 Milbarb Ln","Louisville","KY","40216"
30660,"514 Wallace Ave","Louisville","KY","40207"
30661,"6803 Jumper Ct","Louisville","KY","40291"
30662,"6500 Green Manor Dr","Louisville","KY","40228"
30663,"2328 Payne St","Louisville","KY","40206"
30664,"4302 Saint Regis Ln","Louisville","KY","40220"
30665,"2212 Flat Rock Rd","Louisville","KY","40245"
30666,"514 Kentucky Ave","Louisville","KY","40222"
30667,"3004 Don Dee Dr","Louisville","KY","40220"
30668,"518 Wainwright Ave","Louisville","KY","40217"
30669,"12310 Ridge Crest Dr","Louisville","KY","40243"
30670,"337 S 42nd St","Louisville","KY","40212"
30671,"4011 Deer Creek Dr","Louisville","KY","40241"
30672,"816 Foxwood Ave","Louisville","KY","40223"
30673,"810 E Washington St","Louisville","KY","40206"
30674,"2007 Challedon Way","Louisville","KY","40223"
30675,"1225 Weller Ave","Louisville","KY","40208"
30676,"904 Ramsgate Ct","Louisville","KY","40299"
30677,"119 Marshall Dr","Louisville","KY","40207"
30678,"8101 Lacevine Rd","Louisville","KY","40220"
30679,"8806 Juniper Springs Pl","Louisville","KY","40242"
30680,"8711 Gorham Ct","Louisville","KY","40291"
30681,"9927 Winged Foot Dr","Louisville","KY","40223"
30682,"3505 Wheeler Ave","Louisville","KY","40215"
30683,"1035 Mulberry St","Louisville","KY","40217"
30684,"4103 Mud Ln","Louisville","KY","40229"
30685,"4033 Brookfield Ave","Louisville","KY","40207"
30686,"10500 Saint Rene Rd","Louisville","KY","40299"
30687,"1105 Fenley Ave","Louisville","KY","40222"
30688,"8804 High Point Cir","Louisville","KY","40299"
30689,"9809 Oakshire Dr","Louisville","KY","40299"
30690,"3707 Hanover Rd","Louisville","KY","40207"
30691,"3 Hawthorn Hl","Louisville","KY","40204"
30692,"2910 Falmouth Dr","Louisville","KY","40205"
30693,"5718 Dorinda Dr","Louisville","KY","40258"
30694,"7538 Merlyn Cir","Louisville","KY","40214"
30695,"4513 Estate Dr","Louisville","KY","40216"
30696,"4721 S Rutland Ave","Louisville","KY","40215"
30697,"503 Leicester Cir","Louisville","KY","40222"
30698,"11900 Berry Hill Rd","Louisville","KY","40243"
30699,"2313 Pikes Peak Blvd","Louisville","KY","40214"
30700,"3109 Creekside Dr","Louisville","KY","40241"
30701,"6801 Barbrook Rd","Louisville","KY","40258"
30702,"1695 Harold Ave","Louisville","KY","40210"
30703,"3810 Baymeadow Dr","Louisville","KY","40258"
30704,"4835 Partridge Run","Louisville","KY","40213"
30705,"2305 Millers Ln","Louisville","KY","40216"
30706,"9803 Winged Foot Dr","Louisville","KY","40223"
30707,"4011 Bellflower Dr","Louisville","KY","40219"
30708,"304 Cornwallis Ct","Louisville","KY","40214"
30709,"603 Macon Ave","Louisville","KY","40207"
30710,"1112 Donard Park Ave","Louisville","KY","40218"
30711,"9113 Pine Lake Dr","Louisville","KY","40220"
30712,"208 W Southland Blvd","Louisville","KY","40214"
30713,"5339 Rollingwood Trl","Louisville","KY","40214"
30714,"3908 Riveroaks Ln","Louisville","KY","40241"
30715,"5108 Patterson Dr","Louisville","KY","40219"
30716,"10412 Edgewater Rd","Louisville","KY","40223"
30717,"889 Minoma Ave","Louisville","KY","40217"
30718,"9011 Hurstwood Ct","Louisville","KY","40222"
30719,"3104 Morning Park Ct","Louisville","KY","40220"
30720,"10922 Hobbs Station Rd","Louisville","KY","40223"
30721,"4207 Winchester Rd","Louisville","KY","40207"
30722,"2813 Tyson Pl","Louisville","KY","40218"
30723,"1838 Farnsley Rd","Louisville","KY","40216"
30724,"2508 Carolina Ave","Louisville","KY","40205"
30725,"801 Greenspur Ln","Louisville","KY","40207"
30726,"1610 Cristland Rd","Louisville","KY","40214"
30727,"2904 Klondike Ln","Louisville","KY","40218"
30728,"1212 Becker Ave","Louisville","KY","40213"
30729,"3625 Del Park Ter","Louisville","KY","40211"
30730,"4022 Blossomwood Dr","Louisville","KY","40220"
30731,"11805 Dearing Woods Dr","Louisville","KY","40272"
30732,"4816 Raven Rd","Louisville","KY","40213"
30733,"124 Weisser Ave","Louisville","KY","40206"
30734,"111 Old Towne Rd","Louisville","KY","40214"
30735,"3121 Eagle Pass","Louisville","KY","40213"
30736,"1615 Cristland Rd","Louisville","KY","40214"
30737,"2204 Bell Tavern Ct","Louisville","KY","40207"
30738,"7512 Gerald Ave","Louisville","KY","40258"
30739,"5402 Pueblo Rd","Louisville","KY","40207"
30740,"7507 Pimlico Dr","Louisville","KY","40214"
30741,"1911 Buttonwood Rd","Louisville","KY","40222"
30742,"5311 Oakcreek Ln","Louisville","KY","40291"
30743,"618 Creel Ave","Louisville","KY","40208"
30744,"3712 Glenmeade Rd","Louisville","KY","40218"
30745,"10300 Lark Park Dr","Louisville","KY","40299"
30746,"1300 Gallant Fox Run Rd","Louisville","KY","40242"
30747,"3503 Janell Rd","Louisville","KY","40216"
30748,"9112 Preston Hwy","Louisville","KY","40219"
30749,"7710 Glaser Ln","Louisville","KY","40228"
30750,"2132 Crittenden Dr","Louisville","KY","40217"
30751,"6909 Applegate Ln","Louisville","KY","40228"
30752,"12406 Brightfield Dr","Louisville","KY","40243"
30753,"9001 Leslee Ct","Louisville","KY","40229"
30754,"214 Militia Dr","Louisville","KY","40214"
30755,"8104 Tonya Ct","Louisville","KY","40214"
30756,"916 Lone Tree Ct","Louisville","KY","40223"
30757,"6005 Pageant Way","Louisville","KY","40214"
30758,"5006 Mile Of Sunshine Dr","Louisville","KY","40219"
30759,"1815 Kline Ct","Louisville","KY","40205"
30760,"2415 Mahan Dr","Louisville","KY","40299"
30761,"5109 Robbs Ln","Louisville","KY","40219"
30762,"3107 Teal Ave","Louisville","KY","40213"
30763,"3129 Widgeon Ave","Louisville","KY","40213"
30764,"1217 Tallow Ln","Louisville","KY","40214"
30765,"7312 Ridge Creek Rd","Louisville","KY","40291"
30766,"3714 Downing Way","Louisville","KY","40218"
30767,"5615 Alicante Ln","Louisville","KY","40272"
30768,"8010 Harrod Wood Ct","Louisville","KY","40291"
30769,"2502 Brownsboro Rd","Louisville","KY","40206"
30770,"4011 Woodgate Ln","Louisville","KY","40220"
30771,"6709 Fallen Leaf Cir","Louisville","KY","40241"
30772,"321 Bramton Rd","Louisville","KY","40207"
30773,"7201 Greenlawn Rd","Louisville","KY","40222"
30774,"667 S 41st St","Louisville","KY","40211"
30775,"1808 Knollwood Rd","Louisville","KY","40207"
30776,"9025 Brandywyne Dr","Louisville","KY","40291"
30777,"907 S 43rd St","Louisville","KY","40211"
30778,"4119 Hillview Ave","Louisville","KY","40216"
30779,"9807 East Ave","Louisville","KY","40272"
30780,"11710 Robinlynn Ln","Louisville","KY","40243"
30781,"2312 Steeplechase Dr","Louisville","KY","40299"
30782,"10608 Sycamore Ct","Louisville","KY","40223"
30783,"10421 Scarlet Oak Ct","Louisville","KY","40241"
30784,"4200 Windy Oaks Rd","Louisville","KY","40241"
30785,"1360 Ouerbacker Ct","Louisville","KY","40208"
30786,"3417 Fern Lea Rd","Louisville","KY","40216"
30787,"2240 Saratoga Dr","Louisville","KY","40205"
30788,"6901 Monty Ln","Louisville","KY","40291"
30789,"5803 Bucks Ln","Louisville","KY","40291"
30790,"4217 Alton Rd","Louisville","KY","40207"
30791,"2527 Veronica Dr","Louisville","KY","40216"
30792,"10918 Elda Dr","Louisville","KY","40229"
30793,"11915 Garr Ave","Louisville","KY","40223"
30794,"2005 The Meadow Rd","Louisville","KY","40223"
30795,"1959 Lewiston Dr","Louisville","KY","40216"
30796,"1332 Bluegrass Ave","Louisville","KY","40215"
30797,"6905 Roseborough Ct","Louisville","KY","40228"
30798,"639 S 27th St","Louisville","KY","40211"
30799,"3517 Courtney Rd","Louisville","KY","40214"
30800,"8410 Happiness Way","Louisville","KY","40291"
30801,"6717 Musket Dr","Louisville","KY","40228"
30802,"4515 Trey Ct","Louisville","KY","40220"
30803,"1226 Milton St","Louisville","KY","40217"
30804,"3203 Tara Gale Dr","Louisville","KY","40216"
30805,"3708 Hycliffe Ave","Louisville","KY","40207"
30806,"6010 Athens Dr","Louisville","KY","40219"
30807,"5523 Ridgecrest Rd","Louisville","KY","40218"
30808,"12505 Brightfield Dr","Louisville","KY","40243"
30809,"3413 Susanna Dr","Louisville","KY","40213"
30810,"2625 Valletta Rd","Louisville","KY","40205"
30811,"26 Poplar Hill Rd","Louisville","KY","40207"
30812,"2016 Marilee Dr","Louisville","KY","40272"
30813,"9113 Split Rail Dr","Louisville","KY","40272"
30814,"8902 Bingham Dr","Louisville","KY","40242"
30815,"1702 Bolling Ave","Louisville","KY","40210"
30816,"601 Wickfield Dr","Louisville","KY","40245"
30817,"320 Penruth Ave","Louisville","KY","40207"
30818,"10304 Plains Ct","Louisville","KY","40223"
30819,"514 Oak Branch Rd","Louisville","KY","40245"
30820,"1423 Walter Ave","Louisville","KY","40215"
30821,"7818 Joyce Dr","Louisville","KY","40219"
30822,"5306 Indian Crest Rd","Louisville","KY","40207"
30823,"419 Blankenbaker Ln","Louisville","KY","40207"
30824,"8407 Coach Way","Louisville","KY","40272"
30825,"6710 Fenwick Dr","Louisville","KY","40228"
30826,"2714 Foxy Poise Rd","Louisville","KY","40220"
30827,"2307 Donna Rd","Louisville","KY","40216"
30828,"3707 Endeavor Way","Louisville","KY","40219"
30829,"2608 Oregon Ave","Louisville","KY","40210"
30830,"2911 Springdale Rd","Louisville","KY","40206"
30831,"117 Cambridge Dr","Louisville","KY","40214"
30832,"6200 Timmy Ct","Louisville","KY","40219"
30833,"1112 Windsong Way","Louisville","KY","40207"
30834,"4108 Rivanna Dr","Louisville","KY","40299"
30835,"4320 Haney Way","Louisville","KY","40272"
30836,"813 Vannah Ave","Louisville","KY","40223"
30837,"2402 Lexford Ct","Louisville","KY","40242"
30838,"3313 Richelle Dr","Louisville","KY","40216"
30839,"10347 Timberwood Cir","Louisville","KY","40223"
30840,"1405 Hess Ln","Louisville","KY","40217"
30841,"1236 Lydia St","Louisville","KY","40217"
30842,"2400 Fallsview Rd","Louisville","KY","40207"
30843,"1256 Lipps Ln","Louisville","KY","40219"
30844,"4004 S 1st St","Louisville","KY","40214"
30845,"4509 Yager Ln","Louisville","KY","40241"
30846,"1520 Hawkshead Ln","Louisville","KY","40220"
30847,"4101 Pixley Way","Louisville","KY","40219"
30848,"3104 Mylanta Pl","Louisville","KY","40220"
30849,"3903 Norbourne Blvd","Louisville","KY","40207"
30850,"312 Foeburn Ln","Louisville","KY","40207"
30851,"8103 Barbour Manor Dr","Louisville","KY","40241"
30852,"11323 Prince George Ct","Louisville","KY","40241"
30853,"11505 Pierce Way","Louisville","KY","40272"
30854,"52 Pauline Rd","Louisville","KY","40206"
30855,"830 N Pope Lick Rd","Louisville","KY","40243"
30856,"3102 Mylanta Pl","Louisville","KY","40220"
30857,"8405 Smithton Rd","Louisville","KY","40219"
30858,"1038 Edward Ave","Louisville","KY","40204"
30859,"2721 Shannon Dr","Louisville","KY","40220"
30860,"10706 Helmsdale Ln","Louisville","KY","40243"
30861,"417 Trinity Hills Ln","Louisville","KY","40207"
30862,"7600 White Post Way","Louisville","KY","40220"
30863,"2212 Sieger Villa Ct","Louisville","KY","40218"
30864,"8711 Raintree Dr","Louisville","KY","40220"
30865,"2824 Langdon Dr","Louisville","KY","40241"
30866,"5319 Rookwood Ave","Louisville","KY","40218"
30867,"1202 Holly Springs Dr","Louisville","KY","40242"
30868,"2023 Eastern Pkwy","Apt 3","Louisville",
30869,"631 Alger Ave","Louisville","KY","40214"
30870,"6706 Falls Creek Rd","Louisville","KY","40241"
30871,"4350 Accomack Dr","Louisville","KY","40241"
30872,"4831 Brenda Dr","Louisville","KY","40219"
30873,"4500 Amerivan Ct","Louisville","KY","40299"
30874,"5400 Crambrook Ave","Louisville","KY","40272"
30875,"136 Claremont Ave","Louisville","KY","40206"
30876,"741 Woodmore Ave","Louisville","KY","40214"
30877,"6305 Gayle Dr","Louisville","KY","40219"
30878,"6708 Fallen Leaf Cir","Louisville","KY","40241"
30879,"1251 Cleo Ave","Louisville","KY","40213"
30880,"11321 Leesburg Pl","Louisville","KY","40241"
30881,"9815 Cypress Creek Dr","Louisville","KY","40241"
30882,"2706 Duncan St","Louisville","KY","40212"
30883,"3609 Hunsinger Ln","Louisville","KY","40220"
30884,"7825 Rochelle Rd","Louisville","KY","40228"
30885,"2121 Duncan St","Louisville","KY","40212"
30886,"604 Upland Rd","Louisville","KY","40206"
30887,"4506 Exeter Ave","Louisville","KY","40218"
30888,"1903 Taffeta Dr","Louisville","KY","40272"
30889,"12001 Rustburg Ct","Louisville","KY","40245"
30890,"8808 Mountain Brook Dr","Louisville","KY","40272"
30891,"7902 Deronia Ave","Louisville","KY","40222"
30892,"7000 Dougy Way","Louisville","KY","40219"
30893,"8306 Regency Woods Way","Louisville","KY","40220"
30894,"45 Sterling Rd","Louisville","KY","40220"
30895,"5011 Marjorie Dr","Louisville","KY","40229"
30896,"4914 Andalusia Ln","Louisville","KY","40272"
30897,"919 Stone St","Louisville","KY","40217"
30898,"3428 W Kentucky St","Louisville","KY","40211"
30899,"2332 Alta Ave","Louisville","KY","40205"
30900,"159 Mills Dr","Louisville","KY","40216"
30901,"1926 Goldsmith Ln","Unit 63","Louisville",
30902,"212 N Hite Ave","Louisville","KY","40206"
30903,"3619 Johnston Way","Louisville","KY","40220"
30904,"815 Exmoor Ave","Louisville","KY","40223"
30905,"6105 Upper Hunters Trce","Louisville","KY","40216"
30906,"944 Eastern Pkwy","Louisville","KY","40217"
30907,"7907 Broadfern Dr","Louisville","KY","40291"
30908,"3012 Carson Way","Louisville","KY","40205"
30909,"10612 Stonebreaker Rd","Louisville","KY","40291"
30910,"1643 Bonnycastle Ave","Louisville","KY","40205"
30911,"8400 Saint Andrews Church Rd","Louisville","KY","40258"
30912,"4807 Bold Ct","Louisville","KY","40218"
30913,"429 Eline Ave","Louisville","KY","40207"
30914,"5402 Durhamtree Pl","Louisville","KY","40229"
30915,"2127 Edgeland Ave","Louisville","KY","40204"
30916,"2128 Wallie Ann Ct","Louisville","KY","40210"
30917,"3318 Endeavor Way","Louisville","KY","40219"
30918,"2521 Paddock Ln","Louisville","KY","40216"
30919,"4909 Dee Rd","Louisville","KY","40219"
30920,"2313 Janlyn Rd","Louisville","KY","40299"
30921,"142 Fenley Ave","Louisville","KY","40206"
30922,"4001 Laurelwood Ave","Louisville","KY","40220"
30923,"10425 Black Iron Rd","Louisville","KY","40291"
30924,"1609 Forest Hill Dr","Louisville","KY","40205"
30925,"1810 Chaucer Ct","Louisville","KY","40220"
30926,"10514 Hillpark Dr","Louisville","KY","40229"
30927,"2002 Indian Chute","Louisville","KY","40207"
30928,"2417 Douglass Blvd","Louisville","KY","40205"
30929,"2926 Virginia Ave","Louisville","KY","40211"
30930,"112 Gardiner Lake Rd","Louisville","KY","40205"
30931,"8604 Staghorn Dr","Louisville","KY","40242"
30932,"4103 Springhill Rd","Louisville","KY","40207"
30933,"10619 Stonebreaker Rd","Louisville","KY","40291"
30934,"10539 Black Iron Rd","Louisville","KY","40291"
30935,"405 Bruner Hill Rd","Louisville","KY","40243"
30936,"9211 Tangley Ln","Louisville","KY","40242"
30937,"3608 Brookhollow Dr","Louisville","KY","40220"
30938,"222 Fairmeade Rd","Louisville","KY","40207"
30939,"6920 Ambridge Cir","Louisville","KY","40207"
30940,"9823 Galene Dr","Louisville","KY","40299"
30941,"4607 Shenandoah Dr","Louisville","KY","40241"
30942,"5619 Mary Ellen Dr","Louisville","KY","40214"
30943,"10000 Clydesdale Ct","Louisville","KY","40223"
30944,"1136 Audubon Pkwy","Louisville","KY","40213"
30945,"8515 Seaforth Dr","Louisville","KY","40258"
30946,"11 Canterbury Dr","Louisville","KY","40220"
30947,"8904 Bingham Dr","Louisville","KY","40242"
30948,"561 Eastern Pkwy","Apt 1","Louisville",
30949,"2612 Woodsdale Ave","Louisville","KY","40220"
30950,"7418 Terry Rd","Louisville","KY","40258"
30951,"7909 Deronia Ave","Louisville","KY","40222"
30952,"10521 Black Iron Rd","Louisville","KY","40291"
30953,"4904 Simpson Dr","Louisville","KY","40218"
30954,"1917 Lowell Ave","Louisville","KY","40205"
30955,"1225 Lincoln Ave","Louisville","KY","40208"
30956,"6005 Apex Dr","Louisville","KY","40219"
30957,"2407 Ridgeview Ave","Louisville","KY","40220"
30958,"3818 Illinois Ave","Louisville","KY","40213"
30959,"205 N Madison Ave","Louisville","KY","40243"
30960,"3710 Chevy Chase Rd","Louisville","KY","40218"
30961,"600 Upland Rd","Louisville","KY","40206"
30962,"509 Foxgate Rd","Louisville","KY","40223"
30963,"310 Alcott Rd","Louisville","KY","40207"
30964,"1608 Cristland Rd","Louisville","KY","40214"
30965,"1796 Wilart Dr","Louisville","KY","40210"
30966,"1218 Weller Ave","Louisville","KY","40208"
30967,"325 Shawnee Dr","Louisville","KY","40212"
30968,"4102 Moray Ct","Louisville","KY","40216"
30969,"248 Norbourne Blvd","Louisville","KY","40207"
30970,"2727 Maxey Ln","Louisville","KY","40245"
30971,"1713 Dundee Way","Louisville","KY","40205"
30972,"1521 Woodluck Ave","Louisville","KY","40205"
30973,"10415 Long Home Rd","Louisville","KY","40291"
30974,"236 Alpha Ave","Louisville","KY","40218"
30975,"7222 Uranus Dr","Louisville","KY","40258"
30976,"5404 Random Way","Louisville","KY","40291"
30977,"314 N 29th St","Louisville","KY","40212"
30978,"701 Creel Ave","Louisville","KY","40208"
30979,"1226 Wolfe Ave","Louisville","KY","40213"
30980,"307 Bramton Rd","Louisville","KY","40207"
30981,"5921 Cole Ave","Louisville","KY","40258"
30982,"2709 Colonel Dr","Louisville","KY","40242"
30983,"3721 Longview Rd","Louisville","KY","40299"
30984,"6113 Gloria Ln","Louisville","KY","40213"
30985,"14612 Woodstream Pl","Louisville","KY","40245"
30986,"5106 Sprucewood Dr","Louisville","KY","40291"
30987,"3103 Lencott Dr","Louisville","KY","40216"
30988,"2100 Crums Ln","Louisville","KY","40216"
30989,"17205 Creek Ridge Rd","Louisville","KY","40245"
30990,"1935 Gardiner Ln","Apt F86","Louisville",
30991,"2806 Kennersley Dr","Louisville","KY","40242"
30992,"1725 Casselberry Rd","Louisville","KY","40205"
30993,"5305 W Pages Ln","Louisville","KY","40258"
30994,"309 Oread Rd","Louisville","KY","40207"
30995,"2430 Weber Ln","Louisville","KY","40216"
30996,"2829 Ashfield Ln","Louisville","KY","40220"
30997,"12934 Wooded Forest Rd","Louisville","KY","40243"
30998,"7806 Cooper Chapel Rd","Louisville","KY","40229"
30999,"11309 Pencross Ct","Louisville","KY","40223"
31000,"4304 Saint Rene Ct","Louisville","KY","40299"
31001,"2612 Frankfort Ave","Louisville","KY","40206"
31002,"1443 Belmar Dr","Louisville","KY","40213"
31003,"3009 Wayne Rd","Louisville","KY","40216"
31004,"3531 Huon Dr","Louisville","KY","40218"
31005,"7109 Blazier Ct","Louisville","KY","40228"
31006,"8907 Provincetown Pl","Louisville","KY","40242"
31007,"3607 Canterbury Dr","Louisville","KY","40299"
31008,"1852 San Jose Ave","Louisville","KY","40216"
31009,"1859 Woodfill Way","Louisville","KY","40205"
31010,"223 Marshall Dr","Louisville","KY","40207"
31011,"1716 Fraser Dr","Louisville","KY","40205"
31012,"213 S Hite Ave","Louisville","KY","40206"
31013,"5504 Halstead Ave","Louisville","KY","40213"
31014,"1106 Schiller Ave","Louisville","KY","40204"
31015,"2104 Oregon Ave","Louisville","KY","40210"
31016,"132 Dale Ct","Louisville","KY","40229"
31017,"3709 Nanz Ave","Louisville","KY","40207"
31018,"326 Monohan Dr","Louisville","KY","40207"
31019,"300 Short Rd","Louisville","KY","40207"
31020,"4711 Fox Den Ct","Louisville","KY","40241"
31021,"111 Hillcrest Ave","Louisville","KY","40206"
31022,"1527 Wurtele Ave","Louisville","KY","40208"
31023,"1108 English Ave","Louisville","KY","40217"
31024,"11100 Lehr Rd","Louisville","KY","40272"
31025,"9011 Collingwood Rd","Louisville","KY","40299"
31026,"3923 Massie Ave","Louisville","KY","40207"
31027,"2023 Wingfield Ave","Louisville","KY","40210"
31028,"3949 Massie Ave","Louisville","KY","40207"
31029,"4521 Estate Dr","Louisville","KY","40216"
31030,"9427 Fairground Rd","Louisville","KY","40291"
31031,"7901 Bluebonnet Rd","Louisville","KY","40258"
31032,"7206 Windemere Dr","Louisville","KY","40214"
31033,"10013 Plaudit Way","Louisville","KY","40272"
31034,"1413 Homeview Dr","Louisville","KY","40215"
31035,"1906 Dove Creek Blvd","Louisville","KY","40242"
31036,"7003 Johnsontown Rd","Louisville","KY","40272"
31037,"2515 Crums Ln","Louisville","KY","40216"
31038,"9511 Maple Rd","Louisville","KY","40229"
31039,"5806 Brandywyne Ct","Louisville","KY","40291"
31040,"6603 North Dr","Louisville","KY","40272"
31041,"147 Outer Loop","Louisville","KY","40214"
31042,"9204 Wooddale Dr","Louisville","KY","40272"
31043,"2121 Woodford Pl","Louisville","KY","40205"
31044,"4009 Smallboat Ct","Louisville","KY","40229"
31045,"7514 Mallard Dr","Louisville","KY","40258"
31046,"3906 Tuesday Way","Louisville","KY","40219"
31047,"10207 Falling Tree Way","Louisville","KY","40223"
31048,"314 N Madison Ave","Louisville","KY","40243"
31049,"4103 Gingerwood Dr","Louisville","KY","40220"
31050,"4002 Stoneview Dr","Apt 4","Louisville",
31051,"10407 Scarlet Oak Ct","Louisville","KY","40241"
31052,"6903 Chippenham Rd","Louisville","KY","40222"
31053,"3502 Hillsboro Ct","Louisville","KY","40207"
31054,"12413 Tamworth Ct","Louisville","KY","40299"
31055,"9371 Loch Lea Ln","Louisville","KY","40291"
31056,"701 Stivers Rd","Louisville","KY","40207"
31057,"4148 Fordson Way","Louisville","KY","40211"
31058,"4608 Lunenburg Dr","Louisville","KY","40245"
31059,"2323 Burrell Dr","Louisville","KY","40216"
31060,"1848 Heaton Rd","Louisville","KY","40216"
31061,"2404 Kings Cross Ct","Louisville","KY","40272"
31062,"2909 Aspendale Ct","Louisville","KY","40241"
31063,"4104 Naomi Dr","Louisville","KY","40219"
31064,"5708 Coach Gate Wynde","Louisville","KY","40207"
31065,"3706 Bashford Ave","Louisville","KY","40218"
31066,"7300 Quail Ridge Rd","Louisville","KY","40291"
31067,"11011 Eagles Cove Dr","Louisville","KY","40241"
31068,"1925 Richmond Dr","Louisville","KY","40205"
31069,"8825 Fairground Rd","Louisville","KY","40291"
31070,"1800 Fust Ave","Louisville","KY","40216"
31071,"703 Ahland Rd","Louisville","KY","40207"
31072,"8200 Limehouse Ln","Louisville","KY","40220"
31073,"5602 Pine Tree Dr","Louisville","KY","40219"
31074,"2502 Parliament Ct","Louisville","KY","40272"
31075,"100 Old Towne Rd","Louisville","KY","40214"
31076,"420 Cherrywood Rd","Louisville","KY","40207"
31077,"10206 Statia Lynn Ct","Louisville","KY","40223"
31078,"8712 Running Fox Cir","Louisville","KY","40291"
31079,"4215 Vermont Ave","Louisville","KY","40211"
31080,"2542 Carolina Ave","Louisville","KY","40205"
31081,"4146 Cane Run Rd","Louisville","KY","40216"
31082,"2113 Ashcraft Ln","Louisville","KY","40242"
31083,"2243 Talbott Ave","Louisville","KY","40205"
31084,"4715 Kitty Hawk Way","Louisville","KY","40207"
31085,"2433 Valletta Rd","Louisville","KY","40205"
31086,"3418 Gonewind Dr","Louisville","KY","40299"
31087,"3001 Rockford Ln","Louisville","KY","40216"
31088,"2627 Mccoy Way","Louisville","KY","40205"
31089,"8704 Bards Ct","Louisville","KY","40299"
31090,"3007 Greenup Rd","Louisville","KY","40217"
31091,"4404 Parker Ave","Louisville","KY","40212"
31092,"1115 Clayborne Rd","Louisville","KY","40214"
31093,"8406 Fernview Dr","Louisville","KY","40291"
31094,"2547 Dell Rd","Louisville","KY","40205"
31095,"11008 Eagles Cove Dr","Louisville","KY","40241"
31096,"6001 Windsong Ct","Louisville","KY","40207"
31097,"3503 Endeavor Way","Louisville","KY","40219"
31098,"3112 Sora Ave","Louisville","KY","40213"
31099,"4004 Northwestern Pkwy","Louisville","KY","40212"
31100,"218 Choctaw Rd","Louisville","KY","40207"
31101,"10910 Blackwood Rd","Louisville","KY","40299"
31102,"4805 Bold Ct","Louisville","KY","40218"
31103,"4608 Grandview Dr","Louisville","KY","40216"
31104,"301 S Evergreen Rd","Louisville","KY","40243"
31105,"2924 Beaumont Rd","Louisville","KY","40205"
31106,"3012 Flair Knoll Dr","Louisville","KY","40216"
31107,"407 Fellswood Pl","Louisville","KY","40243"
31108,"3506 Brookhollow Dr","Louisville","KY","40220"
31109,"7811 Edsel Ln","Louisville","KY","40291"
31110,"4324 Accomack Dr","Louisville","KY","40241"
31111,"2634 Landor Ave","Louisville","KY","40205"
31112,"10710 Water Oaks Ct","Louisville","KY","40241"
31113,"11401 Halifax Dr","Louisville","KY","40241"
31114,"2108 Mammoth Way","Louisville","KY","40299"
31115,"4002 Mud Ln","Louisville","KY","40229"
31116,"3503 Ripple Creek Dr","Louisville","KY","40229"
31117,"3610 Brookhollow Dr","Louisville","KY","40220"
31118,"6006 Crossbeak Ct","Louisville","KY","40229"
31119,"12317 Springmeadow Dr","Louisville","KY","40229"
31120,"4800 Guy Dr","Louisville","KY","40258"
31121,"11011 Benson Ln","Louisville","KY","40272"
31122,"10710 Blackwood Rd","Louisville","KY","40299"
31123,"2503 Steeplechase Dr","Louisville","KY","40299"
31124,"4515 Wolfspring Dr","Louisville","KY","40241"
31125,"1001 Golden Maple Cv","Louisville","KY","40223"
31126,"7068 Wildwood Cir","Apt 147","Louisville",
31127,"3078 University Rd","Louisville","KY","40206"
31128,"3611 Brownsboro Rd","Apt 3A","Louisville",
31129,"8110 Kerry Rd","Louisville","KY","40258"
31130,"600 Brookstone Way","Louisville","KY","40223"
31131,"1610 Stafford Ave","Louisville","KY","40216"
31132,"10600 Grafton Hall Rd","Louisville","KY","40272"
31133,"3108 Brownhurst Cove Rd","Louisville","KY","40241"
31134,"1007 Dixon Ave","Louisville","KY","40217"
31135,"10704 Deshane Pl","Louisville","KY","40272"
31136,"7900 Canonero Way","Louisville","KY","40291"
31137,"4906 Clarmar Rd","Louisville","KY","40299"
31138,"929 Ardmore Dr","Louisville","KY","40217"
31139,"4007 Melda Ln","Louisville","KY","40219"
31140,"8002 Afterglow Dr","Louisville","KY","40214"
31141,"4410 Century Rd","Louisville","KY","40299"
31142,"3427 Heatherfield Dr","Louisville","KY","40216"
31143,"10214 Eve Dr","Louisville","KY","40272"
31144,"142 Mohawk Ave","Louisville","KY","40214"
31145,"806 Circle Hill Rd","Louisville","KY","40207"
31146,"4004 Ralph Ave","Louisville","KY","40211"
31147,"1325 Winter Ave","Louisville","KY","40204"
31148,"3816 Blanton Ln","Louisville","KY","40216"
31149,"4912 Andalusia Ln","Louisville","KY","40272"
31150,"132 Crews Dr","Louisville","KY","40218"
31151,"7006 Gorham Way","Louisville","KY","40291"
31152,"1832 W Hill St","Louisville","KY","40210"
31153,"8611 Wintergreen Ct","Louisville","KY","40242"
31154,"1724 Grenade Ave","Louisville","KY","40213"
31155,"2427 Aintree Way","Louisville","KY","40220"
31156,"2227 W Madison St","Louisville","KY","40211"
31157,"3106 Teal Ave","Louisville","KY","40213"
31158,"5005 Marjorie Dr","Louisville","KY","40229"
31159,"1407 Oxmoor Woods Pkwy","Louisville","KY","40222"
31160,"555 Northwestern Pkwy","Louisville","KY","40212"
31161,"10901 Foxgate Ct","Louisville","KY","40223"
31162,"3904 Norbourne Blvd","Louisville","KY","40207"
31163,"1307 Abbeywood Rd","Louisville","KY","40222"
31164,"4430 Lynnview Dr","Louisville","KY","40216"
31165,"1704 Grenade Ave","Louisville","KY","40213"
31166,"4904 Southside Dr","Louisville","KY","40214"
31167,"8025 N Blake Ln","Louisville","KY","40258"
31168,"9416 Chambers Way","Louisville","KY","40229"
31169,"1330 Arling Ave","Louisville","KY","40215"
31170,"4889 Brenda Dr","Louisville","KY","40219"
31171,"2620 Wendell Ave","Louisville","KY","40205"
31172,"1707 Sheridan Ave","Louisville","KY","40213"
31173,"1210 Carrico Ave","Louisville","KY","40215"
31174,"3210 Bon Air Ave","Louisville","KY","40220"
31175,"1705 Dundee Way","Louisville","KY","40205"
31176,"11005 Fox Moore Ct","Louisville","KY","40223"
31177,"912 Delor Ave","Louisville","KY","40217"
31178,"10207 Garlanreid Pl","Louisville","KY","40223"
31179,"301 S Birchwood Ave","Louisville","KY","40206"
31180,"9205 Trenta Ln","Louisville","KY","40291"
31181,"43 Narwood Dr","Louisville","KY","40299"
31182,"8705 Loch Lea Ln","Louisville","KY","40299"
31183,"1225 Bates Ct","Louisville","KY","40204"
31184,"954 Eastern Pkwy","Louisville","KY","40217"
31185,"3109 Morning Park Ct","Louisville","KY","40220"
31186,"8011 Osborne Dr","Louisville","KY","40222"
31187,"4709 Tivis Ct","Louisville","KY","40218"
31188,"1412 Blue Vale Way","Louisville","KY","40222"
31189,"300 Fall Harvest Ct","Louisville","KY","40223"
31190,"323 Alcott Rd","Louisville","KY","40207"
31191,"9110 Old Six Mile Ln","Louisville","KY","40299"
31192,"17521 Aiken Rd","Louisville","KY","40245"
31193,"276 Circle Valley Dr","Louisville","KY","40229"
31194,"7010 Glendale Rd","Louisville","KY","40291"
31195,"9500 Fairground Rd","Louisville","KY","40291"
31196,"5308 Tahia Dr","Louisville","KY","40216"
31197,"4003 Leland Rd","Louisville","KY","40207"
31198,"1058 Runell Rd","Louisville","KY","40214"
31199,"11508 Woodridge Dr","Louisville","KY","40272"
31200,"7711 Adam Steven Cir","Louisville","KY","40220"
31201,"1807 Cypress St","Louisville","KY","40210"
31202,"3303 Colonial Manor Cir","Unit 1B","Louisville",
31203,"12520 Live Oak Dr","Louisville","KY","40243"
31204,"4810 Famous Way","Louisville","KY","40219"
31205,"404 Olde Glouchester Cv","Louisville","KY","40214"
31206,"4901 Paramount Dr","Louisville","KY","40258"
31207,"10108 Ledbury Way","Louisville","KY","40223"
31208,"7004 Elysean Ct","Louisville","KY","40291"
31209,"2321 Winston Ave","Louisville","KY","40205"
31210,"1605 Cypress St","Louisville","KY","40210"
31211,"7090 Wildwood Cir","Apt 36","Louisville",
31212,"9018 John Paul Ct","Louisville","KY","40229"
31213,"4400 Windy Oaks Rd","Louisville","KY","40241"
31214,"4225 Bay Pointe Dr","Louisville","KY","40241"
31215,"3741 Essex Rd","Louisville","KY","40220"
31216,"405 Jarvis Ln","Louisville","KY","40207"
31217,"3003 Morning Park Pl","Louisville","KY","40220"
31218,"704 Iroquois Ave","Louisville","KY","40214"
31219,"3734 Warren Ave","Louisville","KY","40215"
31220,"10306 Long Barn Ct","Louisville","KY","40291"
31221,"1710 Windsor Pl","Louisville","KY","40204"
31222,"8305 Glaser Ln","Louisville","KY","40291"
31223,"4708 Kitty Hawk Way","Louisville","KY","40207"
31224,"3611 Pirogue Rd","Louisville","KY","40299"
31225,"1201 Castlewood Ave","Louisville","KY","40204"
31226,"11905 Berry Hill Rd","Louisville","KY","40243"
31227,"4905 Libby Ln","Louisville","KY","40272"
31228,"8509 Moody Rd","Louisville","KY","40219"
31229,"127 Wildwood Ln","Louisville","KY","40223"
31230,"3749 Lentz Ave","Louisville","KY","40215"
31231,"6420 Camp Ground Rd","Louisville","KY","40216"
31232,"310 Plaza Ave","Louisville","KY","40218"
31233,"1833 Stevens Ave","Louisville","KY","40205"
31234,"308 S 28th St","Louisville","KY","40212"
31235,"3828 Elmwood Ave","Louisville","KY","40207"
31236,"1113 S Chesley Dr","Louisville","KY","40219"
31237,"6304 Hackberry Way","Louisville","KY","40229"
31238,"1512 Sable Wing Cir","Louisville","KY","40223"
31239,"4721 Wolfcreek Pkwy","Louisville","KY","40241"
31240,"4602 Stormon Ct","Louisville","KY","40220"
31241,"4109 Rivanna Dr","Louisville","KY","40299"
31242,"4309 Chambers Way","Louisville","KY","40299"
31243,"2810 Rockhaven Ave","Louisville","KY","40220"
31244,"3908 Bantam Ct","Louisville","KY","40218"
31245,"615 Floral Ter","Louisville","KY","40208"
31246,"1204 Sale Ave","Louisville","KY","40215"
31247,"7924 Annella Way","Louisville","KY","40219"
31248,"7384 Wolfspring Trce","Louisville","KY","40241"
31249,"813 Brentwood Ave","Louisville","KY","40215"
31250,"1514 S 30th St","Louisville","KY","40211"
31251,"4203 Rivanna Dr","Louisville","KY","40299"
31252,"1605 Helmridge Ct","Louisville","KY","40222"
31253,"1104 Timber Oak Dr","Louisville","KY","40223"
31254,"1416 Lynnhurst Ave","Louisville","KY","40215"
31255,"2223 Farnsley Rd","Louisville","KY","40216"
31256,"5504 Hempstead Rd","Louisville","KY","40207"
31257,"3109 Gambriel Ct","Louisville","KY","40205"
31258,"8218 Rochelle Rd","Louisville","KY","40228"
31259,"2208 Cherian Dr","Louisville","KY","40299"
31260,"202 Thompson Ave","Louisville","KY","40206"
31261,"9104 Lyneve Dr","Louisville","KY","40272"
31262,"8906 Morning Park Dr","Louisville","KY","40220"
31263,"2012 Beech St","Louisville","KY","40210"
31264,"9805 Boxford Ct","Louisville","KY","40242"
31265,"13010 Beeston Blvd","Louisville","KY","40272"
31266,"8099 Regency Woods Way","Louisville","KY","40220"
31267,"4412 S 8th St","Louisville","KY","40215"
31268,"10705 High Grove Pl","Louisville","KY","40223"
31269,"3319 Cawein Way","Louisville","KY","40220"
31270,"4806 Hat Ct","Louisville","KY","40291"
31271,"3116 Roselawn Blvd","Louisville","KY","40220"
31272,"853 Blossom Rd","Louisville","KY","40229"
31273,"13314 Dixie Hwy","Louisville","KY","40272"
31274,"10806 Onandaga Ct","Louisville","KY","40229"
31275,"10417 Black Iron Rd","Louisville","KY","40291"
31276,"4714 S 3rd St","Louisville","KY","40214"
31277,"6900 Fernhaven Rd","Louisville","KY","40228"
31278,"7305 Lora Dr","Louisville","KY","40214"
31279,"1020 Baxter Ave","Louisville","KY","40204"
31280,"8809 Morning Park Dr","Louisville","KY","40220"
31281,"4903 Dee Rd","Louisville","KY","40219"
31282,"10215 El Coco Ct","Louisville","KY","40291"
31283,"145 Nelida Way","Louisville","KY","40229"
31284,"3108 Morning Park Ct","Louisville","KY","40220"
31285,"1767 Dixdale Ave","Louisville","KY","40210"
31286,"2419 Landrum Ave","Louisville","KY","40216"
31287,"2104 Eastern Pkwy","Louisville","KY","40204"
31288,"1903 Addington Ave","Louisville","KY","40220"
31289,"4314 Westport Ter","Louisville","KY","40207"
31290,"3107 Auburn Cir","Louisville","KY","40299"
31291,"2613 Foxy Poise Rd","Louisville","KY","40220"
31292,"2913 Rio Rita Ave","Louisville","KY","40220"
31293,"9800 East Ave","Louisville","KY","40272"
31294,"3424 Pemaquid Rd","Louisville","KY","40218"
31295,"3319 Stratford Ave","Louisville","KY","40218"
31296,"4008 Deer Creek Dr","Louisville","KY","40241"
31297,"4006 Glen Valley Rd","Louisville","KY","40219"
31298,"1415 E Washington St","Louisville","KY","40206"
31299,"406 Sam Dr","Louisville","KY","40214"
31300,"2615 Broadmeade Rd","Louisville","KY","40205"
31301,"2801 Sheila Dr","Louisville","KY","40220"
31302,"4003 Wooded Way","Louisville","KY","40219"
31303,"4513 Sedgefield Ct","Louisville","KY","40216"
31304,"2231 Wendell Ave","Louisville","KY","40205"
31305,"6219 Bethany Ln","Louisville","KY","40272"
31306,"8613 Cotswold Dr","Louisville","KY","40258"
31307,"829 Brentwood Ave","Louisville","KY","40215"
31308,"6605 Tottenham Rd","Louisville","KY","40207"
31309,"178 Broadland Ct","Louisville","KY","40229"
31310,"3315 Dean Dr","Louisville","KY","40220"
31311,"3622 Johnston Way","Louisville","KY","40220"
31312,"140 Seneca Trl","Louisville","KY","40214"
31313,"7213 Betsy Ross Dr","Louisville","KY","40272"
31314,"3410 Janell Rd","Louisville","KY","40216"
31315,"4804 Burkhead Ave","Louisville","KY","40258"
31316,"510 Lyndale Ave","Louisville","KY","40222"
31317,"5004 Cliffwood Rd","Louisville","KY","40222"
31318,"10915 Torrington Rd","Louisville","KY","40272"
31319,"5115 Invicta Dr","Louisville","KY","40216"
31320,"4709 Huckleberry Ct","Louisville","KY","40216"
31321,"3302 Conway Ct","Louisville","KY","40299"
31322,"2930 White Plains Rd","Louisville","KY","40218"
31323,"8115 Gloxinia Dr","Louisville","KY","40258"
31324,"2403 Colonel Dr","Louisville","KY","40242"
31325,"3005 Greenup Rd","Louisville","KY","40217"
31326,"604 Orchard Hill Dr","Louisville","KY","40214"
31327,"1652 Dixdale Ave","Louisville","KY","40210"
31328,"165 N Keats Ave","Louisville","KY","40206"
31329,"5000 Ramona Ln","Louisville","KY","40272"
31330,"4542 Old Hazelwood Ave","Louisville","KY","40214"
31331,"4412 Rivanna Dr","Louisville","KY","40299"
31332,"9013 Wanlou Dr","Louisville","KY","40272"
31333,"3804 Warner Ave","Louisville","KY","40207"
31334,"1435 S 8th St","Louisville","KY","40208"
31335,"4414 Raven Ridge Dr","Louisville","KY","40216"
31336,"2608 Crums Ln","Louisville","KY","40216"
31337,"2717 Sheila Dr","Louisville","KY","40220"
31338,"9704 Sue Helen Dr","Louisville","KY","40299"
31339,"1608 Story Ave","Louisville","KY","40206"
31340,"4317 Taylorsville Rd","Louisville","KY","40220"
31341,"6518 Daverman Ct","Louisville","KY","40228"
31342,"1627 Nightingale Rd","Louisville","KY","40213"
31343,"4126 S 5th St","Louisville","KY","40214"
31344,"806 Foxwood Ave","Louisville","KY","40223"
31345,"9 Welby Rd","Louisville","KY","40216"
31346,"2728 W Chestnut St","Louisville","KY","40211"
31347,"1424 Falcon Dr","Louisville","KY","40213"
31348,"200 Kennedy Ave","Louisville","KY","40206"
31349,"8212 Limehouse Ln","Louisville","KY","40220"
31350,"1703 Limehouse Ct","Louisville","KY","40220"
31351,"6701 Kingslook Ct","Louisville","KY","40207"
31352,"7521 Newton Dr","Louisville","KY","40228"
31353,"10602 Emma Jean Way","Louisville","KY","40272"
31354,"4403 Mann Ave","Louisville","KY","40215"
31355,"4909 Invicta Dr","Louisville","KY","40216"
31356,"5206 Matterhorn Ct","Louisville","KY","40216"
31357,"1409 S 28th St","Louisville","KY","40211"
31358,"824 Iroquois Ave","Louisville","KY","40214"
31359,"2703 Butler Rd","Louisville","KY","40216"
31360,"3225 Five Oaks Pl","Louisville","KY","40207"
31361,"231 Southwestern Pkwy","Louisville","KY","40212"
31362,"200 S Steedland Dr","Louisville","KY","40229"
31363,"6614 El Toro Ct","Louisville","KY","40291"
31364,"155 Spring Lake Ct","Louisville","KY","40229"
31365,"6114 Julie Kays Way","Louisville","KY","40258"
31366,"5601 Random Way","Louisville","KY","40291"
31367,"10000 Plaudit Way","Louisville","KY","40272"
31368,"520 N 29th St","Louisville","KY","40212"
31369,"6713 Green Manor Dr","Louisville","KY","40228"
31370,"8304 Tallow Ct","Louisville","KY","40214"
31371,"9717 Caven Ave","Louisville","KY","40229"
31372,"3208 Wilkie Rd","Louisville","KY","40216"
31373,"501 Cherry Point Dr","Louisville","KY","40243"
31374,"3103 Furman Blvd","Louisville","KY","40220"
31375,"3426 Lexington Rd","Louisville","KY","40207"
31376,"8705 Timberline Dr","Louisville","KY","40291"
31377,"12310 Springmeadow Dr","Louisville","KY","40229"
31378,"1872 Princeton Dr","Louisville","KY","40205"
31379,"7714 Crestline Rd","Louisville","KY","40214"
31380,"1506 Central Ave","Louisville","KY","40208"
31381,"4815 Simpson Dr","Louisville","KY","40218"
31382,"2521 Neblett Ave","Louisville","KY","40216"
31383,"5907 Ashby Ln","Louisville","KY","40272"
31384,"1760 Dixdale Ave","Louisville","KY","40210"
31385,"7501 Cane Run Rd","Louisville","KY","40258"
31386,"7626 Deer Meadow Dr","Louisville","KY","40241"
31387,"4729 Lunenburg Dr","Louisville","KY","40245"
31388,"605 Plainview Terrace Dr","Louisville","KY","40223"
31389,"4709 Marcy Ave","Louisville","KY","40272"
31390,"10101 Saint Rene Rd","Louisville","KY","40299"
31391,"2219 Wrocklage Ave","Louisville","KY","40205"
31392,"10111 Merioneth Dr","Louisville","KY","40299"
31393,"914 Livingston Ave","Louisville","KY","40215"
31394,"906 Girard Dr","Louisville","KY","40222"
31395,"1817 Yale Dr","Louisville","KY","40205"
31396,"10800 Torrington Rd","Louisville","KY","40272"
31397,"7607 Buena Vista Ct","Louisville","KY","40219"
31398,"7802 Brewer Dr","Louisville","KY","40258"
31399,"7002 Rock Hollow Dr","Louisville","KY","40219"
31400,"604 Foxgate Rd","Louisville","KY","40223"
31401,"3202 Maple Rd","Louisville","KY","40299"
31402,"7302 Old North Church Rd","Louisville","KY","40214"
31403,"9926 East Ave","Louisville","KY","40272"
31404,"2405 Glenmary Ave","Apt 2","Louisville",
31405,"3000 Lynnwood Way","Louisville","KY","40299"
31406,"4314 Saint Regis Ln","Louisville","KY","40220"
31407,"5704 Applegate Ln","Louisville","KY","40219"
31408,"4301 Dannywood Rd","Louisville","KY","40220"
31409,"4602 Southridge Dr","Louisville","KY","40272"
31410,"368 Dale Rd","Louisville","KY","40229"
31411,"3703 Nanz Ave","Louisville","KY","40207"
31412,"3807 Meadow Haven Rd","Louisville","KY","40218"
31413,"2010 Mary Catherine Dr","Louisville","KY","40216"
31414,"17015 Camberwell Ct","Louisville","KY","40245"
31415,"7422 Crawfordshire Ln","Louisville","KY","40220"
31416,"9407 3rd Street Rd","Louisville","KY","40272"
31417,"8523 Glaser Ln","Louisville","KY","40291"
31418,"4720 Unseld Blvd","Louisville","KY","40218"
31419,"4105 Machupe Dr","Louisville","KY","40241"
31420,"2814 Milburn Ave","Louisville","KY","40220"
31421,"228 Stilz Ave","Louisville","KY","40206"
31422,"6306 Doe Run Rd","Louisville","KY","40216"
31423,"2223 Hawthorne Ave","Louisville","KY","40205"
31424,"1351 Gilmore Ln","Louisville","KY","40213"
31425,"1105 Red Fox Rd","Louisville","KY","40205"
31426,"5008 Constance Dr","Louisville","KY","40272"
31427,"5617 Cynthia Dr","Louisville","KY","40291"
31428,"1628 Clara Ave","Louisville","KY","40215"
31429,"8215 Arnoldtown Rd","Louisville","KY","40214"
31430,"12506 Kirkham Rd","Louisville","KY","40299"
31431,"11103 Foxbrook Ct","Louisville","KY","40223"
31432,"14302 Wakefield Pl","Louisville","KY","40245"
31433,"2236 Saratoga Dr","Louisville","KY","40205"
31434,"4607 Yocumshire Dr","Louisville","KY","40299"
31435,"1211 Girard Dr","Louisville","KY","40222"
31436,"6902 Mariemont Dr","Louisville","KY","40291"
31437,"1821 Mary Catherine Dr","Louisville","KY","40216"
31438,"1514 Cardinal Dr","Louisville","KY","40213"
31439,"4009 Altawood Ct","Louisville","KY","40245"
31440,"1515 Sable Wing Cir","Louisville","KY","40223"
31441,"610 Dorsey Way","Louisville","KY","40223"
31442,"1903 Charbdin Pl","Louisville","KY","40207"
31443,"8104 Bohannon Station Rd","Louisville","KY","40291"
31444,"4422 Eagles Cove Ct","Louisville","KY","40241"
31445,"4705 E Manslick Rd","Louisville","KY","40219"
31446,"8805 Mountain Brook Dr","Louisville","KY","40272"
31447,"8503 Denise Dr","Louisville","KY","40219"
31448,"1607 Grey Owl Ct","Louisville","KY","40223"
31449,"12306 Springmeadow Dr","Louisville","KY","40229"
31450,"8805 Halford Way","Louisville","KY","40299"
31451,"3531 Wexford Dr","Louisville","KY","40218"
31452,"8603 Image Way","Louisville","KY","40299"
31453,"14508 Deercross Pl","Louisville","KY","40245"
31454,"8617 Bluebell Dr","Louisville","KY","40219"
31455,"8800 Hagner Dr","Louisville","KY","40258"
31456,"5402 Regent Way","Louisville","KY","40218"
31457,"483 Overlook Rd","Louisville","KY","40229"
31458,"3713 Powell Ave","Louisville","KY","40215"
31459,"8012 Bluebonnet Rd","Louisville","KY","40258"
31460,"45 Hill Rd","# B","Louisville",
31461,"6123 Gailbreath Ave","Louisville","KY","40219"
31462,"6416 Sherlock Way","Louisville","KY","40228"
31463,"1900 Wesley Ave","Louisville","KY","40220"
31464,"10804 Onandaga Ct","Louisville","KY","40229"
31465,"9202 Sue Helen Dr","Louisville","KY","40299"
31466,"4516 Wolfspring Dr","Louisville","KY","40241"
31467,"2424 Aintree Way","Louisville","KY","40220"
31468,"9003 Waltlee Rd","Louisville","KY","40291"
31469,"9705 Anita Blvd","Louisville","KY","40272"
31470,"1504 Lynn Way","Louisville","KY","40222"
31471,"633 S 37th St","Louisville","KY","40211"
31472,"2736 Hollywood Ter","Louisville","KY","40206"
31473,"6409 Moorhaven Dr","Louisville","KY","40228"
31474,"256 Stonehenge Dr","Apt 102","Louisville",
31475,"1314 Debarr St","Louisville","KY","40204"
31476,"1715 Cloverbrook Dr","Louisville","KY","40215"
31477,"803 S 45th St","Louisville","KY","40211"
31478,"6609 Falling Star Dr","Louisville","KY","40272"
31479,"5505 Random Way","Louisville","KY","40291"
31480,"4200 Schuwey Ct","Louisville","KY","40207"
31481,"4339 Whitmore Ave","Louisville","KY","40215"
31482,"5809 Southland Ter","Louisville","KY","40214"
31483,"4517 Meridale Ave","Louisville","KY","40214"
31484,"5510 Applegate Ln","Louisville","KY","40219"
31485,"340 Kenilworth Rd","Louisville","KY","40206"
31486,"1348 S 1st St","Louisville","KY","40208"
31487,"231 Briarwood Ln","Louisville","KY","40229"
31488,"4409 Holly Tree Dr","Louisville","KY","40241"
31489,"204 Beckley Woods Dr","Louisville","KY","40245"
31490,"1120 Eastern Pkwy","Louisville","KY","40217"
31491,"5605 Chestnutwood Way","Louisville","KY","40272"
31492,"3531 Powell Ave","Louisville","KY","40215"
31493,"2503 Paddock Ln","Louisville","KY","40216"
31494,"505 Coachouse Ct","Louisville","KY","40223"
31495,"856 Linwood Ave","Louisville","KY","40217"
31496,"2806 Conroy Pl","Louisville","KY","40218"
31497,"7619 Cove Dr","Louisville","KY","40291"
31498,"5110 Firwood Ln","Louisville","KY","40291"
31499,"4611 Wolfcreek Pkwy","Louisville","KY","40241"
31500,"3845 Vermont Ave","Louisville","KY","40211"
31501,"6416 Regal Rd","Louisville","KY","40222"
31502,"1012 Burning Springs Dr","Louisville","KY","40223"
31503,"4001 Altawood Ct","Louisville","KY","40245"
31504,"8402 Lou Ct","Louisville","KY","40219"
31505,"10504 Black Iron Rd","Louisville","KY","40291"
31506,"9209 Lakeridge Dr","Louisville","KY","40272"
31507,"12406 Somerset Dr","Louisville","KY","40229"
31508,"8403 Acme Way","Louisville","KY","40219"
31509,"520 Willow Stone Way","Louisville","KY","40223"
31510,"1716 W Gaulbert Ave","Louisville","KY","40210"
31511,"307 Coralberry Rd","Louisville","KY","40207"
31512,"515 Foxwick Ct","Louisville","KY","40223"
31513,"6594 Patricia Way","Louisville","KY","40219"
31514,"3503 Peleske Dr","Louisville","KY","40216"
31515,"8607 Sardis Way","Louisville","KY","40228"
31516,"7506 Greenwood Rd","Louisville","KY","40258"
31517,"7603 Northern Spy Ct","Louisville","KY","40228"
31518,"4905 Axtell Ave","Louisville","KY","40258"
31519,"291 Haldeman Ave","Louisville","KY","40206"
31520,"1915 Nocturne Dr","Louisville","KY","40272"
31521,"1535 Knight Rd","Louisville","KY","40216"
31522,"10707 English Oak Ct","Louisville","KY","40241"
31523,"6203 Player Dr","Louisville","KY","40258"
31524,"5901 Jenness Ct","Louisville","KY","40222"
31525,"3917 Layside Dr","Louisville","KY","40220"
31526,"999 Bluegrass Ave","Louisville","KY","40215"
31527,"2834 Slevin St","Louisville","KY","40212"
31528,"8608 Windsor View Dr","Louisville","KY","40272"
31529,"6727 Fordham Ln","Louisville","KY","40291"
31530,"812 Reading Rd","Louisville","KY","40217"
31531,"4412 Cavelle Ave","Louisville","KY","40213"
31532,"11015 Lunenburg Ct","Louisville","KY","40245"
31533,"5110 Gathwright Dr","Louisville","KY","40218"
31534,"1306 Rammers Ave","Louisville","KY","40204"
31535,"1269 Parkway Gardens Ct","Apt 104","Louisville",
31536,"3505 Winterberry Cir","Louisville","KY","40207"
31537,"315 Chenoweth Ln","Louisville","KY","40207"
31538,"2818 Avenue","of the Woods","Louisville",
31539,"309 Hemingway Rd","Louisville","KY","40207"
31540,"2433 Hawthorne Ave","Louisville","KY","40205"
31541,"103 N 42nd St","Louisville","KY","40212"
31542,"1703 Youngland Ave","Louisville","KY","40216"
31543,"9243 Saint Moritz Dr","Louisville","KY","40291"
31544,"4151 Southern Pkwy","Louisville","KY","40214"
31545,"11309 Frenchrone Dr","Louisville","KY","40272"
31546,"7622 Old Salem Rd","Louisville","KY","40242"
31547,"111 W Kenwood Way","Louisville","KY","40214"
31548,"2811 Rowan St","Louisville","KY","40212"
31549,"667 Southwestern Pkwy","Louisville","KY","40211"
31550,"329 S Hubbards Ln","Louisville","KY","40207"
31551,"4604 Shenandoah Dr","Louisville","KY","40241"
31552,"8407 Burlingame Rd","Louisville","KY","40219"
31553,"7802 Albrecht Cir","Louisville","KY","40241"
31554,"403 Breckenridge Ln","Louisville","KY","40207"
31555,"8113 Limehouse Ln","Louisville","KY","40220"
31556,"1421 E Washington St","Louisville","KY","40206"
31557,"14404 Broad Oak Pl","Louisville","KY","40245"
31558,"3205 Brownsboro Rd","Louisville","KY","40206"
31559,"133 Bonner Ave","Louisville","KY","40207"
31560,"277 S Skyline Dr","Louisville","KY","40229"
31561,"5516 Garrow Ave","Louisville","KY","40219"
31562,"7202 Wimstock Ave","Louisville","KY","40272"
31563,"7720 Chet Ln","Louisville","KY","40214"
31564,"5706 Midnight Ln","Louisville","KY","40229"
31565,"209 Westwood Dr","Louisville","KY","40243"
31566,"326 Mockingbird Hill Rd","Louisville","KY","40207"
31567,"2808 Kosmar Ct","Louisville","KY","40242"
31568,"10110 Old Preston Hwy","Louisville","KY","40229"
31569,"1202 S 43rd St","Louisville","KY","40211"
31570,"4715 Lacarem Dr","Louisville","KY","40299"
31571,"311 Hidden Oak Way","Louisville","KY","40222"
31572,"7110 Wood Briar Rd","Louisville","KY","40241"
31573,"3202 Penhurst Dr","Louisville","KY","40216"
31574,"10948 Old Harrods Woods Cir","Louisville","KY","40223"
31575,"6911 Sparky Way","Louisville","KY","40228"
31576,"5928 Midnight Ln","Louisville","KY","40229"
31577,"1120 Ridge Line Dr","Louisville","KY","40207"
31578,"1205 Bates Ave","Louisville","KY","40219"
31579,"1817 S 23rd St","Louisville","KY","40210"
31580,"2649 Kings Hwy","Louisville","KY","40205"
31581,"5902 W Pages Ln","Louisville","KY","40258"
31582,"5305 Cranwood Ln","Louisville","KY","40291"
31583,"7915 Columbine Dr","Louisville","KY","40258"
31584,"917 Lake Forest Pkwy","Louisville","KY","40245"
31585,"3002 Morning Park Pl","Louisville","KY","40220"
31586,"1644 Stafford Ave","Louisville","KY","40216"
31587,"279 Overlook Rd","Louisville","KY","40229"
31588,"220 Welburn Dr","Louisville","KY","40218"
31589,"3606 Calais Dr","Louisville","KY","40299"
31590,"3208 Mildred Dr","Louisville","KY","40216"
31591,"1219 Belmar Dr","Louisville","KY","40213"
31592,"4209 Monticello Ave","Louisville","KY","40218"
31593,"2502 Harmony Rd","Louisville","KY","40299"
31594,"2802 Mayford Way","Louisville","KY","40220"
31595,"10805 Milwaukee Way","Louisville","KY","40272"
31596,"9400 Walhampton Dr","Louisville","KY","40242"
31597,"3351 Peachtree Ave","Louisville","KY","40215"
31598,"3723 Warren Ave","Louisville","KY","40215"
31599,"4040 Glenhurst Ave","Louisville","KY","40216"
31600,"7519 Clipping Cross Rd","Louisville","KY","40241"
31601,"2247 Mary Catherine Dr","Louisville","KY","40216"
31602,"3901 Springhill Rd","Louisville","KY","40207"
31603,"8409 Saint George Ln","Louisville","KY","40220"
31604,"3424 Pflanz Ave","Louisville","KY","40212"
31605,"7212 Kort Way","Louisville","KY","40220"
31606,"8206 Bohannon Station Rd","Louisville","KY","40291"
31607,"617 N 28th St","Louisville","KY","40212"
31608,"3044 Nadina Dr","Louisville","KY","40220"
31609,"4037 Lomond Dr","Louisville","KY","40216"
31610,"2220 Wadsworth Ave","Louisville","KY","40205"
31611,"2902 Abigail Dr","Apt 2","Louisville",
31612,"2229 Cherokee Pkwy","Apt D","Louisville",
31613,"4319 S 3rd St","Louisville","KY","40214"
31614,"4708 Laramie Ct","Louisville","KY","40216"
31615,"331 N 20th St","Louisville","KY","40203"
31616,"627 S 39th St","Louisville","KY","40211"
31617,"4512 Micklenburg Ct","Louisville","KY","40245"
31618,"19 Hawthorn Hl","Louisville","KY","40204"
31619,"1502 Hawkshead Ln","Louisville","KY","40220"
31620,"2206 Alta Ave","Louisville","KY","40205"
31621,"608 Cobblestone Sq","Louisville","KY","40223"
31622,"9017 Fawn Ct","Louisville","KY","40242"
31623,"3423 Dearcy Ave","Louisville","KY","40215"
31624,"278 Salisbury Sq","Apt 102","Louisville",
31625,"1013 Brookline Ave","Louisville","KY","40215"
31626,"4124 Craig Ave","Louisville","KY","40215"
31627,"8300 Linda Rd","Louisville","KY","40219"
31628,"423 Oxford Pl","Louisville","KY","40207"
31629,"12309 Ridgemont Rd","Louisville","KY","40229"
31630,"5606 Oakridge Pl","Louisville","KY","40229"
31631,"8304 Cloverport Dr","Louisville","KY","40228"
31632,"4414 Lincoln Rd","Louisville","KY","40220"
31633,"7810 Crown Top Rd","Louisville","KY","40241"
31634,"3903 S 5th St","Louisville","KY","40214"
31635,"6007 Childers Ln","Louisville","KY","40258"
31636,"218 Mccready Ave","Louisville","KY","40206"
31637,"4031 Saint Ives Ct","Louisville","KY","40207"
31638,"6004 Loretta St","Louisville","KY","40213"
31639,"14113 Glendower Dr","Louisville","KY","40245"
31640,"1533 Rosewood Ave","Louisville","KY","40204"
31641,"510 Foxwick Ct","Louisville","KY","40223"
31642,"5513 Branston Dr","Louisville","KY","40216"
31643,"349 Circle Valley Dr","Louisville","KY","40229"
31644,"3332 Breaux Dr","Louisville","KY","40220"
31645,"9311 Talitha Dr","Louisville","KY","40299"
31646,"2608 Frankfort Ave","Louisville","KY","40206"
31647,"4225 Cutliff Dr","Louisville","KY","40218"
31648,"7206 Ben Franklin Ct","Louisville","KY","40214"
31649,"11500 Fisherman Way","Louisville","KY","40241"
31650,"209 Cambridge Dr","Louisville","KY","40214"
31651,"9902 Bentford Dr","Louisville","KY","40272"
31652,"225 Dublin Cir","Louisville","KY","40229"
31653,"418 Lyndon Ln","Louisville","KY","40222"
31654,"1208 E Kentucky St","Louisville","KY","40204"
31655,"519 Grand Vista Pl","Louisville","KY","40243"
31656,"6804 Nalery Way","Louisville","KY","40228"
31657,"10119 Brentlinger Ln","Louisville","KY","40291"
31658,"1725 Gresham Rd","Louisville","KY","40205"
31659,"10910 Shetland Pl","Louisville","KY","40243"
31660,"9208 Collingwood Rd","Louisville","KY","40299"
31661,"4710 Vagabond Ln","Louisville","KY","40219"
31662,"4312 Rondean Dr","Louisville","KY","40216"
31663,"2606 Kennersley Dr","Louisville","KY","40242"
31664,"407 Flat Rock Rd","Louisville","KY","40245"
31665,"308 Fox Run Rd","Louisville","KY","40207"
31666,"7911 Tolls Ln","Louisville","KY","40214"
31667,"8609 Cheffield Dr","Louisville","KY","40222"
31668,"1265 Cherokee Rd","Louisville","KY","40204"
31669,"8309 Terry Rd","Louisville","KY","40258"
31670,"517 M St","Louisville","KY","40208"
31671,"4830 Bellevue Ave","Louisville","KY","40215"
31672,"3209 Dublin Ln","Louisville","KY","40206"
31673,"111 Claremont Ave","Louisville","KY","40206"
31674,"7805 Vaughn Mill Rd","Louisville","KY","40228"
31675,"311 Summit Ct","Louisville","KY","40243"
31676,"4415 Holly Tree Dr","Louisville","KY","40241"
31677,"1097 Springview Dr","Louisville","KY","40219"
31678,"9002 Linn Station Rd","Louisville","KY","40222"
31679,"7620 Deer Meadow Dr","Louisville","KY","40241"
31680,"3228 Broeck Pointe Cir","Louisville","KY","40241"
31681,"1741 Newburg Rd","Apt 3","Louisville",
31682,"3931 Elmwood Ave","Louisville","KY","40207"
31683,"612 Wickfield Dr","Louisville","KY","40245"
31684,"1208 Hogarth Dr","Louisville","KY","40222"
31685,"8407 Saint George Ln","Louisville","KY","40220"
31686,"5209 Chasewood Pl","Louisville","KY","40229"
31687,"2303 Osage Ave","Louisville","KY","40210"
31688,"521 Saguaro Dr","Louisville","KY","40229"
31689,"316 S Bayly Ave","Louisville","KY","40206"
31690,"2602 Gardiner Ln","Louisville","KY","40205"
31691,"1903 Lonlipman Ct","Louisville","KY","40207"
31692,"4006 Sirate Ln","Louisville","KY","40229"
31693,"4502 Arroyo Trl","Louisville","KY","40229"
31694,"8501 Glendale Trce","Louisville","KY","40291"
31695,"1711 Glenview Pl","Louisville","KY","40216"
31696,"1116 Ridge Line Dr","Louisville","KY","40207"
31697,"4942 Winding Spring Cir","Louisville","KY","40245"
31698,"7409 Keisler Way","Louisville","KY","40222"
31699,"10400 Grafton Hall Rd","Louisville","KY","40272"
31700,"6816 Creston Dr","Louisville","KY","40258"
31701,"4310 Flintlock Dr","Louisville","KY","40216"
31702,"2722 Avenue","of the Woods","Louisville",
31703,"7816 Marie Anna Dr","Louisville","KY","40258"
31704,"740 Greenridge Ln","Louisville","KY","40207"
31705,"12407 Somerset Dr","Louisville","KY","40229"
31706,"4703 Unseld Blvd","Louisville","KY","40218"
31707,"8915 Gutenberg Rd","Louisville","KY","40299"
31708,"8601 Ferndale Rd","Louisville","KY","40291"
31709,"5307 Chenoweth Park Ln","Louisville","KY","40291"
31710,"8005 Broadfern Dr","Louisville","KY","40291"
31711,"4003 Riveroaks Ln","Louisville","KY","40241"
31712,"10608 Stonebreaker Rd","Louisville","KY","40291"
31713,"313 S 38th St","Louisville","KY","40212"
31714,"1204 Old Cannons Ln","Louisville","KY","40207"
31715,"3107 Talisman Rd","Louisville","KY","40220"
31716,"8402 Happiness Way","Louisville","KY","40291"
31717,"3307 La Follette Dr","Louisville","KY","40299"
31718,"5300 Galaxie Dr","Louisville","KY","40258"
31719,"7804 Crown Top Rd","Louisville","KY","40241"
31720,"1036 Eastern Pkwy","Louisville","KY","40217"
31721,"2400 Aintree Way","Louisville","KY","40220"
31722,"10608 Black Iron Rd","Louisville","KY","40291"
31723,"10705 Black Iron Rd","Louisville","KY","40291"
31724,"7419 Paiute Rd","Louisville","KY","40214"
31725,"658 N 29th St","Louisville","KY","40212"
31726,"3113 Hunsinger Blvd","Louisville","KY","40220"
31727,"2142 Lytle St","Louisville","KY","40212"
31728,"7904 Judge Blvd","Louisville","KY","40219"
31729,"6304 Moorhaven Dr","Louisville","KY","40228"
31730,"4407 Brookhaven Ave","Louisville","KY","40220"
31731,"11101 Chapel Hill Rd","Louisville","KY","40229"
31732,"8907 William Penn Way","Louisville","KY","40228"
31733,"3602 Shannon Run Trl","Louisville","KY","40299"
31734,"9916 3rd Street Rd","Louisville","KY","40272"
31735,"10519 Black Iron Rd","Louisville","KY","40291"
31736,"8612 Charing Cross Rd","Louisville","KY","40222"
31737,"5712 Maldon Dr","Louisville","KY","40216"
31738,"4823 Fielding Way","Louisville","KY","40216"
31739,"6809 Tottenham Rd","Louisville","KY","40207"
31740,"1029 Minor Ln","Louisville","KY","40219"
31741,"6402 Kenjoy Dr","Louisville","KY","40214"
31742,"3012 Beaumont Rd","Louisville","KY","40205"
31743,"1805 Ashmoor Ln","Louisville","KY","40223"
31744,"275 Smith Ln","Louisville","KY","40229"
31745,"3417 Westwood Farms Dr","Louisville","KY","40220"
31746,"1423 Hobart Dr","Louisville","KY","40216"
31747,"7509 Manslick Rd","Louisville","KY","40214"
31748,"5521 Kasey Way","Louisville","KY","40291"
31749,"3532 Winchester Rd","Louisville","KY","40207"
31750,"6311 Tioga Rd","Louisville","KY","40214"
31751,"314 Eline Ave","Louisville","KY","40207"
31752,"2565 Cherosen Rd","Louisville","KY","40205"
31753,"209 Alpha Ave","Louisville","KY","40218"
31754,"179 William St","Louisville","KY","40206"
31755,"4028 Riveroaks Cir","Louisville","KY","40241"
31756,"1138 S Brook St","Louisville","KY","40203"
31757,"8000 Weather Ct","Louisville","KY","40220"
31758,"4703 John Law Ct","Louisville","KY","40272"
31759,"6807 Bedford Ln","Louisville","KY","40222"
31760,"1652 Redwood Dr","Louisville","KY","40213"
31761,"146 Wiltshire Ave","Louisville","KY","40207"
31762,"10402 Meadowview Dr","Louisville","KY","40272"
31763,"713 Stivers Rd","Louisville","KY","40207"
31764,"2316 Fallsview Rd","Louisville","KY","40207"
31765,"11725 Pond Creek Dr","Louisville","KY","40272"
31766,"216 N 28th St","Louisville","KY","40212"
31767,"1130 Homeview Dr","Louisville","KY","40215"
31768,"9907 Stonehenge Way","Louisville","KY","40241"
31769,"7501 Colson Dr","Louisville","KY","40220"
31770,"521 Zorn Ave","Apt G11","Louisville",
31771,"2402 Fallsview Rd","Louisville","KY","40207"
31772,"10208 Nanka Rd","Louisville","KY","40272"
31773,"8105 Biscane Dr","Louisville","KY","40258"
31774,"8303 Happiness Way","Louisville","KY","40291"
31775,"2504 Merriwood Dr","Louisville","KY","40299"
31776,"1105 Hess Ln","Louisville","KY","40217"
31777,"4318 Mount Vernon Rd","Louisville","KY","40220"
31778,"703 Berwyn Dr","Louisville","KY","40223"
31779,"4517 Unseld Blvd","Louisville","KY","40218"
31780,"10840 Hobbs Station Rd","Louisville","KY","40223"
31781,"3802 Bent Oak Ct","Louisville","KY","40241"
31782,"610 N 24th St","Louisville","KY","40212"
31783,"1011 Donard Park Ave","Louisville","KY","40218"
31784,"9807 Lanesboro Way","Louisville","KY","40242"
31785,"507 Leicester Cir","Louisville","KY","40222"
31786,"4115 S Brook St","Louisville","KY","40214"
31787,"6610 Falls Creek Rd","Louisville","KY","40241"
31788,"6906 Bellcrest Ct","Louisville","KY","40291"
31789,"7410 Maria Ave","Louisville","KY","40222"
31790,"200 Welburn Dr","Louisville","KY","40218"
31791,"3211 Elane Dr","Louisville","KY","40216"
31792,"1558 Indiana Ave","Louisville","KY","40213"
31793,"3820 Parker Ave","Louisville","KY","40212"
31794,"10607 Sycamore Trl","Louisville","KY","40223"
31795,"11104 Kilrenny Ct","Louisville","KY","40243"
31796,"2611 Titleist Rd","Louisville","KY","40242"
31797,"5809 Bucks Ln","Louisville","KY","40291"
31798,"6712 Marian Dr","Louisville","KY","40216"
31799,"3313 Conway Ct","Louisville","KY","40299"
31800,"4617 Yocumshire Dr","Louisville","KY","40299"
31801,"4303 Bank St","Louisville","KY","40212"
31802,"1617 Sale Ave","Louisville","KY","40215"
31803,"9363 Loch Lea Ln","Louisville","KY","40291"
31804,"7605 Old Orchard Ct","Louisville","KY","40222"
31805,"4907 Feys Dr","Louisville","KY","40216"
31806,"3007 Sherbrooke Rd","Louisville","KY","40205"
31807,"3907 Longview Rd","Louisville","KY","40299"
31808,"8305 Regency Woods Way","Louisville","KY","40220"
31809,"1228 Valley Dr","Louisville","KY","40213"
31810,"7901 Briarhollow Ct","Louisville","KY","40220"
31811,"9808 Holiday Dr","Louisville","KY","40272"
31812,"7902 Glenmary Farm Ct","Louisville","KY","40291"
31813,"2625 Merhoff St","Louisville","KY","40217"
31814,"3400 Twin Oak Ln","Louisville","KY","40219"
31815,"6710 Fallen Leaf Cir","Louisville","KY","40241"
31816,"339 W Southside Ct","Louisville","KY","40214"
31817,"252 Melody Ln","Louisville","KY","40229"
31818,"7219 Blazier Ct","Louisville","KY","40228"
31819,"7116 Wood Briar Pl","Louisville","KY","40241"
31820,"4418 Dyer Ave","Louisville","KY","40213"
31821,"1600 Haskin Ave","Louisville","KY","40215"
31822,"3612 Baymeadow Dr","Louisville","KY","40258"
31823,"8616 Lakeridge Dr","Louisville","KY","40272"
31824,"1422 Old Mill Rd","Louisville","KY","40242"
31825,"1439 Hobart Dr","Louisville","KY","40216"
31826,"422 Whiteheath Ln","Louisville","KY","40243"
31827,"615 Willowhurst Pl","Louisville","KY","40223"
31828,"2803 Kosmar Ct","Louisville","KY","40242"
31829,"7505 Adler Way","Louisville","KY","40222"
31830,"9503 Hi View Ln","Louisville","KY","40272"
31831,"4887 Brenda Dr","Louisville","KY","40219"
31832,"1416 Audubon Pkwy","Louisville","KY","40213"
31833,"4721 Ferrer Way","Louisville","KY","40299"
31834,"9806 Seatonville Rd","Louisville","KY","40291"
31835,"709 Braeview Rd","Louisville","KY","40206"
31836,"217 Fairlawn Rd","Louisville","KY","40207"
31837,"7200 York River Rd","Louisville","KY","40214"
31838,"107 Claremont Ave","Louisville","KY","40206"
31839,"10302 Charleswood Rd","Louisville","KY","40229"
31840,"331 Dublin Cir","Louisville","KY","40229"
31841,"14404 Lake Forest Dr","Louisville","KY","40245"
31842,"1249 Springdale Dr","Louisville","KY","40213"
31843,"6109 Corinth Way","Louisville","KY","40219"
31844,"605 Woodlake Dr","Louisville","KY","40245"
31845,"3809 Downing Way","Louisville","KY","40218"
31846,"3903 San Marcos Rd","Louisville","KY","40299"
31847,"10211 Falling Tree Way","Louisville","KY","40223"
31848,"5320 Georgia Ln","Louisville","KY","40219"
31849,"3003 Houston Blvd","Louisville","KY","40220"
31850,"8907 Mountain Brook Ct","Louisville","KY","40272"
31851,"2618 Evergreen Wynde","Louisville","KY","40223"
31852,"10706 Grecian Rd","Louisville","KY","40272"
31853,"11006 Marbado Ct","Louisville","KY","40229"
31854,"7420 Greenlawn Rd","Louisville","KY","40222"
31855,"14400 Willow Grove Cir","Louisville","KY","40245"
31856,"8607 Loftingham Ct","Louisville","KY","40222"
31857,"1802 Nelson Ave","Louisville","KY","40216"
31858,"837 Delor Ave","Louisville","KY","40217"
31859,"3813 Taylorsville Rd","Louisville","KY","40220"
31860,"614 Plainview Terrace Dr","Louisville","KY","40223"
31861,"1736 Glenview Pl","Louisville","KY","40216"
31862,"9401 Ionic Ct","Louisville","KY","40299"
31863,"2630 Cleveland Blvd","Louisville","KY","40206"
31864,"508 Bellewood Rd","Louisville","KY","40223"
31865,"7604 Washington State Ct","Louisville","KY","40228"
31866,"5606 Littleridge Dr","Louisville","KY","40229"
31867,"3910 Brownlee Rd","Louisville","KY","40207"
31868,"4149 Southern Pkwy","Louisville","KY","40214"
31869,"2007 Foxhurst Dr","Louisville","KY","40216"
31870,"1307 Castlewood Dell","Louisville","KY","40204"
31871,"2808 Langdon Dr","Louisville","KY","40241"
31872,"3505 Trail Ridge Rd","Louisville","KY","40241"
31873,"3309 Colonial Manor Cir","Unit 4A","Louisville",
31874,"3951 Gilman Ave","Louisville","KY","40207"
31875,"510 Wickfield Dr","Louisville","KY","40245"
31876,"7406 Independence Cv","Louisville","KY","40214"
31877,"7300 Wood Rock Rd","Louisville","KY","40291"
31878,"5602 Regal Dr","Louisville","KY","40218"
31879,"2217 Amboy Dr","Louisville","KY","40216"
31880,"913 Ash St","Louisville","KY","40217"
31881,"1835 W Kentucky St","Louisville","KY","40210"
31882,"2907 Harrison Ave","Louisville","KY","40217"
31883,"10900 Milwaukee Way","Louisville","KY","40272"
31884,"1484 Sable Wing Cir","Louisville","KY","40223"
31885,"10719 Black Iron Rd","Louisville","KY","40291"
31886,"5709 Azalea Ln","Louisville","KY","40258"
31887,"403 Braemoor Pl","Louisville","KY","40243"
31888,"2712 Alford Ave","Louisville","KY","40212"
31889,"3710 Whitehall Ct","Louisville","KY","40272"
31890,"2933 Rio Rita Ave","Louisville","KY","40220"
31891,"2208 Dearing Ct","Louisville","KY","40204"
31892,"1769 Bernheim Ln","Louisville","KY","40210"
31893,"6501 Mandeville Rd","Louisville","KY","40228"
31894,"3415 Grandview Ave","Louisville","KY","40207"
31895,"2216 Tyler Ln","Louisville","KY","40205"
31896,"654 Cobblestone Sq","Louisville","KY","40223"
31897,"2105 Westridge Rd","Louisville","KY","40242"
31898,"9015 Gayle Dr","Louisville","KY","40272"
31899,"9903 Falmouth Ct","Louisville","KY","40299"
31900,"8515 Image Way","Louisville","KY","40299"
31901,"2829 Rowan St","Louisville","KY","40212"
31902,"518 E Kentucky St","Louisville","KY","40203"
31903,"419 Rosewood Ct","Louisville","KY","40223"
31904,"2904 Brownsboro Vista Dr","Louisville","KY","40242"
31905,"212 Linney Ave","Louisville","KY","40243"
31906,"2105 Farnsley Rd","Louisville","KY","40216"
31907,"7619 Greenlawn Rd","Louisville","KY","40242"
31908,"4406 Dannywood Rd","Louisville","KY","40220"
31909,"5300 Elise Way","Louisville","KY","40219"
31910,"2809 Woods Club Rd","Louisville","KY","40241"
31911,"8402 Glenmore Dr","Louisville","KY","40258"
31912,"309 Fairmeade Rd","Louisville","KY","40207"
31913,"10406 Grazing Trce","Louisville","KY","40223"
31914,"209 Derby Ave","Louisville","KY","40218"
31915,"973 Schiller Ave","Louisville","KY","40204"
31916,"8305 Red Stone Hill Rd","Louisville","KY","40214"
31917,"1704 Claremoor Dr","Louisville","KY","40223"
31918,"6606 Amigo Ct","Louisville","KY","40291"
31919,"4116 Wheeler Ave","Louisville","KY","40215"
31920,"3911 Druid Hills Rd","Louisville","KY","40207"
31921,"112 Travois Rd","Louisville","KY","40207"
31922,"11025 Neptune Pl","Louisville","KY","40272"
31923,"3041 University Rd","Louisville","KY","40206"
31924,"107 Southview Ter","Louisville","KY","40214"
31925,"939 Denmark St","Louisville","KY","40215"
31926,"7411 Paiute Rd","Louisville","KY","40214"
31927,"2708 Goose Creek Rd","Louisville","KY","40242"
31928,"1323 Rufer Ave","Louisville","KY","40204"
31929,"209 Kinnaird Ln","Louisville","KY","40243"
31930,"3104 Dogwood Dr","Louisville","KY","40220"
31931,"2374 Valley Vista Rd","Louisville","KY","40205"
31932,"2510 Gardiner Ln","Louisville","KY","40205"
31933,"322 Plaza Ave","Louisville","KY","40218"
31934,"2965 Six Mile Ln","Louisville","KY","40220"
31935,"3320 Bardstown Rd","Apt 108","Louisville",
31936,"2878 Regan Ave","Louisville","KY","40206"
31937,"4016 Valley View Dr","Louisville","KY","40216"
31938,"12405 Ridgemont Rd","Louisville","KY","40229"
31939,"6127 Middlerose Cir","Louisville","KY","40272"
31940,"8902 Morning Park Dr","Louisville","KY","40220"
31941,"2703 Colin Ave","Louisville","KY","40217"
31942,"4701 Longborough Ct","Louisville","KY","40299"
31943,"1918 Floradora Dr","Louisville","KY","40272"
31944,"2135 Eastview Ave","Louisville","KY","40205"
31945,"6613 Lunar Dr","Louisville","KY","40258"
31946,"511 Sycamore Shoals Trce","Louisville","KY","40223"
31947,"7804 Tip Top Ln","Louisville","KY","40219"
31948,"5420 Hess Dr","Louisville","KY","40258"
31949,"9101 Split Rail Dr","Louisville","KY","40272"
31950,"7303 Glen Arbor Rd","Louisville","KY","40222"
31951,"6026 Lewis Way","Louisville","KY","40272"
31952,"349 Ridgeway Ave","Louisville","KY","40207"
31953,"10613 Black Iron Rd","Louisville","KY","40291"
31954,"300 Blue Ridge Rd","Louisville","KY","40223"
31955,"10509 Stonebreaker Rd","Louisville","KY","40291"
31956,"2245 Payne St","Louisville","KY","40206"
31957,"5205 Red Fern Rd","Louisville","KY","40218"
31958,"12613 Towne Creek Rd","Louisville","KY","40243"
31959,"12432 Somerset Dr","Louisville","KY","40229"
31960,"308 N 29th St","Louisville","KY","40212"
31961,"3115 Sora Ave","Louisville","KY","40213"
31962,"4307 Westport Rd","Louisville","KY","40207"
31963,"6011 Orville Dr","Louisville","KY","40213"
31964,"905 Lydia St","Louisville","KY","40217"
31965,"8450 Chase Rd","Louisville","KY","40258"
31966,"3113 Galway Ln","Louisville","KY","40242"
31967,"1514 Edgewood Pl","Louisville","KY","40205"
31968,"416 E Blue Jay Rd","Louisville","KY","40229"
31969,"4512 Trey Pl","Louisville","KY","40220"
31970,"627 S 42nd St","Louisville","KY","40211"
31971,"1702 Calder Ct","Louisville","KY","40205"
31972,"526 Gheens Ave","Louisville","KY","40214"
31973,"10507 Glencony Ct","Louisville","KY","40291"
31974,"75 Valley Rd","Louisville","KY","40204"
31975,"2105 Keeneland Blvd","Louisville","KY","40223"
31976,"10405 Sterling Springs Rd","Louisville","KY","40223"
31977,"2913 Pomeroy Dr","Louisville","KY","40218"
31978,"1604 Herr Ln","Louisville","KY","40222"
31979,"1207 Fruitful Ct","Louisville","KY","40214"
31980,"9829 Oakshire Dr","Louisville","KY","40299"
31981,"6009 Upper Hunters Trce","Louisville","KY","40216"
31982,"3209 Wellingmoor Ave","Louisville","KY","40218"
31983,"4812 Westside Dr","Louisville","KY","40219"
31984,"1032 Mulberry St","Louisville","KY","40217"
31985,"7613 Market Cart Way","Louisville","KY","40291"
31986,"497 S Steedland Dr","Louisville","KY","40229"
31987,"5600 Landcross Dr","Louisville","KY","40216"
31988,"3839 Jupiter Rd","Louisville","KY","40218"
31989,"217 Kingston Ave","Louisville","KY","40214"
31990,"5400 Laureltree Pl","Louisville","KY","40229"
31991,"800 Cannonside Dr","Louisville","KY","40207"
31992,"2300 Dundee Rd","Apt 17","Louisville",
31993,"9518 Palladio Ct","Louisville","KY","40299"
31994,"3520 Marlin Dr","Louisville","KY","40299"
31995,"4312 Southridge Dr","Louisville","KY","40272"
31996,"3309 Gatecreek Rd","Louisville","KY","40272"
31997,"2723 Alanmede Rd","Louisville","KY","40205"
31998,"1825 Allanwood Rd","Louisville","KY","40214"
31999,"7813 Old Tree Run","Louisville","KY","40222"
32000,"7000 Broken Bow Dr","Louisville","KY","40258"
32001,"8803 Terry Rd","Louisville","KY","40258"
32002,"6723 Fernhaven Rd","Louisville","KY","40228"
32003,"4712 Vagabond Ln","Louisville","KY","40219"
32004,"1962 Goldsmith Ln","Apt 6","Louisville",
32005,"4322 Dover Rd","Louisville","KY","40216"
32006,"9500 Cedarlook Dr","Louisville","KY","40291"
32007,"3401 Sumner Rd","Louisville","KY","40218"
32008,"3766 Wheeler Ave","Louisville","KY","40215"
32009,"3805 Modesto Rd","Louisville","KY","40299"
32010,"1601 Dundee Way","Louisville","KY","40205"
32011,"3110 Morning Park Ct","Louisville","KY","40220"
32012,"5419 Pawnee Trl","Louisville","KY","40207"
32013,"3814 Wheeler Ave","Louisville","KY","40215"
32014,"502 Westerham Ct","Louisville","KY","40222"
32015,"4709 Haney Way","Louisville","KY","40272"
32016,"2117 Starmont Rd","Louisville","KY","40207"
32017,"5919 Santa Rosa Dr","Louisville","KY","40219"
32018,"2027 Village Dr","Louisville","KY","40205"
32019,"2028 Lauderdale Rd","Louisville","KY","40205"
32020,"1311 Lydia St","Louisville","KY","40217"
32021,"1111 Rammers Ave","Louisville","KY","40204"
32022,"3139 Redbud Ln","Louisville","KY","40220"
32023,"3304 Eastbourne Ave","Louisville","KY","40206"
32024,"967 Vine St","Louisville","KY","40204"
32025,"8300 Red Stone Hill Rd","Louisville","KY","40214"
32026,"10010 Longboat Ct","Louisville","KY","40229"
32027,"4107 Rivanna Dr","Louisville","KY","40299"
32028,"3900 Norene Ln","Louisville","KY","40219"
32029,"1952 Payne St","Louisville","KY","40206"
32030,"325 Chelsea Rd","Louisville","KY","40207"
32031,"9829 Stanalouise Dr","Louisville","KY","40291"
32032,"1922 Woodbourne Ave","Louisville","KY","40205"
32033,"10503 Glencony Ct","Louisville","KY","40291"
32034,"6415 Glendale Rd","Louisville","KY","40291"
32035,"3015 Seneca Blvd","Louisville","KY","40205"
32036,"12004 Running Creek Rd","Louisville","KY","40243"
32037,"5927 Midnight Ln","Louisville","KY","40229"
32038,"1902 Hollen Rd","Louisville","KY","40222"
32039,"2303 Thistledawn Dr","Louisville","KY","40216"
32040,"6502 Sherlock Way","Louisville","KY","40228"
32041,"4507 Exeter Ave","Louisville","KY","40218"
32042,"1123 S Chesley Dr","Louisville","KY","40219"
32043,"4635 Southcrest Dr","Louisville","KY","40215"
32044,"1403 Somerhill Way","Louisville","KY","40223"
32045,"3424 Vetter Ave","Louisville","KY","40215"
32046,"6110 Frey Dr","Louisville","KY","40219"
32047,"1421 Rosewood Ave","Louisville","KY","40204"
32048,"6802 Starcross Ct","Louisville","KY","40207"
32049,"621 Southwestern Pkwy","Louisville","KY","40211"
32050,"2018 Murray Ave","Louisville","KY","40205"
32051,"388 Dublin Cir","Louisville","KY","40229"
32052,"3401 Westwood Farms Dr","Louisville","KY","40220"
32053,"8408 Fernview Dr","Louisville","KY","40291"
32054,"8004 Mary Sue Dr","Louisville","KY","40291"
32055,"6903 Ash Tree Cir","Louisville","KY","40241"
32056,"134 Northwestern Pkwy","Louisville","KY","40212"
32057,"8813 Blossom Ln","Louisville","KY","40242"
32058,"2010 Newmarket Dr","Louisville","KY","40222"
32059,"3509 Historic Dr","Louisville","KY","40299"
32060,"4614 Cliff Ave","Louisville","KY","40215"
32061,"121 N Skyline Dr","Louisville","KY","40229"
32062,"8406 Mckenna Way","Louisville","KY","40291"
32063,"743 Waterford Rd","Louisville","KY","40207"
32064,"5200 Mount Marcy Rd","Louisville","KY","40216"
32065,"10903 Waycross Ave","Louisville","KY","40229"
32066,"2307 Duncan St","Louisville","KY","40212"
32067,"2258 Beargrass Ave","Louisville","KY","40218"
32068,"2817 Brownsboro Rd","Louisville","KY","40206"
32069,"4400 Lincoln Rd","Louisville","KY","40220"
32070,"4403 Renaissance Dr","Louisville","KY","40299"
32071,"250 Dublin Cir","Louisville","KY","40229"
32072,"8307 Shepherdsville Rd","Louisville","KY","40219"
32073,"2007 Upper Hunters Trce","Louisville","KY","40216"
32074,"404 Allison Rd","Louisville","KY","40243"
32075,"12803 Ledges Dr","Louisville","KY","40243"
32076,"4600 Myrick Pl","Louisville","KY","40272"
32077,"2806 Valhalla Ct","Louisville","KY","40242"
32078,"908 Texas Ave","Louisville","KY","40217"
32079,"8233 Red Stone Hill Rd","Louisville","KY","40214"
32080,"417 Old Towne Rd","Louisville","KY","40214"
32081,"2602 Mount Vernon Ct","Louisville","KY","40220"
32082,"3701 Rosemont Blvd","Louisville","KY","40218"
32083,"5020 Lesabre Dr","Louisville","KY","40216"
32084,"2309 W Main St","Louisville","KY","40212"
32085,"5611 Brokers Tip Ln","Louisville","KY","40272"
32086,"7536 Merlyn Cir","Louisville","KY","40214"
32087,"1237 Eastern Pkwy","Louisville","KY","40204"
32088,"6101 Green Manor Dr","Louisville","KY","40219"
32089,"129 Crescent Ave","Louisville","KY","40206"
32090,"1607 Pershing Ave","Louisville","KY","40242"
32091,"1496 Clara Ave","Louisville","KY","40215"
32092,"5813 Prince William St","Louisville","KY","40207"
32093,"2119 Edgehill Rd","Louisville","KY","40205"
32094,"4611 Gordon Rd","Louisville","KY","40219"
32095,"4608 Caspian Dr","Louisville","KY","40219"
32096,"6427 Glendale Rd","Louisville","KY","40291"
32097,"5507 Hidden Rd","Louisville","KY","40291"
32098,"12607 Kirkham Rd","Louisville","KY","40299"
32099,"2115 Palatka Rd","Louisville","KY","40214"
32100,"420 Eline Ave","Louisville","KY","40207"
32101,"508 Cherry Point Dr","Louisville","KY","40243"
32102,"133 Crews Dr","Louisville","KY","40218"
32103,"4110 Cheviot Dr","Louisville","KY","40216"
32104,"500 N 39th St","Louisville","KY","40212"
32105,"6509 Green Manor Dr","Louisville","KY","40228"
32106,"2508 Dora Dr","Louisville","KY","40214"
32107,"1938 Buechel Bank Rd","Louisville","KY","40218"
32108,"2219 Alta Ave","Louisville","KY","40205"
32109,"4008 Gunn Ct","Louisville","KY","40229"
32110,"9617 Glenawyn Cir","Louisville","KY","40299"
32111,"500 E Brandeis Ave","Louisville","KY","40217"
32112,"14701 Forest Oaks Dr","Louisville","KY","40245"
32113,"3100 Sherbrooke Rd","Louisville","KY","40205"
32114,"3320 Bohannon Ave","Louisville","KY","40215"
32115,"7505 Oswego Cir","Louisville","KY","40214"
32116,"4405 Mosaic Ct","Louisville","KY","40299"
32117,"303 Sprite Rd","Louisville","KY","40207"
32118,"506 Woodview Cir","Louisville","KY","40243"
32119,"4909 Simpson Dr","Louisville","KY","40218"
32120,"4515 Mile Of Sunshine Dr","Louisville","KY","40219"
32121,"164 Keebler Dr","Louisville","KY","40229"
32122,"1837 Greenwood Ave","Louisville","KY","40210"
32123,"3705 Grandview Ave","Louisville","KY","40207"
32124,"4023 Mapleton Ave","Louisville","KY","40215"
32125,"4413 Raven Ridge Dr","Louisville","KY","40216"
32126,"1723 Eastern Pkwy","Louisville","KY","40204"
32127,"9101 Prospect St","Louisville","KY","40242"
32128,"1027 Mulberry St","Louisville","KY","40217"
32129,"5908 Morning Glory Ln","Louisville","KY","40258"
32130,"12206 Crosswinds Dr","Louisville","KY","40243"
32131,"214 Dale Rd","Louisville","KY","40229"
32132,"3702 Modesto Rd","Louisville","KY","40299"
32133,"10512 Bay Pointe Ct","Louisville","KY","40241"
32134,"3317 Willow Way","Louisville","KY","40218"
32135,"3226 Ellis Way","Louisville","KY","40220"
32136,"4518 Wolfcreek Pkwy","Louisville","KY","40241"
32137,"1718 Edgeland Ave","Louisville","KY","40204"
32138,"10901 Albion Dr","Louisville","KY","40272"
32139,"8909 Aristides Dr","Louisville","KY","40258"
32140,"1200 Rudgate Cv","Louisville","KY","40214"
32141,"2505 Mavis Ct","Louisville","KY","40216"
32142,"1912 Crimson Dr","Louisville","KY","40272"
32143,"1778 Wilart Dr","Louisville","KY","40210"
32144,"1833 Deerwood Ave","Louisville","KY","40205"
32145,"3102 Faywood Way","Louisville","KY","40215"
32146,"14108 Bentley Ct","Louisville","KY","40245"
32147,"4109 Dienes Way","Louisville","KY","40216"
32148,"100 W Amherst Ave","Louisville","KY","40214"
32149,"915 E Gray St","Louisville","KY","40204"
32150,"3909 Garfield Ave","Louisville","KY","40212"
32151,"6511 Glendale Rd","Louisville","KY","40291"
32152,"3225 Murray Hill Pike","Louisville","KY","40241"
32153,"210 Colonial Dr","Louisville","KY","40207"
32154,"3506 Nelinda May Dr","Louisville","KY","40213"
32155,"5703 Mary Ellen Dr","Louisville","KY","40214"
32156,"3108 Kipling Way","Louisville","KY","40205"
32157,"428 Virginia Ave","Louisville","KY","40222"
32158,"10804 Deering Rd","Louisville","KY","40272"
32159,"401 Cherrywood Rd","Louisville","KY","40207"
32160,"719 Shelby Pkwy","Louisville","KY","40203"
32161,"7710 Kenhurst Dr","Louisville","KY","40258"
32162,"2900 N Melrose Dr","Louisville","KY","40299"
32163,"735 Greenridge Ln","Louisville","KY","40207"
32164,"7105 Ridge Creek Rd","Louisville","KY","40291"
32165,"4222 Accomack Dr","Louisville","KY","40241"
32166,"160 Butterfly Ln","Louisville","KY","40229"
32167,"3522 Whippoorwill Rd","Louisville","KY","40213"
32168,"4006 Brookfield Ave","Louisville","KY","40207"
32169,"2806 Colin Ave","Louisville","KY","40217"
32170,"3710 Astrocraft Dr","Louisville","KY","40229"
32171,"1702 Quarry Hill Rd","Louisville","KY","40213"
32172,"3220 Wilkie Rd","Louisville","KY","40216"
32173,"9118 Preston Hwy","Louisville","KY","40219"
32174,"1940 Deer Park Ave","Louisville","KY","40205"
32175,"2014 Sherwood Ave","Louisville","KY","40205"
32176,"327 N Hubbards Ln","Louisville","KY","40207"
32177,"1011 Dresden Ave","Louisville","KY","40215"
32178,"224 Carey Ave","Louisville","KY","40218"
32179,"3528 Whippoorwill Rd","Louisville","KY","40213"
32180,"443 Crestwood Ln","Louisville","KY","40229"
32181,"3126 Dogwood Dr","Louisville","KY","40220"
32182,"12204 Dulcie Ct","Louisville","KY","40229"
32183,"12214 Dulcie Ct","Louisville","KY","40229"
32184,"121 Hedgewood Ct","Louisville","KY","40229"
32185,"12221 Somerset Dr","Louisville","KY","40229"
32186,"8701 Waltlee Rd","Louisville","KY","40291"
32187,"4406 Charlotte Ann Dr","Louisville","KY","40216"
32188,"8460 Chase Rd","Louisville","KY","40258"
32189,"1018 Brookline Ave","Louisville","KY","40215"
32190,"1126 Ash St","Louisville","KY","40217"
32191,"4508 Starks Dr","Louisville","KY","40218"
32192,"2403 Helen Ave","Louisville","KY","40216"
32193,"4834 Cofer Ave","Louisville","KY","40258"
32194,"4704 Lacey Ct","Louisville","KY","40218"
32195,"4033 Eden Ln","Louisville","KY","40216"
32196,"218 N Longworth Ave","Louisville","KY","40212"
32197,"4211 Brookhaven Ave","Louisville","KY","40220"
32198,"3204 Penhurst Dr","Louisville","KY","40216"
32199,"3309 Cawein Way","Louisville","KY","40220"
32200,"11012 Tarrence Rd","Louisville","KY","40299"
32201,"206 Chantilly Ave","Louisville","KY","40214"
32202,"211 Elk River Dr","Louisville","KY","40214"
32203,"8813 Roman Ct","Louisville","KY","40291"
32204,"4808 Guy Dr","Louisville","KY","40258"
32205,"1805 Cimmaron Trl","Louisville","KY","40223"
32206,"354 N 27th St","Louisville","KY","40212"
32207,"1831 Burwell Ave","Louisville","KY","40210"
32208,"1932 Bonnycastle Ave","Louisville","KY","40205"
32209,"5506 Mount Washington Rd","Louisville","KY","40229"
32210,"4610 Lunenburg Dr","Louisville","KY","40245"
32211,"5118 Acapolca Way","Louisville","KY","40219"
32212,"1609 Beechwood Ave","Louisville","KY","40204"
32213,"8200 Joyce Dr","Louisville","KY","40219"
32214,"1926 Bonnycastle Ave","Louisville","KY","40205"
32215,"2607 Aylesbury Ct","Louisville","KY","40242"
32216,"229 Eastern Wood Ct","Louisville","KY","40243"
32217,"1112 Kirkham Trce","Louisville","KY","40299"
32218,"6000 Crockett Dr","Louisville","KY","40258"
32219,"2301 S 37th St","Louisville","KY","40211"
32220,"439 Hillcrest Ave","Louisville","KY","40206"
32221,"201 Angeletta Way","Louisville","KY","40214"
32222,"9004 Wanlou Dr","Louisville","KY","40272"
32223,"3403 Pemaquid Rd","Louisville","KY","40218"
32224,"831 Brentwood Ave","Louisville","KY","40215"
32225,"221 Don Allen Rd","Louisville","KY","40207"
32226,"4318 S 2nd St","Louisville","KY","40214"
32227,"6804 Fallen Leaf Cir","Louisville","KY","40241"
32228,"2601 Woodsdale Ave","Louisville","KY","40220"
32229,"1027 Southern Ave","Louisville","KY","40218"
32230,"2908 Arlington Ct","Louisville","KY","40299"
32231,"283 Dublin Cir","Louisville","KY","40229"
32232,"5717 S Watterson Trl","Louisville","KY","40291"
32233,"2540 Kings Hwy","Louisville","KY","40205"
32234,"1604 Algonquin Pkwy","Louisville","KY","40210"
32235,"4501 Exeter Ave","Louisville","KY","40218"
32236,"2600 Hounz Ln","Louisville","KY","40223"
32237,"4604 Old Heady Rd","Louisville","KY","40299"
32238,"6603 Birchline Blvd","Louisville","KY","40291"
32239,"4805 Tipton Pl","Louisville","KY","40272"
32240,"2305 Lower Hunters Trce","Louisville","KY","40216"
32241,"1818 Ballard Mill Ln","Louisville","KY","40207"
32242,"9812 Phoenix Trl","Louisville","KY","40223"
32243,"1429 S 3rd St","Louisville","KY","40208"
32244,"1517 Tyler Park Dr","Louisville","KY","40204"
32245,"3806 Hillcreek Rd","Louisville","KY","40220"
32246,"2125 Wallie Ann Ct","Louisville","KY","40210"
32247,"9613 Tamarisk Pkwy","Louisville","KY","40223"
32248,"6111 Green Manor Dr","Louisville","KY","40219"
32249,"5413 Decker Rd","Louisville","KY","40258"
32250,"4600 Lake Dreamland Dr","Louisville","KY","40216"
32251,"4610 River Front Dr","Louisville","KY","40216"
32252,"4607 River Front Dr","Louisville","KY","40216"
32253,"4512 Lake Dreamland Dr","Louisville","KY","40216"
32254,"4506 River Front Dr","Louisville","KY","40216"
32255,"3703 Bristol Oaks Dr","Louisville","KY","40299"
32256,"9319 Gutenberg Rd","Louisville","KY","40291"
32257,"17011 Ashburton Dr","Louisville","KY","40245"
32258,"3107 Townsend Ter","Louisville","KY","40241"
32259,"1723 Bonnycastle Ave","Louisville","KY","40205"
32260,"3224 Graystone Manor Pkwy","Louisville","KY","40241"
32261,"3703 Parthenia Ave","Louisville","KY","40215"
32262,"2306 S 35th St","Louisville","KY","40211"
32263,"6001 Two Springs Ln","Louisville","KY","40207"
32264,"5101 Overbrook Dr","Louisville","KY","40216"
32265,"5107 Overbrook Dr","Louisville","KY","40216"
32266,"214 Western Rd","Louisville","KY","40229"
32267,"304 Tucker Station Rd","Louisville","KY","40243"
32268,"1950 Deer Park Ave","Louisville","KY","40205"
32269,"10205 Foxboro Dr","Louisville","KY","40223"
32270,"2201 Cottage Ln","Louisville","KY","40216"
32271,"8504 Johnson School Rd","Louisville","KY","40291"
32272,"2021 Patricia Dr","Louisville","KY","40272"
32273,"851 Humler St","Louisville","KY","40211"
32274,"9409 Polaris Dr","Louisville","KY","40229"
32275,"1512 Central Ave","Louisville","KY","40208"
32276,"4802 Grecian Ct","Louisville","KY","40272"
32277,"10402 Sterling Springs Rd","Louisville","KY","40223"
32278,"2215 Talbott Ave","Louisville","KY","40205"
32279,"5403 Regal Dr","Louisville","KY","40218"
32280,"3109 Talisman Rd","Louisville","KY","40220"
32281,"1902 Stevens Ave","Louisville","KY","40205"
32282,"4505 Exeter Ave","Louisville","KY","40218"
32283,"5011 Woodhill Ln","Louisville","KY","40219"
32284,"412 N 38th St","Louisville","KY","40212"
32285,"9007 W Manslick Rd","Louisville","KY","40272"
32286,"1838 Deer Park Ave","Louisville","KY","40205"
32287,"2443 Boulevard","Napoleon","Louisville",
32288,"4826 Westside Dr","Louisville","KY","40219"
32289,"6903 Hyland Hills Ct","Louisville","KY","40258"
32290,"4717 S 2nd St","Louisville","KY","40214"
32291,"1804 Gregg Ave","Louisville","KY","40210"
32292,"1213 Navajo Ct","Louisville","KY","40207"
32293,"3703 Ten Broeck Way","Louisville","KY","40241"
32294,"8012 Cedar Creek Rd","Louisville","KY","40291"
32295,"2407 Brighton Dr","Louisville","KY","40205"
32296,"5606 Dea Dea Dr","Louisville","KY","40291"
32297,"4210 Buxton Dr","Louisville","KY","40218"
32298,"12510 Berrytown Rd","Louisville","KY","40223"
32299,"209 S Hampton Rd","Louisville","KY","40223"
32300,"2027 Alta Ave","Louisville","KY","40205"
32301,"8400 Saint George Ln","Louisville","KY","40220"
32302,"4523 River Front Dr","Louisville","KY","40216"
32303,"5020 Overbrook Dr","Louisville","KY","40216"
32304,"4525 River Front Dr","Louisville","KY","40216"
32305,"4807 Overbrook Dr","Louisville","KY","40216"
32306,"4809 Overbrook Dr","Louisville","KY","40216"
32307,"7905 Machupe Ct","Louisville","KY","40241"
32308,"4610 Dreamcamp Dr","Louisville","KY","40216"
32309,"2409 Adrienne Way","Louisville","KY","40216"
32310,"5918 Cole Ave","Louisville","KY","40258"
32311,"1323 Cypress St","Louisville","KY","40211"
32312,"229 E Burnett Ave","Louisville","KY","40208"
32313,"10205 Nanka Rd","Louisville","KY","40272"
32314,"670 S Barbee Way","Louisville","KY","40217"
32315,"5504 Branston Dr","Louisville","KY","40216"
32316,"9001 Prospect St","Louisville","KY","40242"
32317,"3126 Mylanta Pl","Louisville","KY","40220"
32318,"4120 Elmwood Ave","Louisville","KY","40207"
32319,"8204 Kerry Rd","Louisville","KY","40258"
32320,"12345 Osage Rd","Louisville","KY","40223"
32321,"1640 Belmar Dr","Louisville","KY","40213"
32322,"9005 Lantern Lite Pkwy","Louisville","KY","40220"
32323,"10606 Black Iron Rd","Louisville","KY","40291"
32324,"2109 Rowan St","Louisville","KY","40212"
32325,"6305 Derrick Dr","Louisville","KY","40216"
32326,"609 S Campbell St","Louisville","KY","40204"
32327,"2818 Pindell Ave","Louisville","KY","40217"
32328,"12227 Dulcie Ct","Louisville","KY","40229"
32329,"4202 San Marcos Rd","Louisville","KY","40299"
32330,"810 Stoneykirk Dr","Louisville","KY","40223"
32331,"5821 Brittany Woods Cir","Louisville","KY","40222"
32332,"1924 Goldsmith Ln","Unit 17","Louisville",
32333,"4730 Glen Rose Rd","Louisville","KY","40229"
32334,"8802 Gutenberg Rd","Louisville","KY","40299"
32335,"10106 Snively Ave","Louisville","KY","40299"
32336,"5842 Brittany Woods Cir","Louisville","KY","40222"
32337,"1000 Sylvia St","Louisville","KY","40217"
32338,"1271 Springdale Dr","Louisville","KY","40213"
32339,"10393 Lower River Rd","Louisville","KY","40272"
32340,"6904 Greenlawn Rd","Louisville","KY","40222"
32341,"112 W Collins Ct","Louisville","KY","40214"
32342,"3416 Grandview Ave","Louisville","KY","40207"
32343,"2208 Lauderdale Rd","Apt 1","Louisville",
32344,"1308 Rosewell Ave","Louisville","KY","40211"
32345,"2804 Oregon Ave","Louisville","KY","40210"
32346,"10800 Blue Lick Rd","Louisville","KY","40229"
32347,"3705 Parthenia Ave","Louisville","KY","40215"
32348,"14604 Woodlake Trce","Louisville","KY","40245"
32349,"4101 Vermont Ave","Louisville","KY","40211"
32350,"722 Colorado Ave","Louisville","KY","40208"
32351,"1836 Roanoke Ave","Louisville","KY","40205"
32352,"1834 Richmond Dr","Louisville","KY","40205"
32353,"1216 Manitau Ave","Louisville","KY","40215"
32354,"3340 Dean Dr","Louisville","KY","40220"
32355,"306 N 43rd St","Louisville","KY","40212"
32356,"7905 Arnoldtown Rd","Louisville","KY","40214"
32357,"1809 Youngland Ave","Louisville","KY","40216"
32358,"7500 Mount Washington Rd","Louisville","KY","40229"
32359,"162 Crescent Ave","Louisville","KY","40206"
32360,"833 S 23rd St","Louisville","KY","40211"
32361,"5505 Delmaria Way","Louisville","KY","40291"
32362,"113 Crews Dr","Louisville","KY","40218"
32363,"112 N Watterson Trl","Louisville","KY","40243"
32364,"2900 Mcmahan Blvd","Apt 202","Louisville",
32365,"3506 Herb Ln","Louisville","KY","40220"
32366,"1240 Wolfe Ave","Louisville","KY","40213"
32367,"1050 Seelbach Ave","Louisville","KY","40215"
32368,"4503 Starks Dr","Louisville","KY","40218"
32369,"4205 Fordson Way","Louisville","KY","40211"
32370,"4808 Arling Ct","Louisville","KY","40215"
32371,"3734 Lentz Ave","Louisville","KY","40215"
32372,"508 Trotwood Pl","Louisville","KY","40245"
32373,"9716 Galene Dr","Louisville","KY","40299"
32374,"4530 Norene Ln","Louisville","KY","40219"
32375,"9906 Mary Dell Ln","Louisville","KY","40291"
32376,"2606 Crums Ln","Louisville","KY","40216"
32377,"3424 Westwood Farms Dr","Louisville","KY","40220"
32378,"949 Edward Ave","Louisville","KY","40204"
32379,"9504 Camille Dr","Louisville","KY","40299"
32380,"1307 Payne St","Louisville","KY","40204"
32381,"11005 Fellswood Ct","Louisville","KY","40243"
32382,"8909 Loch Lea Ln","Louisville","KY","40291"
32383,"1062 Cecil Ave","Louisville","KY","40211"
32384,"116 Mackie Ln","Louisville","KY","40214"
32385,"9715 El Prado St","Louisville","KY","40272"
32386,"527 Dublin Cir","Louisville","KY","40229"
32387,"4004 Stonelanding Ct","Louisville","KY","40272"
32388,"7915 Grenelle Dr","Louisville","KY","40228"
32389,"2202 Bolling Ave","Louisville","KY","40210"
32390,"5112 Emery Ave","Louisville","KY","40214"
32391,"3311 Greenwood Ave","Louisville","KY","40211"
32392,"2716 S 5th St","Louisville","KY","40208"
32393,"10809 Emma Jean Way","Louisville","KY","40272"
32394,"104 Prosperity Ct","Louisville","KY","40211"
32395,"3004 Blue Wing Ct","Louisville","KY","40216"
32396,"8600 Peggy Dr","Louisville","KY","40219"
32397,"8801 Halford Way","Louisville","KY","40299"
32398,"7108 Billie Ln","Louisville","KY","40219"
32399,"4411 Tara Gale Ct","Louisville","KY","40216"
32400,"408 Cherry Point Dr","Louisville","KY","40243"
32401,"3513 Westwood Farms Dr","Louisville","KY","40220"
32402,"2010 Buechel Bank Rd","Louisville","KY","40218"
32403,"11407 Ballardsville Rd","Louisville","KY","40241"
32404,"7366 Wolfspring Trce","Louisville","KY","40241"
32405,"6904 Hyland Hills Ct","Louisville","KY","40258"
32406,"1117 Weller Ave","Louisville","KY","40208"
32407,"815 Foxgate Rd","Louisville","KY","40223"
32408,"1646 Stevens Ave","Louisville","KY","40205"
32409,"1230 Goss Ave","Louisville","KY","40217"
32410,"13317 Forge Cir","Louisville","KY","40272"
32411,"12111 Winding Spring Ct","Louisville","KY","40245"
32412,"3517 Robin Dr","Louisville","KY","40216"
32413,"6517 Hollow Tree Rd","Louisville","KY","40228"
32414,"3031 Wellbrooke Rd","Louisville","KY","40205"
32415,"830 Parkway Dr","Louisville","KY","40217"
32416,"4308 Virginia Ave","Louisville","KY","40211"
32417,"317 Sage Rd","Louisville","KY","40207"
32418,"1803 Embry St","Louisville","KY","40206"
32419,"5929 Midnight Ln","Louisville","KY","40229"
32420,"4117 Dellridge Dr","Louisville","KY","40207"
32421,"12509 Berrytown Rd","Louisville","KY","40223"
32422,"3004 Hilo Ct","Louisville","KY","40220"
32423,"10909 Alloway Ct","Louisville","KY","40243"
32424,"1804 Claremoor Dr","Louisville","KY","40223"
32425,"1916 Dixie Garden Dr","Louisville","KY","40272"
32426,"9309 Pagoda Dr","Louisville","KY","40229"
32427,"1728 Youngland Ave","Louisville","KY","40216"
32428,"4719 Kiefer Rd","Louisville","KY","40216"
32429,"8415 Cane Run Rd","Louisville","KY","40258"
32430,"133 Saguaro Ct","Louisville","KY","40229"
32431,"5014 Fury Way","Louisville","KY","40258"
32432,"2424 Mahan Dr","Louisville","KY","40299"
32433,"7903 Cedar Brook Dr","Louisville","KY","40219"
32434,"9703 Nordic Dr","Louisville","KY","40272"
32435,"5418 Johnsontown Rd","Louisville","KY","40272"
32436,"4603 Glenna Way","Louisville","KY","40219"
32437,"1422 Homeview Dr","Louisville","KY","40215"
32438,"5111 Fay Ave","Louisville","KY","40214"
32439,"2614 Thomas Ave","Louisville","KY","40216"
32440,"9809 Farnham Dr","Louisville","KY","40223"
32441,"3903 Tuesday Way","Louisville","KY","40219"
32442,"9206 Springbrooke Cir","Louisville","KY","40241"
32443,"1405 Hawkshead Ln","Louisville","KY","40220"
32444,"6102 Oakdale Ln","Louisville","KY","40219"
32445,"702 Marquette Dr","Louisville","KY","40222"
32446,"712 Colorado Ave","Louisville","KY","40208"
32447,"19 Welby Rd","Louisville","KY","40216"
32448,"1251 Howard St","Louisville","KY","40213"
32449,"10800 Somerhill Ct","Louisville","KY","40223"
32450,"1227 Summit Ave","Louisville","KY","40204"
32451,"8910 Sweet Bay Pl","Louisville","KY","40242"
32452,"6622 Ashby Ln","Louisville","KY","40272"
32453,"11814 Leemont Dr","Louisville","KY","40272"
32454,"5611 Ridgecrest Rd","Louisville","KY","40218"
32455,"4504 Lambert Rd","Louisville","KY","40219"
32456,"2420 Longest Ave","Louisville","KY","40204"
32457,"5101 Rangoon Way","Louisville","KY","40218"
32458,"9613 Lyric Ln","Louisville","KY","40299"
32459,"1728 Larkmoor Ln","Louisville","KY","40218"
32460,"3303 Stony Brook Dr","Louisville","KY","40299"
32461,"981 S Preston St","Louisville","KY","40203"
32462,"8908 Waltlee Rd","Louisville","KY","40291"
32463,"3728 River Park Dr","Louisville","KY","40211"
32464,"7108 Field Ridge Ct","Louisville","KY","40291"
32465,"5416 Alicante Ln","Louisville","KY","40272"
32466,"3619 Twin Oak Ln","Louisville","KY","40219"
32467,"3510 Paragon Ct","Unit 13","Louisville",
32468,"4501 S Park Rd","Louisville","KY","40219"
32469,"1707 Cowling Ave","Louisville","KY","40205"
32470,"2313 Elmhurst Ave","Louisville","KY","40216"
32471,"411 Lochinvar Pl","Louisville","KY","40243"
32472,"10383 Lower River Rd","Louisville","KY","40272"
32473,"2332 Saint Louis Ave","Louisville","KY","40210"
32474,"7507 Aluma Ln","Louisville","KY","40214"
32475,"3531 Warner Ave","Louisville","KY","40207"
32476,"10522 Bay Pointe Ct","Louisville","KY","40241"
32477,"1820 Allanwood Rd","Louisville","KY","40214"
32478,"2831 Avenue","of the Woods","Louisville",
32479,"2004 Maricopa Dr","Louisville","KY","40223"
32480,"2623 Blankenbaker Rd","Louisville","KY","40299"
32481,"5113 Rangoon Way","Louisville","KY","40218"
32482,"12103 Edenwood Dr","Louisville","KY","40243"
32483,"4204 Stivers Ct","Louisville","KY","40207"
32484,"1716 Gresham Rd","Louisville","KY","40205"
32485,"2438 Bradley Ave","Louisville","KY","40217"
32486,"4901 New Cut Rd","Louisville","KY","40214"
32487,"7506 Plain Field Ct","Louisville","KY","40220"
32488,"7604 Garden View Ct","Louisville","KY","40220"
32489,"520 Fairlawn Rd","Louisville","KY","40207"
32490,"2152 Lowell Ave","Louisville","KY","40205"
32491,"1731 Loney Ln","Louisville","KY","40216"
32492,"10309 Long Home Rd","Louisville","KY","40291"
32493,"9319 Hudson Ln","Louisville","KY","40291"
32494,"10604 Red Birch Ct","Louisville","KY","40223"
32495,"3512 Maple Rd","Louisville","KY","40299"
32496,"1202 Gallant Fox Run Rd","Louisville","KY","40242"
32497,"1920 Winston Ave","Louisville","KY","40205"
32498,"619 N 30th St","Louisville","KY","40212"
32499,"3304 Mcclain Ct","Louisville","KY","40299"
32500,"1526 Glenrock Rd","Louisville","KY","40216"
32501,"6301 Hanses Dr","Louisville","KY","40219"
32502,"3932 Kennison Ave","Louisville","KY","40207"
32503,"3015 Taylor Blvd","Louisville","KY","40208"
32504,"2121 Glenworth Ave","Louisville","KY","40218"
32505,"10704 Burnt Oaks Ct","Louisville","KY","40241"
32506,"9202 Loch Lea Ln","Louisville","KY","40291"
32507,"341 S Birchwood Ave","Louisville","KY","40206"
32508,"4317 S 3rd St","Louisville","KY","40214"
32509,"3775 Stanton Blvd","Louisville","KY","40220"
32510,"2502 Roddy Rd","Louisville","KY","40216"
32511,"9818 Mccrea Ln","Louisville","KY","40229"
32512,"9115 Split Rail Dr","Louisville","KY","40272"
32513,"1562 Clara Ave","Louisville","KY","40215"
32514,"2117 Alta Ave","Louisville","KY","40205"
32515,"857 S 23rd St","Louisville","KY","40211"
32516,"204 Clarland Dr","Louisville","KY","40243"
32517,"6905 Manslick Rd","Louisville","KY","40214"
32518,"4533 Shenandoah Dr","Louisville","KY","40241"
32519,"9511 Walnutwood Way","Louisville","KY","40299"
32520,"7203 Gaymont Dr","Louisville","KY","40214"
32521,"8804 Mount Gerald Ct","Louisville","KY","40291"
32522,"4206 Senn Rd","Louisville","KY","40216"
32523,"6111 Loretta St","Louisville","KY","40213"
32524,"1126 Lone Oak Ave","Louisville","KY","40219"
32525,"1827 Edenside Ave","Louisville","KY","40204"
32526,"1204 Summit Ave","Louisville","KY","40204"
32527,"1802 Eastern Pkwy","Louisville","KY","40204"
32528,"103 Eastbridge Ct","Louisville","KY","40223"
32529,"9312 Sue Helen Dr","Louisville","KY","40299"
32530,"2903 Wallingford Ct","Louisville","KY","40218"
32531,"4101 Grand Ave","Louisville","KY","40211"
32532,"4514 Petersburg Rd","Louisville","KY","40218"
32533,"2909 Iris Way","Louisville","KY","40220"
32534,"1543 Gallagher St","Louisville","KY","40210"
32535,"1708 Hasty Way","Louisville","KY","40216"
32536,"4113 Billtown Rd","Louisville","KY","40299"
32537,"7502 King Arthur Ct","Louisville","KY","40222"
32538,"3216 Bon Air Ave","Louisville","KY","40220"
32539,"1736 Kensington Place Ln","Louisville","KY","40205"
32540,"3717 W Kentucky St","Louisville","KY","40211"
32541,"415 Fairlawn Rd","Louisville","KY","40207"
32542,"9803 Bay Hill Dr","Louisville","KY","40223"
32543,"2955 Arlington Rd","Louisville","KY","40220"
32544,"410 Eline Ave","Louisville","KY","40207"
32545,"206 Dublin Cir","Louisville","KY","40229"
32546,"3015 Stonebridge Rd","Louisville","KY","40241"
32547,"625 Atwood St","Louisville","KY","40217"
32548,"7009 Sun Valley Dr","Louisville","KY","40272"
32549,"6403 Fegenbush Ln","Louisville","KY","40228"
32550,"805 S Clay St","Louisville","KY","40203"
32551,"3512 Hanover Rd","Louisville","KY","40207"
32552,"1634 Algonquin Pkwy","Louisville","KY","40210"
32553,"1206 Everett Ave","Louisville","KY","40204"
32554,"3127 Bridwell Dr","Louisville","KY","40216"
32555,"9808 Valley Fair Way","Louisville","KY","40272"
32556,"824 S 33rd St","Louisville","KY","40211"
32557,"8408 Watterson Trl","Louisville","KY","40299"
32558,"2405 Mcgee Dr","Louisville","KY","40216"
32559,"2923 Duncan St","Louisville","KY","40212"
32560,"4107 Naomi Dr","Louisville","KY","40219"
32561,"5005 E Bahama Ct","Louisville","KY","40219"
32562,"8322 Regency Woods Way","Louisville","KY","40220"
32563,"10409 Villa Dr","Louisville","KY","40272"
32564,"1246 Bourbon Ave","Louisville","KY","40213"
32565,"8813 Annlou Dr","Louisville","KY","40272"
32566,"3020 Hartlage Ct","Louisville","KY","40216"
32567,"4009 Lomond Dr","Louisville","KY","40216"
32568,"9014 Docks Ln","Louisville","KY","40272"
32569,"3503 Gateview Pl","Louisville","KY","40272"
32570,"618 N 29th St","Louisville","KY","40212"
32571,"1019 Hathaway Ave","Louisville","KY","40215"
32572,"2727 Field Ave","Louisville","KY","40206"
32573,"8505 Shirley Ln","Louisville","KY","40258"
32574,"5312 Winslow Dr","Louisville","KY","40272"
32575,"7011 Heavrin Ave","Louisville","KY","40218"
32576,"9016 Collingwood Rd","Louisville","KY","40299"
32577,"2201 Bonnycastle Ave","Louisville","KY","40205"
32578,"4112 Riedley Ct","Louisville","KY","40216"
32579,"7904 Canonero Way","Louisville","KY","40291"
32580,"10401 Gina Dr","Louisville","KY","40223"
32581,"6002 Lewis Way","Louisville","KY","40272"
32582,"8208 Latania Dr","Louisville","KY","40258"
32583,"3109 Bobolink Rd","Louisville","KY","40213"
32584,"570 Overlook Rd","Louisville","KY","40229"
32585,"409 Scarsdale Rd","Louisville","KY","40243"
32586,"406 Mac Brae Rd","Louisville","KY","40214"
32587,"7210 Ben Franklin Ct","Louisville","KY","40214"
32588,"5300 Fairy Belle Ct","Louisville","KY","40213"
32589,"4714 Unseld Blvd","Louisville","KY","40218"
32590,"9800 Sprig Way","Louisville","KY","40291"
32591,"4401 Bradshaw Pl","Louisville","KY","40218"
32592,"1208 Dresden Ave","Louisville","KY","40215"
32593,"3406 Chauncey Ave","Louisville","KY","40211"
32594,"1113 Ireland Dr","Louisville","KY","40219"
32595,"8513 Gainsborough Dr","Louisville","KY","40291"
32596,"7507 Manslick Rd","Louisville","KY","40214"
32597,"7504 Eric Edward Way","Louisville","KY","40220"
32598,"6202 Gellhaus Ln","Louisville","KY","40299"
32599,"2304 Alice Kay Dr","Louisville","KY","40214"
32600,"2620 Benoch Ave","Louisville","KY","40216"
32601,"4417 Oboe Dr","Louisville","KY","40216"
32602,"3300 Charlane Pkwy","Louisville","KY","40299"
32603,"3200 La Follette Ct","Louisville","KY","40299"
32604,"4403 Titus Ct","Louisville","KY","40218"
32605,"3006 Ralph Ave","Louisville","KY","40216"
32606,"10204 Natalie Way","Louisville","KY","40299"
32607,"1253 Lydia St","Louisville","KY","40217"
32608,"9308 Villa Fair Ct","Louisville","KY","40291"
32609,"524 S 27th St","Louisville","KY","40211"
32610,"331 E Esplanade Ave","Louisville","KY","40214"
32611,"8 Glenwood Rd","Louisville","KY","40222"
32612,"2835 Elam Dr","Louisville","KY","40213"
32613,"1936 Ivanhoe Ct","Louisville","KY","40205"
32614,"2600 Merriwood Dr","Louisville","KY","40299"
32615,"1853 Harvard Dr","Louisville","KY","40205"
32616,"742 Greenridge Ln","Louisville","KY","40207"
32617,"9407 Fairground Rd","Louisville","KY","40291"
32618,"8104 Glen Falls Ct","Louisville","KY","40291"
32619,"8610 Wimborne Way","Louisville","KY","40222"
32620,"1276 Howard St","Louisville","KY","40213"
32621,"3518 Huon Dr","Louisville","KY","40218"
32622,"12207 Somerset Dr","Louisville","KY","40229"
32623,"13305 Meadowlawn Dr","Louisville","KY","40272"
32624,"3306 Goldsmith Ln","Louisville","KY","40220"
32625,"9907 Winged Foot Dr","Louisville","KY","40223"
32626,"3615 Saint Germaine Ct","Louisville","KY","40207"
32627,"8820 Mountain Brook Dr","Louisville","KY","40272"
32628,"10405 Glenmary Farm Dr","Louisville","KY","40291"
32629,"6924 Peppermill Ln","Louisville","KY","40228"
32630,"4418 Saint Regis Ln","Louisville","KY","40220"
32631,"1516 Huntoon Ave","Louisville","KY","40215"
32632,"8401 La Cima Ct","Louisville","KY","40219"
32633,"8006 Annella Way","Louisville","KY","40219"
32634,"7602 Petty Jay Ct","Louisville","KY","40220"
32635,"250 Derby Ave","Louisville","KY","40218"
32636,"1621 Clara Ave","Louisville","KY","40215"
32637,"5120 Acapolca Way","Louisville","KY","40219"
32638,"7225 Durst Dr","Louisville","KY","40258"
32639,"6702 Moorhampton Dr","Louisville","KY","40228"
32640,"8004 Rory Way","Louisville","KY","40219"
32641,"7606 Camelot Ct","Louisville","KY","40222"
32642,"4208 Machupe Dr","Louisville","KY","40241"
32643,"4026 Gilman Ave","Louisville","KY","40207"
32644,"9218 Omar Khayyam Blvd","Louisville","KY","40272"
32645,"1402 Mckinley Ave","Louisville","KY","40217"
32646,"2204 Brighton Dr","Louisville","KY","40205"
32647,"2109 Mccloskey Ave","Louisville","KY","40210"
32648,"9009 Laughton Ln","Louisville","KY","40222"
32649,"701 Homestead Blvd","Louisville","KY","40207"
32650,"1118 Eastern Pkwy","Louisville","KY","40217"
32651,"505 E Brandeis Ave","Louisville","KY","40217"
32652,"1002 Euclid Ave","Louisville","KY","40208"
32653,"6705 Green Manor Dr","Louisville","KY","40228"
32654,"120 Hedgewood Ct","Louisville","KY","40229"
32655,"311 Beckley Woods Dr","Louisville","KY","40245"
32656,"5302 Katy Belle Ct","Louisville","KY","40213"
32657,"1638 Algonquin Pkwy","Louisville","KY","40210"
32658,"1265 S Floyd St","Louisville","KY","40203"
32659,"7405 Watson Ln","Louisville","KY","40272"
32660,"100 N 40th St","Louisville","KY","40212"
32661,"2004 Farnsley Rd","Louisville","KY","40216"
32662,"6106 Chambers Way","Louisville","KY","40229"
32663,"13113 Meadowlawn Dr","Louisville","KY","40272"
32664,"411 E Brandeis Ave","Louisville","KY","40217"
32665,"10701 Grafton Hall Rd","Louisville","KY","40272"
32666,"1253 Cherokee Rd","Louisville","KY","40204"
32667,"6103 Rodes Dr","Louisville","KY","40222"
32668,"5004 Hillview Dr","Louisville","KY","40258"
32669,"5012 Laughlin Ave","Louisville","KY","40214"
32670,"2073 Ravinia Ave","Louisville","KY","40205"
32671,"3121 Del Park Ter","Louisville","KY","40211"
32672,"4405 Southern Pkwy","Louisville","KY","40214"
32673,"10802 Deering Rd","Louisville","KY","40272"
32674,"834 Dresden Ave","Louisville","KY","40215"
32675,"3128 Graystone Manor Pkwy","Louisville","KY","40241"
32676,"8602 Banbridge Rd","Louisville","KY","40242"
32677,"1014 Mckinley Ave","Louisville","KY","40217"
32678,"4112 Alana Dr","Louisville","KY","40216"
32679,"2802 Kennersley Dr","Louisville","KY","40242"
32680,"2827 Yorkshire Blvd","Louisville","KY","40220"
32681,"212 E Wampum Ave","Louisville","KY","40209"
32682,"1835 Edgeland Ave","Louisville","KY","40204"
32683,"304 Merriman Rd","Louisville","KY","40207"
32684,"1823 Deerwood Ave","Louisville","KY","40205"
32685,"4926 S 5th St","Louisville","KY","40214"
32686,"1119 Hennepin Dr","Louisville","KY","40214"
32687,"224 Travois Rd","Louisville","KY","40207"
32688,"7511 Marie Anna Dr","Louisville","KY","40258"
32689,"10607 Fairview Ave","Louisville","KY","40299"
32690,"8711 Timberline Dr","Louisville","KY","40291"
32691,"1744 Fernwood Ave","Louisville","KY","40205"
32692,"2608 Rockford Ln","Louisville","KY","40216"
32693,"12213 Somerset Dr","Louisville","KY","40229"
32694,"287 Haldeman Ave","Louisville","KY","40206"
32695,"5301 Burkett Ct","Louisville","KY","40291"
32696,"4211 Estate Dr","Louisville","KY","40216"
32697,"1206 Lillian Ave","Louisville","KY","40208"
32698,"7409 Deep Hollow Rd","Louisville","KY","40228"
32699,"11200 Paloma Ct","Louisville","KY","40229"
32700,"1444 Rosewood Ave","Louisville","KY","40204"
32701,"1909 Arboro Pl","Louisville","KY","40220"
32702,"10445 Ghentwood Row","Louisville","KY","40223"
32703,"1002 Eastbridge Ct","Louisville","KY","40223"
32704,"8004 Cloudcroft Ln","Louisville","KY","40220"
32705,"1520 Sable Wing Cir","Louisville","KY","40223"
32706,"8509 Whipps Mill Rd","Louisville","KY","40222"
32707,"4007 Gunn Ct","Louisville","KY","40229"
32708,"7316 Chestnut Tree Ln","Louisville","KY","40291"
32709,"4400 Clarene Dr","Louisville","KY","40216"
32710,"3514 Del Park Ter","Louisville","KY","40211"
32711,"1926 Deerwood Ave","Louisville","KY","40205"
32712,"2818 Woods Club Rd","Louisville","KY","40241"
32713,"962 Charles St","Louisville","KY","40204"
32714,"3003 Gleeson Ln","Louisville","KY","40299"
32715,"401 Chenoweth Ln","Louisville","KY","40207"
32716,"2223 Strathmoor Blvd","Louisville","KY","40205"
32717,"2135 Winston Ave","Louisville","KY","40205"
32718,"1229 Algonquin Pkwy","Louisville","KY","40208"
32719,"1109 E Oak St","Louisville","KY","40204"
32720,"7602 Appletree Way","Louisville","KY","40228"
32721,"1935 Payne St","Louisville","KY","40206"
32722,"8401 Cedar Creek Rd","Louisville","KY","40291"
32723,"3930 Graf Dr","Louisville","KY","40220"
32724,"1313 Abbeywood Rd","Louisville","KY","40222"
32725,"4009 S 2nd St","Louisville","KY","40214"
32726,"3935 S 2nd St","Louisville","KY","40214"
32727,"1802 Rutherford Ave","Louisville","KY","40205"
32728,"2024 San Jose Ave","Louisville","KY","40216"
32729,"1110 Springside Ct","Louisville","KY","40223"
32730,"4302 Statton Rd","Louisville","KY","40220"
32731,"4032 Cheviot Dr","Louisville","KY","40216"
32732,"2115 W Gaulbert Ave","Louisville","KY","40210"
32733,"1228 Everett Ave","Louisville","KY","40204"
32734,"8408 Robin Hill Dr","Louisville","KY","40291"
32735,"5702 Janet Lee Dr","Louisville","KY","40291"
32736,"4602 Logby Pl","Louisville","KY","40272"
32737,"702 Karly Ct","Louisville","KY","40243"
32738,"7410 Spring House Ln","Louisville","KY","40291"
32739,"2133 Belmont Rd","Louisville","KY","40218"
32740,"4519 Unseld Blvd","Louisville","KY","40218"
32741,"1416 Debarr St","Louisville","KY","40204"
32742,"8806 Swan Hill Rd","Louisville","KY","40241"
32743,"8504 Field Trails Ct","Louisville","KY","40291"
32744,"510 Grand Vista Pl","Louisville","KY","40243"
32745,"5714 Morrison Ave","Louisville","KY","40214"
32746,"3213 Marion Ct","Louisville","KY","40206"
32747,"4401 Lynnview Dr","Louisville","KY","40216"
32748,"328 Zorn Ave","Louisville","KY","40206"
32749,"10984 Eagles Cove Dr","Louisville","KY","40241"
32750,"9924 Silverwood Ln","Louisville","KY","40272"
32751,"9000 Seaton Springs Pkwy","Louisville","KY","40222"
32752,"5406 Hess Dr","Louisville","KY","40258"
32753,"2337 Saratoga Dr","Louisville","KY","40205"
32754,"942 E Oak St","Louisville","KY","40204"
32755,"5801 Beyroth Ct","Louisville","KY","40207"
32756,"6016 Colebrooke Ln","Louisville","KY","40219"
32757,"4904 Valley Station Rd","Louisville","KY","40272"
32758,"7717 Manslick Rd","Louisville","KY","40214"
32759,"9811 Meadow Vale Dr","Louisville","KY","40242"
32760,"5321 Westhall Ave","Louisville","KY","40214"
32761,"5315 Winslow Dr","Louisville","KY","40272"
32762,"6803 Bahama Ln","Louisville","KY","40219"
32763,"2817 Woods Club Rd","Louisville","KY","40241"
32764,"600 Pennyroyal Way","Louisville","KY","40223"
32765,"8721 Shadow Creek Way","Louisville","KY","40291"
32766,"7109 Wesboro Rd","Louisville","KY","40222"
32767,"4619 Cliff Ave","Louisville","KY","40215"
32768,"833 Sylvia St","Louisville","KY","40217"
32769,"9500 Wessex Pl","Louisville","KY","40222"
32770,"5106 Miles Ln","Louisville","KY","40219"
32771,"300 New England Ct","Louisville","KY","40214"
32772,"6211 Mercury Dr","Louisville","KY","40291"
32773,"10615 Black Iron Rd","Louisville","KY","40291"
32774,"2561 Top Hill Rd","Louisville","KY","40206"
32775,"5516 Wooded Lake Dr","Louisville","KY","40299"
32776,"2510 Kings Hwy","Louisville","KY","40205"
32777,"10613 Sycamore Grn","Louisville","KY","40223"
32778,"6707 Green Manor Dr","Louisville","KY","40228"
32779,"4625 Southcrest Dr","Louisville","KY","40215"
32780,"2600 Ballantrae Cir","Louisville","KY","40242"
32781,"3404 Ethelwood Dr","Louisville","KY","40299"
32782,"10713 Black Iron Rd","Louisville","KY","40291"
32783,"4508 Borney Cir","Louisville","KY","40299"
32784,"6000 Harwood Rd","Louisville","KY","40222"
32785,"2551 Seneca Dr","Louisville","KY","40205"
32786,"5318 Layne Rd","Louisville","KY","40219"
32787,"221 N Chadwick Rd","Louisville","KY","40223"
32788,"6201 Derrick Dr","Louisville","KY","40216"
32789,"3419 Northwestern Pkwy","Louisville","KY","40212"
32790,"1109 S 1st St","Louisville","KY","40203"
32791,"9406 Stonelanding Pl","Louisville","KY","40272"
32792,"3032 Melbourne Ave","Louisville","KY","40220"
32793,"2910 Meadowview Cir","Louisville","KY","40220"
32794,"1648 Algonquin Pkwy","Louisville","KY","40210"
32795,"20 Welby Rd","Louisville","KY","40216"
32796,"9906 Prairie Dr","Louisville","KY","40272"
32797,"3219 Robin Rd","Louisville","KY","40213"
32798,"8709 Timberline Dr","Louisville","KY","40291"
32799,"8214 Poinsettia Dr","Louisville","KY","40258"
32800,"1312 Mossrose Ave","Louisville","KY","40204"
32801,"2210 Janlyn Rd","Louisville","KY","40299"
32802,"801 Skylark Dr","Louisville","KY","40223"
32803,"6106 Galvin Ct","Louisville","KY","40229"
32804,"5219 Yew Ln","Louisville","KY","40213"
32805,"4609 Aral Dr","Louisville","KY","40219"
32806,"1638 Story Ave","Louisville","KY","40206"
32807,"3300 Bowie Dr","Louisville","KY","40219"
32808,"3926 Staebler Ave","Louisville","KY","40207"
32809,"1024 Baxter Ave","Louisville","KY","40204"
32810,"333 N 26th St","Louisville","KY","40212"
32811,"10605 Torrington Rd","Louisville","KY","40272"
32812,"9707 Chapel Hill Rd","Louisville","KY","40229"
32813,"3203 Greendale Dr","Louisville","KY","40216"
32814,"6802 Ossulston Ct","Louisville","KY","40207"
32815,"1212 Abbeywood Rd","Louisville","KY","40222"
32816,"5505 Maryman Rd","Louisville","KY","40258"
32817,"4116 Sunflower Ave","Louisville","KY","40216"
32818,"143 Butterfly Ln","Louisville","KY","40229"
32819,"1423 Wurtele Ave","Louisville","KY","40208"
32820,"405 N Hubbards Ln","Louisville","KY","40207"
32821,"3716 Center St","Louisville","KY","40215"
32822,"4225 Dolphin Rd","Louisville","KY","40220"
32823,"7312 Quail Ridge Rd","Louisville","KY","40291"
32824,"1815 W Lee St","Louisville","KY","40210"
32825,"3200 Kinvara Ln","Louisville","KY","40242"
32826,"3017 Weather Way","Louisville","KY","40220"
32827,"1404 Lancaster Essex Ct","Louisville","KY","40242"
32828,"7518 Jamaica Dr","Louisville","KY","40214"
32829,"818 Washburn Ave","Apt 7","Louisville",
32830,"10113 Headley Hill Rd","Louisville","KY","40223"
32831,"9217 Star Rest Cir","Louisville","KY","40272"
32832,"12314 Saint Clair Dr","Louisville","KY","40243"
32833,"2567 Trubart Ln","Louisville","KY","40216"
32834,"7405 Gaymont Dr","Louisville","KY","40214"
32835,"7408 Royalwood Dr","Louisville","KY","40214"
32836,"300 Possum Path","Louisville","KY","40214"
32837,"4509 Rose Farm Dr","Louisville","KY","40258"
32838,"126 N 37th St","Louisville","KY","40212"
32839,"165 Thierman Ln","Apt 308","Louisville",
32840,"10838 Hobbs Station Rd","Louisville","KY","40223"
32841,"5401 Jessamine Ln","Louisville","KY","40258"
32842,"311 Godfrey Ave","Louisville","KY","40206"
32843,"4205 Hale Ave","Louisville","KY","40211"
32844,"4224 Lynnbrook Dr","Louisville","KY","40220"
32845,"4246 Freeman Ave","Louisville","KY","40216"
32846,"901 S 45th St","Louisville","KY","40211"
32847,"8915 Mountain Brook Ct","Louisville","KY","40272"
32848,"10809 Torrington Rd","Louisville","KY","40272"
32849,"2830 Ashfield Ln","Louisville","KY","40220"
32850,"5507 Chestnutwood Way","Louisville","KY","40272"
32851,"12300 Springmeadow Dr","Louisville","KY","40229"
32852,"1904 Milburt Dr","Louisville","KY","40223"
32853,"2311 Briargate Ave","Louisville","KY","40216"
32854,"5503 Reflection Dr","Louisville","KY","40218"
32855,"4824 Kingfisher Way","Louisville","KY","40213"
32856,"1301 Forest Dr","Louisville","KY","40219"
32857,"3106 Bobolink Rd","Louisville","KY","40213"
32858,"3304 Dayton Ave","Louisville","KY","40207"
32859,"403 Eastbridge Ct","Louisville","KY","40223"
32860,"4925 S 4th St","Louisville","KY","40214"
32861,"215 Hidden Oak Pl","Louisville","KY","40222"
32862,"9215 Willowwood Way","Louisville","KY","40299"
32863,"5700 Mark Dr","Louisville","KY","40258"
32864,"1550 Prentice St","Louisville","KY","40210"
32865,"2419 Sherry Rd","Louisville","KY","40217"
32866,"3013 University Rd","Louisville","KY","40206"
32867,"1302 Abbeywood Rd","Louisville","KY","40222"
32868,"7203 Kort Way","Louisville","KY","40220"
32869,"5007 Railroad Ave","Louisville","KY","40258"
32870,"9701 Turnpike View Dr","Louisville","KY","40229"
32871,"3002 Louisa Ave","Louisville","KY","40217"
32872,"334 Kenwood Hill Rd","Louisville","KY","40214"
32873,"2912 Creekside Dr","Louisville","KY","40241"
32874,"2901 Glenafton Ln","Louisville","KY","40217"
32875,"7205 Peppermill Ct","Louisville","KY","40228"
32876,"4605 Aral Dr","Louisville","KY","40219"
32877,"212 Wooded Falls Rd","Louisville","KY","40243"
32878,"9619 Yarmouth Ct","Louisville","KY","40272"
32879,"4902 De Priest Ct","Louisville","KY","40218"
32880,"826 Parkway Dr","Louisville","KY","40217"
32881,"10704 Helmsdale Ln","Louisville","KY","40243"
32882,"636 S 43rd St","Louisville","KY","40211"
32883,"423 Breckenridge Ln","Louisville","KY","40207"
32884,"5011 Red Oak Ln","Louisville","KY","40218"
32885,"4915 Bova Way","Louisville","KY","40291"
32886,"4031 Hycliffe Ave","Louisville","KY","40207"
32887,"805 S 39th St","Louisville","KY","40211"
32888,"5105 Moccasin Ct","Louisville","KY","40207"
32889,"6 Bella Ct","Louisville","KY","40216"
32890,"8204 Flicker Pl","Louisville","KY","40214"
32891,"705 Briar Hill Rd","Louisville","KY","40206"
32892,"1511 Cornette Way","Louisville","KY","40216"
32893,"9607 Pembury Ct","Louisville","KY","40272"
32894,"12210 Somerset Dr","Louisville","KY","40229"
32895,"612 Dorsey Way","Louisville","KY","40223"
32896,"3856 Darlene Dr","Louisville","KY","40216"
32897,"4027 Brookfield Ave","Louisville","KY","40207"
32898,"1611 Rosewood Ave","Louisville","KY","40204"
32899,"407 Kenilworth Rd","Louisville","KY","40206"
32900,"1834 Edgeland Ave","Louisville","KY","40204"
32901,"9307 Villa Fair Ct","Louisville","KY","40291"
32902,"4900 Swaps Ln","Louisville","KY","40216"
32903,"1054 S 43rd St","Louisville","KY","40211"
32904,"2454 Glenmary Ave","Apt 12","Louisville",
32905,"8500 Turnside Dr","Louisville","KY","40242"
32906,"601 Turnstile Trce","Louisville","KY","40223"
32907,"8404 Nicki Ct","Louisville","KY","40258"
32908,"5205 Rookwood Ave","Louisville","KY","40218"
32909,"205 Sage Rd","Louisville","KY","40207"
32910,"1929 Yale Dr","Louisville","KY","40205"
32911,"2502 Titleist Rd","Louisville","KY","40242"
32912,"425 Mac Brae Rd","Louisville","KY","40214"
32913,"10307 Charleswood Rd","Louisville","KY","40229"
32914,"3601 Penway Ave","Louisville","KY","40211"
32915,"1819 S 23rd St","Louisville","KY","40210"
32916,"5316 Lost Trl","Louisville","KY","40214"
32917,"8107 Rome Beauty Way","Louisville","KY","40228"
32918,"7514 Norwood Dr","Louisville","KY","40222"
32919,"550 Primrose Way","Louisville","KY","40206"
32920,"3304 Maple Rd","Louisville","KY","40299"
32921,"8328 Croydon Cir","Louisville","KY","40222"
32922,"1324 Sale Ave","Louisville","KY","40215"
32923,"602 Lake Sterling Rd","Louisville","KY","40223"
32924,"14410 Broad Oak Trce","Louisville","KY","40245"
32925,"3204 Rockaway Dr","Louisville","KY","40216"
32926,"4709 Valley Station Rd","Louisville","KY","40272"
32927,"1927 Meadowcreek Dr","Louisville","KY","40218"
32928,"3608 Graham Rd","Louisville","KY","40207"
32929,"4717 Nottinghamshire Dr","Louisville","KY","40299"
32930,"13816 S Blakely Ln","Louisville","KY","40272"
32931,"9300 Bartley Dr","Louisville","KY","40291"
32932,"3320 Trinity Rd","Louisville","KY","40206"
32933,"3414 Trail Ridge Rd","Louisville","KY","40241"
32934,"2901 Nepperhan Rd","Louisville","KY","40218"
32935,"310 S Lyndon Ln","Louisville","KY","40222"
32936,"9918 Winged Foot Dr","Louisville","KY","40223"
32937,"5920 Dellrose Dr","Louisville","KY","40258"
32938,"5308 S Watterson Trl","Louisville","KY","40291"
32939,"2129 Edgehill Rd","Louisville","KY","40205"
32940,"3403 Trail Ridge Rd","Louisville","KY","40241"
32941,"209 Fairfax Ave","Apt 4","Louisville",
32942,"4519 S 6th St","Louisville","KY","40214"
32943,"5405 Anatahan Ct","Louisville","KY","40272"
32944,"2526 Duncan St","Louisville","KY","40212"
32945,"2815 Arlington Rd","Louisville","KY","40220"
32946,"7912 Nottoway Cir","Louisville","KY","40214"
32947,"10315 Carriage House Ct","Louisville","KY","40223"
32948,"1832 Nobel Pl","Louisville","KY","40216"
32949,"401 S 28th St","Louisville","KY","40212"
32950,"6605 Moorman Rd","Louisville","KY","40272"
32951,"406 Olde Glouchester Cv","Louisville","KY","40214"
32952,"9909 Merioneth Dr","Louisville","KY","40299"
32953,"2628 Mccoy Way","Louisville","KY","40205"
32954,"413 W Tenny Ave","Louisville","KY","40214"
32955,"10991 Eagles Cove Dr","Louisville","KY","40241"
32956,"109 N Watterson Trl","Louisville","KY","40243"
32957,"218 Kinnaird Ln","Louisville","KY","40243"
32958,"625 S 40th St","Louisville","KY","40211"
32959,"3042 Woodland Ave","Louisville","KY","40211"
32960,"240 Carey Ave","Louisville","KY","40218"
32961,"4707 Lacey Ct","Louisville","KY","40218"
32962,"10607 Stonebreaker Rd","Louisville","KY","40291"
32963,"2910 Lindsay Ave","Louisville","KY","40206"
32964,"4304 Trewlaney Ct","Louisville","KY","40229"
32965,"2208 Deveron Dr","Louisville","KY","40216"
32966,"4413 Charlotte Ann Dr","Louisville","KY","40216"
32967,"5205 Sprucewood Dr","Louisville","KY","40291"
32968,"2905 Wimpole Ct","Louisville","KY","40218"
32969,"3513 Winterberry Cir","Louisville","KY","40207"
32970,"3610 Calais Dr","Louisville","KY","40299"
32971,"404 Leyton Ave","Louisville","KY","40222"
32972,"2918 Riedling Dr","Louisville","KY","40206"
32973,"442 Rogers Ave","Louisville","KY","40229"
32974,"7017 Irewick Way","Louisville","KY","40272"
32975,"803 Bowmore Pl","Louisville","KY","40243"
32976,"6611 Sunny Vale Way","Louisville","KY","40272"
32977,"211 Old Towne Rd","Louisville","KY","40214"
32978,"3104 Pelham Ct","Louisville","KY","40299"
32979,"9002 Lantern Lite Pkwy","Louisville","KY","40220"
32980,"12003 Lavenia Ln","Louisville","KY","40272"
32981,"7504 Plain Field Ct","Louisville","KY","40220"
32982,"3521 Winterberry Cir","Louisville","KY","40207"
32983,"9505 Stillridge Pl","Louisville","KY","40229"
32984,"3312 Mount Rainier Dr","Louisville","KY","40241"
32985,"3019 Hayfield Dr","Louisville","KY","40205"
32986,"2804 Wareham Rd","Louisville","KY","40242"
32987,"10958 Old Harrods Woods Cir","Louisville","KY","40223"
32988,"2707 W Chestnut St","Louisville","KY","40211"
32989,"10208 Glenmary Farm Dr","Louisville","KY","40291"
32990,"2800 Cleveland Blvd","Louisville","KY","40206"
32991,"3001 Bowman Ave","Louisville","KY","40205"
32992,"13304 Krages Ave","Louisville","KY","40272"
32993,"4618 Springfield Ct","Louisville","KY","40229"
32994,"9502 Polaris Dr","Louisville","KY","40229"
32995,"1201 Holly Springs Dr","Louisville","KY","40242"
32996,"6002 Oakdale Ln","Louisville","KY","40219"
32997,"120 Stevenson Ave","Louisville","KY","40206"
32998,"1053 Reasor Ave","Louisville","KY","40217"
32999,"3008 Don Dee Dr","Louisville","KY","40220"
33000,"4304 Mada Way","Louisville","KY","40272"
33001,"1234 S 15th St","Louisville","KY","40210"
33002,"13608 Kinross Blvd","Louisville","KY","40272"
33003,"7804 Cedar Brook Dr","Louisville","KY","40219"
33004,"5905 Apache Rd","Louisville","KY","40207"
33005,"5506 Binbrook Dr","Louisville","KY","40216"
33006,"3609 Eastside Dr","Louisville","KY","40220"
33007,"6601 Vandre Ave","Louisville","KY","40228"
33008,"1318 Christy Ave","Louisville","KY","40204"
33009,"3014 Summerfield Dr","Louisville","KY","40220"
33010,"9503 Palladio Ct","Louisville","KY","40299"
33011,"10405 Croswell Trce","Louisville","KY","40223"
33012,"505 Garden Dr","Louisville","KY","40206"
33013,"1005 Berry Blvd","Louisville","KY","40215"
33014,"1230 Payne St","Louisville","KY","40204"
33015,"1265 Willow Ave","Louisville","KY","40204"
33016,"2007 Bainbridge Row Dr","Louisville","KY","40207"
33017,"4902 Simpson Dr","Louisville","KY","40218"
33018,"7400 Ireland Dr","Louisville","KY","40219"
33019,"3021 Whiteway Ave","Louisville","KY","40205"
33020,"10601 Black Iron Rd","Louisville","KY","40291"
33021,"6011 Fairridge Ct","Louisville","KY","40229"
33022,"1323 Payne St","Louisville","KY","40204"
33023,"8003 Poinsettia Dr","Louisville","KY","40258"
33024,"2804 Summerfield Dr","Louisville","KY","40220"
33025,"1210 S 2nd St","Louisville","KY","40203"
33026,"7901 Hall Ct","Louisville","KY","40291"
33027,"1826 Oehrle Dr","Louisville","KY","40216"
33028,"1699 Wathen Ln","Louisville","KY","40216"
33029,"4712 Valley Station Rd","Louisville","KY","40272"
33030,"3107 Pomeroy Dr","Louisville","KY","40220"
33031,"4809 Oak Park Dr","Louisville","KY","40258"
33032,"1804 Ashmoor Ln","Louisville","KY","40223"
33033,"110 Holliswood Rd","Louisville","KY","40222"
33034,"8911 Reinhart Way","Louisville","KY","40220"
33035,"8709 Watterson Trl","Louisville","KY","40299"
33036,"642 S 36th St","Louisville","KY","40211"
33037,"1842 W Gaulbert Ave","Louisville","KY","40210"
33038,"2922 Slevin St","Louisville","KY","40212"
33039,"8014 Poinsettia Dr","Louisville","KY","40258"
33040,"3518 Warner Ave","Louisville","KY","40207"
33041,"5121 Christie Ave","Louisville","KY","40216"
33042,"6210 Red Spruce Dr","Louisville","KY","40229"
33043,"8703 Birchline Ct","Louisville","KY","40291"
33044,"8011 Brush Ln","Louisville","KY","40291"
33045,"3831 Northwestern Pkwy","Louisville","KY","40212"
33046,"2109 Magazine St","Louisville","KY","40211"
33047,"4619 Brewster Ave","Louisville","KY","40211"
33048,"2315 Boulevard","Napoleon","Louisville",
33049,"7006 John Adams Way","Louisville","KY","40272"
33050,"14100 Marley Pl","Louisville","KY","40245"
33051,"1046 Southacres Dr","Louisville","KY","40219"
33052,"515 Leyton Ave","Louisville","KY","40222"
33053,"17107 Ash Hill Dr","Louisville","KY","40245"
33054,"7609 Old Orchard Ct","Louisville","KY","40222"
33055,"8126 Lake Ter","Apt G8","Louisville",
33056,"364 Dublin Cir","Louisville","KY","40229"
33057,"11010 Booker Rd","Louisville","KY","40223"
33058,"521 Zorn Ave","Apt E16","Louisville",
33059,"1808 Rosewood Ave","Louisville","KY","40204"
33060,"12304 Ledges Dr","Louisville","KY","40243"
33061,"2215 Strathmoor Blvd","Louisville","KY","40205"
33062,"8523 Smithton Rd","Louisville","KY","40219"
33063,"4023 Lisa Ave","Louisville","KY","40216"
33064,"823 Foxwood Ave","Louisville","KY","40223"
33065,"5442 Bruce Ave","Louisville","KY","40214"
33066,"4304 Murphy Ln","Louisville","KY","40241"
33067,"8605 Farmsfield Ct","Louisville","KY","40299"
33068,"2702 Alford Ave","Louisville","KY","40212"
33069,"2736 Garland Ave","Louisville","KY","40211"
33070,"5369 Park Rd","Louisville","KY","40214"
33071,"519 Willow Stone Way","Louisville","KY","40223"
33072,"7916 Sunbury Ln","Louisville","KY","40220"
33073,"4410 Malcolm Rd","Louisville","KY","40216"
33074,"5609 Revere Dr","Louisville","KY","40218"
33075,"185 Westwind Rd","Louisville","KY","40207"
33076,"3108 Commander Dr","Louisville","KY","40220"
33077,"3018 Huberta Dr","Louisville","KY","40216"
33078,"1227 Roadway Ave","Louisville","KY","40208"
33079,"146 Mills Dr","Louisville","KY","40216"
33080,"4116 Caven Ct","Louisville","KY","40229"
33081,"9900 Dixie Hwy","Louisville","KY","40272"
33082,"8401 Saint George Ln","Louisville","KY","40220"
33083,"8707 Hagner Dr","Louisville","KY","40258"
33084,"800 Locust Pointe Pl","Louisville","KY","40245"
33085,"6405 Venango Dr","Louisville","KY","40258"
33086,"9226 Glover Ln","Louisville","KY","40242"
33087,"4020 Plymouth Rd","Louisville","KY","40207"
33088,"704 Logsdon Ct","Louisville","KY","40243"
33089,"403 Scottsdale Blvd","Louisville","KY","40214"
33090,"2933 Six Mile Ln","Louisville","KY","40220"
33091,"208 Highwood Dr","Louisville","KY","40206"
33092,"4207 Bay Pointe Dr","Louisville","KY","40241"
33093,"5204 Yew Ln","Louisville","KY","40213"
33094,"14104 Brendon Hills Ct","Louisville","KY","40245"
33095,"10215 Blue Ridge Ct","Louisville","KY","40223"
33096,"5808 Jeanine Dr","Louisville","KY","40219"
33097,"1528 Central Ave","Louisville","KY","40208"
33098,"5208 Euclid Ave","Louisville","KY","40272"
33099,"12600 Kirkham Rd","Louisville","KY","40299"
33100,"6909 Hollow Creek Ct","Louisville","KY","40228"
33101,"122 Hillside Ln","Louisville","KY","40229"
33102,"3415 Foreman Ln","Louisville","KY","40219"
33103,"2709 Field Ave","Louisville","KY","40206"
33104,"1723 Cloverbrook Dr","Louisville","KY","40215"
33105,"406 Clover Ln","Louisville","KY","40207"
33106,"1030 S Shelby St","Louisville","KY","40203"
33107,"3801 Powell Ave","Louisville","KY","40215"
33108,"3530 Whippoorwill Rd","Louisville","KY","40213"
33109,"506 Gheens Ave","Louisville","KY","40214"
33110,"5411 Tracy Way","Louisville","KY","40214"
33111,"402 Moser Rd","Louisville","KY","40223"
33112,"14107 Willow Grove Ct","Louisville","KY","40245"
33113,"1225 Cherokee Rd","Louisville","KY","40204"
33114,"4901 W Batalina Ct","Louisville","KY","40219"
33115,"4308 Conaem Dr","Louisville","KY","40213"
33116,"2803 Grinstead Dr","Louisville","KY","40206"
33117,"4005 Parthenia Ave","Louisville","KY","40215"
33118,"609 Plainview Terrace Dr","Louisville","KY","40223"
33119,"616 Dublin Cir","Louisville","KY","40229"
33120,"2614 Slevin St","Louisville","KY","40212"
33121,"12010 Rock Spring Ct","Louisville","KY","40245"
33122,"138 N 40th St","Louisville","KY","40212"
33123,"5509 Brokers Tip Ln","Louisville","KY","40272"
33124,"3119 Graystone Manor Pkwy","Louisville","KY","40241"
33125,"2215 Pikes Peak Blvd","Louisville","KY","40214"
33126,"4111 Gloucester Rd","Louisville","KY","40207"
33127,"5603 Rustic Way","Louisville","KY","40218"
33128,"613 Turnstile Trce","Louisville","KY","40223"
33129,"2605 Hill Briar Ct","Louisville","KY","40241"
33130,"2213 Alice Kay Dr","Louisville","KY","40214"
33131,"2902 Glen Hill Ct","Louisville","KY","40222"
33132,"2411 Ashwood Dr","Louisville","KY","40205"
33133,"3217 Stegner Ave","Louisville","KY","40216"
33134,"1000 S 41st St","Louisville","KY","40211"
33135,"8207 Edsel Ln","Louisville","KY","40291"
33136,"3300 Thrush Rd","Louisville","KY","40213"
33137,"1885 Ivanhoe Ct","Louisville","KY","40205"
33138,"302 Kilmory Ave","Louisville","KY","40214"
33139,"3536 Woodruff Ave","Louisville","KY","40215"
33140,"1018 Everett Ave","Louisville","KY","40204"
33141,"4528 S 3rd St","Louisville","KY","40214"
33142,"4616 Cliff Ave","Louisville","KY","40215"
33143,"7530 Merlyn Cir","Louisville","KY","40214"
33144,"2059 S Shelby St","Louisville","KY","40217"
33145,"107 Spring Garden Dr","Louisville","KY","40218"
33146,"7409 Falls Ridge Ct","Louisville","KY","40241"
33147,"10517 Bay Pointe Ct","Louisville","KY","40241"
33148,"3424 Brookhollow Dr","Louisville","KY","40220"
33149,"7909 Cortland Dr","Louisville","KY","40228"
33150,"4406 Chenwood Ln","Louisville","KY","40299"
33151,"1803 Oakcrest Ct","Louisville","KY","40214"
33152,"4309 Dohn Ave","Louisville","KY","40216"
33153,"12212 Somerset Dr","Louisville","KY","40229"
33154,"3303 Janell Rd","Louisville","KY","40216"
33155,"3411 Lees Ln","Louisville","KY","40216"
33156,"4404 Cavelle Ave","Louisville","KY","40213"
33157,"1101 Samuel St","Louisville","KY","40204"
33158,"8507 Blue Lick Rd","Louisville","KY","40219"
33159,"1149 Euclid Ave","Louisville","KY","40208"
33160,"1109 Abbeywood Rd","Louisville","KY","40222"
33161,"4603 Unseld Blvd","Louisville","KY","40218"
33162,"4606 Wolfspring Dr","Louisville","KY","40241"
33163,"4706 Lacey Ct","Louisville","KY","40218"
33164,"4706 Poplar View Dr","Louisville","KY","40216"
33165,"3644 Johnston Way","Louisville","KY","40220"
33166,"3211 Ellis Way","Louisville","KY","40220"
33167,"3903 Norene Ln","Louisville","KY","40219"
33168,"8308 Millington Ct","Louisville","KY","40228"
33169,"2242 Stephan Ln","Louisville","KY","40214"
33170,"4185 Lee Ave","Louisville","KY","40213"
33171,"3018 Wurtele Ave","Louisville","KY","40216"
33172,"3716 Whitehall Ct","Louisville","KY","40272"
33173,"1450 Goddard Ave","Louisville","KY","40204"
33174,"2816 Goose Creek Rd","Louisville","KY","40242"
33175,"103 S Beckley Station Rd","Louisville","KY","40245"
33176,"102 Crescent Ct","Unit 1","Louisville",
33177,"1805 Claremoor Dr","Louisville","KY","40223"
33178,"10512 Brentlinger Ln","Louisville","KY","40291"
33179,"3600 Hudson Ave","Louisville","KY","40211"
33180,"4506 Trumpet Way","Louisville","KY","40216"
33181,"1204 Dresden Ave","Louisville","KY","40215"
33182,"7419 York River Rd","Louisville","KY","40214"
33183,"9205 Jefferson Ave","Louisville","KY","40291"
33184,"8012 Northern Spy Dr","Louisville","KY","40228"
33185,"9115 Kentucky Ave","Louisville","KY","40291"
33186,"5941 Midnight Ln","Louisville","KY","40229"
33187,"327 N Birchwood Ave","Louisville","KY","40206"
33188,"9409 Aristides Dr","Louisville","KY","40272"
33189,"2202 Perth Ct","Louisville","KY","40216"
33190,"6601 El Rancho Rd","Louisville","KY","40291"
33191,"3820 Sunrise Way","Louisville","KY","40220"
33192,"5200 General Ln","Louisville","KY","40218"
33193,"2709 Trumpetvine Rd","Louisville","KY","40220"
33194,"3816 Gaywood Dr","Louisville","KY","40272"
33195,"6607 Lunar Dr","Louisville","KY","40258"
33196,"7903 Manslick Rd","Louisville","KY","40214"
33197,"2824 Woods Club Rd","Louisville","KY","40241"
33198,"9241 Chenault Rd","Louisville","KY","40272"
33199,"5010 Constance Dr","Louisville","KY","40272"
33200,"11708 Maple Way","Louisville","KY","40229"
33201,"1816 Arboro Pl","Louisville","KY","40220"
33202,"1918 Myddleton Dr","Louisville","KY","40243"
33203,"2521 Legene Dr","Louisville","KY","40216"
33204,"319 W Southside Ct","Louisville","KY","40214"
33205,"1107 Johnson Farm Rd","Louisville","KY","40245"
33206,"222 E Southern Heights Ave","Louisville","KY","40209"
33207,"210 Woodbine St","Louisville","KY","40208"
33208,"4903 Simpson Dr","Louisville","KY","40218"
33209,"10312 Blue Lick Rd","Louisville","KY","40229"
33210,"4304 Quiet Way","Louisville","KY","40219"
33211,"8412 Hudson Ln","Louisville","KY","40291"
33212,"1404 Woody Ave","Louisville","KY","40215"
33213,"5371 Park Rd","Louisville","KY","40214"
33214,"6909 Ledgerock Rd","Louisville","KY","40219"
33215,"5345 Lost Trl","Louisville","KY","40214"
33216,"1077 Eastern Pkwy","Louisville","KY","40217"
33217,"2323 Alice Kay Dr","Louisville","KY","40214"
33218,"8714 Hickory Ct","Louisville","KY","40242"
33219,"5817 Spicewood Ln","Louisville","KY","40219"
33220,"3524 Westwood Farms Dr","Louisville","KY","40220"
33221,"1258 Cooper Ave","Louisville","KY","40219"
33222,"4405 Estate Dr","Louisville","KY","40216"
33223,"2019 Dixie Garden Dr","Louisville","KY","40272"
33224,"1126 W Ashland Ave","Louisville","KY","40215"
33225,"5012 Yaupon Ln","Louisville","KY","40213"
33226,"625 Edith Rd","Louisville","KY","40206"
33227,"3208 Kingswood Way","Louisville","KY","40216"
33228,"9805 Wildwood Ct","Louisville","KY","40223"
33229,"6403 By Way Ln","Louisville","KY","40218"
33230,"126 N Birchwood Ave","Louisville","KY","40206"
33231,"435 S 32nd St","Louisville","KY","40212"
33232,"7904 Columbine Dr","Louisville","KY","40258"
33233,"2834 Whiteway Ave","Louisville","KY","40205"
33234,"7600 Oswego Cir","Louisville","KY","40214"
33235,"2302 Allegheny Dr","Louisville","KY","40299"
33236,"4912 Hazelwood Ave","Louisville","KY","40214"
33237,"8903 Provincetown Pl","Louisville","KY","40242"
33238,"1903 Janlyn Rd","Louisville","KY","40299"
33239,"10956 Old Harrods Woods Cir","Louisville","KY","40223"
33240,"838 Dearborn Ave","Louisville","KY","40211"
33241,"3636 Stanton Blvd","Louisville","KY","40220"
33242,"2417 W Jefferson St","Louisville","KY","40212"
33243,"314 Tyne Rd","Louisville","KY","40207"
33244,"525 Lone Oak Trl","Louisville","KY","40214"
33245,"4405 Jonlyn Ct","Louisville","KY","40207"
33246,"2403 Fluhr Ln","Louisville","KY","40216"
33247,"10212 Glenmary Farm Dr","Louisville","KY","40291"
33248,"4204 Starlite Ln","Louisville","KY","40291"
33249,"7207 Greenlawn Rd","Louisville","KY","40222"
33250,"11808 Olde Spring Rd","Louisville","KY","40245"
33251,"3404 Mildred Dr","Louisville","KY","40216"
33252,"7800 Vine Crest Ave","Louisville","KY","40222"
33253,"8618 Lambach Ln","Louisville","KY","40220"
33254,"1013 S 32nd St","Louisville","KY","40211"
33255,"300 S Hite Ave","Louisville","KY","40206"
33256,"619 Virginia Ave","Louisville","KY","40222"
33257,"3301 Fern Lea Rd","Louisville","KY","40216"
33258,"2304 W Gaulbert Ave","Louisville","KY","40210"
33259,"1760 Bernheim Ln","Louisville","KY","40210"
33260,"1100 Palatka Rd","Louisville","KY","40214"
33261,"7018 Bedford Ln","Louisville","KY","40222"
33262,"9103 Gutenberg Rd","Louisville","KY","40291"
33263,"9203 S Pirogue Ct","Louisville","KY","40299"
33264,"3296 Illinois Ave","Louisville","KY","40213"
33265,"2311 Renown Dr","Louisville","KY","40299"
33266,"10605 Stonebreaker Rd","Louisville","KY","40291"
33267,"8902 Royal Oak Dr","Louisville","KY","40272"
33268,"5503 Gaskin Ct","Louisville","KY","40229"
33269,"2705 Alps Rd","Louisville","KY","40216"
33270,"100 S 34th St","Louisville","KY","40212"
33271,"6408 Mandeville Rd","Louisville","KY","40228"
33272,"8218 Brookhollow Ct","Louisville","KY","40220"
33273,"1104 W Whitney Ave","Louisville","KY","40215"
33274,"235 El Conquistador Pl","Louisville","KY","40220"
33275,"6208 Upper Hunters Trce","Louisville","KY","40216"
33276,"5001 1/2 Old Heady Rd","Louisville","KY","40299"
33277,"1503 Community Way","Louisville","KY","40222"
33278,"7803 Circle Crest Rd","Louisville","KY","40241"
33279,"6307 Overton Rd","Louisville","KY","40228"
33280,"1208 W Ashland Ave","Louisville","KY","40215"
33281,"133 Seneca Trl","Louisville","KY","40214"
33282,"3124 Kaye Lawn Dr","Louisville","KY","40220"
33283,"946 Eastern Pkwy","Louisville","KY","40217"
33284,"1730 Harold Ave","Louisville","KY","40210"
33285,"3800 Susan Ln","Louisville","KY","40229"
33286,"4005 Saint Ives Ct","Louisville","KY","40207"
33287,"2905 Montrose Ave","Louisville","KY","40205"
33288,"2911 Weissinger Rd","Louisville","KY","40241"
33289,"4605 S 1st St","Louisville","KY","40214"
33290,"2602 Meadow Rd","Louisville","KY","40205"
33291,"5503 Sterling Dr","Louisville","KY","40216"
33292,"2352 Winston Ave","Louisville","KY","40205"
33293,"6204 Eureka Ave","Louisville","KY","40216"
33294,"3606 Gateview Cir","Louisville","KY","40272"
33295,"10113 Wingfield Rd","Louisville","KY","40291"
33296,"4411 Gatewood Ave","Louisville","KY","40215"
33297,"1589 Parsons Pl","Apt 2","Louisville",
33298,"120 Mills Dr","Louisville","KY","40216"
33299,"5002 Red Fern Rd","Louisville","KY","40218"
33300,"4015 Saint Germaine Ct","Louisville","KY","40207"
33301,"4302 Dawkins Ct","Louisville","KY","40229"
33302,"7810 Mackie Ln","Louisville","KY","40214"
33303,"1308 Blue Vale Way","Louisville","KY","40222"
33304,"824 Dorsey Ln","Louisville","KY","40223"
33305,"1812 Deerwood Ave","Louisville","KY","40205"
33306,"2300 Quinn Dr","Louisville","KY","40216"
33307,"7312 Maria Ave","Louisville","KY","40222"
33308,"6111 Mount Everest Dr","Louisville","KY","40216"
33309,"6400 Farmstead Ct","Louisville","KY","40291"
33310,"1606 Night Hawk Ct","Louisville","KY","40223"
33311,"1310 Lydia St","Louisville","KY","40217"
33312,"2624 Ballantrae Cir","Louisville","KY","40242"
33313,"7608 Tommie Ct","Louisville","KY","40258"
33314,"6011 Yellowsands Dr","Louisville","KY","40219"
33315,"727 Yorkwood Pl","Louisville","KY","40223"
33316,"2603 Franklin Ave","Louisville","KY","40216"
33317,"8805 Cedar Creek Rd","Louisville","KY","40291"
33318,"105 W Wellington Ave","Louisville","KY","40214"
33319,"4825 Graston Ave","Louisville","KY","40216"
33320,"2411 Franklin Ave","Louisville","KY","40216"
33321,"4814 Wellsworth Ave","Louisville","KY","40216"
33322,"2505 Briargate Ave","Louisville","KY","40216"
33323,"2416 Franklin Ave","Louisville","KY","40216"
33324,"2406 Thomas Ave","Louisville","KY","40216"
33325,"4917 Wellsworth Ave","Louisville","KY","40216"
33326,"2315 Lamar Ave","Louisville","KY","40216"
33327,"2411 Dexter St","Louisville","KY","40216"
33328,"2501 Briargate Ave","Louisville","KY","40216"
33329,"2508 Briargate Ave","Louisville","KY","40216"
33330,"4801 Graston Ave","Louisville","KY","40216"
33331,"4920 Feys Dr","Louisville","KY","40216"
33332,"4823 Graston Ave","Louisville","KY","40216"
33333,"1915 Bertie Ave","Louisville","KY","40206"
33334,"1865 Drescher Bridge Ave","Louisville","KY","40206"
33335,"232 Delmont Ave","Louisville","KY","40206"
33336,"246 Thompson Ave","Louisville","KY","40206"
33337,"271 Thompson Ave","Louisville","KY","40206"
33338,"9818 Nordic Dr","Louisville","KY","40272"
33339,"10305 Falling Tree Way","Louisville","KY","40223"
33340,"2704 Grand Ave","Apt 2","Louisville",
33341,"2704 Grand Ave","Apt 5","Louisville",
33342,"2704 Grand Ave","Apt 10","Louisville",
33343,"1214 Summit Ave","Louisville","KY","40204"
33344,"7737 3rd Street Rd","Louisville","KY","40214"
33345,"2101 S 39th St","Louisville","KY","40211"
33346,"4321 Malcolm Ave","Louisville","KY","40215"
33347,"5111 Constance Dr","Louisville","KY","40272"
33348,"2104 W Lee St","Louisville","KY","40210"
33349,"4303 Cara Way","Louisville","KY","40299"
33350,"1701 Timber Trce","Louisville","KY","40214"
33351,"2008 Croghan House Dr","Louisville","KY","40207"
33352,"301 Pepperbush Rd","Louisville","KY","40207"
33353,"824 Green Willow Way","Louisville","KY","40223"
33354,"9712 Hudson Ln","Louisville","KY","40291"
33355,"10102 Cloverbottom Trce","Louisville","KY","40223"
33356,"4416 Dyer Ave","Louisville","KY","40213"
33357,"2405 Slevin St","Louisville","KY","40212"
33358,"10100 Mary Dell Ln","Louisville","KY","40299"
33359,"10105 Bayport Rd","Louisville","KY","40299"
33360,"811 S 32nd St","Louisville","KY","40211"
33361,"4403 Mosaic Ct","Louisville","KY","40299"
33362,"3223 Mid Dale Ln","Louisville","KY","40220"
33363,"8303 Terry Rd","Louisville","KY","40258"
33364,"1510 Sable Wing Cir","Louisville","KY","40223"
33365,"8506 Laverne Dr","Louisville","KY","40299"
33366,"3513 Del Park Ter","Louisville","KY","40211"
33367,"2072 S Shelby St","Louisville","KY","40217"
33368,"7804 Oxted Ln","Louisville","KY","40222"
33369,"3800 Greenwood Ave","Louisville","KY","40211"
33370,"3908 Poplar Level Rd","Louisville","KY","40213"
33371,"7808 Circle Crest Rd","Louisville","KY","40241"
33372,"9114 Gayle Dr","Louisville","KY","40272"
33373,"3422 Greenwood Ave","Louisville","KY","40211"
33374,"1402 Eastbridge Ct","Louisville","KY","40223"
33375,"5203 Green Cove Cir","Louisville","KY","40218"
33376,"701 Iowa Ave","Louisville","KY","40208"
33377,"7318 York River Rd","Louisville","KY","40214"
33378,"4006 Carol Rd","Louisville","KY","40218"
33379,"7900 Broadfern Dr","Louisville","KY","40291"
33380,"5002 Winding Spring Cir","Louisville","KY","40245"
33381,"4335 Accomack Dr","Louisville","KY","40241"
33382,"326 S Shawnee Ter","Louisville","KY","40212"
33383,"10950 Old Harrods Woods Cir","Louisville","KY","40223"
33384,"10500 Burns Ct","Louisville","KY","40223"
33385,"1728 Kurz Way","Louisville","KY","40216"
33386,"2305 Payne St","Louisville","KY","40206"
33387,"401 Olde Colony Cv","Louisville","KY","40214"
33388,"4006 Stonelanding Ct","Louisville","KY","40272"
33389,"4714 Ridgeway Ct","Louisville","KY","40229"
33390,"2908 Patti Ln","Louisville","KY","40299"
33391,"2619 Rowan St","Louisville","KY","40212"
33392,"709 E Caldwell St","Louisville","KY","40203"
33393,"217 Bonner Ave","Louisville","KY","40207"
33394,"2327 Howard St","Louisville","KY","40211"
33395,"5003 Barbara Ave","Louisville","KY","40258"
33396,"6319 Tioga Rd","Louisville","KY","40214"
33397,"10713 Grecian Rd","Louisville","KY","40272"
33398,"4107 W Muhammad Ali Blvd","Louisville","KY","40212"
33399,"4302 Brookhaven Ave","Louisville","KY","40220"
33400,"207 Chattanooga Ave","Louisville","KY","40214"
33401,"8306 Saint Andrews Church Rd","Louisville","KY","40258"
33402,"5215 Rosette Blvd","Louisville","KY","40218"
33403,"10306 Nanka Rd","Louisville","KY","40272"
33404,"2517 Manchester Rd","Louisville","KY","40205"
33405,"1732 Griffin Gate Rd","Louisville","KY","40205"
33406,"155 Mccready Ave","Louisville","KY","40206"
33407,"12305 Springmeadow Dr","Louisville","KY","40229"
33408,"1918 Nelson Ave","Louisville","KY","40216"
33409,"1805 Allanwood Rd","Louisville","KY","40214"
33410,"5905 Bocagrande Dr","Louisville","KY","40219"
33411,"3302 Barbour Ln","Louisville","KY","40241"
33412,"1020 Berry Blvd","Louisville","KY","40215"
33413,"2619 Garland Ave","Louisville","KY","40211"
33414,"9704 Anita Blvd","Louisville","KY","40272"
33415,"2209 Federal Hill Dr","Louisville","KY","40299"
33416,"6110 Manse Dr","Louisville","KY","40258"
33417,"9401 Aristides Dr","Louisville","KY","40272"
33418,"5418 Sunset Dr","Louisville","KY","40219"
33419,"709 Talon Pl","Louisville","KY","40223"
33420,"3604 Shaker Mill Ct","Louisville","KY","40220"
33421,"1508 Sharon Dr","Louisville","KY","40216"
33422,"1931 Emerson Ave","Louisville","KY","40205"
33423,"4201 Martha Ave","Louisville","KY","40220"
33424,"3712 Vermont Ave","Louisville","KY","40211"
33425,"4806 Lawrie Ln","Louisville","KY","40214"
33426,"1334 Phyllis Ave","Louisville","KY","40215"
33427,"1809 Flagstaff Ct","Louisville","KY","40223"
33428,"5905 Colebrooke Ln","Louisville","KY","40219"
33429,"128 Mccready Ave","Louisville","KY","40206"
33430,"4630 Hillside Dr","Louisville","KY","40216"
33431,"8200 Afterglow Dr","Louisville","KY","40214"
33432,"1936 Richmond Dr","Louisville","KY","40205"
33433,"10302 Moonlight Way","Louisville","KY","40272"
33434,"1117 Cecil Ave","Louisville","KY","40211"
33435,"1429 Debarr St","Louisville","KY","40204"
33436,"12400 Aquarius Rd","Louisville","KY","40243"
33437,"914 Tamarisk Ct","Louisville","KY","40223"
33438,"4023 Laurelwood Ave","Louisville","KY","40220"
33439,"2841 Hikes Ln","Apt 106","Louisville",
33440,"7005 Lochwick Ct","Louisville","KY","40272"
33441,"9504 Elk Hill Ct","Louisville","KY","40299"
33442,"8915 Brandywyne Dr","Louisville","KY","40291"
33443,"1275 Weller Ave","Louisville","KY","40208"
33444,"1134 Blackthorn Rd","Louisville","KY","40299"
33445,"10202 Natalie Way","Louisville","KY","40299"
33446,"2319 Broadmeade Rd","Louisville","KY","40205"
33447,"4533 Greymont Dr","Louisville","KY","40229"
33448,"1001 Rosemary Dr","Louisville","KY","40213"
33449,"2205 High Pine Dr","Louisville","KY","40214"
33450,"5006 Mount Holyoke Dr","Louisville","KY","40216"
33451,"8211 Bohannon Station Rd","Louisville","KY","40291"
33452,"4504 Goshawk Ct","Louisville","KY","40241"
33453,"4502 Dakin Ct","Louisville","KY","40299"
33454,"4312 Fluhr Dr","Louisville","KY","40216"
33455,"7106 Greenlawn Rd","Louisville","KY","40222"
33456,"2533 W Market St","Louisville","KY","40212"
33457,"809 S 32nd St","Louisville","KY","40211"
33458,"330 Inverness Ave","Louisville","KY","40214"
33459,"107 Prairie Ct","Louisville","KY","40229"
33460,"4302 Westport Ter","Louisville","KY","40207"
33461,"6608 Moorhampton Dr","Louisville","KY","40228"
33462,"10107 Natalie Way","Louisville","KY","40299"
33463,"1529 Hale Ave","Louisville","KY","40210"
33464,"302 Chanel Ct","# 1","Louisville",
33465,"313 Lotis Way","Louisville","KY","40207"
33466,"2133 Edgehill Rd","Louisville","KY","40205"
33467,"4002 Stonelanding Ct","Louisville","KY","40272"
33468,"3310 Trail Ridge Rd","Louisville","KY","40241"
33469,"4628 Springdale Ct","Louisville","KY","40229"
33470,"739 Middle Way","Louisville","KY","40206"
33471,"3508 Saint Edwards Dr","Louisville","KY","40299"
33472,"1707 Harold Ave","Louisville","KY","40210"
33473,"3023 Penway Ave","Louisville","KY","40210"
33474,"11006 Oliverda Dr","Louisville","KY","40272"
33475,"1722 Youngland Ave","Louisville","KY","40216"
33476,"6904 Sylvania 4 Rd","Louisville","KY","40258"
33477,"2502 Tregaron Ave","Louisville","KY","40299"
33478,"3314 Palmer Ln","Louisville","KY","40218"
33479,"2607 Hill Briar Ct","Louisville","KY","40241"
33480,"2047 Tyler Ln","Louisville","KY","40205"
33481,"221 N Clifton Ave","Apt 8","Louisville",
33482,"3700 Greenwich Rd","Louisville","KY","40218"
33483,"7003 Chippenham Rd","Louisville","KY","40222"
33484,"319 N 33rd St","Louisville","KY","40212"
33485,"712 Longfield Ave","Louisville","KY","40215"
33486,"716 Longfield Ave","Louisville","KY","40215"
33487,"2616 Meadow Dr","Louisville","KY","40220"
33488,"1901 Maplewood Pl","Louisville","KY","40205"
33489,"186 Dublin Cir","Louisville","KY","40229"
33490,"3911 Therina Way","Louisville","KY","40241"
33491,"1527 Lou Gene Ave","Louisville","KY","40216"
33492,"10700 Deshane Pl","Louisville","KY","40272"
33493,"2624 Northwestern Pkwy","Louisville","KY","40212"
33494,"226 Blackburn Ave","Louisville","KY","40206"
33495,"5614 Locust Way","Louisville","KY","40229"
33496,"1043 Clayborne Rd","Louisville","KY","40214"
33497,"1512 Applewood Ln","Louisville","KY","40222"
33498,"1215 Bicknell Ave","Louisville","KY","40215"
33499,"6204 Oaknoll Dr","Louisville","KY","40219"
33500,"2606 Ballantrae Cir","Louisville","KY","40242"
33501,"511 Coachouse Ct","Louisville","KY","40223"
33502,"3407 Tuba Dr","Louisville","KY","40216"
33503,"3809 Hycliffe Ave","Louisville","KY","40207"
33504,"10551 Sable Wing Ct","Louisville","KY","40223"
33505,"1819 Rowan St","Louisville","KY","40203"
33506,"2612 Titleist Rd","Louisville","KY","40242"
33507,"4431 Parker Ave","Louisville","KY","40212"
33508,"318 N 41st St","Louisville","KY","40212"
33509,"4107 Hunsinger Ln","Louisville","KY","40220"
33510,"3527 Northwestern Pkwy","Louisville","KY","40212"
33511,"6614 Lucerne Ave","Louisville","KY","40216"
33512,"10720 Black Iron Rd","Louisville","KY","40291"
33513,"8805 Abingdon Ct","Louisville","KY","40258"
33514,"3821 Manner Dale Dr","Louisville","KY","40220"
33515,"3605 Henry Ave","Louisville","KY","40215"
33516,"2063 Eastern Pkwy","Louisville","KY","40204"
33517,"7119 Nachand Ln","Louisville","KY","40218"
33518,"10213 El Coco Ct","Louisville","KY","40291"
33519,"7909 Manslick Rd","Louisville","KY","40214"
33520,"3320 Mid Dale Ln","Louisville","KY","40220"
33521,"321 Franck Ave","Louisville","KY","40206"
33522,"11215 Brookley Dr","Louisville","KY","40229"
33523,"701 Antrim Rd","Louisville","KY","40207"
33524,"2607 Alanmede Rd","Louisville","KY","40205"
33525,"2002 Lower Hunters Trce","Louisville","KY","40216"
33526,"3312 Trail Ridge Rd","Louisville","KY","40241"
33527,"2615 Wingfield Ln","Louisville","KY","40210"
33528,"3022 Bradford Grove Ln","Louisville","KY","40220"
33529,"1029 Pitchford Rd","Louisville","KY","40219"
33530,"200 Spring Garden Dr","Louisville","KY","40218"
33531,"2533 Saratoga Dr","Louisville","KY","40205"
33532,"614 Logsdon Ct","Louisville","KY","40243"
33533,"2824 Hale Ave","Louisville","KY","40211"
33534,"9600 Thor Ave","Louisville","KY","40229"
33535,"8210 Bohannon Station Rd","Louisville","KY","40291"
33536,"2455 Lindbergh Dr","Louisville","KY","40208"
33537,"5203 Church Rd","Louisville","KY","40272"
33538,"9813 Holiday Dr","Louisville","KY","40272"
33539,"3005 Tremont Dr","Louisville","KY","40205"
33540,"9111 Thelma Ln","Louisville","KY","40220"
33541,"5812 Eldorado Ave","Louisville","KY","40291"
33542,"5801 Spicewood Ln","Louisville","KY","40219"
33543,"439 Circle Valley Dr","Louisville","KY","40229"
33544,"3223 New Lynnview Dr","Louisville","KY","40216"
33545,"4821 Simpson Dr","Louisville","KY","40218"
33546,"4824 Partridge Run","Louisville","KY","40213"
33547,"4707 Hunters Point Cir","Louisville","KY","40216"
33548,"8404 Carmil Dr","Louisville","KY","40291"
33549,"9719 Boxford Way","Louisville","KY","40242"
33550,"3104 Kingswood Way","Louisville","KY","40216"
33551,"667 Dublin Cir","Louisville","KY","40229"
33552,"934 Packard Ave","Louisville","KY","40217"
33553,"8920 Kaprun Ct","Louisville","KY","40220"
33554,"4304 Retreat Rd","Louisville","KY","40219"
33555,"5218 Eugene Way","Louisville","KY","40216"
33556,"8117 Bohannon Station Rd","Louisville","KY","40291"
33557,"824 W Whitney Ave","Louisville","KY","40215"
33558,"2821 W Madison St","Louisville","KY","40211"
33559,"8314 Silver Fox Rd","Louisville","KY","40291"
33560,"2221 Amboy Dr","Louisville","KY","40216"
33561,"3132 Sudbury Ln","Louisville","KY","40220"
33562,"3228 Lexington Rd","Louisville","KY","40206"
33563,"10413 Villa Dr","Louisville","KY","40272"
33564,"4801 E Indian Trl","Louisville","KY","40218"
33565,"3214 Elane Dr","Louisville","KY","40216"
33566,"9805 Lakewood Dr","Louisville","KY","40272"
33567,"632 E Saint Catherine St","Louisville","KY","40203"
33568,"1003 Samuel St","Louisville","KY","40204"
33569,"2351 Ingleside Dr","Louisville","KY","40205"
33570,"9907 Park Lake Cir","Louisville","KY","40229"
33571,"7004 Monty Ln","Louisville","KY","40291"
33572,"5592 David Ln","Louisville","KY","40258"
33573,"527 N Hite Ave","Louisville","KY","40206"
33574,"293 Dublin Cir","Louisville","KY","40229"
33575,"6406 Birchline Blvd","Louisville","KY","40291"
33576,"9708 Harned Ave","Louisville","KY","40229"
33577,"4012 Hillbrook Dr","Louisville","KY","40220"
33578,"203 N Hubbards Ln","Louisville","KY","40207"
33579,"1424 S 4th St","Louisville","KY","40208"
33580,"349 Saguaro Dr","Louisville","KY","40229"
33581,"7705 Whitfield Dr","Louisville","KY","40218"
33582,"4012 Massie Ave","Louisville","KY","40207"
33583,"1523 Delmar Ct","Louisville","KY","40216"
33584,"1006 Girard Ct","Louisville","KY","40222"
33585,"3621 Locust Ave","Louisville","KY","40299"
33586,"1304 Challis Cir","Louisville","KY","40211"
33587,"12344 Springmeadow Dr","Louisville","KY","40229"
33588,"3006 Rexford Way","Louisville","KY","40205"
33589,"1104 Fruitful Ct","Louisville","KY","40214"
33590,"6806 Bahia Ct","Louisville","KY","40219"
33591,"11715 Wareing Ct","Louisville","KY","40272"
33592,"6506 Glo Jean Way","Louisville","KY","40258"
33593,"14205 Glendower Dr","Louisville","KY","40245"
33594,"4800 Clarmar Rd","Louisville","KY","40299"
33595,"10513 Larkhall Ct","Louisville","KY","40223"
33596,"1325 Olive St","Louisville","KY","40211"
33597,"5326 Lost Trl","Louisville","KY","40214"
33598,"4102 Normie Ct","Louisville","KY","40229"
33599,"6305 Kenyon Dr","Louisville","KY","40272"
33600,"3401 Bridwell Dr","Louisville","KY","40216"
33601,"5914 Paul Revere Ct","Louisville","KY","40229"
33602,"1329 Leighton Cir","Louisville","KY","40222"
33603,"226 Hemingway Rd","Louisville","KY","40207"
33604,"2102 Quillman Rd","Louisville","KY","40214"
33605,"111 N 35th St","Louisville","KY","40212"
33606,"2110 Kenilworth Pl","Louisville","KY","40205"
33607,"1412 Willow Ave","Apt 76","Louisville",
33608,"8007 Afterglow Dr","Louisville","KY","40214"
33609,"3508 Maalox Ct","Louisville","KY","40220"
33610,"3505 Maple Rd","Louisville","KY","40299"
33611,"1517 W Ormsby Ave","Louisville","KY","40210"
33612,"212 Linden Ln","Louisville","KY","40206"
33613,"1209 Hess Ln","Louisville","KY","40217"
33614,"3116 Cawein Way","Louisville","KY","40220"
33615,"11311 Corston Ct","Louisville","KY","40241"
33616,"2916 Cannons Ln","Louisville","KY","40205"
33617,"115 Sycamore Dr","Louisville","KY","40223"
33618,"1926 Goldsmith Ln","Unit 93","Louisville",
33619,"207 Sequoya Rd","Louisville","KY","40207"
33620,"3304 Chickadee Rd","Louisville","KY","40213"
33621,"606 Darnay Pl","Louisville","KY","40245"
33622,"3745 Ethel Ave","Louisville","KY","40218"
33623,"507 Tiffany Ln","Louisville","KY","40207"
33624,"8814 William Penn Way","Louisville","KY","40228"
33625,"10401 Edgewater Rd","Louisville","KY","40223"
33626,"2051 Sherwood Ave","Louisville","KY","40205"
33627,"5602 Pavilion Way","Louisville","KY","40291"
33628,"2106 Lancashire Ave","Louisville","KY","40205"
33629,"3018 Greenwood Ave","Louisville","KY","40211"
33630,"1235 Dahl Rd","Louisville","KY","40213"
33631,"10700 High Grove Pl","Louisville","KY","40223"
33632,"3710 Saint Germaine Ct","Louisville","KY","40207"
33633,"10422 Glenmary Farm Dr","Louisville","KY","40291"
33634,"1302 Castlewood Dell","Louisville","KY","40204"
33635,"6509 Wood Rd","Louisville","KY","40258"
33636,"104 W Garrett St","Louisville","KY","40214"
33637,"1115 Balmoral Dr","Louisville","KY","40205"
33638,"9408 Coolridge Dr","Louisville","KY","40229"
33639,"5600 Idlewood Ln","Louisville","KY","40291"
33640,"6812 Rock Hollow Dr","Louisville","KY","40219"
33641,"8203 Bohannon Station Rd","Louisville","KY","40291"
33642,"1446 S 32nd St","Louisville","KY","40211"
33643,"3709 Luken Dr","Louisville","KY","40216"
33644,"120 Blarney Ln","Louisville","KY","40229"
33645,"1709 Claremoor Dr","Louisville","KY","40223"
33646,"12002 Ancient Spring Dr","Louisville","KY","40245"
33647,"3206 Ainslie Way","Louisville","KY","40220"
33648,"6512 Mandeville Rd","Louisville","KY","40228"
33649,"9918 Pentel Ln","Louisville","KY","40291"
33650,"1701 Bonnyville Blvd","Louisville","KY","40216"
33651,"2445 Ralph Ave","Louisville","KY","40216"
33652,"4516 Greymont Dr","Louisville","KY","40229"
33653,"3305 La Follette Dr","Louisville","KY","40299"
33654,"1107 Blackthorn Rd","Louisville","KY","40299"
33655,"2830 Six Mile Ln","Louisville","KY","40220"
33656,"10935 Old Harrods Woods Cir","Louisville","KY","40223"
33657,"1608 Woodluck Ave","Louisville","KY","40205"
33658,"2902 Chimney Rock Ln","Louisville","KY","40220"
33659,"108 Old Towne Rd","Louisville","KY","40214"
33660,"711 Antrim Rd","Louisville","KY","40207"
33661,"233 S 39th St","Louisville","KY","40212"
33662,"4313 Bank St","Louisville","KY","40212"
33663,"311 N Bonner Ave","Louisville","KY","40207"
33664,"10803 Saint Rene Rd","Louisville","KY","40299"
33665,"7615 Greenlawn Rd","Louisville","KY","40242"
33666,"8908 Acushnet Rd","Louisville","KY","40242"
33667,"1419 Oakwood Ave","Louisville","KY","40215"
33668,"3302 Chinquapin Ln","Louisville","KY","40219"
33669,"521 Eastern Pkwy","Louisville","KY","40217"
33670,"10207 Glenmary Farm Dr","Louisville","KY","40291"
33671,"3505 Terrier Ln","Louisville","KY","40218"
33672,"5035 Terry Rd","Louisville","KY","40216"
33673,"9107 Fairmount Rd","Louisville","KY","40291"
33674,"2507 Lime Kiln Ln","Louisville","KY","40222"
33675,"4405 Exeter Ave","Louisville","KY","40218"
33676,"516 E Oak St","Louisville","KY","40203"
33677,"12611 Kirkham Rd","Louisville","KY","40299"
33678,"3606 Hanover Rd","Louisville","KY","40207"
33679,"8620 Glaser Ln","Louisville","KY","40291"
33680,"5220 Nall Ave","Louisville","KY","40216"
33681,"6604 Everton Dr","Louisville","KY","40258"
33682,"18 Hawthorn Hl","Louisville","KY","40204"
33683,"201 Pennsylvania Ave","Louisville","KY","40206"
33684,"8505 Blue Lick Rd","Louisville","KY","40219"
33685,"8615 Cheffield Dr","Louisville","KY","40222"
33686,"2605 Kings Hwy","Louisville","KY","40205"
33687,"216 N 20th St","Louisville","KY","40203"
33688,"1220 Inverary Ct","Louisville","KY","40222"
33689,"7710 Circle Crest Rd","Louisville","KY","40241"
33690,"415 Pennyroyal Way","Louisville","KY","40223"
33691,"3541 Kings Hwy","Louisville","KY","40220"
33692,"405 Lyndonwoods Cir","Louisville","KY","40222"
33693,"214 S Keats Ave","Louisville","KY","40206"
33694,"9313 Felsmere Cir","Louisville","KY","40241"
33695,"6204 Aniwa Rd","Louisville","KY","40214"
33696,"302 Norbourne Blvd","Louisville","KY","40207"
33697,"1811 Griffiths Ave","Louisville","KY","40203"
33698,"7415 Rome Beauty Pl","Louisville","KY","40228"
33699,"206 Crescent Ct","Louisville","KY","40206"
33700,"10800 Saint Rene Rd","Louisville","KY","40299"
33701,"3007 Bobolink Rd","Louisville","KY","40217"
33702,"4310 S 3rd St","Louisville","KY","40214"
33703,"4517 Portico Ct","Louisville","KY","40299"
33704,"5332 Tahia Dr","Louisville","KY","40216"
33705,"4300 Winnrose Way","Louisville","KY","40211"
33706,"208 Cornell Pl","Louisville","KY","40207"
33707,"1247 S Clay St","Louisville","KY","40203"
33708,"841 Clarks Ln","Louisville","KY","40217"
33709,"863 Humler St","Louisville","KY","40211"
33710,"1406 Dellwood Dr","Louisville","KY","40216"
33711,"3607 Winterleaf Dr","Louisville","KY","40207"
33712,"200 W Ormsby Ave","Louisville","KY","40203"
33713,"4707 Frel Rd","Louisville","KY","40272"
33714,"909 Washburn Ave","Louisville","KY","40222"
33715,"8812 Maple Rd","Louisville","KY","40229"
33716,"932 Audubon Pkwy","Louisville","KY","40213"
33717,"8221 Burning Tree Ct","Louisville","KY","40291"
33718,"2802 Yorkshire Blvd","Louisville","KY","40220"
33719,"11111 Taylorsville Rd","Louisville","KY","40299"
33720,"323 N 30th St","Louisville","KY","40212"
33721,"8315 Huntsman Trl","Louisville","KY","40291"
33722,"2219 Bashford Manor Ln","Louisville","KY","40218"
33723,"10507 Torrington Rd","Louisville","KY","40272"
33724,"7913 Northern Spy Dr","Louisville","KY","40228"
33725,"2554 Taylorsville Rd","Louisville","KY","40205"
33726,"5501 Cooper Chapel Rd","Louisville","KY","40229"
33727,"5519 Bamberrie Cross Rd","Louisville","KY","40214"
33728,"4705 E Indian Trl","Louisville","KY","40218"
33729,"1518 Herr Ln","Louisville","KY","40222"
33730,"1723 Kensington Place Ln","Louisville","KY","40205"
33731,"3010 Graystone Manor Pkwy","Louisville","KY","40241"
33732,"4518 Pulaski Ct","Louisville","KY","40245"
33733,"10903 Conti Ln","Louisville","KY","40299"
33734,"12704 Ledges Dr","Louisville","KY","40243"
33735,"11023 Neptune Pl","Louisville","KY","40272"
33736,"8007 Saint Andrews Church Rd","Louisville","KY","40258"
33737,"11807 Pond Creek Dr","Louisville","KY","40272"
33738,"4716 Arroyo Trl","Louisville","KY","40229"
33739,"4005 Chambers Way","Louisville","KY","40299"
33740,"3705 Sudbury Ln","Louisville","KY","40220"
33741,"10402 Foxboro Dr","Louisville","KY","40223"
33742,"211 Travois Rd","Louisville","KY","40207"
33743,"1829 W Kentucky St","Louisville","KY","40210"
33744,"119 Gillette Ave","Louisville","KY","40214"
33745,"709 Nottingham Pkwy","Louisville","KY","40222"
33746,"1029 Greenleaf Rd","Louisville","KY","40213"
33747,"1027 Springside Way","Louisville","KY","40223"
33748,"6596 Larry Ln","Louisville","KY","40219"
33749,"1328 S Floyd St","Louisville","KY","40208"
33750,"3147 Pamela Way","Louisville","KY","40220"
33751,"303 Mac Brae Rd","Louisville","KY","40214"
33752,"8904 Blossom Ln","Louisville","KY","40242"
33753,"905 Tamarisk Ct","Louisville","KY","40223"
33754,"7309 Betsy Ross Dr","Louisville","KY","40272"
33755,"927 Cardinal Dr","Louisville","KY","40213"
33756,"2310 Fust Ave","Louisville","KY","40216"
33757,"3716 Mud Ln","Louisville","KY","40229"
33758,"908 Colonel Anderson Pkwy","Louisville","KY","40222"
33759,"3131 Sora Ave","Louisville","KY","40213"
33760,"10306 Saint Rene Rd","Louisville","KY","40299"
33761,"513 Foxwick Ct","Louisville","KY","40223"
33762,"952 Edward Ave","Louisville","KY","40204"
33763,"5503 Hasbrook Dr","Louisville","KY","40229"
33764,"1423 Earl Ave","Louisville","KY","40215"
33765,"3614 Glencreek Ln","Louisville","KY","40218"
33766,"7817 Delightful Way","Louisville","KY","40291"
33767,"10010 Caven Ave","Louisville","KY","40229"
33768,"6806 Lower Hunters Trce","Louisville","KY","40258"
33769,"619 Country Club Rd","Louisville","KY","40206"
33770,"3004 Teakwood Cir","Louisville","KY","40216"
33771,"2702 Windsor Forest Dr","Louisville","KY","40272"
33772,"8816 Mountain Brook Dr","Louisville","KY","40272"
33773,"2916 Summerfield Dr","Louisville","KY","40220"
33774,"1231 Fischer Ave","Louisville","KY","40204"
33775,"9802 Hillary Ct","Louisville","KY","40291"
33776,"12103 Stroll Ct","Louisville","KY","40245"
33777,"3017 Mcmahan Blvd","Louisville","KY","40220"
33778,"1110 Juniper Springs Dr","Louisville","KY","40242"
33779,"204 Prestwick Pl","Louisville","KY","40243"
33780,"1810 Wickham Way","Louisville","KY","40223"
33781,"3349 Camp Ground Rd","Louisville","KY","40211"
33782,"4609 Accomack Dr","Louisville","KY","40241"
33783,"4600 Aral Dr","Louisville","KY","40219"
33784,"7404 Independence Cv","Louisville","KY","40214"
33785,"5612 Bunning Dr","Louisville","KY","40272"
33786,"1902 Lampter Ave","Louisville","KY","40216"
33787,"9116 Bristol Ave","Louisville","KY","40220"
33788,"1415 Wurtele Ave","Louisville","KY","40208"
33789,"165 Bigwood Way","Louisville","KY","40229"
33790,"8119 Bohannon Station Rd","Louisville","KY","40291"
33791,"9008 Whippoorwill Rd","Louisville","KY","40229"
33792,"152 Crator Dr","Louisville","KY","40229"
33793,"1906 Dillon Dr","Louisville","KY","40205"
33794,"2315 W Oak St","Louisville","KY","40210"
33795,"5503 Pavilion Way","Louisville","KY","40291"
33796,"814 Longfield Ave","Louisville","KY","40215"
33797,"1206 Rogers St","Louisville","KY","40204"
33798,"2806 Goose Creek Rd","Louisville","KY","40242"
33799,"1140 Dove Rd","Louisville","KY","40213"
33800,"10509 Saint Rene Rd","Louisville","KY","40299"
33801,"1306 Morgan Ave","Louisville","KY","40213"
33802,"1716 San Jose Ave","Louisville","KY","40216"
33803,"10401 Glenmary Farm Dr","Louisville","KY","40291"
33804,"4502 Sedgefield Ct","Louisville","KY","40216"
33805,"2516 Jenlee Ln","Louisville","KY","40216"
33806,"3106 Thousand Oaks Dr","Louisville","KY","40205"
33807,"4319 Lincoln Rd","Louisville","KY","40220"
33808,"4030 Brookfield Ave","Louisville","KY","40207"
33809,"223 Summers Dr","Louisville","KY","40229"
33810,"3628 Del Park Ter","Louisville","KY","40211"
33811,"1211 Bourbon Ave","Louisville","KY","40213"
33812,"10107 Day Lilly Ct","Louisville","KY","40241"
33813,"7003 Ledgerock Rd","Louisville","KY","40219"
33814,"10308 Glenmary Farm Dr","Louisville","KY","40291"
33815,"4500 Breton Ct","Louisville","KY","40229"
33816,"3305 Trail Ridge Rd","Louisville","KY","40241"
33817,"14311 Willow Grove Cir","Louisville","KY","40245"
33818,"2805 Wingfield Ln","Louisville","KY","40210"
33819,"4521 Greymont Dr","Louisville","KY","40229"
33820,"639 Mix Ave","Louisville","KY","40208"
33821,"846 Reading Rd","Louisville","KY","40217"
33822,"2431 Boulevard","Napoleon","Louisville",
33823,"2040 Boulevard","Napoleon","Louisville",
33824,"544 E Barbee Ave","Louisville","KY","40217"
33825,"3324 Breaux Dr","Louisville","KY","40220"
33826,"204 Chantilly Ave","Louisville","KY","40214"
33827,"2631 Merhoff St","Louisville","KY","40217"
33828,"5413 Hickory Hill Rd","Louisville","KY","40214"
33829,"1809 Fernwood Ave","Louisville","KY","40205"
33830,"1018 Rosemary Dr","Louisville","KY","40213"
33831,"121 N Longworth Ave","Louisville","KY","40212"
33832,"208 Clydesdale Trce","Louisville","KY","40223"
33833,"1109 Cardinal Dr","Louisville","KY","40213"
33834,"2423 Ransdell Ave","Louisville","KY","40204"
33835,"12802 Ledges Dr","Louisville","KY","40243"
33836,"1525 Talmadge Way","Louisville","KY","40216"
33837,"7509 Edenroc Ln","Louisville","KY","40258"
33838,"5410 Count Fleet Dr","Louisville","KY","40272"
33839,"1144 Clay Ave","Louisville","KY","40219"
33840,"10811 Pineview Ct","Louisville","KY","40299"
33841,"12913 Wooded Forest Rd","Louisville","KY","40243"
33842,"2655 Algonquin Pkwy","Louisville","KY","40210"
33843,"447 E Blue Jay Rd","Louisville","KY","40229"
33844,"2714 Sycamore Woods Ct","Louisville","KY","40241"
33845,"5503 Oakcreek Ln","Louisville","KY","40291"
33846,"1028 Southwestern Pkwy","Louisville","KY","40211"
33847,"11603 Tazwell Dr","Louisville","KY","40245"
33848,"1434 S Hancock St","Louisville","KY","40217"
33849,"6014 Santa Fe Trl","Louisville","KY","40258"
33850,"3512 Whippoorwill Rd","Louisville","KY","40213"
33851,"3016 Arjay Ln","Louisville","KY","40220"
33852,"3313 La Follette Dr","Louisville","KY","40299"
33853,"8000 Sycamore Creek Dr","Louisville","KY","40222"
33854,"2801 Montana Ave","Louisville","KY","40208"
33855,"710 Elsmere Cir","Louisville","KY","40223"
33856,"616 Wardshire Pl","Louisville","KY","40223"
33857,"1134 Dove Rd","Louisville","KY","40213"
33858,"1137 Sylvia St","Louisville","KY","40217"
33859,"9906 Park Lake Cir","Louisville","KY","40229"
33860,"4022 Parthenia Ave","Louisville","KY","40215"
33861,"412 Dublin Cir","Louisville","KY","40229"
33862,"2321 Dixdale Ave","Louisville","KY","40210"
33863,"2114 W Gaulbert Ave","Louisville","KY","40210"
33864,"3412 Brookhollow Dr","Louisville","KY","40220"
33865,"2204 Janlyn Rd","Louisville","KY","40299"
33866,"4222 Churchill Rd","Louisville","KY","40207"
33867,"8205 Biscane Dr","Louisville","KY","40258"
33868,"7907 Candleglow Ln","Louisville","KY","40214"
33869,"10201 Hispanyola Ln","Louisville","KY","40229"
33870,"8224 Nottingham Pkwy","Louisville","KY","40222"
33871,"1521 Cornette Way","Louisville","KY","40216"
33872,"4506 Gothic Ct","Louisville","KY","40299"
33873,"9004 Duxbury Rd","Louisville","KY","40242"
33874,"2142 W Gaulbert Ave","Louisville","KY","40210"
33875,"2526 Hermitage Way","Louisville","KY","40242"
33876,"141 Crews Dr","Louisville","KY","40218"
33877,"10102 Day Lilly Ct","Louisville","KY","40241"
33878,"3402 Illinois Ave","Louisville","KY","40213"
33879,"5901 Azalea Ln","Louisville","KY","40258"
33880,"7409 Tangelo Dr","Louisville","KY","40228"
33881,"2509 Stephan Rd","Louisville","KY","40214"
33882,"9005 Hatlerhall Dr","Louisville","KY","40291"
33883,"1013 Rogers St","Louisville","KY","40204"
33884,"3117 Lynnwood Way","Louisville","KY","40299"
33885,"1411 Berry Blvd","Louisville","KY","40215"
33886,"7108 Greengate Ct","Louisville","KY","40241"
33887,"110 N Shawnee Ter","Louisville","KY","40212"
33888,"602 Wickfield Dr","Louisville","KY","40245"
33889,"4216 Southern Pkwy","Louisville","KY","40214"
33890,"10708 Black Iron Rd","Louisville","KY","40291"
33891,"7134 Shefford Ln","Louisville","KY","40242"
33892,"418 Overlook Rd","Louisville","KY","40229"
33893,"1431 Highland Ave","Louisville","KY","40204"
33894,"2608 Drayton Dr","Louisville","KY","40205"
33895,"9107 Felsmere Cir","Louisville","KY","40241"
33896,"3752 Wheeler Ave","Louisville","KY","40215"
33897,"3818 Pinecroft Dr","Louisville","KY","40219"
33898,"11911 Bragg Ave","Louisville","KY","40243"
33899,"4801 Hunters Point Cir","Louisville","KY","40216"
33900,"6302 Cedarpost Ct","Louisville","KY","40291"
33901,"1377 Waxwing Pl","Louisville","KY","40223"
33902,"4300 Bayberry Dr","Louisville","KY","40216"
33903,"109 Juneau Dr","Louisville","KY","40243"
33904,"182 Overlook Rd","Louisville","KY","40229"
33905,"1107 W Ashland Ave","Louisville","KY","40215"
33906,"10934 Old Harrods Woods Cir","Louisville","KY","40223"
33907,"3712 Hycliffe Ave","Louisville","KY","40207"
33908,"7719 Shaker Mill Rd","Louisville","KY","40220"
33909,"4712 Lunenburg Dr","Louisville","KY","40245"
33910,"4903 W Bahama Ct","Louisville","KY","40219"
33911,"124 Canyon Ct","Louisville","KY","40229"
33912,"510 Willowhurst Pl","Louisville","KY","40223"
33913,"2226 Manchester Rd","Louisville","KY","40205"
33914,"3615 Lisa Ln","Louisville","KY","40299"
33915,"5514 Hempstead Rd","Louisville","KY","40207"
33916,"6204 Smyrna Pl","Louisville","KY","40228"
33917,"201 S Hite Ave","Louisville","KY","40206"
33918,"4227 Roosevelt Ave","Louisville","KY","40213"
33919,"4210 Edgin Ave","Louisville","KY","40216"
33920,"8913 Pine Lake Dr","Louisville","KY","40220"
33921,"3211 Verna Rd","Louisville","KY","40216"
33922,"3312 Chinquapin Ln","Louisville","KY","40219"
33923,"3819 Southern Pkwy","Louisville","KY","40214"
33924,"6803 Papaya Ct","Louisville","KY","40219"
33925,"4304 Delacroix Ln","Louisville","KY","40299"
33926,"3807 Therina Way","Louisville","KY","40241"
33927,"12622 Ledges Dr","Louisville","KY","40243"
33928,"14312 Dixie Hwy","Louisville","KY","40272"
33929,"1724 Kensington Place Ln","Louisville","KY","40205"
33930,"1931 Olive St","Louisville","KY","40210"
33931,"6615 Eclipse Dr","Louisville","KY","40258"
33932,"1612 Cypress St","Louisville","KY","40210"
33933,"611 Wickfield Dr","Louisville","KY","40245"
33934,"10201 Ledbury Way","Louisville","KY","40223"
33935,"4023 Alton Rd","Louisville","KY","40207"
33936,"11 Narwood Dr","Louisville","KY","40299"
33937,"9505 Slayton Ct","Louisville","KY","40229"
33938,"3705 Gaston Ct","Louisville","KY","40241"
33939,"1831 Greenwood Ave","Louisville","KY","40210"
33940,"2908 Slevin St","Louisville","KY","40212"
33941,"6514 Leisure Ln","Louisville","KY","40229"
33942,"8505 Cheltenham Cir","Louisville","KY","40222"
33943,"3315 Historic Dr","Louisville","KY","40299"
33944,"9821 Tamarisk Pkwy","Louisville","KY","40223"
33945,"9401 Whipps Mill Rd","Louisville","KY","40242"
33946,"3107 Mylanta Pl","Louisville","KY","40220"
33947,"3014 Wyandotte Ave","Louisville","KY","40210"
33948,"2512 Ballantrae Cir","Louisville","KY","40242"
33949,"5007 Lesabre Dr","Louisville","KY","40216"
33950,"9526 Janna Dr","Louisville","KY","40272"
33951,"9204 N Pirogue Ct","Louisville","KY","40299"
33952,"1731 W Oak St","Louisville","KY","40210"
33953,"2000 Glencove Way","Louisville","KY","40207"
33954,"9810 Agena Dr","Louisville","KY","40229"
33955,"1608 Trevilian Way","Louisville","KY","40205"
33956,"3023 Likens Ave","Louisville","KY","40211"
33957,"7827 Fairmeadows Ln","Louisville","KY","40222"
33958,"9208 Tiverton Way","Louisville","KY","40242"
33959,"6207 Richiewayne Dr","Louisville","KY","40219"
33960,"6804 Homestead Dr","Louisville","KY","40214"
33961,"6204 Maywick Rd","Louisville","KY","40272"
33962,"2205 Woodbourne Ave","Louisville","KY","40205"
33963,"2524 W Muhammad Ali Blvd","Louisville","KY","40212"
33964,"4705 Andalusia Ln","Louisville","KY","40272"
33965,"1631 S 28th St","Louisville","KY","40211"
33966,"8500 Kimberly Way","Louisville","KY","40291"
33967,"512 Ledgeview Ct","Louisville","KY","40206"
33968,"10101 Grand Cypress Ct","Louisville","KY","40291"
33969,"207 W Collins Ct","Louisville","KY","40214"
33970,"1043 Highland Ave","Louisville","KY","40204"
33971,"4414 Shenandoah Dr","Louisville","KY","40241"
33972,"711 N Hite Ave","Louisville","KY","40206"
33973,"5322 Georgia Ln","Louisville","KY","40219"
33974,"6302 Kenyon Dr","Louisville","KY","40272"
33975,"7209 Betsy Ross Dr","Louisville","KY","40272"
33976,"3104 Weather Way","Louisville","KY","40220"
33977,"2429 Calvin Ave","Louisville","KY","40206"
33978,"728 S 43rd St","Louisville","KY","40211"
33979,"1021 Springside Way","Louisville","KY","40223"
33980,"220 Beckley Woods Dr","Louisville","KY","40245"
33981,"11816 Robindale Rd","Louisville","KY","40243"
33982,"6615 Rob Roy St","Louisville","KY","40214"
33983,"8815 Thixton Ln","Louisville","KY","40229"
33984,"2812 Milburn Ave","Louisville","KY","40220"
33985,"1408 Walter Ave","Louisville","KY","40215"
33986,"4007 Carbine Ln","Louisville","KY","40229"
33987,"8815 Blue Lick Rd","Louisville","KY","40219"
33988,"1210 Moser Rd","Louisville","KY","40223"
33989,"6609 Billtown Rd","Louisville","KY","40299"
33990,"4519 Swako Ln","Louisville","KY","40216"
33991,"4001 Deer Creek Dr","Louisville","KY","40241"
33992,"9905 Spring Ridge Dr","Louisville","KY","40223"
33993,"408 Hillcrest Ave","Louisville","KY","40206"
33994,"9110 Willowwood Way","Louisville","KY","40299"
33995,"9015 Collingwood Rd","Louisville","KY","40299"
33996,"6211 Maywick Rd","Louisville","KY","40272"
33997,"7406 Rome Beauty Pl","Louisville","KY","40228"
33998,"320 Willow Stone Way","Louisville","KY","40223"
33999,"5622 Landcross Dr","Louisville","KY","40216"
34000,"161 Thierman Ln","Apt 1C","Louisville",
34001,"516 Camp St","Louisville","KY","40203"
34002,"7902 Sunbury Ln","Louisville","KY","40220"
34003,"2606 Accasia Dr","Louisville","KY","40216"
34004,"251 Kennedy Ct","Louisville","KY","40206"
34005,"3005 S 6th St","Louisville","KY","40208"
34006,"4618 Lunenburg Dr","Louisville","KY","40245"
34007,"8709 Hudson Ln","Louisville","KY","40291"
34008,"10218 Glenmary Farm Dr","Louisville","KY","40291"
34009,"6205 Perma Dr","Louisville","KY","40218"
34010,"4301 Rivanna Dr","Louisville","KY","40299"
34011,"7616 Shaker Mill Rd","Louisville","KY","40220"
34012,"2601 Meadow Dr","Louisville","KY","40220"
34013,"1013 Thruston Dr","Louisville","KY","40217"
34014,"3303 Mid Dale Ln","Louisville","KY","40220"
34015,"2734 Field Ave","Louisville","KY","40206"
34016,"6818 Manslick Rd","Louisville","KY","40214"
34017,"10203 Natalie Way","Louisville","KY","40299"
34018,"720 Brentwood Ave","Louisville","KY","40215"
34019,"3506 Grandview Ave","Louisville","KY","40207"
34020,"5803 Eldorado Ave","Louisville","KY","40291"
34021,"5604 Redondo Cir","Louisville","KY","40218"
34022,"11409 Willow Ln","Louisville","KY","40223"
34023,"512 Coachouse Ct","Louisville","KY","40223"
34024,"12420 Kingsley Dr","Louisville","KY","40229"
34025,"5511 Applegate Ln","Louisville","KY","40219"
34026,"10536 Black Iron Rd","Louisville","KY","40291"
34027,"10116 Ledbury Way","Louisville","KY","40223"
34028,"3703 Iron Horse Way","Louisville","KY","40272"
34029,"1246 S Jackson St","Louisville","KY","40203"
34030,"1219 Valley Dr","Louisville","KY","40213"
34031,"11816 Pierce Way","Louisville","KY","40272"
34032,"7318 Maria Ave","Louisville","KY","40222"
34033,"8201 Casualwood Way","Louisville","KY","40291"
34034,"209 Chattanooga Ave","Louisville","KY","40214"
34035,"6401 Moorman Rd","Louisville","KY","40272"
34036,"805 Farmingham Rd","Louisville","KY","40243"
34037,"5609 Rustic Way","Louisville","KY","40218"
34038,"3924 Bank St","Louisville","KY","40212"
34039,"1008 Euclid Ave","Louisville","KY","40208"
34040,"10410 Sterling Springs Rd","Louisville","KY","40223"
34041,"1507 Sable Wing Cir","Louisville","KY","40223"
34042,"273 Dublin Cir","Louisville","KY","40229"
34043,"2818 Eleanor Ave","Louisville","KY","40205"
34044,"702 Berwyn Dr","Louisville","KY","40223"
34045,"710 Exmoor Ave","Louisville","KY","40223"
34046,"6805 Bahia Ct","Louisville","KY","40219"
34047,"1314 Scholar St","Louisville","KY","40213"
34048,"8236 Red Stone Hill Rd","Louisville","KY","40214"
34049,"9406 Cornflower Rd","Louisville","KY","40272"
34050,"510 Ledgeview Ct","Louisville","KY","40206"
34051,"811 Chamberry Dr","Louisville","KY","40207"
34052,"7614 Shaker Mill Rd","Louisville","KY","40220"
34053,"2401 Eastbridge Ct","Louisville","KY","40223"
34054,"10509 Black Iron Rd","Louisville","KY","40291"
34055,"7105 Columbia Ave","Louisville","KY","40222"
34056,"5307 Park Rd","Louisville","KY","40214"
34057,"7514 Westdale Rd","Louisville","KY","40222"
34058,"320 Hillcrest Ave","Louisville","KY","40206"
34059,"4204 Hewitt Ave","Louisville","KY","40220"
34060,"3115 Rockaway Dr","Louisville","KY","40216"
34061,"2503 Wyckford Way","Louisville","KY","40218"
34062,"4803 Hunters Point Cir","Louisville","KY","40216"
34063,"22 Eastover Ct","Louisville","KY","40206"
34064,"1308 Rufer Ave","Louisville","KY","40204"
34065,"10306 Hewn Oak Ct","Louisville","KY","40223"
34066,"3902 Old Outer Loop","Louisville","KY","40219"
34067,"8216 Michael Ray Dr","Louisville","KY","40219"
34068,"6903 Spourtland Dr","Louisville","KY","40228"
34069,"12208 Crosswinds Dr","Louisville","KY","40243"
34070,"925 Greenleaf Rd","Louisville","KY","40213"
34071,"3612 Templewood Dr","Louisville","KY","40219"
34072,"13200 Old Henry Rd","Louisville","KY","40223"
34073,"1006 Windsong Way","Louisville","KY","40207"
34074,"303 Pepperbush Rd","Louisville","KY","40207"
34075,"5210 Cooper Chapel Rd","Louisville","KY","40229"
34076,"5910 E Manslick Rd","Louisville","KY","40219"
34077,"419 E Lee St","Louisville","KY","40217"
34078,"1804 Lincoln Ave","Louisville","KY","40213"
34079,"907 S Preston St","Louisville","KY","40203"
34080,"4041 Massie Ave","Louisville","KY","40207"
34081,"9000 Wilson Ave","Louisville","KY","40242"
34082,"2417 Lorene Ave","Louisville","KY","40216"
34083,"2111 Challedon Way","Louisville","KY","40223"
34084,"4606 Mud Ln","Louisville","KY","40229"
34085,"3715 Locust Ave","Louisville","KY","40299"
34086,"2803 Valhalla Ct","Louisville","KY","40242"
34087,"8411 Nottingham Pkwy","Louisville","KY","40222"
34088,"423 Eline Ave","Louisville","KY","40207"
34089,"7611 Yorktown Rd","Louisville","KY","40214"
34090,"4308 Chenny Ln","Louisville","KY","40299"
34091,"2013 Trevilian Way","Louisville","KY","40205"
34092,"4517 Wolfcreek Pkwy","Louisville","KY","40241"
34093,"1831 W Kentucky St","Louisville","KY","40210"
34094,"807 W Florence Ave","Louisville","KY","40215"
34095,"7321 Maria Ave","Louisville","KY","40222"
34096,"1515 Longfield Ave","Louisville","KY","40215"
34097,"3605 Eastmeadow Ct","Louisville","KY","40258"
34098,"4709 Walnut Grove Ave","Louisville","KY","40216"
34099,"5904 Santa Rosa Dr","Louisville","KY","40219"
34100,"3601 Hanover Rd","Louisville","KY","40207"
34101,"6611 Buisson Ln","Louisville","KY","40219"
34102,"1408 Audubon Pkwy","Louisville","KY","40213"
34103,"8312 Latania Dr","Louisville","KY","40258"
34104,"2915 Lexham Rd","Louisville","KY","40220"
34105,"818 Rubel Ave # B","Louisville","KY","40204"
34106,"4638 Settle Blvd","Louisville","KY","40219"
34107,"4922 Swaps Ln","Louisville","KY","40216"
34108,"516 Gheens Ave","Louisville","KY","40214"
34109,"3306 Gatecreek Rd","Louisville","KY","40272"
34110,"8309 Daverman Dr","Louisville","KY","40228"
34111,"210 Blackburn Ave","Louisville","KY","40206"
34112,"8405 Calm Ln","Louisville","KY","40219"
34113,"5300 Torrington Ct","Louisville","KY","40272"
34114,"1703 Model Rd","Louisville","KY","40216"
34115,"1110 Abbeywood Rd","Louisville","KY","40222"
34116,"235 Derby Ave","Louisville","KY","40218"
34117,"2105 Janlyn Rd","Louisville","KY","40299"
34118,"10607 Red Birch Ct","Louisville","KY","40223"
34119,"7420 Ronan Dr","Louisville","KY","40258"
34120,"933 Packard Ave","Louisville","KY","40217"
34121,"3133 Dogwood Dr","Louisville","KY","40220"
34122,"10628 Park Ave","Louisville","KY","40299"
34123,"2812 Delor Ave","Louisville","KY","40217"
34124,"141 N Galt Ave","Louisville","KY","40206"
34125,"8215 Poinsettia Dr","Louisville","KY","40258"
34126,"10820 Grafton Hall Rd","Louisville","KY","40272"
34127,"4505 Southwestern Pkwy","Louisville","KY","40212"
34128,"8007 Woodfern Way","Louisville","KY","40291"
34129,"809 Glenbarr Pl","Louisville","KY","40243"
34130,"117 Declaration Dr","Louisville","KY","40214"
34131,"14715 Forest Creek Way","Louisville","KY","40245"
34132,"591 Sunset Rd","Louisville","KY","40206"
34133,"8707 Terry Rd","Louisville","KY","40258"
34134,"4003 White Plains Ct","Louisville","KY","40218"
34135,"640 S 42nd St","Louisville","KY","40211"
34136,"153 Hedgewood Ct","Louisville","KY","40229"
34137,"6301 Casper Dr","Louisville","KY","40258"
34138,"5710 Whispering Hills Blvd","Louisville","KY","40219"
34139,"8202 Candelabrum Pl","Louisville","KY","40214"
34140,"5115 Acapolca Way","Louisville","KY","40219"
34141,"5803 Hillwood Dr","Louisville","KY","40219"
34142,"8517 Linda Rd","Louisville","KY","40219"
34143,"3418 Brookhollow Dr","Louisville","KY","40220"
34144,"114 N 45th St","Louisville","KY","40212"
34145,"1109 Fruitful Ct","Louisville","KY","40214"
34146,"7800 Watering Pl","Louisville","KY","40291"
34147,"2807 Woods Club Rd","Louisville","KY","40241"
34148,"2407 Sunshine Way","Louisville","KY","40216"
34149,"3025 Beaumont Rd","Louisville","KY","40205"
34150,"8624 Wooded Glen Rd","Louisville","KY","40220"
34151,"5505 Fruitwood Dr","Louisville","KY","40272"
34152,"8700 Bost Ln","Louisville","KY","40219"
34153,"3111 Chickadee Rd","Louisville","KY","40213"
34154,"5610 Spicewood Ln","Louisville","KY","40219"
34155,"10509 Scarlet Oak Ct","Louisville","KY","40241"
34156,"3420 Pemaquid Rd","Louisville","KY","40218"
34157,"4022 Norbourne Blvd","Louisville","KY","40207"
34158,"9227 Lantana Dr","Louisville","KY","40229"
34159,"2704 Sycamore Woods Ct","Louisville","KY","40241"
34160,"6311 Six Mile Ln","Louisville","KY","40218"
34161,"8210 Thornwood Rd","Louisville","KY","40220"
34162,"3030 Hendon Rd","Louisville","KY","40220"
34163,"1216 Homeview Dr","Louisville","KY","40215"
34164,"405 Kenilworth Rd","Louisville","KY","40206"
34165,"4122 Vermont Ave","Louisville","KY","40211"
34166,"2209 Liverpool Ln","Louisville","KY","40218"
34167,"3124 Oriole Dr","Louisville","KY","40213"
34168,"7101 Beechland Ave","Louisville","KY","40258"
34169,"7215 Columbia Ave","Louisville","KY","40222"
34170,"919 Fenley Ave","Louisville","KY","40222"
34171,"8708 Deer Point Ct","Louisville","KY","40242"
34172,"1603 Iroquois Pkwy","Louisville","KY","40214"
34173,"10724 Hobbs Station Rd","Louisville","KY","40223"
34174,"8309 Huntsman Trl","Louisville","KY","40291"
34175,"211 S 38th St","Louisville","KY","40212"
34176,"512 Donard Park Ave","Louisville","KY","40218"
34177,"7213 Trail Ridge Ct","Louisville","KY","40241"
34178,"2322 Glenmary Ave","Louisville","KY","40204"
34179,"5304 Mount Marcy Rd","Louisville","KY","40216"
34180,"7209 Supremus Dr","Louisville","KY","40214"
34181,"131 Pennsylvania Ave","Louisville","KY","40206"
34182,"5707 Janet Lee Dr","Louisville","KY","40291"
34183,"3002 Don Dee Dr","Louisville","KY","40220"
34184,"9901 Michaele Ln","Louisville","KY","40299"
34185,"6611 El Toro Ct","Louisville","KY","40291"
34186,"7405 Rome Beauty Pl","Louisville","KY","40228"
34187,"4611 Hanford Ln","Louisville","KY","40207"
34188,"1 Gardiner Ct","Louisville","KY","40205"
34189,"4205 S 1st St","Louisville","KY","40214"
34190,"10414 Florian Rd","Louisville","KY","40223"
34191,"416 W Breckinridge St","Apt A2","Louisville",
34192,"1809 Nobel Pl","Louisville","KY","40216"
34193,"9006 Prospect St","Louisville","KY","40242"
34194,"9712 Ranger Rd","Louisville","KY","40229"
34195,"3019 Graystone Manor Pkwy","Louisville","KY","40241"
34196,"8004 Arlis Dr","Louisville","KY","40258"
34197,"10403 Cedar Glen Ct","Louisville","KY","40291"
34198,"6201 Terry Rd","Louisville","KY","40258"
34199,"7414 Colt Dr","Louisville","KY","40214"
34200,"10702 Hickory Cove Ct","Louisville","KY","40241"
34201,"4402 Accomack Dr","Louisville","KY","40241"
34202,"9507 Palladio Ct","Louisville","KY","40299"
34203,"4007 Nachand Ln","Louisville","KY","40218"
34204,"6815 Fenwick Dr","Louisville","KY","40228"
34205,"1017 Runell Rd","Louisville","KY","40214"
34206,"8714 Bost Ln","Louisville","KY","40219"
34207,"204 W Esplanade Ave","Louisville","KY","40214"
34208,"1314 Gallant Fox Run Rd","Louisville","KY","40242"
34209,"2505 Harness Ct","Louisville","KY","40299"
34210,"406 Taurus Pl","Louisville","KY","40243"
34211,"4310 Parkay Pl","Louisville","KY","40216"
34212,"5305 Windy Willow Dr","Louisville","KY","40241"
34213,"3108 Lime Kiln Ln","Louisville","KY","40222"
34214,"7316 Ridge Creek Rd","Louisville","KY","40291"
34215,"6318 Oak Valley Dr","Louisville","KY","40214"
34216,"2525 George Rogers Clark Pl","Apt 204","Louisville",
34217,"3709 Plymouth Rd","Louisville","KY","40207"
34218,"9209 N Pirogue Ct","Louisville","KY","40299"
34219,"4012 Franklin Ave","Louisville","KY","40213"
34220,"728 S Barbee Way","Louisville","KY","40217"
34221,"6002 Noah Dr","Louisville","KY","40258"
34222,"3602 Vanguard Dr","Louisville","KY","40229"
34223,"3425 Westwood Farms Dr","Louisville","KY","40220"
34224,"7202 Nathan Hale Way","Louisville","KY","40272"
34225,"5704 Midnight Ln","Louisville","KY","40229"
34226,"4107 S 2nd St","Louisville","KY","40214"
34227,"7402 Royalwood Dr","Louisville","KY","40214"
34228,"1427 Goddard Ave","Louisville","KY","40204"
34229,"3413 Terrier Ln","Louisville","KY","40218"
34230,"2510 Saratoga Dr","Louisville","KY","40205"
34231,"4616 Stony Brook Dr","Louisville","KY","40299"
34232,"7101 Deanna Dr","Louisville","KY","40219"
34233,"1529 Tyler Park Dr","Louisville","KY","40204"
34234,"1511 Donard Park Ave","Louisville","KY","40218"
34235,"2517 Walbrook Dr","Louisville","KY","40222"
34236,"510 Sam Dr","Louisville","KY","40214"
34237,"4910 Westside Dr","Louisville","KY","40219"
34238,"3203 La Follette Ct","Louisville","KY","40299"
34239,"2704 Trumpetvine Rd","Louisville","KY","40220"
34240,"6302 Sheila Rd","Louisville","KY","40219"
34241,"1701 Parkridge Pkwy","Louisville","KY","40214"
34242,"2805 Girard Dr","Louisville","KY","40213"
34243,"10602 Sycamore Grn","Louisville","KY","40223"
34244,"12404 Kirkham Rd","Louisville","KY","40299"
34245,"7705 Westwood Farms Ct","Louisville","KY","40220"
34246,"4553 Greymont Dr","Louisville","KY","40229"
34247,"3 Woodlea Ln","Louisville","KY","40207"
34248,"4012 Chenoweth Run Rd","Louisville","KY","40299"
34249,"8712 William Penn Way","Louisville","KY","40228"
34250,"1105 Broadfields Dr","Louisville","KY","40207"
34251,"3224 Grant Ave","Louisville","KY","40214"
34252,"2338 Date St","Louisville","KY","40210"
34253,"1747 Harvard Dr","Louisville","KY","40205"
34254,"4834 Warbler Way","Louisville","KY","40213"
34255,"12610 Rehl Rd","Louisville","KY","40299"
34256,"4012 Willowview Blvd","Louisville","KY","40299"
34257,"7386 Wolfspring Trce","Louisville","KY","40241"
34258,"11007 Fellswood Ct","Louisville","KY","40243"
34259,"1704 Shady Ln","Louisville","KY","40205"
34260,"10411 Villa Dr","Louisville","KY","40272"
34261,"1705 Griffin Gate Rd","Louisville","KY","40205"
34262,"4105 Manner Dale Dr","Louisville","KY","40220"
34263,"10706 Easum Rd","Louisville","KY","40299"
34264,"917 E Madison St","Louisville","KY","40204"
34265,"1412 Willow Ave","Apt 34","Louisville",
34266,"8202 Tolls Ln","Louisville","KY","40214"
34267,"200 Broadland Ct","Louisville","KY","40229"
34268,"8216 Lacevine Rd","Louisville","KY","40220"
34269,"9804 Melissa Dr","Louisville","KY","40223"
34270,"1246 Dixie Hwy","Louisville","KY","40210"
34271,"6408 Farmstead Ct","Louisville","KY","40291"
34272,"7010 Field View Ct","Louisville","KY","40291"
34273,"3804 Stigwood Ct","Louisville","KY","40218"
34274,"4027 Elmwood Ave","Louisville","KY","40207"
34275,"4500 Gothic Ct","Louisville","KY","40299"
34276,"12232 Ridgemont Rd","Louisville","KY","40229"
34277,"9925 Melissa Dr","Louisville","KY","40223"
34278,"7547 Justan Ave","Louisville","KY","40214"
34279,"2146 W Lee St","Louisville","KY","40210"
34280,"539 Barberry Ln","Louisville","KY","40206"
34281,"2502 Savannah Rd","Louisville","KY","40242"
34282,"3617 Deibel Way","Louisville","KY","40220"
34283,"3726 Rosemont Blvd","Louisville","KY","40218"
34284,"5204 Gathwright Dr","Louisville","KY","40218"
34285,"4935 Forest Park Dr","Louisville","KY","40219"
34286,"812 Gagel Ave","Louisville","KY","40216"
34287,"6904 Cedar Lake Ct","Louisville","KY","40291"
34288,"12012 Brookmoor Dr","Louisville","KY","40243"
34289,"7515 Rutledge Rd","Louisville","KY","40258"
34290,"8113 Pina Way","Louisville","KY","40219"
34291,"5103 Gathwright Dr","Louisville","KY","40218"
34292,"5105 Gathwright Dr","Louisville","KY","40218"
34293,"2304 Taylorsville Rd","Louisville","KY","40205"
34294,"1814 W Market St","Louisville","KY","40203"
34295,"9610 Lyric Ln","Louisville","KY","40299"
34296,"2623 Meadow Dr","Louisville","KY","40220"
34297,"2119 Highland Ave","Louisville","KY","40204"
34298,"1844 Grand Ave","Louisville","KY","40210"
34299,"3758 Taylorsville Rd","Louisville","KY","40220"
34300,"803 Cecil Ave","Louisville","KY","40211"
34301,"600 Washburn Ave","Louisville","KY","40222"
34302,"1540 Catalpa St","Louisville","KY","40211"
34303,"3029 Wentworth Ave","Louisville","KY","40206"
34304,"7549 Ralston Ave","Louisville","KY","40258"
34305,"7391 Wolfspring Trce","Louisville","KY","40241"
34306,"725 S 43rd St","Louisville","KY","40211"
34307,"3417 Trail Ridge Rd","Louisville","KY","40241"
34308,"8510 Gentry Ln","Louisville","KY","40291"
34309,"9706 Gandy Rd","Louisville","KY","40272"
34310,"620 Malcolm Ave","Louisville","KY","40223"
34311,"3906 Melda Ln","Louisville","KY","40219"
34312,"4611 S 6th St","Louisville","KY","40214"
34313,"1909 Mary Catherine Dr","Louisville","KY","40216"
34314,"12810 Ledges Dr","Louisville","KY","40243"
34315,"4315 Edgin Ave","Louisville","KY","40216"
34316,"5202 Matterhorn Dr","Louisville","KY","40216"
34317,"3310 Enridge Dr","Louisville","KY","40220"
34318,"1813 Algonquin Pkwy","Louisville","KY","40210"
34319,"4315 Cara Way","Louisville","KY","40299"
34320,"7603 Shaker Mill Rd","Louisville","KY","40220"
34321,"8326 Huntsman Trl","Louisville","KY","40291"
34322,"722 S 35th St","Louisville","KY","40211"
34323,"2300 Duncan St","Louisville","KY","40212"
34324,"11713 Kings Ln","Louisville","KY","40243"
34325,"2712 Cranston Dr","Louisville","KY","40299"
34326,"8012 Brush Ln","Louisville","KY","40291"
34327,"14403 Willow Grove Cir","Louisville","KY","40245"
34328,"2233 Bonnycastle Ave","Louisville","KY","40205"
34329,"7330 Mayrow Dr","Louisville","KY","40291"
34330,"912 E Chestnut St","Louisville","KY","40204"
34331,"9207 Mitchell Ln","Louisville","KY","40272"
34332,"1935 Gardiner Ln","Apt H128","Louisville",
34333,"9200 Fenmore Ave","Louisville","KY","40272"
34334,"6710 Stana Dr","Louisville","KY","40258"
34335,"4911 Woodsend Rd","Louisville","KY","40229"
34336,"3013 Eleanor Ave","Louisville","KY","40205"
34337,"7417 Paiute Rd","Louisville","KY","40214"
34338,"2606 Acushnet Ct","Louisville","KY","40242"
34339,"6317 Bethany Ln","Louisville","KY","40272"
34340,"2007 Tyler Ln","Louisville","KY","40205"
34341,"2644 Dixdale Ave","Louisville","KY","40210"
34342,"2855 Coleen Ct","Louisville","KY","40206"
34343,"8911 Zabel Way","Louisville","KY","40291"
34344,"4108 Sea Wave Ct","Louisville","KY","40229"
34345,"2809 Pomeroy Dr","Louisville","KY","40218"
34346,"3222 Kingswood Way","Louisville","KY","40216"
34347,"116 N 36th St","Louisville","KY","40212"
34348,"8307 Pennsylvania Run Rd","Louisville","KY","40228"
34349,"4510 Spring Bay Ct","Louisville","KY","40241"
34350,"10002 Cardigan Dr","Louisville","KY","40299"
34351,"841 Minoma Ave","Louisville","KY","40217"
34352,"8802 Tranquil Valley Ln","Louisville","KY","40299"
34353,"7604 Tommie Ct","Louisville","KY","40258"
34354,"7313 Bluffington Rd","Louisville","KY","40291"
34355,"2502 Paulcrest Ct","Louisville","KY","40242"
34356,"4617 Dover Rd","Louisville","KY","40216"
34357,"4910 Simpson Dr","Louisville","KY","40218"
34358,"13306 Meadowlawn Dr","Louisville","KY","40272"
34359,"7003 Daisy Ave","Louisville","KY","40258"
34360,"215 N 39th St","Louisville","KY","40212"
34361,"1006 Berry Blvd","Louisville","KY","40215"
34362,"1605 Night Hawk Ct","Louisville","KY","40223"
34363,"9208 Omar Khayyam Blvd","Louisville","KY","40272"
34364,"8507 Rhett Butler Dr","Louisville","KY","40242"
34365,"10614 Black Iron Rd","Louisville","KY","40291"
34366,"1317 Mchenry St","Louisville","KY","40217"
34367,"2208 Brighton Dr","Louisville","KY","40205"
34368,"7502 Appletree Way","Louisville","KY","40228"
34369,"4302 Lambert Rd","Louisville","KY","40219"
34370,"6303 Big Ben Dr","Louisville","KY","40291"
34371,"6703 Sycamore Woods Dr","Louisville","KY","40241"
34372,"3012 Lynnwood Way","Louisville","KY","40299"
34373,"4804 Warbler Way","Louisville","KY","40213"
34374,"209 Circle Valley Dr","Louisville","KY","40229"
34375,"2328 Mount Claire Ave","Louisville","KY","40217"
34376,"9912 Robsion Rd","Louisville","KY","40299"
34377,"3816 Wheeler Ave","Louisville","KY","40215"
34378,"2219 Saratoga Dr","Louisville","KY","40205"
34379,"9617 Chapel Hill Rd","Louisville","KY","40229"
34380,"4102 Wooded Way","Louisville","KY","40219"
34381,"10704 Hickory Cove Ct","Louisville","KY","40241"
34382,"3225 Rosewedge Way","Louisville","KY","40216"
34383,"2607 Montgomery St","Louisville","KY","40212"
34384,"8201 Blake Ln","Louisville","KY","40258"
34385,"3901 Lees Ln","Louisville","KY","40216"
34386,"5202 Mount Howard Ct","Louisville","KY","40216"
34387,"101 Hemingway Rd","Louisville","KY","40207"
34388,"1734 W Oak St","Louisville","KY","40210"
34389,"124 N 28th St","Louisville","KY","40212"
34390,"425 Dublin Cir","Louisville","KY","40229"
34391,"833 Linwood Ave","Louisville","KY","40217"
34392,"6018 Toebbe Ln","Louisville","KY","40229"
34393,"5010 Southside Dr","Louisville","KY","40214"
34394,"4801 Trackers Way","Louisville","KY","40216"
34395,"8102 Catrina Ct","Louisville","KY","40214"
34396,"9904 Dixie Hwy","Louisville","KY","40272"
34397,"1517 Gallagher St","Louisville","KY","40210"
34398,"6709 Seminole Ave","Louisville","KY","40214"
34399,"10373 Lower River Rd","Louisville","KY","40272"
34400,"312 S 39th St","Louisville","KY","40212"
34401,"163 Prairie Dr","Louisville","KY","40229"
34402,"4702 Ferrer Way","Louisville","KY","40299"
34403,"1927 Deerwood Ave","Louisville","KY","40205"
34404,"1819 Harvard Dr","Louisville","KY","40205"
34405,"7816 Whipperwill Rd","Louisville","KY","40214"
34406,"4104 Spyglass Ct","Louisville","KY","40229"
34407,"235 Southwestern Pkwy","Louisville","KY","40212"
34408,"8706 Shepherds Ct","Louisville","KY","40291"
34409,"3404 Terrier Ln","Louisville","KY","40218"
34410,"1277 Parkway Gardens Ct","Apt 212","Louisville",
34411,"3603 Locklee Rd","Louisville","KY","40214"
34412,"401 Berry Hill Pl","Louisville","KY","40243"
34413,"6651 Iroquois Park Rd","Louisville","KY","40214"
34414,"9007 Lantern Lite Pkwy","Louisville","KY","40220"
34415,"2812 Wyandotte Ave","Louisville","KY","40210"
34416,"4107 Mud Ln","Louisville","KY","40229"
34417,"2603 Aylesbury Ct","Louisville","KY","40242"
34418,"5607 Mcdeane Rd","Louisville","KY","40216"
34419,"13301 E Orell Rd","Louisville","KY","40272"
34420,"8600 Roth Rd","Louisville","KY","40219"
34421,"2616 Allston Ave","Louisville","KY","40210"
34422,"8500 Shirley Ln","Louisville","KY","40258"
34423,"1530 Berry Blvd","Louisville","KY","40215"
34424,"708 Elsmere Cir","Louisville","KY","40223"
34425,"6000 Tralee Ln","Louisville","KY","40219"
34426,"1121 Cecil Ave","Louisville","KY","40211"
34427,"2509 Ballantrae Cir","Louisville","KY","40242"
34428,"3508 Locklee Rd","Louisville","KY","40214"
34429,"1516 Delmar Ct","Louisville","KY","40216"
34430,"10009 Falling Tree Way","Louisville","KY","40223"
34431,"2840 Tremont Dr","Louisville","KY","40205"
34432,"1719 Nobel Pl","Louisville","KY","40216"
34433,"1206 Tennessee Ave","Louisville","KY","40208"
34434,"5009 Woodsend Rd","Louisville","KY","40229"
34435,"336 Glendora Ave","Louisville","KY","40212"
34436,"1923 Wessel Ave","Louisville","KY","40216"
34437,"2115 Millside Dr","Louisville","KY","40223"
34438,"4612 Dover Rd","Louisville","KY","40216"
34439,"2636 Wendell Ave","Louisville","KY","40205"
34440,"6904 Chippenham Rd","Louisville","KY","40222"
34441,"811 Dresden Ave","Louisville","KY","40215"
34442,"714 N Barbee Way","Louisville","KY","40217"
34443,"10504 Glencony Ct","Louisville","KY","40291"
34444,"108 Gardiner Lake Rd","Louisville","KY","40205"
34445,"7900 Briarhollow Ct","Louisville","KY","40220"
34446,"3816 Wewoka Ave","Louisville","KY","40212"
34447,"4742 Brownsboro Rd","Louisville","KY","40207"
34448,"1107 Springside Ct","Louisville","KY","40223"
34449,"178 Tumbleweed Dr","Louisville","KY","40229"
34450,"4505 Mosaic Ct","Louisville","KY","40299"
34451,"4511 Breitenstein Ave","Louisville","KY","40213"
34452,"8002 Brush Ln","Louisville","KY","40291"
34453,"4107 Moray Ct","Louisville","KY","40216"
34454,"7200 John Adams Way","Louisville","KY","40272"
34455,"1327 S Floyd St","Louisville","KY","40208"
34456,"2205 Bonnycastle Ave","Louisville","KY","40205"
34457,"5801 Midnight Ln","Louisville","KY","40229"
34458,"8504 Fernview Dr","Louisville","KY","40291"
34459,"4307 Dover Rd","Louisville","KY","40216"
34460,"1221 Longfield Ave","Louisville","KY","40215"
34461,"508 Palisades Ct","Louisville","KY","40223"
34462,"2064 May Ave","Louisville","KY","40217"
34463,"3812 Southern Pkwy","Louisville","KY","40214"
34464,"4800 Trackers Way","Louisville","KY","40216"
34465,"7724 Rochelle Rd","Louisville","KY","40228"
34466,"8310 Johnson School Rd","Louisville","KY","40291"
34467,"9904 Harlech Ln","Louisville","KY","40299"
34468,"10744 Colonial Woods Ct","Louisville","KY","40223"
34469,"2606 Benoch Ave","Louisville","KY","40216"
34470,"4405 Renaissance Dr","Louisville","KY","40299"
34471,"2907 Lexham Rd","Louisville","KY","40220"
34472,"10744 Colonial Woods Way","Louisville","KY","40223"
34473,"2332 Ackerman Ct","Louisville","KY","40212"
34474,"2516 Tavistock Ct","Louisville","KY","40272"
34475,"237 Southwestern Pkwy","Louisville","KY","40212"
34476,"1149 Samuel St","Louisville","KY","40204"
34477,"3802 Napanee Rd","Louisville","KY","40207"
34478,"110 Mcarthur Dr","Louisville","KY","40207"
34479,"1276 Forest Dr","Louisville","KY","40219"
34480,"4716 Billtown Rd","Louisville","KY","40299"
34481,"5701 Deep Forest Ct","Louisville","KY","40214"
34482,"3815 Iron Horse Way","Louisville","KY","40272"
34483,"3506 Terrier Ln","Louisville","KY","40218"
34484,"3009 Thomas Ln","Louisville","KY","40299"
34485,"7814 Albrecht Cir","Louisville","KY","40241"
34486,"2576 Greenup Rd","Louisville","KY","40217"
34487,"705 Stivers Rd","Louisville","KY","40207"
34488,"3414 Hardwood Forest Dr","Louisville","KY","40214"
34489,"8601 Image Way","Louisville","KY","40299"
34490,"10505 Bardstown Bluff Rd","Louisville","KY","40291"
34491,"613 Zane St","Louisville","KY","40203"
34492,"4913 Red Oak Ln","Louisville","KY","40218"
34493,"271 Butterfly Ln","Louisville","KY","40229"
34494,"3103 1/2 Lencott Dr","Louisville","KY","40216"
34495,"14602 Forest Oaks Dr","Louisville","KY","40245"
34496,"2817 Winterhaven Rd","Louisville","KY","40220"
34497,"2109 Appleton Ln","Louisville","KY","40216"
34498,"10312 Grand Ave","Louisville","KY","40299"
34499,"206 Alreva Rd","Louisville","KY","40216"
34500,"9530 Fairground Rd","Louisville","KY","40291"
34501,"1708 Model Rd","Louisville","KY","40216"
34502,"4312 Dohn Ave","Louisville","KY","40216"
34503,"5107 Garden Green Way","Louisville","KY","40218"
34504,"3800 Tuesday Way","Louisville","KY","40219"
34505,"1760 W Gaulbert Ave","Louisville","KY","40210"
34506,"3413 Del Park Ter","Louisville","KY","40211"
34507,"2235 Talbott Ave","Louisville","KY","40205"
34508,"3012 Garey Ln","Louisville","KY","40216"
34509,"10609 Bayport Rd","Louisville","KY","40299"
34510,"2403 Ransdell Ave","Louisville","KY","40204"
34511,"9330 Loch Lea Ln","Louisville","KY","40291"
34512,"1509 Hawkshead Ln","Louisville","KY","40220"
34513,"3000 Dale Ann Dr","Louisville","KY","40220"
34514,"3605 Kahlert Ave","Louisville","KY","40215"
34515,"1035 Carlisle Ave","Louisville","KY","40215"
34516,"405 Pleasantview Ave","Louisville","KY","40206"
34517,"10945 Old Harrods Woods Cir","Louisville","KY","40223"
34518,"4138 Larkwood Ave","Louisville","KY","40212"
34519,"8400 Silver Fox Rd","Louisville","KY","40291"
34520,"3706 Wednesday Way","Louisville","KY","40219"
34521,"6702 Wyckoff Ct","Louisville","KY","40258"
34522,"6108 Mount Everest Dr","Louisville","KY","40216"
34523,"5105 Cane Run Rd","Louisville","KY","40216"
34524,"1505 Edgewood Pl","Louisville","KY","40205"
34525,"11205 Minford Ct","Louisville","KY","40229"
34526,"9807 Hillary Ct","Louisville","KY","40291"
34527,"13405 E Orell Rd","Louisville","KY","40272"
34528,"299 Saguaro Dr","Louisville","KY","40229"
34529,"2835 Fleming Ave","Louisville","KY","40206"
34530,"5212 Windy Willow Dr","Louisville","KY","40241"
34531,"12347 Springmeadow Dr","Louisville","KY","40229"
34532,"325 Kenny Blvd","Louisville","KY","40214"
34533,"7306 Springdale Rd","Louisville","KY","40241"
34534,"9001 Glover Ln","Louisville","KY","40242"
34535,"10210 Garlanreid Pl","Louisville","KY","40223"
34536,"8217 Brookhollow Ct","Louisville","KY","40220"
34537,"3114 Albans Pl","Louisville","KY","40241"
34538,"410 Mockingbird Valley Rd","Apt 40","Louisville",
34539,"3233 W Kentucky St","Louisville","KY","40211"
34540,"8117 Cloudcroft Ln","Louisville","KY","40220"
34541,"7401 Dunkirk Ln","Louisville","KY","40272"
34542,"5001 Cooper Chapel Rd","Louisville","KY","40229"
34543,"6806 Bahama Ln","Louisville","KY","40219"
34544,"510 Oak Branch Rd","Louisville","KY","40245"
34545,"3217 Trail Ridge Rd","Louisville","KY","40241"
34546,"3802 Pflanz Ave","Louisville","KY","40212"
34547,"12023 Ancient Spring Dr","Louisville","KY","40245"
34548,"7406 Jonathan Way","Louisville","KY","40228"
34549,"1829 Casselberry Rd","Louisville","KY","40205"
34550,"7808 Old Tree Run","Louisville","KY","40222"
34551,"6500 Glendale Rd","Louisville","KY","40291"
34552,"3401 Deorr Rd","Louisville","KY","40216"
34553,"4604 Haney Way","Louisville","KY","40272"
34554,"1813 Kline Ct","Louisville","KY","40205"
34555,"907 Colonel Anderson Pkwy","Louisville","KY","40222"
34556,"4201 Sirate Ln","Louisville","KY","40229"
34557,"1623 Deerwood Ave","Louisville","KY","40205"
34558,"217 S Bayly Ave","Louisville","KY","40206"
34559,"2110 Quillman Rd","Louisville","KY","40214"
34560,"607 Armadale Pl","Louisville","KY","40243"
34561,"6404 Overton Rd","Louisville","KY","40228"
34562,"8309 Herrington Ct","Louisville","KY","40228"
34563,"1012 E Saint Catherine St","Louisville","KY","40204"
34564,"5502 Binbrook Dr","Louisville","KY","40216"
34565,"1486 Sable Wing Cir","Louisville","KY","40223"
34566,"13403 Horncastle Way","Louisville","KY","40272"
34567,"5104 Windy Willow Dr","Louisville","KY","40241"
34568,"169 Stonepost Rd","Louisville","KY","40229"
34569,"2124 W Lee St","Louisville","KY","40210"
34570,"1815 Yale Dr","Louisville","KY","40205"
34571,"8300 Lacevine Rd","Louisville","KY","40220"
34572,"2909 Arlington Ct","Louisville","KY","40299"
34573,"4403 Shenandoah Dr","Louisville","KY","40241"
34574,"4411 Holly Tree Dr","Louisville","KY","40241"
34575,"11200 Minford Ct","Louisville","KY","40229"
34576,"8902 Thixton Ln","Louisville","KY","40229"
34577,"938 Mckinley Ave","Louisville","KY","40217"
34578,"7110 Uranus Dr","Louisville","KY","40258"
34579,"712 Brendon Hills Pl","Louisville","KY","40245"
34580,"2005 Matheis Ln","Louisville","KY","40216"
34581,"3403 Sumac Rd","Louisville","KY","40216"
34582,"1040 Cherokee Rd","Apt C6","Louisville",
34583,"3040 Colonial Hill Rd","Louisville","KY","40205"
34584,"9310 Felsmere Cir","Louisville","KY","40241"
34585,"813 Circle Hill Rd","Louisville","KY","40207"
34586,"4713 Ridgeway Ct","Louisville","KY","40229"
34587,"9012 Lantern Lite Pkwy","Louisville","KY","40220"
34588,"4510 Samara Dr","Louisville","KY","40219"
34589,"3302 Eastbourne Ave","Louisville","KY","40206"
34590,"518 Beechland Rd","Louisville","KY","40229"
34591,"4705 Unseld Blvd","Louisville","KY","40218"
34592,"715 S 42nd St","Louisville","KY","40211"
34593,"732 Cecil Ave","Louisville","KY","40211"
34594,"4106 Angel Ter","Louisville","KY","40299"
34595,"8801 Royal Oak Dr","Louisville","KY","40272"
34596,"2113 Millside Dr","Louisville","KY","40223"
34597,"13406 Snowden Way","Louisville","KY","40272"
34598,"8801 Whipps Mill Rd","Louisville","KY","40222"
34599,"2725 Lamont Rd","Louisville","KY","40205"
34600,"730 Colorado Ave","Louisville","KY","40208"
34601,"2730 Shippen Ave","Louisville","KY","40206"
34602,"2230 Winston Ave","Louisville","KY","40205"
34603,"104 S 45th St","Louisville","KY","40212"
34604,"1234 Keswick Blvd","Louisville","KY","40217"
34605,"9016 Chenault Rd","Louisville","KY","40258"
34606,"3908 Tally Ho Ct","Louisville","KY","40299"
34607,"4607 Ash Ave","Louisville","KY","40258"
34608,"9100 Glasslipper Ct","Louisville","KY","40229"
34609,"108 Blankenbaker Ln","Louisville","KY","40207"
34610,"606 Turnstile Trce","Louisville","KY","40223"
34611,"7219 Kort Way","Louisville","KY","40220"
34612,"4411 Exley Ct","Louisville","KY","40211"
34613,"10991 Sable Wing Pl","Louisville","KY","40223"
34614,"5817 Bardstown Rd","Louisville","KY","40291"
34615,"105 N Peterson Ave","Louisville","KY","40206"
34616,"10420 Glenmary Farm Dr","Louisville","KY","40291"
34617,"8907 Bingham Dr","Louisville","KY","40242"
34618,"10115 Natalie Way","Louisville","KY","40299"
34619,"640 Zorn Ave","Apt 4A","Louisville",
34620,"14604 Woodbluff Trce","Louisville","KY","40245"
34621,"7100 Cross Creek Blvd","Louisville","KY","40228"
34622,"8408 Carmil Dr","Louisville","KY","40291"
34623,"2107 Wrocklage Ave","Louisville","KY","40205"
34624,"3906 Parker Ave","Louisville","KY","40212"
34625,"6002 Fairridge Ct","Louisville","KY","40229"
34626,"4201 Seagrape Rd","Louisville","KY","40299"
34627,"1414 Eastern Pkwy","Apt 5","Louisville",
34628,"124 Boston Ct","Louisville","KY","40212"
34629,"2319 Village Dr","Louisville","KY","40205"
34630,"1210 Innis Ct","Louisville","KY","40204"
34631,"306 Hidden Oak Way","Louisville","KY","40222"
34632,"1914 Wrocklage Ave","Louisville","KY","40205"
34633,"3619 Gaymont Ct","Louisville","KY","40214"
34634,"1615 Dawn Dr","Louisville","KY","40216"
34635,"2102 High Ridge Rd","Louisville","KY","40207"
34636,"920 Beecher St","Louisville","KY","40215"
34637,"3607 Trail Creek Pl","Louisville","KY","40241"
34638,"2631 Martin Ave","Louisville","KY","40216"
34639,"209 Beckley Woods Dr","Louisville","KY","40245"
34640,"5220 Cedrus Cir","Louisville","KY","40213"
34641,"11407 Fairmount Rd","Louisville","KY","40291"
34642,"8927 Brandywyne Dr","Louisville","KY","40291"
34643,"6518 Green Manor Dr","Louisville","KY","40228"
34644,"836 Linwood Ave","Louisville","KY","40217"
34645,"5606 Maco Ln","Louisville","KY","40219"
34646,"1208 Holsworth Ln","Louisville","KY","40222"
34647,"306 W Southside Ct","Louisville","KY","40214"
34648,"4305 Dalewood Pl","Louisville","KY","40218"
34649,"2603 Wendell Ave","Louisville","KY","40205"
34650,"1816 Northwestern Pkwy","Louisville","KY","40203"
34651,"2602 Patio Ct","Louisville","KY","40214"
34652,"11015 Chapel Hill Rd","Louisville","KY","40229"
34653,"5406 Fruitwood Dr","Louisville","KY","40272"
34654,"3907 Southern Pkwy","Louisville","KY","40214"
34655,"5933 Six Mile Ln","Louisville","KY","40218"
34656,"1890 Richmond Dr","Louisville","KY","40205"
34657,"182 Circle Valley Dr","Louisville","KY","40229"
34658,"4708 Shenandoah Dr","Louisville","KY","40241"
34659,"2146 Lakeside Dr","Louisville","KY","40205"
34660,"7610 Lancelot Ct","Louisville","KY","40222"
34661,"5011 Volney Ct","Louisville","KY","40291"
34662,"5419 Regal Dr","Louisville","KY","40218"
34663,"204 Welburn Dr","Louisville","KY","40218"
34664,"2505 Clearbrook Dr","Louisville","KY","40220"
34665,"2302 Peaslee Rd","Louisville","KY","40216"
34666,"4906 S 4th St","Louisville","KY","40214"
34667,"9418 Cavalcade Ave","Louisville","KY","40272"
34668,"4558 S 1st St","Louisville","KY","40214"
34669,"1017 Williamsburg Ct","Louisville","KY","40207"
34670,"8520 Burlingame Rd","Louisville","KY","40219"
34671,"909 Tamarisk Ct","Louisville","KY","40223"
34672,"1925 Beech St","Louisville","KY","40210"
34673,"10113 Natalie Way","Louisville","KY","40299"
34674,"2813 Lexham Rd","Louisville","KY","40220"
34675,"10820 Hobbs Station Rd","Louisville","KY","40223"
34676,"4413 Comanche Trl","Louisville","KY","40207"
34677,"4905 D Lue Ct","Louisville","KY","40216"
34678,"1824 Sherwood Ave","Louisville","KY","40205"
34679,"319 Pleasantview Ave","Louisville","KY","40206"
34680,"3301 Wessel Rd","Louisville","KY","40216"
34681,"8304 Delightful Ct","Louisville","KY","40291"
34682,"1417 Thornberry Ave","Louisville","KY","40215"
34683,"1517 S 32nd St","Louisville","KY","40211"
34684,"3103 Rockaway Dr","Louisville","KY","40216"
34685,"3109 Lakeview Dr","Louisville","KY","40205"
34686,"7124 Quail Ridge Rd","Louisville","KY","40291"
34687,"7363 Lucille Ave","Louisville","KY","40258"
34688,"6908 Shareith Dr","Louisville","KY","40228"
34689,"5507 Rosary Ct","Louisville","KY","40218"
34690,"3205 Teakwood Cir","Louisville","KY","40216"
34691,"514 Auburndale Ave","Louisville","KY","40214"
34692,"11201 Willowick Ct","Louisville","KY","40272"
34693,"4808 Dover Rd","Louisville","KY","40216"
34694,"3623 Lentz Ave","Louisville","KY","40215"
34695,"288 Dale Rd","Louisville","KY","40229"
34696,"7801 Oswego Cir","Louisville","KY","40214"
34697,"303 Hillview Blvd","Louisville","KY","40229"
34698,"8104 Sherry Lynn Ct","Louisville","KY","40228"
34699,"9012 Antler Ct","Louisville","KY","40242"
34700,"2409 Woodbourne Ave","Louisville","KY","40205"
34701,"1834 Olenda Ave","Louisville","KY","40216"
34702,"331 Kenwood Hill Rd","Louisville","KY","40214"
34703,"2303 Hardesty Ave","Louisville","KY","40216"
34704,"4512 Saint Rita Dr","Louisville","KY","40219"
34705,"11203 Brooke Trace Cir","Louisville","KY","40229"
34706,"202 Highwood Dr","Louisville","KY","40206"
34707,"119 N Shawnee Ter","Louisville","KY","40212"
34708,"2201 1/2 Sheffield Blvd","Louisville","KY","40205"
34709,"9303 Holiday Dr","Louisville","KY","40272"
34710,"7303 Nottoway Cir","Louisville","KY","40214"
34711,"8912 Raintree Dr","Louisville","KY","40220"
34712,"6326 Krause Ave","Louisville","KY","40216"
34713,"9711 Saturn Dr","Louisville","KY","40229"
34714,"1913 Crossgate Ln","Louisville","KY","40222"
34715,"10810 Ward Ave","Louisville","KY","40223"
34716,"693 Dublin Cir","Louisville","KY","40229"
34717,"1232 Vim Dr","Louisville","KY","40213"
34718,"811 Camden Ave","Louisville","KY","40215"
34719,"806 Brentwood Ave","Louisville","KY","40215"
34720,"1123 Farman Ct","Louisville","KY","40219"
34721,"2130 Winston Ave","Louisville","KY","40205"
34722,"6324 May Pen Rd","Louisville","KY","40228"
34723,"6704 Moorhampton Dr","Louisville","KY","40228"
34724,"7905 Osborne Dr","Louisville","KY","40222"
34725,"1418 Shingo Ave","Louisville","KY","40215"
34726,"9102 Lyneve Dr","Louisville","KY","40272"
34727,"3402 Hycliffe Ave","Louisville","KY","40207"
34728,"3812 Hycliffe Ave","Louisville","KY","40207"
34729,"9107 Elm Ct","Louisville","KY","40299"
34730,"9807 Lakewood Dr","Louisville","KY","40272"
34731,"10412 Christina Ct","Louisville","KY","40223"
34732,"2407 Franklin Ave","Louisville","KY","40216"
34733,"503 Foxwick Ct","Louisville","KY","40223"
34734,"1833 Olenda Ave","Louisville","KY","40216"
34735,"3437 Peleske Dr","Louisville","KY","40216"
34736,"9908 Spring Ridge Dr","Louisville","KY","40223"
34737,"2133 Mccloskey Ave","Louisville","KY","40210"
34738,"8600 Montrie Ct","Louisville","KY","40219"
34739,"9118 Loch Lea Ln","Louisville","KY","40291"
34740,"608 Highwood Dr","Louisville","KY","40206"
34741,"2912 Meadowview Cir","Louisville","KY","40220"
34742,"9008 Pine Lake Dr","Louisville","KY","40220"
34743,"1601 Ehrler Dr","Louisville","KY","40213"
34744,"2305 Date St","Louisville","KY","40210"
34745,"9013 Wooded Glen Rd","Louisville","KY","40220"
34746,"2418 Aintree Way","Louisville","KY","40220"
34747,"8609 Moody Rd","Louisville","KY","40219"
34748,"110 N Birchwood Ave","Louisville","KY","40206"
34749,"707 Lake Sterling Rd","Louisville","KY","40223"
34750,"10405 Meadowview Dr","Louisville","KY","40272"
34751,"4820 Clipping Ct","Louisville","KY","40241"
34752,"2323 Woodland Ave","Louisville","KY","40210"
34753,"805 Southwestern Pkwy","Louisville","KY","40211"
34754,"126 N Jane St","Louisville","KY","40206"
34755,"3519 Deibel Way","Louisville","KY","40220"
34756,"1002 Mckinley Ave","Louisville","KY","40217"
34757,"524 N 27th St","Louisville","KY","40212"
34758,"14306 Micawber Way","Louisville","KY","40245"
34759,"521 Zorn Ave","Apt A11","Louisville",
34760,"7413 Fieldstone Way","Louisville","KY","40291"
34761,"5105 Hilton Ct","Louisville","KY","40218"
34762,"9515 Cooper Chase Ct","Louisville","KY","40229"
34763,"1780 Dixdale Ave","Louisville","KY","40210"
34764,"813 Creekvalley Rd","Louisville","KY","40243"
34765,"5512 Ripple Ln","Louisville","KY","40218"
34766,"8207 Damascus Cir","Apt D1","Louisville",
34767,"4304 Darbrook Rd","Louisville","KY","40207"
34768,"2802 Tirol Ct","Louisville","KY","40220"
34769,"2102 W Gaulbert Ave","Louisville","KY","40210"
34770,"805 Forest Park Rd","Louisville","KY","40223"
34771,"3413 Young Ave","Louisville","KY","40211"
34772,"2002 Youngland Ave","Louisville","KY","40216"
34773,"9204 Walhampton Ct","Louisville","KY","40242"
34774,"2206 Perth Ct","Louisville","KY","40216"
34775,"6407 Farmstead Ct","Louisville","KY","40291"
34776,"7616 Colson Dr","Louisville","KY","40220"
34777,"840 Overdale Dr","Louisville","KY","40229"
34778,"243 Crator Dr","Louisville","KY","40229"
34779,"430 Roberts Ave","Louisville","KY","40214"
34780,"3103 Deibel Ct","Louisville","KY","40220"
34781,"10806 Waycross Ave","Louisville","KY","40229"
34782,"2365 Saratoga Dr","Louisville","KY","40205"
34783,"9006 Westridge Ct","Louisville","KY","40242"
34784,"4918 Stokes Ct","Louisville","KY","40218"
34785,"8001 Saint Anthonys Church Rd","Louisville","KY","40214"
34786,"151 Robin Rd","Louisville","KY","40229"
34787,"601 Elsmere Cir","Louisville","KY","40223"
34788,"10102 Timberwood Cir","Louisville","KY","40223"
34789,"1834 Arlington Ave","Louisville","KY","40206"
34790,"12220 Ledges Dr","Louisville","KY","40243"
34791,"309 Westport Dr","Louisville","KY","40207"
34792,"3700 Grandview Ave","Louisville","KY","40207"
34793,"3440 Virginia Ave","Louisville","KY","40211"
34794,"488 Dublin Cir","Louisville","KY","40229"
34795,"9303 Marse Henry Dr","Louisville","KY","40299"
34796,"2105 Round Ridge Rd","Louisville","KY","40207"
34797,"6723 Blackhorse Dr","Louisville","KY","40291"
34798,"5717 Chestnutwood Way","Louisville","KY","40272"
34799,"1010 S 45th St","Louisville","KY","40211"
34800,"902 Lake Forest Pkwy","Louisville","KY","40245"
34801,"8001 White Cedar Dr","Louisville","KY","40219"
34802,"5600 Oakridge Pl","Louisville","KY","40229"
34803,"118 Wooded Falls Rd","Louisville","KY","40243"
34804,"9901 Winged Foot Dr","Louisville","KY","40223"
34805,"7603 Wolfspring Ct","Louisville","KY","40241"
34806,"3514 Allison Way","Louisville","KY","40220"
34807,"4231 Gibraltar Dr","Louisville","KY","40299"
34808,"9803 Hillock Dr","Louisville","KY","40291"
34809,"4408 Sunset Ave","Louisville","KY","40211"
34810,"4219 Narcissus Dr","Louisville","KY","40219"
34811,"8203 Turnberry Dr","Louisville","KY","40291"
34812,"3818 Parthenia Ave","Louisville","KY","40215"
34813,"2509 Weicher Ave","Louisville","KY","40220"
34814,"4215 Jackson Ave","Louisville","KY","40213"
34815,"2822 Yorkshire Blvd","Louisville","KY","40220"
34816,"2835 Richland Ave","Louisville","KY","40220"
34817,"249 El Conquistador Pl","Louisville","KY","40220"
34818,"5424 Sunnybrook Dr","Louisville","KY","40214"
34819,"4506 Spring Bay Ct","Louisville","KY","40241"
34820,"3504 Colmar Dr","Louisville","KY","40211"
34821,"6 Welby Rd","Louisville","KY","40216"
34822,"618 Woodlake Dr","Louisville","KY","40245"
34823,"1814 Rockford Ln","Louisville","KY","40216"
34824,"11100 Finchley Rd","Louisville","KY","40243"
34825,"4008 Stony Brook Dr","Louisville","KY","40299"
34826,"6411 Triplett Dr","Louisville","KY","40258"
34827,"2211 W Kentucky St","Louisville","KY","40210"
34828,"4531 Meridale Ave","Louisville","KY","40214"
34829,"3742 Taylorsville Rd","Louisville","KY","40220"
34830,"9201 Felsmere Cir","Louisville","KY","40241"
34831,"6702 Barbrook Rd","Louisville","KY","40258"
34832,"5514 Random Way","Louisville","KY","40291"
34833,"2345 Hawthorne Ave","Louisville","KY","40205"
34834,"4802 Greymoor Ct","Louisville","KY","40229"
34835,"9408 Garden Dr","Louisville","KY","40299"
34836,"2911 Bowman Ave","Louisville","KY","40205"
34837,"3203 Cawein Way","Louisville","KY","40220"
34838,"6402 Farmgate Ct","Louisville","KY","40291"
34839,"14101 Palmerston Ct","Louisville","KY","40245"
34840,"2015 Redleaf Dr","Louisville","KY","40242"
34841,"2803 Saddle Horn Dr","Louisville","KY","40220"
34842,"9807 Normie Ln","Louisville","KY","40229"
34843,"202 Harrison Ave","Louisville","KY","40243"
34844,"1458 S 12th St","Louisville","KY","40210"
34845,"536 W Whitney Ave","Louisville","KY","40215"
34846,"405 Belgravia Ct","Louisville","KY","40208"
34847,"3023 Talisman Rd","Louisville","KY","40220"
34848,"7900 Celestial Way","Louisville","KY","40291"
34849,"1222 Barret Ave","Louisville","KY","40204"
34850,"141 Canyon Ct","Louisville","KY","40229"
34851,"6709 Triangle Dr","Louisville","KY","40214"
34852,"8402 Mckenna Way","Louisville","KY","40291"
34853,"4828 S 5th St","Louisville","KY","40214"
34854,"4000 Elmwood Ave","Louisville","KY","40207"
34855,"516 Nickleby Way","Louisville","KY","40245"
34856,"1717 Brentmoor Ln","Louisville","KY","40223"
34857,"6906 Greenlawn Rd","Louisville","KY","40222"
34858,"202 Marian Dr","Louisville","KY","40218"
34859,"2624 Colin Ave","Louisville","KY","40217"
34860,"2924 White Plains Rd","Louisville","KY","40218"
34861,"10002 Mccrea Ln","Louisville","KY","40229"
34862,"3707 Mamaroneck Rd","Louisville","KY","40218"
34863,"7908 Carnation Dr","Louisville","KY","40258"
34864,"924 Hess Ln","Louisville","KY","40217"
34865,"4113 Ciremos Ter","Louisville","KY","40241"
34866,"10601 Glenmary Farm Dr","Louisville","KY","40291"
34867,"5426 Revere Dr","Louisville","KY","40218"
34868,"318 S Bayly Ave","Louisville","KY","40206"
34869,"1905 The Meadow Rd","Louisville","KY","40223"
34870,"2811 Kosmar Ct","Louisville","KY","40242"
34871,"2422 Valley Vista Rd","Louisville","KY","40205"
34872,"3704 W Kentucky St","Louisville","KY","40211"
34873,"514 Kinglan Rd","Louisville","KY","40207"
34874,"3025 Carson Way","Louisville","KY","40205"
34875,"6806 Creston Dr","Louisville","KY","40258"
34876,"1902 Hazelwood Ct","Louisville","KY","40214"
34877,"649 Eastlawn Ave","Louisville","KY","40211"
34878,"487 Crestwood Ln","Louisville","KY","40229"
34879,"4203 Machupe Dr","Louisville","KY","40241"
34880,"3503 Bridgegate Ct","Louisville","KY","40272"
34881,"1807 Gregg Ave","Louisville","KY","40210"
34882,"10118 Normie Ln","Louisville","KY","40229"
34883,"3029 Kaye Lawn Dr","Louisville","KY","40220"
34884,"6515 Cooper Chapel Rd","Louisville","KY","40229"
34885,"9616 Blaze Way","Louisville","KY","40272"
34886,"4502 Mesa Ct","Louisville","KY","40229"
34887,"1408 Bluegrass Ave","Louisville","KY","40215"
34888,"202 Coral Ave","Louisville","KY","40206"
34889,"10808 Hollyview Ct","Louisville","KY","40299"
34890,"2814 Goose Creek Rd","Louisville","KY","40242"
34891,"5111 Rookwood Ave","Louisville","KY","40218"
34892,"7903 Sandalwood Ct","Louisville","KY","40219"
34893,"335 Stein Ct","Louisville","KY","40203"
34894,"505 Compton St","Louisville","KY","40208"
34895,"2803 Conestoga Ave","Louisville","KY","40210"
34896,"1261 S Floyd St","Louisville","KY","40203"
34897,"1911 Owen St","Louisville","KY","40203"
34898,"8713 Cottingham Way","Louisville","KY","40258"
34899,"11203 Garden Trace Dr","Louisville","KY","40229"
34900,"5615 Landcross Dr","Louisville","KY","40216"
34901,"2504 Bradford Dr","Louisville","KY","40218"
34902,"11205 Brookley Dr","Louisville","KY","40229"
34903,"6000 Lovers Ln","Louisville","KY","40291"
34904,"10105 Charleswood Rd","Louisville","KY","40229"
34905,"3608 Trail Creek Pl","Louisville","KY","40241"
34906,"3404 Brookhollow Dr","Louisville","KY","40220"
34907,"2917 Summerfield Dr","Louisville","KY","40220"
34908,"601 Harris Pl","Louisville","KY","40222"
34909,"8707 Honor Ave","Louisville","KY","40219"
34910,"6717 Longlake Dr","Louisville","KY","40291"
34911,"4401 Renaissance Dr","Louisville","KY","40299"
34912,"4001 Chenwood Ln","Louisville","KY","40299"
34913,"8911 Willowcreek Dr","Louisville","KY","40219"
34914,"1504 Cherokee Rd","Louisville","KY","40205"
34915,"10304 Long Barn Ct","Louisville","KY","40291"
34916,"22 Kenil Ct","Louisville","KY","40206"
34917,"3803 Drexel Ct","Louisville","KY","40241"
34918,"2907 Henrietta Ave","Louisville","KY","40220"
34919,"154 Hedgewood Ct","Louisville","KY","40229"
34920,"13411 Diane Rd","Louisville","KY","40272"
34921,"9207 Eupora Ct","Louisville","KY","40299"
34922,"2738 Montana Ave","Louisville","KY","40208"
34923,"2784 Maple Rd","Louisville","KY","40205"
34924,"2312 High Pine Dr","Louisville","KY","40214"
34925,"4605 Estate Dr","Louisville","KY","40216"
34926,"3003 Shoreham Ln","Louisville","KY","40216"
34927,"521 Zorn Ave","Apt B1","Louisville",
34928,"1956 Gardiner Ln","Louisville","KY","40205"
34929,"1118 Ridge Line Dr","Louisville","KY","40207"
34930,"4313 Martha Ave","Louisville","KY","40220"
34931,"4408 Lowe Rd","Louisville","KY","40220"
34932,"3315 Frontier Trl","Louisville","KY","40220"
34933,"3229 Richard Ave","Louisville","KY","40206"
34934,"1629 Arling Ave","Louisville","KY","40215"
34935,"107 Beckley Woods Dr","Louisville","KY","40245"
34936,"2418 Broadmeade Rd","Louisville","KY","40205"
34937,"8003 Bramble Ln","Louisville","KY","40258"
34938,"6302 Apex Dr","Louisville","KY","40219"
34939,"9303 Waltlee Rd","Louisville","KY","40291"
34940,"8205 Gloxinia Dr","Louisville","KY","40258"
34941,"8420 Newstead Ave","Louisville","KY","40219"
34942,"10106 Mcneely Lake Dr","Louisville","KY","40229"
34943,"10810 Golden Maple Pl","Louisville","KY","40223"
34944,"307 Hidden Oak Way","Louisville","KY","40222"
34945,"8302 Rockvine Ct","Louisville","KY","40299"
34946,"9920 Mary Dell Ln","Louisville","KY","40291"
34947,"5402 Apache Rd","Louisville","KY","40207"
34948,"424 Marret Ave","Louisville","KY","40208"
34949,"7504 Sam Ct","Louisville","KY","40214"
34950,"4202 Buxton Dr","Louisville","KY","40218"
34951,"2206 Renown Dr","Louisville","KY","40299"
34952,"931 Mulberry St","Louisville","KY","40217"
34953,"10604 Glenmary Farm Dr","Louisville","KY","40291"
34954,"2301 Village Dr","Louisville","KY","40205"
34955,"4520 Borney Cir","Louisville","KY","40299"
34956,"3603 Brownsboro Rd","Apt 2","Louisville",
34957,"4400 Renaissance Dr","Louisville","KY","40299"
34958,"4404 Renaissance Dr","Louisville","KY","40299"
34959,"6405 Pendleton Rd","Louisville","KY","40272"
34960,"3607 Marlin Dr","Louisville","KY","40299"
34961,"6200 Sheila Rd","Louisville","KY","40219"
34962,"2516 Grand Ave","Louisville","KY","40210"
34963,"155 Mills Dr","Louisville","KY","40216"
34964,"1637 Norris Pl","Louisville","KY","40205"
34965,"3524 Whippoorwill Rd","Louisville","KY","40213"
34966,"9212 Hudson Ln","Louisville","KY","40291"
34967,"9228 Omar Khayyam Blvd","Louisville","KY","40272"
34968,"7631 White Post Way","Louisville","KY","40220"
34969,"565 Prairie Dr","Louisville","KY","40229"
34970,"33 Narwood Dr","Louisville","KY","40299"
34971,"12303 Crosswinds Dr","Louisville","KY","40243"
34972,"501 Cambridge Station Rd","Louisville","KY","40223"
34973,"332 Glenview Rd","Louisville","KY","40229"
34974,"9421 Farmstead Ln","Louisville","KY","40291"
34975,"415 Cannons Ln","Louisville","KY","40206"
34976,"4505 Southridge Dr","Louisville","KY","40272"
34977,"1024 Westgate Pl","Louisville","KY","40207"
34978,"404 Turnstile Trce","Louisville","KY","40223"
34979,"2506 Paulcrest Ct","Louisville","KY","40242"
34980,"6850 Green Meadow Cir","Louisville","KY","40207"
34981,"5511 Hess Dr","Louisville","KY","40258"
34982,"1709 Limehouse Ct","Louisville","KY","40220"
34983,"1206 Mcbroom Ct","Louisville","KY","40214"
34984,"4014 S 1st St","Louisville","KY","40214"
34985,"3112 Lakeview Dr","Louisville","KY","40205"
34986,"3105 Nova Vw","Louisville","KY","40216"
34987,"647 S 37th St","Louisville","KY","40211"
34988,"2806 Narragansett Dr","Louisville","KY","40210"
34989,"908 Dresden Ave","Louisville","KY","40215"
34990,"721 Algonquin Pkwy","Louisville","KY","40208"
34991,"3523 Gladden Dr","Louisville","KY","40218"
34992,"2414 Manchester Rd","Louisville","KY","40205"
34993,"10912 Falkirk Rd","Louisville","KY","40243"
34994,"5216 Witten Dr","Louisville","KY","40258"
34995,"12002 Lavenia Ln","Louisville","KY","40272"
34996,"4303 Green Pine Ct","Louisville","KY","40220"
34997,"1901 Dillon Dr","Louisville","KY","40205"
34998,"6407 Overton Rd","Louisville","KY","40228"
34999,"2219 Strathmoor Blvd","Louisville","KY","40205"
35000,"703 Lake Sterling Rd","Louisville","KY","40223"
35001,"185 Cactus Ct","Louisville","KY","40229"
35002,"2815 Yorkshire Blvd","Louisville","KY","40220"
35003,"4707 Unseld Blvd","Louisville","KY","40218"
35004,"3402 Charlane Pkwy","Louisville","KY","40299"
35005,"212 N 35th St","Louisville","KY","40212"
35006,"5800 Hasbrook Dr","Louisville","KY","40229"
35007,"7603 Yorktown Rd","Louisville","KY","40214"
35008,"5419 Sunnybrook Dr","Louisville","KY","40214"
35009,"7506 Smyrna Rd","Louisville","KY","40228"
35010,"7023 Chippenham Rd","Louisville","KY","40222"
35011,"2856 Nepperhan Rd","Louisville","KY","40218"
35012,"4404 Dover Rd","Louisville","KY","40216"
35013,"3112 Dogwood Dr","Louisville","KY","40220"
35014,"1732 Kensington Place Ln","Louisville","KY","40205"
35015,"1717 Wilson Ave","Louisville","KY","40210"
35016,"3662 Lentz Ave","Louisville","KY","40215"
35017,"10303 Timberwood Cir","Louisville","KY","40223"
35018,"4314 Brownhurst Way","Louisville","KY","40241"
35019,"2002 S Preston St","Louisville","KY","40217"
35020,"510 Dublin Cir","Louisville","KY","40229"
35021,"8000 Barbour Manor Dr","Louisville","KY","40241"
35022,"1842 Farnsley Rd","Louisville","KY","40216"
35023,"4001 Stoneview Dr","Apt 2","Louisville",
35024,"620 Louis Coleman Jr Dr","Louisville","KY","40211"
35025,"1217 Dahl Rd","Louisville","KY","40213"
35026,"8420 Denise Dr","Louisville","KY","40219"
35027,"2251 Beargrass Ave","Louisville","KY","40218"
35028,"11615 Kings Ln","Louisville","KY","40243"
35029,"2121 Magazine St","Louisville","KY","40211"
35030,"5604 Axbridge Rd","Louisville","KY","40216"
35031,"130 Briarwood Ln","Louisville","KY","40229"
35032,"152 Weisser Ave","Louisville","KY","40206"
35033,"8111 Johnson School Rd","Louisville","KY","40291"
35034,"5312 Robbs Ln","Louisville","KY","40219"
35035,"404 Club Ln","Louisville","KY","40207"
35036,"7504 Glen Arbor Rd","Louisville","KY","40222"
35037,"703 Greenridge Ln","Louisville","KY","40207"
35038,"9909 Gandy Rd","Louisville","KY","40272"
35039,"2101 Shadow Fern Dr","Louisville","KY","40216"
35040,"7407 Rambo Way","Louisville","KY","40228"
35041,"1506 N English Station Rd","Louisville","KY","40223"
35042,"4310 Dana Dr","Louisville","KY","40216"
35043,"13 Kenil Ct","Louisville","KY","40206"
35044,"1300 Payne St","Louisville","KY","40204"
35045,"9505 Farmstead Ln","Louisville","KY","40291"
35046,"5410 Antle Dr","Louisville","KY","40229"
35047,"9111 Annlou Dr","Louisville","KY","40272"
35048,"1607 Parkridge Pkwy","Louisville","KY","40214"
35049,"435 Bauer Ave","Louisville","KY","40207"
35050,"2509 W Burnett Ave","Louisville","KY","40210"
35051,"4322 River Park Dr","Louisville","KY","40211"
35052,"5210 Twinkle Dr","Louisville","KY","40258"
35053,"8200 Tillman Rd","Louisville","KY","40222"
35054,"4339 Lynnview Dr","Louisville","KY","40216"
35055,"8602 Timberline Dr","Louisville","KY","40291"
35056,"11104 Brookstone Ct","Louisville","KY","40223"
35057,"14700 Forest Oaks Dr","Louisville","KY","40245"
35058,"413 Montana Ave","Louisville","KY","40208"
35059,"5208 Sprucewood Dr","Louisville","KY","40291"
35060,"2308 Briargate Ave","Louisville","KY","40216"
35061,"7316 Shepherdsville Rd","Louisville","KY","40219"
35062,"4606 Hillside Dr","Louisville","KY","40216"
35063,"5120 Poplar Level Rd","Louisville","KY","40219"
35064,"3307 Colonial Manor Cir","Unit 3A","Louisville",
35065,"2511 Ralph Ave","Louisville","KY","40216"
35066,"1901 Nelson Ave","Louisville","KY","40216"
35067,"4117 Quiet Way","Louisville","KY","40219"
35068,"10102 Horseshoe Trce","Louisville","KY","40223"
35069,"3512 Forest Brook Dr","Louisville","KY","40207"
35070,"1706 Kensington Place Ln","Louisville","KY","40205"
35071,"425 N 34th St","Louisville","KY","40212"
35072,"1685 Harold Ave","Louisville","KY","40210"
35073,"3223 Turnover Ct","Louisville","KY","40216"
35074,"10515 Sunlight Ln","Louisville","KY","40272"
35075,"4406 Rivanna Dr","Louisville","KY","40299"
35076,"2020 Buechel Bank Rd","Louisville","KY","40218"
35077,"2323 W Ormsby Ave","Louisville","KY","40210"
35078,"11504 Carriage Rest Ct","Louisville","KY","40243"
35079,"5203 Idlewood Ln","Louisville","KY","40291"
35080,"9101 Loch Lea Ln","Louisville","KY","40291"
35081,"3502 Allison Way","Louisville","KY","40220"
35082,"626 Cecil Ave","Louisville","KY","40211"
35083,"1970 Douglass Blvd","Louisville","KY","40205"
35084,"1382 Waxwing Pl","Louisville","KY","40223"
35085,"1542 S 31st St","Louisville","KY","40211"
35086,"1727 Larkmoor Ln","Louisville","KY","40218"
35087,"473 Saguaro Dr","Louisville","KY","40229"
35088,"5710 Hasbrook Dr","Louisville","KY","40229"
35089,"5118 Lammers Ln","Louisville","KY","40219"
35090,"3915 Hillsboro Rd","Louisville","KY","40207"
35091,"9806 Colonnades Pl","Louisville","KY","40299"
35092,"10517 Sunlight Ln","Louisville","KY","40272"
35093,"548 S Steedland Dr","Louisville","KY","40229"
35094,"2825 Breckenridge Ln","Louisville","KY","40220"
35095,"2208 W Oak St","Louisville","KY","40210"
35096,"7602 White Post Way","Louisville","KY","40220"
35097,"315 Tyne Rd","Louisville","KY","40207"
35098,"179 Coral Ave","Louisville","KY","40206"
35099,"3732 Marvin Ave","Louisville","KY","40218"
35100,"1935 Gardiner Ln","Apt J148","Louisville",
35101,"7606 Parkridge Trce","Louisville","KY","40214"
35102,"8002 Cavewood Ct","Louisville","KY","40291"
35103,"2911 Seneca Park Rd","Louisville","KY","40205"
35104,"14401 Lake Forest Dr","Louisville","KY","40245"
35105,"1865 Farnsley Rd","Louisville","KY","40216"
35106,"7606 Brewer Dr","Louisville","KY","40258"
35107,"7004 Fontendleau Way","Louisville","KY","40291"
35108,"1208 Mcbroom Ct","Louisville","KY","40214"
35109,"2014 Garland Ave","Louisville","KY","40210"
35110,"1716 Dumesnil St","Louisville","KY","40210"
35111,"913 Goss Ave","Louisville","KY","40217"
35112,"916 Exmoor Ave","Louisville","KY","40223"
35113,"3223 Trail Ridge Rd","Louisville","KY","40241"
35114,"2541 Ellsworth Ave","Louisville","KY","40217"
35115,"11607 Deering Rd","Louisville","KY","40272"
35116,"4400 Spring Bay Ct","Louisville","KY","40241"
35117,"3822 Downing Way","Louisville","KY","40218"
35118,"3015 Bushmill Park","Louisville","KY","40241"
35119,"401 Mccready Ave","Louisville","KY","40206"
35120,"139 N Steedland Dr","Louisville","KY","40229"
35121,"2027 Lakeside Dr","Louisville","KY","40205"
35122,"3910 Hurstbourne Woods Dr","Louisville","KY","40299"
35123,"2903 Graystone Manor Pkwy","Louisville","KY","40241"
35124,"2012 Nelson Ave","Louisville","KY","40216"
35125,"3906 Willowview Blvd","Louisville","KY","40299"
35126,"3119 Chickadee Rd","Louisville","KY","40213"
35127,"9702 Hudson Ln","Louisville","KY","40291"
35128,"5500 Tealeaf Ct","Louisville","KY","40291"
35129,"336 W Southside Ct","Louisville","KY","40214"
35130,"1829 W Gaulbert Ave","Louisville","KY","40210"
35131,"4012 Pixley Way","Louisville","KY","40219"
35132,"10916 Chenwood Ct","Louisville","KY","40299"
35133,"1022 Chesley Dr","Louisville","KY","40219"
35134,"3615 Nellie Bly Dr","Louisville","KY","40213"
35135,"972 Dublin Cir","Louisville","KY","40229"
35136,"3808 Glen Oak Dr","Louisville","KY","40218"
35137,"5608 Braulio Ct","Louisville","KY","40291"
35138,"2025 Lowell Ave","Louisville","KY","40205"
35139,"11810 Robindale Ct","Louisville","KY","40243"
35140,"4904 Manslick Rd","Louisville","KY","40216"
35141,"3602 Trail Creek Pl","Louisville","KY","40241"
35142,"9111 Fairridge Dr","Louisville","KY","40229"
35143,"104 Mackie Ln","Louisville","KY","40214"
35144,"1965 Norris Pl","Louisville","KY","40205"
35145,"1277 Bassett Ave","Louisville","KY","40204"
35146,"10303 Colonel Hancock Dr","Louisville","KY","40291"
35147,"4402 Lees Ln","Louisville","KY","40216"
35148,"3408 Del Park Ter","Louisville","KY","40211"
35149,"209 W Evelyn Ave","Louisville","KY","40214"
35150,"11203 Beech Rd","Louisville","KY","40223"
35151,"7714 Annalisa Dr","Louisville","KY","40291"
35152,"4825 Cane Run Rd","Louisville","KY","40216"
35153,"1505 Cadet Ct","Louisville","KY","40222"
35154,"3721 Bardstown Rd","Apt 207","Louisville",
35155,"12905 Urton Ln","Louisville","KY","40243"
35156,"4417 Shenandoah Dr","Louisville","KY","40241"
35157,"5651 New Cut Rd","Louisville","KY","40214"
35158,"4301 W Muhammad Ali Blvd","Louisville","KY","40212"
35159,"516 W Ormsby Ave","Louisville","KY","40203"
35160,"3613 Hunsinger Ln","Louisville","KY","40220"
35161,"8027 Cloudcroft Ln","Louisville","KY","40220"
35162,"3606 Penway Ave","Louisville","KY","40211"
35163,"1232 Goss Ave","Louisville","KY","40217"
35164,"1935 Gardiner Ln","Apt B24","Louisville",
35165,"632 Edith Rd","Louisville","KY","40206"
35166,"216 S Arbor Park","Louisville","KY","40214"
35167,"608 Malcolm Ave","Louisville","KY","40223"
35168,"4408 Creekcrossing Dr","Louisville","KY","40241"
35169,"623 E Ormsby Ave","Louisville","KY","40203"
35170,"6208 Hanses Dr","Louisville","KY","40219"
35171,"5612 Redondo Cir","Louisville","KY","40218"
35172,"4303 Saint Rene Ct","Louisville","KY","40299"
35173,"8706 Tranquil Valley Ln","Louisville","KY","40299"
35174,"11104 Stalwert Pl","Louisville","KY","40272"
35175,"10606 Findon Ct","Louisville","KY","40243"
35176,"4503 Portico Ct","Louisville","KY","40299"
35177,"8800 Timberline Dr","Louisville","KY","40291"
35178,"7208 Gerber Ave","Louisville","KY","40214"
35179,"644 S 35th St","Louisville","KY","40211"
35180,"1009 Walter Ave","Louisville","KY","40215"
35181,"5607 Nally Ct","Louisville","KY","40216"
35182,"1318 E Washington St","Louisville","KY","40206"
35183,"1877 Ivanhoe Ct","Louisville","KY","40205"
35184,"1736 Fernwood Ave","Louisville","KY","40205"
35185,"2212 Wrocklage Ave","Louisville","KY","40205"
35186,"3743 Glenmeade Rd","Louisville","KY","40218"
35187,"11022 Eagles Cove Dr","Louisville","KY","40241"
35188,"507 Wilderness Rd","Louisville","KY","40214"
35189,"2381 Clarendon Ave","Louisville","KY","40205"
35190,"4622 Springfield Ct","Louisville","KY","40229"
35191,"1040 Franelm Rd","Louisville","KY","40214"
35192,"8505 Silver Fox Rd","Louisville","KY","40291"
35193,"4011 S 5th St","Louisville","KY","40214"
35194,"275 El Conquistador Pl","Louisville","KY","40220"
35195,"9319 Cloverwood Ln","Louisville","KY","40291"
35196,"3213 New Lynnview Dr","Louisville","KY","40216"
35197,"1300 Lexington Rd","Louisville","KY","40204"
35198,"4406 Green Pine Dr","Louisville","KY","40220"
35199,"1817 Osage Ave","Louisville","KY","40210"
35200,"8915 Cromwell Hill Rd","Louisville","KY","40222"
35201,"1233 Bourbon Ave","Louisville","KY","40213"
35202,"1132 Markwell Ln","Louisville","KY","40219"
35203,"539 N 44th St","Louisville","KY","40212"
35204,"6511 Johnsontown Rd","Louisville","KY","40272"
35205,"3010 Parkstone Ct","Louisville","KY","40241"
35206,"3322 Fern Lea Rd","Louisville","KY","40216"
35207,"4007 Weigela Dr","Louisville","KY","40219"
35208,"6109 Trappers Ridge Cir","Louisville","KY","40216"
35209,"505 Winyan Ln","Louisville","KY","40223"
35210,"1274 Howard St","Louisville","KY","40213"
35211,"2314 Branning Rd","Louisville","KY","40222"
35212,"2306 Emerson Ave","Louisville","KY","40205"
35213,"1302 Pollitt Ct","Louisville","KY","40223"
35214,"9707 Anita Blvd","Louisville","KY","40272"
35215,"5611 Mount Washington Rd","Louisville","KY","40229"
35216,"1544 W Saint Catherine St","Louisville","KY","40210"
35217,"223 Sycamore Dr","Louisville","KY","40223"
35218,"122 N 19th St","Louisville","KY","40203"
35219,"1278 Howard St","Louisville","KY","40213"
35220,"5918 Trappers Ridge Cir","Louisville","KY","40216"
35221,"113 Old Towne Rd","Louisville","KY","40214"
35222,"7605 Aluma Ln","Louisville","KY","40214"
35223,"6800 Wind Ridge Ct","Louisville","KY","40241"
35224,"11501 Bardstown Falls Rd","Louisville","KY","40291"
35225,"2311 Stannye Dr","Louisville","KY","40222"
35226,"3900 Hurstbourne Woods Dr","Louisville","KY","40299"
35227,"5118 Stewart Dr","Louisville","KY","40216"
35228,"6400 Pendleton Rd","Louisville","KY","40272"
35229,"1108 Springside Ct","Louisville","KY","40223"
35230,"2436 Clarendon Ave","Louisville","KY","40205"
35231,"5607 Ree Dr","Louisville","KY","40216"
35232,"1121 S 6th St","Louisville","KY","40203"
35233,"2412 Manchester Rd","Louisville","KY","40205"
35234,"8219 Glimmer Way","Louisville","KY","40214"
35235,"1359 S 2nd St","Louisville","KY","40208"
35236,"7100 Cape Cod Ct","Louisville","KY","40214"
35237,"5306 Vista John Dr","Louisville","KY","40214"
35238,"1807 Crossgate Ln","Louisville","KY","40222"
35239,"2628 Gardiner Ln","Louisville","KY","40205"
35240,"2608 Blevins Gap Rd","Louisville","KY","40272"
35241,"3005 Blue Wing Ct","Louisville","KY","40216"
35242,"1503 Cadet Ct","Louisville","KY","40222"
35243,"2240 Bradford Dr","Louisville","KY","40218"
35244,"3405 Blanton Ln","Louisville","KY","40214"
35245,"417 Lawton Ct","Louisville","KY","40217"
35246,"3309 Audubon Ridge Dr","Louisville","KY","40213"
35247,"1122 Barret Ave","Louisville","KY","40204"
35248,"4605 Rose Farm Dr","Louisville","KY","40258"
35249,"5808 Robinhood Ln","Louisville","KY","40219"
35250,"413 Old Towne Rd","Louisville","KY","40214"
35251,"3106 Lynnwood Way","Louisville","KY","40299"
35252,"5354 Westhall Ave","Louisville","KY","40214"
35253,"4607 Summitt Dr","Louisville","KY","40229"
35254,"3409 Burrell Dr","Louisville","KY","40216"
35255,"8009 Briarcliff Rd","Louisville","KY","40219"
35256,"5516 Halstead Ave","Louisville","KY","40213"
35257,"4721 S 3rd St","Louisville","KY","40214"
35258,"6904 Glendale Rd","Louisville","KY","40291"
35259,"147 William St","Louisville","KY","40206"
35260,"2733 Chase Ct","Louisville","KY","40211"
35261,"6303 Cedarpost Ct","Louisville","KY","40291"
35262,"3445 Illinois Ave","Louisville","KY","40213"
35263,"6516 Bilsim Ln","Louisville","KY","40291"
35264,"3603 Trail Ridge Rd","Louisville","KY","40241"
35265,"5224 Mount Holyoke Dr","Louisville","KY","40216"
35266,"4817 Greymoor Ct","Louisville","KY","40229"
35267,"12209 Ridgemont Rd","Louisville","KY","40229"
35268,"215 N Longworth Ave","Louisville","KY","40212"
35269,"223 N Longworth Ave","Louisville","KY","40212"
35270,"3750 Powell Ave","Louisville","KY","40215"
35271,"5213 E Indian Trl","Louisville","KY","40218"
35272,"2119 Dogoon Dr","Louisville","KY","40223"
35273,"2403 Chattesworth Ln","Louisville","KY","40242"
35274,"3400 Bridwell Dr","Louisville","KY","40216"
35275,"3610 Gateview Cir","Louisville","KY","40272"
35276,"1843 W Hill St","Louisville","KY","40210"
35277,"1006 Walter Ave","Louisville","KY","40215"
35278,"206 Pleasantview Ave","Louisville","KY","40206"
35279,"5504 Pavilion Way","Louisville","KY","40291"
35280,"1211 Bicknell Ave","Louisville","KY","40215"
35281,"604 Glen Ct","Louisville","KY","40207"
35282,"3319 Audubon Ridge Dr","Louisville","KY","40213"
35283,"7103 Cape Cod Ct","Louisville","KY","40214"
35284,"3813 Modesto Rd","Louisville","KY","40299"
35285,"8703 Four Oaks Ct","Louisville","KY","40299"
35286,"1437 Homeview Dr","Louisville","KY","40215"
35287,"663 S 40th St","Louisville","KY","40211"
35288,"2302 Wetstein Ave","Louisville","KY","40205"
35289,"2217 Weber Ave","Louisville","KY","40205"
35290,"6100 Corinth Way","Louisville","KY","40219"
35291,"3206 Thrush Rd","Louisville","KY","40213"
35292,"3605 Tarragon Rd","Louisville","KY","40219"
35293,"9623 Britannia Ct","Louisville","KY","40272"
35294,"1715 Parkridge Pkwy","Louisville","KY","40214"
35295,"3909 Massie Ave","Louisville","KY","40207"
35296,"10208 Bayport Rd","Louisville","KY","40299"
35297,"102 E Tenny Ave","Louisville","KY","40214"
35298,"309 Bramton Rd","Louisville","KY","40207"
35299,"3248 Radiance Rd","Louisville","KY","40220"
35300,"4013 Tally Ho Ct","Louisville","KY","40299"
35301,"1900 Floradora Dr","Louisville","KY","40272"
35302,"8011 Briarcliff Rd","Louisville","KY","40219"
35303,"306 Tyne Rd","Louisville","KY","40207"
35304,"8808 Denise Dr","Louisville","KY","40219"
35305,"3312 Audubon Ridge Dr","Louisville","KY","40213"
35306,"4111 Eden Ln","Louisville","KY","40216"
35307,"1826 Payne St","Louisville","KY","40206"
35308,"10724 Tattenham Ln","Louisville","KY","40243"
35309,"7802 Wolfcreek Ct","Louisville","KY","40241"
35310,"2114 Mammoth Way","Louisville","KY","40299"
35311,"8106 Cloudcroft Ln","Louisville","KY","40220"
35312,"429 Logsdon Ct","Louisville","KY","40243"
35313,"926 Ardmore Dr","Louisville","KY","40217"
35314,"2808 Garfield Ave","Louisville","KY","40212"
35315,"1421 Valley Dr","Louisville","KY","40213"
35316,"6708 Moorhaven Dr","Louisville","KY","40228"
35317,"1829 Eastern Pkwy","Louisville","KY","40204"
35318,"2308 Woodford Pl","Louisville","KY","40205"
35319,"3128 Redbud Ln","Louisville","KY","40220"
35320,"4103 Moray Ct","Louisville","KY","40216"
35321,"2704 Goldsmith Ln","Louisville","KY","40220"
35322,"4010 Altawood Ct","Louisville","KY","40245"
35323,"9600 Farmstead Ln","Louisville","KY","40291"
35324,"8219 Brookhollow Ct","Louisville","KY","40220"
35325,"544 Forum Ave","Louisville","KY","40214"
35326,"10908 Shetland Pl","Louisville","KY","40243"
35327,"8302 Chel Ct","Louisville","KY","40219"
35328,"1808 Allanwood Rd","Louisville","KY","40214"
35329,"1136 Lehigh Ave","Louisville","KY","40215"
35330,"1239 Keswick Blvd","Louisville","KY","40217"
35331,"3919 Tuesday Way","Louisville","KY","40219"
35332,"1607 Anderson St","Louisville","KY","40210"
35333,"533 Forum Ave","Louisville","KY","40214"
35334,"2546 Ridgewood Ave","Louisville","KY","40217"
35335,"10209 Parkstone Dr","Louisville","KY","40241"
35336,"4916 Axtell Ave","Louisville","KY","40258"
35337,"5121 Braidwood Dr","Louisville","KY","40219"
35338,"1721 Odaniel Ave","Louisville","KY","40213"
35339,"5506 Revere Dr","Louisville","KY","40218"
35340,"2523 Martin Ave","Louisville","KY","40216"
35341,"10621 Bayport Rd","Louisville","KY","40299"
35342,"1911 The Meadow Rd","Louisville","KY","40223"
35343,"5907 Mount Everest Dr","Louisville","KY","40216"
35344,"4648 Shenandoah Dr","Louisville","KY","40241"
35345,"505 Foxgate Rd","Louisville","KY","40223"
35346,"11470 Tumbleweed Rd","Louisville","KY","40229"
35347,"702 Farmingham Rd","Louisville","KY","40243"
35348,"5 Sterling Rd","Louisville","KY","40220"
35349,"3803 Colonial Dr","Louisville","KY","40207"
35350,"5306 Pyrus Ln","Louisville","KY","40258"
35351,"2127 Peabody Ln","Louisville","KY","40218"
35352,"8125 Cloudcroft Ln","Louisville","KY","40220"
35353,"4535 S 6th St","Louisville","KY","40214"
35354,"2109 Johnson Rd","Louisville","KY","40245"
35355,"4609 Picadilly Ave","Louisville","KY","40215"
35356,"6004 Hurstview Rd","Louisville","KY","40291"
35357,"8203 Torrey Pines Ct","Louisville","KY","40291"
35358,"644 S 2nd St","Apt 5","Louisville",
35359,"5100 Cynthia Dr","Louisville","KY","40291"
35360,"530 Dover Rd","Louisville","KY","40206"
35361,"462 N 38th St","Louisville","KY","40212"
35362,"7009 Bedford Ln","Louisville","KY","40222"
35363,"7702 Mary Sue Dr","Louisville","KY","40291"
35364,"114 Forest Ct","Louisville","KY","40206"
35365,"13502 Diane Rd","Louisville","KY","40272"
35366,"257 Derby Ave","Louisville","KY","40218"
35367,"8803 Tranquil Valley Ln","Louisville","KY","40299"
35368,"5744 New Cut Rd","Louisville","KY","40214"
35369,"8519 Burlingame Rd","Louisville","KY","40219"
35370,"161 Symmetric St","Louisville","KY","40229"
35371,"11400 Kendrick Dr","Louisville","KY","40241"
35372,"7800 E Manslick Rd","Louisville","KY","40228"
35373,"1148 S 42nd St","Louisville","KY","40211"
35374,"4512 Cornice Ct","Louisville","KY","40299"
35375,"2917 Delor Ave","Louisville","KY","40217"
35376,"815 S 45th St","Louisville","KY","40211"
35377,"6310 Billtown Rd","Louisville","KY","40299"
35378,"1935 Gardiner Ln","Apt C43","Louisville",
35379,"8 Hallsdale Dr","Louisville","KY","40220"
35380,"210 El Conquistador Pl","Louisville","KY","40220"
35381,"4421 Parker Ave","Louisville","KY","40212"
35382,"7319 Shepherdsville Rd","Louisville","KY","40219"
35383,"5508 Dea Dea Dr","Louisville","KY","40291"
35384,"4317 Gaudet Rd","Louisville","KY","40299"
35385,"309 S Beckley Station Rd","Louisville","KY","40245"
35386,"5521 Maco Ln","Louisville","KY","40219"
35387,"8107 Sycamore Creek Dr","Louisville","KY","40222"
35388,"9235 Chenault Rd","Louisville","KY","40272"
35389,"173 E Blue Jay Rd","Louisville","KY","40229"
35390,"7106 Rolling Creek Blvd","Louisville","KY","40228"
35391,"8817 Running Fox Cir","Louisville","KY","40291"
35392,"2605 Algonquin Pkwy","Louisville","KY","40210"
35393,"1307 Stonewall Way","Louisville","KY","40242"
35394,"423 University Ave","Louisville","KY","40206"
35395,"10402 Tollhouse Ct","Louisville","KY","40241"
35396,"2213 Stephan Ln","Louisville","KY","40214"
35397,"1223 Tile Factory Ln","Louisville","KY","40213"
35398,"3609 Ripple Creek Dr","Louisville","KY","40229"
35399,"1871 Douglass Blvd","Louisville","KY","40205"
35400,"5419 Logwood Ave","Louisville","KY","40272"
35401,"9531 Farmstead Ln","Louisville","KY","40291"
35402,"6906 Sandstone Blvd","Louisville","KY","40219"
35403,"5300 Chasewood Pl","Louisville","KY","40229"
35404,"2817 Narragansett Dr","Louisville","KY","40210"
35405,"3919 Hurstbourne Woods Dr","Louisville","KY","40299"
35406,"410 Fairlawn Rd","Louisville","KY","40207"
35407,"1831 Deer Park Ave","Louisville","KY","40205"
35408,"7275 Lucille Ave","Louisville","KY","40258"
35409,"1428 Taylor Ave","Louisville","KY","40213"
35410,"8601 Denise Dr","Louisville","KY","40219"
35411,"4613 Fox Run Rd","Louisville","KY","40207"
35412,"1957 Gardiner Ln","Louisville","KY","40205"
35413,"509 Selkirk Ln","Louisville","KY","40243"
35414,"4016 Pinecroft Dr","Louisville","KY","40219"
35415,"8206 Rochelle Rd","Louisville","KY","40228"
35416,"7408 Jonathan Way","Louisville","KY","40228"
35417,"4802 Swallow Rd","Louisville","KY","40213"
35418,"11306 Willow Stone Ct","Louisville","KY","40223"
35419,"5604 Wooded Lake Dr","Louisville","KY","40299"
35420,"13009 Ashlawn Dr","Louisville","KY","40272"
35421,"413 Gwendolyn St","Louisville","KY","40203"
35422,"5414 Pawnee Trl","Louisville","KY","40207"
35423,"6703 Tottenham Rd","Louisville","KY","40207"
35424,"5814 Bardstown Rd","Louisville","KY","40291"
35425,"11211 Rannoch Ln","Louisville","KY","40243"
35426,"5900 Bardstown Rd","Louisville","KY","40291"
35427,"2039 Douglass Blvd","Apt 8","Louisville",
35428,"825 Cecil Ave","Louisville","KY","40211"
35429,"500 Meadowbrook Ct","Louisville","KY","40214"
35430,"410 Mockingbird Valley Rd","Apt 3","Louisville",
35431,"5510 Lois Ave","Louisville","KY","40219"
35432,"2217 Payne St","Louisville","KY","40206"
35433,"1935 Gardiner Ln","Apt E67","Louisville",
35434,"8300 Sunny Ridge Ct","Louisville","KY","40299"
35435,"10308 Ledbury Way","Louisville","KY","40223"
35436,"212 Hillside Ln","Louisville","KY","40229"
35437,"9205 S Pirogue Ct","Louisville","KY","40299"
35438,"1213 Milton St","Louisville","KY","40217"
35439,"6609 Rebecca Ln","Louisville","KY","40258"
35440,"7607 New La Grange Rd","Louisville","KY","40222"
35441,"2909 Six Mile Ln","Louisville","KY","40220"
35442,"7514 Appletree Way","Louisville","KY","40228"
35443,"1104 Tallow Ln","Louisville","KY","40214"
35444,"2510 Tennyson Ave","Louisville","KY","40205"
35445,"593 E Blue Jay Rd","Louisville","KY","40229"
35446,"244 Carey Ave","Louisville","KY","40218"
35447,"4300 Starlite Ln","Louisville","KY","40291"
35448,"847 Parkway Dr","Louisville","KY","40217"
35449,"9122 Gayle Dr","Louisville","KY","40272"
35450,"1714 Wickham Way","Louisville","KY","40223"
35451,"326 N Bonner Ave","Louisville","KY","40207"
35452,"5403 Count Fleet Dr","Louisville","KY","40272"
35453,"8602 Cool Brook Ct","Louisville","KY","40291"
35454,"9209 Fern Creek Rd","Louisville","KY","40291"
35455,"2514 Foxy Poise Rd","Louisville","KY","40220"
35456,"2302 Mammoth Way","Louisville","KY","40299"
35457,"6004 Highgrade Dr","Louisville","KY","40291"
35458,"9602 Hudson Ln","Louisville","KY","40291"
35459,"1312 Blue Vale Way","Louisville","KY","40222"
35460,"1228 Manitau Ave","Louisville","KY","40215"
35461,"6000 Trappers Ridge Cir","Louisville","KY","40216"
35462,"446 University Ave","Louisville","KY","40206"
35463,"4113 Cheviot Dr","Louisville","KY","40216"
35464,"4401 Oboe Dr","Louisville","KY","40216"
35465,"4502 Rivanna Dr","Louisville","KY","40299"
35466,"3413 Bells Ln","Louisville","KY","40211"
35467,"1420 Larchmont Ave","Louisville","KY","40215"
35468,"837 W Whitney Ave","Louisville","KY","40215"
35469,"2637 Rowan St","Louisville","KY","40212"
35470,"10516 Going Ct","Louisville","KY","40241"
35471,"7306 Ticonderoga Dr","Louisville","KY","40214"
35472,"4213 Holly Tree Dr","Louisville","KY","40241"
35473,"4002 Portia Ct","Louisville","KY","40220"
35474,"9500 Corinthian Dr","Louisville","KY","40299"
35475,"4010 Mamaroneck Rd","Louisville","KY","40218"
35476,"8306 Arnoldtown Rd","Louisville","KY","40214"
35477,"7100 Venetian Way","Louisville","KY","40214"
35478,"308 Bent Tree Ct","Louisville","KY","40223"
35479,"11206 Brookwynd Dr","Louisville","KY","40229"
35480,"9203 Fairridge Dr","Louisville","KY","40229"
35481,"6610 Barbrook Rd","Louisville","KY","40258"
35482,"1804 Nelson Ave","Louisville","KY","40216"
35483,"9022 Maple Rd","Louisville","KY","40229"
35484,"3326 Robin Rd","Louisville","KY","40213"
35485,"6001 Ridge Creek Ct","Louisville","KY","40291"
35486,"1530 Glenrock Rd","Louisville","KY","40216"
35487,"3519 Hillsboro Rd","Louisville","KY","40207"
35488,"3106 Marlin Rd","Louisville","KY","40220"
35489,"4887 Charlotte Dr","Louisville","KY","40219"
35490,"2214 Alexander Ave","Louisville","KY","40217"
35491,"128 N 18th St","Louisville","KY","40203"
35492,"7409 Shepherdsville Rd","Louisville","KY","40219"
35493,"1937 Alfresco Pl","Louisville","KY","40205"
35494,"5820 Whispering Hills Blvd","Louisville","KY","40219"
35495,"3201 Northwestern Pkwy","Louisville","KY","40212"
35496,"3752 Boone St","Louisville","KY","40213"
35497,"801 Starlite Dr","Louisville","KY","40207"
35498,"1815 Bainbridge Row Dr","Louisville","KY","40207"
35499,"10709 Hickory Cove Ct","Louisville","KY","40241"
35500,"947 Keswick Blvd","Louisville","KY","40217"
35501,"8913 Linn Station Rd","Louisville","KY","40222"
35502,"6105 Lynnchester Dr","Louisville","KY","40219"
35503,"8363 Walker Rd","Louisville","KY","40258"
35504,"8308 Old Boundary Rd","Louisville","KY","40291"
35505,"6405 Seaton Ln","Louisville","KY","40291"
35506,"6811 Shareith Dr","Louisville","KY","40228"
35507,"1248 Lydia St","Louisville","KY","40217"
35508,"5927 Trappers Ridge Cir","Louisville","KY","40216"
35509,"2107 Mammoth Way","Louisville","KY","40299"
35510,"5200 Gathwright Dr","Louisville","KY","40218"
35511,"2012 Cedarcrest Dr","Louisville","KY","40242"
35512,"207 N 32nd St","Louisville","KY","40212"
35513,"11302 Corston Ct","Louisville","KY","40241"
35514,"16804 Ash Glen Rd","Louisville","KY","40245"
35515,"5401 Random Way","Louisville","KY","40291"
35516,"822 S 37th St","Louisville","KY","40211"
35517,"4215 Virginia Ave","Louisville","KY","40211"
35518,"18 Nichols Dr","Louisville","KY","40215"
35519,"510 Rubel Ave","Louisville","KY","40204"
35520,"1117 Garden Creek Cir","Louisville","KY","40223"
35521,"2309 High Pine Dr","Louisville","KY","40214"
35522,"8307 Sunny Ridge Ct","Louisville","KY","40299"
35523,"9401 Earlham Dr","Louisville","KY","40223"
35524,"12350 Springmeadow Dr","Louisville","KY","40229"
35525,"725 Middle Way","Louisville","KY","40206"
35526,"2120 Grinstead Dr","Louisville","KY","40204"
35527,"10912 Pineview Ct","Louisville","KY","40299"
35528,"325 Cannons Ln","Louisville","KY","40206"
35529,"9902 Colonnades Pl","Louisville","KY","40299"
35530,"2308 Newmarket Dr","Louisville","KY","40222"
35531,"4710 Tivis Ct","Louisville","KY","40218"
35532,"3018 Nadina Dr","Louisville","KY","40220"
35533,"3600 Powell Ave","Louisville","KY","40215"
35534,"640 Zorn Ave","Apt 3A","Louisville",
35535,"2515 W Muhammad Ali Blvd","Louisville","KY","40212"
35536,"6814 Nalery Way","Louisville","KY","40228"
35537,"6009 Jeanine Dr","Louisville","KY","40219"
35538,"10707 Burnt Oaks Ct","Louisville","KY","40241"
35539,"437 Club Ln","Louisville","KY","40207"
35540,"2424 Newburg Rd","Louisville","KY","40205"
35541,"8709 Beulah Church Rd","Louisville","KY","40291"
35542,"7921 Albrecht Cir","Louisville","KY","40241"
35543,"9900 Northridge Dr","Louisville","KY","40272"
35544,"2989 Six Mile Ln","Louisville","KY","40220"
35545,"1117 Schiller Ave","Louisville","KY","40204"
35546,"2901 Riedling Dr","Louisville","KY","40206"
35547,"8613 Fernview Dr","Louisville","KY","40291"
35548,"8804 Tranquil Valley Ln","Louisville","KY","40299"
35549,"9522 Janna Dr","Louisville","KY","40272"
35550,"601 Brookline Ave","Louisville","KY","40214"
35551,"3114 Marlin Rd","Louisville","KY","40220"
35552,"4108 La Salle Ave","Louisville","KY","40215"
35553,"2201 Wallie Ann Ct","Louisville","KY","40210"
35554,"8702 Jan Way","Louisville","KY","40219"
35555,"7006 Fontendleau Way","Louisville","KY","40291"
35556,"5301 Constance Dr","Louisville","KY","40272"
35557,"1837 Heaton Rd","Louisville","KY","40216"
35558,"1800 Edenside Ave","Louisville","KY","40204"
35559,"6813 Yvonne Ct","Louisville","KY","40228"
35560,"9802 Encino Ct","Louisville","KY","40223"
35561,"10711 Hickory Cove Ct","Louisville","KY","40241"
35562,"9911 Stonestreet Rd","Louisville","KY","40272"
35563,"4112 Vermont Ave","Louisville","KY","40211"
35564,"2609 Mccoy Way","Louisville","KY","40205"
35565,"1056 Dixon Ave","Louisville","KY","40217"
35566,"5319 Witten Dr","Louisville","KY","40258"
35567,"14400 Dixie Hwy","Louisville","KY","40272"
35568,"906 Clarks Ln","Louisville","KY","40217"
35569,"2207 Steeplechase Dr","Louisville","KY","40299"
35570,"500 Nottingham Pkwy","Louisville","KY","40222"
35571,"1013 Pitchford Rd","Louisville","KY","40219"
35572,"7013 Meihaus Way","Louisville","KY","40272"
35573,"4309 Shenandoah Dr","Louisville","KY","40241"
35574,"4705 S 2nd St","Louisville","KY","40214"
35575,"2311 Allegheny Dr","Louisville","KY","40299"
35576,"1811 Allanwood Rd","Louisville","KY","40214"
35577,"8805 Mount Gerald Ct","Louisville","KY","40291"
35578,"8116 Red Stone Hill Rd","Louisville","KY","40214"
35579,"3874 Darlene Dr","Louisville","KY","40216"
35580,"4516 Norene Ln","Louisville","KY","40219"
35581,"4070 Gilman Ave","Louisville","KY","40207"
35582,"2204 Rockford Ln","Louisville","KY","40216"
35583,"1616 N English Station Rd","Louisville","KY","40223"
35584,"3510 Burrell Dr","Louisville","KY","40216"
35585,"5005 Stony Brook Dr","Louisville","KY","40291"
35586,"1606 Ehrler Dr","Louisville","KY","40213"
35587,"5403 Bold Venture Rd","Louisville","KY","40272"
35588,"4916 Rossmoor Dr","Louisville","KY","40219"
35589,"2300 Upper Hunters Trce","Louisville","KY","40216"
35590,"3414 Clarinet Dr","Louisville","KY","40216"
35591,"4000 Brownlee Rd","Louisville","KY","40207"
35592,"4897 Charlotte Dr","Louisville","KY","40219"
35593,"8513 Bost Ln","Louisville","KY","40219"
35594,"8903 William Penn Way","Louisville","KY","40228"
35595,"4603 Doe Spring Ct","Louisville","KY","40241"
35596,"1926 Youngland Ave","Louisville","KY","40216"
35597,"12604 Blackthorn Trce","Louisville","KY","40299"
35598,"8009 Perchwood Ct","Louisville","KY","40291"
35599,"7000 Chippenham Rd","Louisville","KY","40222"
35600,"231 Flamingo Dr","Louisville","KY","40218"
35601,"4610 Portico Ct","Louisville","KY","40299"
35602,"2011 Speed Ave","Louisville","KY","40205"
35603,"4101 Hurstbourne Woods Dr","Louisville","KY","40299"
35604,"6407 Sherlock Way","Louisville","KY","40228"
35605,"3407 Trail Ridge Rd","Louisville","KY","40241"
35606,"709 Berwyn Dr","Louisville","KY","40223"
35607,"774 Logan St","Louisville","KY","40204"
35608,"2831 Alta Vista Ct","Louisville","KY","40206"
35609,"11206 Bodley Dr","Louisville","KY","40223"
35610,"143 Sanna Dr","Louisville","KY","40229"
35611,"2205 Peaslee Rd","Louisville","KY","40216"
35612,"7907 Albrecht Cir","Louisville","KY","40241"
35613,"4028 Leland Rd","Louisville","KY","40207"
35614,"704 Creel Ave","Louisville","KY","40208"
35615,"1823 Edenside Ave","Louisville","KY","40204"
35616,"8205 Pennsylvania Run Rd","Louisville","KY","40228"
35617,"4507 Garda Dr","Louisville","KY","40219"
35618,"4512 Garda Dr","Louisville","KY","40219"
35619,"3324 Virginia Ave","Louisville","KY","40211"
35620,"2538 Magazine St","Louisville","KY","40211"
35621,"4171 Reservoir Ave","Louisville","KY","40213"
35622,"3921 Gilman Ave","Louisville","KY","40207"
35623,"212 Northwestern Pkwy","Louisville","KY","40212"
35624,"1804 Parkridge Pkwy","Louisville","KY","40214"
35625,"2053 Douglass Blvd","Apt 2","Louisville",
35626,"7802 Hermits Run Rd","Louisville","KY","40291"
35627,"9116 Kenlock Dr","Louisville","KY","40242"
35628,"819 Flat Rock Rd","Louisville","KY","40245"
35629,"947 Schiller Ave","Louisville","KY","40204"
35630,"7316 Wesboro Rd","Louisville","KY","40222"
35631,"2811 Lexham Rd","Louisville","KY","40220"
35632,"4613 Haeringdon Dr","Louisville","KY","40299"
35633,"7806 Zenith Way","Louisville","KY","40219"
35634,"2900 Iris Way","Louisville","KY","40220"
35635,"10502 Colonel Hancock Dr","Louisville","KY","40291"
35636,"8507 Glendale Trce","Louisville","KY","40291"
35637,"10018 Foxboro Dr","Louisville","KY","40223"
35638,"2335 Farnsley Rd","Louisville","KY","40216"
35639,"1509 Clara Ave","Louisville","KY","40215"
35640,"3308 Palmer Ln","Louisville","KY","40218"
35641,"8112 Atlanta Pkwy","Louisville","KY","40214"
35642,"3215 Stegner Ave","Louisville","KY","40216"
35643,"4425 Campobello St","Louisville","KY","40213"
35644,"806 S 32nd St","Louisville","KY","40211"
35645,"1211 Cecil Ave","Louisville","KY","40211"
35646,"1814 Nelson Ave","Louisville","KY","40216"
35647,"304 E Southside Ct","Louisville","KY","40214"
35648,"307 Blue Ridge Rd","Louisville","KY","40223"
35649,"156 Linkwood Ct","Louisville","KY","40229"
35650,"3729 Greenwich Rd","Louisville","KY","40218"
35651,"5114 Mount Holyoke Dr","Louisville","KY","40216"
35652,"1404 Hepburn Ave","Louisville","KY","40204"
35653,"8408 Lacevine Pl","Louisville","KY","40220"
35654,"9806 Melissa Dr","Louisville","KY","40223"
35655,"2711 Greenwood Ave","Louisville","KY","40211"
35656,"2641 Landor Ave","Unit 2F","Louisville",
35657,"201 Eastbridge Ct","Louisville","KY","40223"
35658,"115 Spring Lake Ct","Louisville","KY","40229"
35659,"746 S 35th St","Louisville","KY","40211"
35660,"228 S Hite Ave","Louisville","KY","40206"
35661,"705 Homestead Blvd","Louisville","KY","40207"
35662,"5512 Bruce Ave","Louisville","KY","40214"
35663,"17207 Ash Hill Dr","Louisville","KY","40245"
35664,"9612 Camille Dr","Louisville","KY","40299"
35665,"12016 Brookmoor Dr","Louisville","KY","40243"
35666,"7711 Hermits Run Rd","Louisville","KY","40291"
35667,"8513 Shirley Ln","Louisville","KY","40258"
35668,"6701 Oak Valley Dr","Louisville","KY","40214"
35669,"3225 Elane Dr","Louisville","KY","40216"
35670,"916 S 44th St","Louisville","KY","40211"
35671,"10900 Rocky Rd","Louisville","KY","40229"
35672,"4168 Sherman Ave","Louisville","KY","40213"
35673,"11917 Berry Hill Rd","Louisville","KY","40243"
35674,"1604 Ashmoor Ln","Louisville","KY","40223"
35675,"1419 Larchmont Ave","Louisville","KY","40215"
35676,"4018 Norbourne Blvd","Louisville","KY","40207"
35677,"127 William St","Louisville","KY","40206"
35678,"1107 Southwestern Pkwy","Louisville","KY","40211"
35679,"6820 Monty Ln","Louisville","KY","40291"
35680,"2505 Melody Way","Louisville","KY","40299"
35681,"6224 Middlerose Cir","Louisville","KY","40272"
35682,"5013 Abbydale Ct","Louisville","KY","40229"
35683,"6602 Holly Lake Dr","Louisville","KY","40291"
35684,"14804 Forest Oaks Dr","Louisville","KY","40245"
35685,"1426 Oakwood Ave","Louisville","KY","40215"
35686,"8516 Peggy Dr","Louisville","KY","40219"
35687,"1256 S Brook St","Louisville","KY","40203"
35688,"1315 Castlewood Ave","Louisville","KY","40204"
35689,"12001 Hilda Ct","Louisville","KY","40272"
35690,"3713 Hurstbourne Ridge Blvd","Louisville","KY","40299"
35691,"532 W Saint Catherine St","Louisville","KY","40203"
35692,"8900 Filson Fields Dr","Louisville","KY","40219"
35693,"4100 Landside Dr","Louisville","KY","40220"
35694,"7317 Chestnut Tree Ln","Louisville","KY","40291"
35695,"12416 Somerset Dr","Louisville","KY","40229"
35696,"122 S Crestmoor Ave","Louisville","KY","40206"
35697,"3913 Lovin Ct","Louisville","KY","40216"
35698,"6808 Aron Rd","Louisville","KY","40258"
35699,"9900 Agena Dr","Louisville","KY","40229"
35700,"9104 Hi View Ln","Louisville","KY","40272"
35701,"2719 Lamont Rd","Louisville","KY","40205"
35702,"2815 Triplett Ct","Louisville","KY","40216"
35703,"4502 Old Watterson Dr","Louisville","KY","40299"
35704,"1632 Story Ave","Louisville","KY","40206"
35705,"11126 Stalwert Pl","Louisville","KY","40272"
35706,"105 E Collins Ct","Louisville","KY","40214"
35707,"802 S 40th St","Louisville","KY","40211"
35708,"3708 Foreman Ln","Louisville","KY","40219"
35709,"3014 Cromarty Way","Louisville","KY","40220"
35710,"1322 Lydia St","Louisville","KY","40217"
35711,"4620 Springdale Ct","Louisville","KY","40229"
35712,"8613 Lambach Ln","Louisville","KY","40220"
35713,"9304 3rd Street Rd","Louisville","KY","40272"
35714,"7302 Trail Crest Ct","Louisville","KY","40241"
35715,"1513 N English Station Rd","Louisville","KY","40223"
35716,"12608 Kirkham Rd","Louisville","KY","40299"
35717,"425 Blossom Rd","Louisville","KY","40229"
35718,"2113 Date St","Louisville","KY","40210"
35719,"2220 Hale Ave","Louisville","KY","40210"
35720,"1408 Quincy St","Louisville","KY","40206"
35721,"1509 Knight Rd","Louisville","KY","40216"
35722,"7307 Olde Nantucket Cv","Louisville","KY","40214"
35723,"6004 Highplace Dr","Louisville","KY","40291"
35724,"2813 W Muhammad Ali Blvd","Louisville","KY","40212"
35725,"9601 Farmstead Ln","Louisville","KY","40291"
35726,"4711 Beech Dr","Louisville","KY","40216"
35727,"1315 Scholar St","Louisville","KY","40213"
35728,"5213 Euclid Ave","Louisville","KY","40272"
35729,"37 Brownsboro Hill Rd","Louisville","KY","40207"
35730,"2604 Aintree Way","Louisville","KY","40220"
35731,"4430 Sanders Ln","Louisville","KY","40216"
35732,"2834 Avenue","of the Woods","Louisville",
35733,"101 Declaration Dr","Louisville","KY","40214"
35734,"8402 Cloverport Dr","Louisville","KY","40228"
35735,"1341 S Brook St","Louisville","KY","40208"
35736,"206 Kenli Ct","Louisville","KY","40214"
35737,"4040 Massie Ave","Apt 11","Louisville",
35738,"3 Mango Ct","Louisville","KY","40258"
35739,"4905 Shumake Ct","Louisville","KY","40218"
35740,"2511 Sherry Rd","Louisville","KY","40217"
35741,"8712 Filson Fields Ct","Louisville","KY","40219"
35742,"504 Iola Rd","Louisville","KY","40207"
35743,"712 Cedar Grove Ct","Louisville","KY","40212"
35744,"1807 Millers Ln","Louisville","KY","40216"
35745,"8404 Lacevine Pl","Louisville","KY","40220"
35746,"3212 Wellingmoor Ave","Louisville","KY","40218"
35747,"7619 Newton Ct","Louisville","KY","40228"
35748,"360 Oxford Ln","Louisville","KY","40229"
35749,"1502 Sylvan Wynde","Louisville","KY","40205"
35750,"3503 Winnland Dr","Louisville","KY","40219"
35751,"194 Circle Valley Dr","Louisville","KY","40229"
35752,"5810 Brandywyne Ct","Louisville","KY","40291"
35753,"11006 Fellswood Ct","Louisville","KY","40243"
35754,"1924 Richmond Dr","Louisville","KY","40205"
35755,"9009 Hi View Ln","Louisville","KY","40272"
35756,"108 Fairlawn Rd","Louisville","KY","40207"
35757,"8900 Yellow Wood Pl","Louisville","KY","40242"
35758,"3709 Hughes Rd","Louisville","KY","40207"
35759,"6401 S 3rd St","Louisville","KY","40214"
35760,"5916 Shelby St","Louisville","KY","40291"
35761,"3121 Sudbury Ln","Louisville","KY","40220"
35762,"7400 Jonathan Way","Louisville","KY","40228"
35763,"7406 Andrew Ct","Louisville","KY","40220"
35764,"2611 Windsor Forest Dr","Louisville","KY","40272"
35765,"3613 Downing Way","Louisville","KY","40218"
35766,"5202 Mercury Dr","Louisville","KY","40258"
35767,"4819 Kaufman Ln","Louisville","KY","40216"
35768,"6910 Green Manor Dr","Louisville","KY","40228"
35769,"5322 Rayburn Rd","Louisville","KY","40272"
35770,"607 Fatima Ln","Louisville","KY","40207"
35771,"1017 S 7th St","Louisville","KY","40203"
35772,"4212 W Muhammad Ali Blvd","Louisville","KY","40212"
35773,"9202 Fairridge Dr","Louisville","KY","40229"
35774,"5706 Whispering Hills Blvd","Louisville","KY","40219"
35775,"8103 Cloudcroft Ln","Louisville","KY","40220"
35776,"7518 Smyrna Rd","Louisville","KY","40228"
35777,"2119 Old Hickory Rd","Louisville","KY","40299"
35778,"10628 Black Iron Rd","Louisville","KY","40291"
35779,"3709 Whitehall Ct","Louisville","KY","40272"
35780,"11407 Nez Perce Way","Louisville","KY","40229"
35781,"7804 Amber Glen Ct","Louisville","KY","40220"
35782,"1730 Griffin Gate Rd","Louisville","KY","40205"
35783,"2914 Garfield Ave","Louisville","KY","40212"
35784,"10200 Cambrie Ct","Louisville","KY","40241"
35785,"6713 Cindy Dr","Louisville","KY","40258"
35786,"1971 Meadowcreek Dr","Louisville","KY","40218"
35787,"11020 Elda Dr","Louisville","KY","40229"
35788,"2428 Proctor Knott Dr","Louisville","KY","40218"
35789,"4506 Varble Ave","Louisville","KY","40211"
35790,"279 Overdale Dr","Louisville","KY","40229"
35791,"3912 Springhill Rd","Louisville","KY","40207"
35792,"8700 Gainsborough Dr","Louisville","KY","40291"
35793,"12209 E Orell Rd","Louisville","KY","40272"
35794,"2523 Standard Ave","Louisville","KY","40210"
35795,"13 Eastover Ct","Louisville","KY","40206"
35796,"2633 Mccoy Way","Louisville","KY","40205"
35797,"4 Narwood Dr","Louisville","KY","40299"
35798,"3105 Commander Dr","Louisville","KY","40220"
35799,"2841 Hikes Ln","Apt 107","Louisville",
35800,"1127 Farman Ct","Louisville","KY","40219"
35801,"7414 Crawfordshire Ln","Louisville","KY","40220"
35802,"1241 S Clay St","Louisville","KY","40203"
35803,"8919 Shevie Dr","Louisville","KY","40272"
35804,"1509 Cadence Ct","Louisville","KY","40222"
35805,"114 Stevenson Ave","Louisville","KY","40206"
35806,"9105 Elm Ct","Louisville","KY","40299"
35807,"3617 W Kentucky St","Louisville","KY","40211"
35808,"2927 Slevin St","Louisville","KY","40212"
35809,"1133 Lehigh Ave","Louisville","KY","40215"
35810,"9208 Ponder Ln","Louisville","KY","40272"
35811,"3500 Nelinda May Dr","Louisville","KY","40213"
35812,"6403 Seaton Ln","Louisville","KY","40291"
35813,"2232 Beargrass Ave","Louisville","KY","40218"
35814,"8621 Hudson Ln","Louisville","KY","40291"
35815,"9821 Tiverton Way","Louisville","KY","40242"
35816,"4900 Imperial Ter","Louisville","KY","40216"
35817,"10518 Applecross Way","Louisville","KY","40223"
35818,"2331 Delor Ave","Louisville","KY","40217"
35819,"1044 Euclid Ave","Louisville","KY","40208"
35820,"3705 Hurstbourne Ridge Blvd","Louisville","KY","40299"
35821,"6808 Green Manor Dr","Louisville","KY","40228"
35822,"1030 Charles St","Louisville","KY","40204"
35823,"10506 Glenmary Farm Dr","Louisville","KY","40291"
35824,"8510 Seaforth Dr","Louisville","KY","40258"
35825,"1278 Parkway Gardens Ct","Apt 127","Louisville",
35826,"1612 Phyllis Ave","Louisville","KY","40215"
35827,"2007 Round Ridge Rd","Louisville","KY","40207"
35828,"2223 Duncan St","Louisville","KY","40212"
35829,"4404 Dyer Ave","Louisville","KY","40213"
35830,"8215 Brookhollow Ct","Louisville","KY","40220"
35831,"1803 Round Ridge Rd","Louisville","KY","40207"
35832,"2113 Rockford Ln","Louisville","KY","40216"
35833,"104 N Longworth Ave","Louisville","KY","40212"
35834,"2308 Allegheny Dr","Louisville","KY","40299"
35835,"6007 Jeanine Dr","Louisville","KY","40219"
35836,"10742 Colonial Woods Ct","Louisville","KY","40223"
35837,"404 Golden Gate Ct","Louisville","KY","40243"
35838,"321 W Southside Ct","Louisville","KY","40214"
35839,"2716 Sharon Way","Louisville","KY","40220"
35840,"10415 Charleswood Rd","Louisville","KY","40229"
35841,"10742 Colonial Woods Way","Louisville","KY","40223"
35842,"1005 Colonel Anderson Pkwy","Louisville","KY","40222"
35843,"3609 Brownsboro Rd","Apt 9","Louisville",
35844,"5800 Brandywyne Ct","Louisville","KY","40291"
35845,"5516 Jeanine Dr","Louisville","KY","40219"
35846,"3916 Grandview Ave","Louisville","KY","40207"
35847,"2410 Briargate Ave","Louisville","KY","40216"
35848,"181 Spring Lake Ct","Louisville","KY","40229"
35849,"3912 Old Outer Loop","Louisville","KY","40219"
35850,"1000 Springview Dr","Louisville","KY","40219"
35851,"2904 Delor Ave","Louisville","KY","40217"
35852,"414 Harris Pl","Louisville","KY","40222"
35853,"4307 Retreat Rd","Louisville","KY","40219"
35854,"1929 Rutherford Ave","Louisville","KY","40205"
35855,"7515 Stone Brook Dr","Louisville","KY","40291"
35856,"2716 Alford Ave","Louisville","KY","40212"
35857,"1422 Rufer Ave","Louisville","KY","40204"
35858,"204 Hemingway Rd","Louisville","KY","40207"
35859,"3003 Cornerstone Ct","Louisville","KY","40220"
35860,"2232 Portland Ave","Louisville","KY","40212"
35861,"7707 Westwood Farms Ct","Louisville","KY","40220"
35862,"1222 Dahl Rd","Louisville","KY","40213"
35863,"5412 Cannonwood Ct","Louisville","KY","40229"
35864,"832 Cawthon St","Louisville","KY","40203"
35865,"3501 Gonewind Dr","Louisville","KY","40299"
35866,"1544 W Breckinridge St","Louisville","KY","40210"
35867,"5004 Winding Spring Cir","Louisville","KY","40245"
35868,"10302 Long Barn Ct","Louisville","KY","40291"
35869,"818 E Burnett Ave","Louisville","KY","40217"
35870,"8503 Biggin Hill Ln","Louisville","KY","40220"
35871,"10516 Glenmary Farm Dr","Louisville","KY","40291"
35872,"5405 Ilex Ave","Louisville","KY","40213"
35873,"2610 Titleist Rd","Louisville","KY","40242"
35874,"12007 Old Henry Rd","Louisville","KY","40223"
35875,"13208 Meadowlawn Dr","Louisville","KY","40272"
35876,"401 Logsdon Ct","Louisville","KY","40243"
35877,"2521 Marguerite Dr","Louisville","KY","40216"
35878,"8303 Winter Hill Ct","Louisville","KY","40299"
35879,"4604 Stony Brook Dr","Louisville","KY","40299"
35880,"3506 Pineland Dr","Louisville","KY","40219"
35881,"805 Rubel Ave","Louisville","KY","40204"
35882,"9612 Britannia Ct","Louisville","KY","40272"
35883,"8409 Berea Dr","Louisville","KY","40228"
35884,"7302 Springdale Rd","Louisville","KY","40241"
35885,"7605 Michael Dr","Louisville","KY","40228"
35886,"118 S 40th St","Louisville","KY","40212"
35887,"646 Madelon Ct","Louisville","KY","40211"
35888,"8905 El Morro Ct","Louisville","KY","40299"
35889,"325 Southwestern Pkwy","Louisville","KY","40212"
35890,"10302 Spring Meyer Rd","Louisville","KY","40223"
35891,"1811 Olenda Ave","Louisville","KY","40216"
35892,"6000 Shean Ct","Louisville","KY","40291"
35893,"9801 Sheplet Ct","Louisville","KY","40241"
35894,"6017 Robinhood Ln","Louisville","KY","40219"
35895,"1307 Vim Dr","Louisville","KY","40213"
35896,"9930 Winged Foot Dr","Louisville","KY","40223"
35897,"8500 Tolls Ln","Louisville","KY","40214"
35898,"118 N 39th St","Louisville","KY","40212"
35899,"7508 White Post Way","Louisville","KY","40220"
35900,"2000 Acorn Way","Louisville","KY","40216"
35901,"4737 Bellevue Ave","Louisville","KY","40215"
35902,"9801 El Prado St","Louisville","KY","40272"
35903,"2338 Farnsley Rd","Louisville","KY","40216"
35904,"1922 Dixie Garden Dr","Louisville","KY","40272"
35905,"3117 Radiance Rd","Louisville","KY","40220"
35906,"3428 Vermont Ave","Louisville","KY","40211"
35907,"2618 Garland Ave","Louisville","KY","40211"
35908,"260 Pope St","Louisville","KY","40206"
35909,"9606 Maple Rd","Louisville","KY","40229"
35910,"6701 Tottenham Rd","Louisville","KY","40207"
35911,"2407 Fluhr Ln","Louisville","KY","40216"
35912,"6809 Scenic Trl","Louisville","KY","40272"
35913,"2902 Murray Hill Pike","Louisville","KY","40242"
35914,"315 Alcott Rd","Louisville","KY","40207"
35915,"302 Fall Harvest Ct","Louisville","KY","40223"
35916,"1033 Garvin Pl","Louisville","KY","40203"
35917,"225 Cornell Pl","Louisville","KY","40207"
35918,"609 Cambridge Station Rd","Louisville","KY","40223"
35919,"7810 Albrecht Cir","Louisville","KY","40241"
35920,"1381 Tyler Park Dr","Louisville","KY","40204"
35921,"3010 Westone Way","Louisville","KY","40241"
35922,"159 S Crestmoor Ave","Louisville","KY","40206"
35923,"4110 Shady Villa Dr","Louisville","KY","40219"
35924,"3251 Ellis Way","Louisville","KY","40220"
35925,"504 Sycamore Shoals Trce","Louisville","KY","40223"
35926,"4319 Haney Way","Louisville","KY","40272"
35927,"4413 Mount Vernon Rd","Louisville","KY","40220"
35928,"10604 Park Ave","Louisville","KY","40299"
35929,"14 Sterling Rd","Louisville","KY","40220"
35930,"2209 Mary Catherine Dr","Louisville","KY","40216"
35931,"2123 Peabody Ln","Louisville","KY","40218"
35932,"5930 Trappers Ridge Cir","Louisville","KY","40216"
35933,"103 Southwestern Pkwy","Louisville","KY","40212"
35934,"7018 Chippenham Rd","Louisville","KY","40222"
35935,"521 Zorn Ave","Apt E8","Louisville",
35936,"179 Westwind Rd","Louisville","KY","40207"
35937,"8905 Westport Rd","Louisville","KY","40242"
35938,"3905 Blooming Spring Ct","Louisville","KY","40299"
35939,"401 Olde Glouchester Cv","Louisville","KY","40214"
35940,"8108 La Fon Ave","Louisville","KY","40228"
35941,"11033 Eagles Cove Dr","Louisville","KY","40241"
35942,"8306 Lacevine Rd","Louisville","KY","40220"
35943,"1612 Russell Ave","Louisville","KY","40213"
35944,"7901 Albrecht Cir","Louisville","KY","40241"
35945,"4015 Henderson Ave","Louisville","KY","40213"
35946,"9604 Inca Dr","Louisville","KY","40258"
35947,"2907 Springdale Rd","Louisville","KY","40206"
35948,"5508 Tecumseh Cir","Louisville","KY","40207"
35949,"506 Sycamore Shoals Trce","Louisville","KY","40223"
35950,"216 Dunbar Pl","Louisville","KY","40243"
35951,"3302 Heather Ln","Louisville","KY","40218"
35952,"505 W Whitney Ave","Louisville","KY","40215"
35953,"247 Saunders Ave","Louisville","KY","40206"
35954,"1635 Tyler Pkwy","Louisville","KY","40204"
35955,"1851 Princeton Dr","Louisville","KY","40205"
35956,"2704 Windsor Forest Dr","Louisville","KY","40272"
35957,"1014 Franelm Rd","Louisville","KY","40214"
35958,"6216 Willismore Dr","Louisville","KY","40272"
35959,"6002 Reigh Count Dr","Louisville","KY","40272"
35960,"8903 Westport Rd","Louisville","KY","40242"
35961,"4717 Idle Hour Dr","Louisville","KY","40216"
35962,"14907 Bircham Rd","Louisville","KY","40245"
35963,"3204 Mildred Dr","Louisville","KY","40216"
35964,"10215 Glenmary Farm Dr","Louisville","KY","40291"
35965,"7209 Harborton Way","Louisville","KY","40228"
35966,"7012 Linton Ct","Louisville","KY","40258"
35967,"7600 Columbine Dr","Louisville","KY","40258"
35968,"8413 Lacevine Pl","Louisville","KY","40220"
35969,"1309 Leighton Cir","Louisville","KY","40222"
35970,"10103 Falling Tree Way","Louisville","KY","40223"
35971,"7506 Cove Dr","Louisville","KY","40291"
35972,"831 S 33rd St","Louisville","KY","40211"
35973,"3916 Illinois Ave","Louisville","KY","40213"
35974,"3365 Green Hill Ln","Louisville","KY","40207"
35975,"4514 Norene Ln","Louisville","KY","40219"
35976,"2529 Saint Cecilia St","Louisville","KY","40212"
35977,"3029 Eagle Pass","Louisville","KY","40217"
35978,"204 Old Towne Rd","Louisville","KY","40214"
35979,"4604 Kingsmore Dr","Louisville","KY","40229"
35980,"4410 Savage Dr","Louisville","KY","40216"
35981,"5302 Lawrin Rd","Louisville","KY","40272"
35982,"1106 Saint Michael Pl","Louisville","KY","40204"
35983,"8822 Running Fox Cir","Louisville","KY","40291"
35984,"1106 Saint Michael St","Louisville","KY","40204"
35985,"640 Inverness Ave","Louisville","KY","40214"
35986,"3305 Greenwood Ave","Louisville","KY","40211"
35987,"4701 Fox Den Ct","Louisville","KY","40241"
35988,"5707 Tamarack Ln","Louisville","KY","40258"
35989,"1532 Cherokee Rd","Louisville","KY","40205"
35990,"1736 Lincoln Ave","Louisville","KY","40213"
35991,"6711 Vandre Ave","Louisville","KY","40228"
35992,"2590 E Burnett Ave","Louisville","KY","40217"
35993,"2313 Perth Dr","Louisville","KY","40216"
35994,"10114 Natalie Way","Louisville","KY","40299"
35995,"1919 Dubourg Ave","Louisville","KY","40216"
35996,"4735 Cane Run Rd","Louisville","KY","40216"
35997,"2622 Northwestern Pkwy","Louisville","KY","40212"
35998,"1807 Kline Ct","Louisville","KY","40205"
35999,"1205 Garden Creek Cir","Louisville","KY","40223"
36000,"9512 Doewood Ln","Louisville","KY","40291"
36001,"11003 Chapel Hill Rd","Louisville","KY","40229"
36002,"797 Hillview Blvd","Louisville","KY","40229"
36003,"612 Edna Rd","Louisville","KY","40206"
36004,"2801 Rainbow Dr","Louisville","KY","40206"
36005,"3024 Bradford Grove Ln","Louisville","KY","40220"
36006,"2023 West Ln","Louisville","KY","40216"
36007,"3915 Rollington Rd","Louisville","KY","40245"
36008,"3306 Historic Dr","Louisville","KY","40299"
36009,"7515 Lanfair Dr","Louisville","KY","40241"
36010,"7025 Linton Ct","Louisville","KY","40258"
36011,"310 Chanel Ct","Apt 4","Louisville",
36012,"11722 Saratoga Woods Ct","Louisville","KY","40299"
36013,"7812 Conifer Dr","Louisville","KY","40258"
36014,"916 Hess Ln","Louisville","KY","40217"
36015,"4209 Quiet Way","Louisville","KY","40219"
36016,"11600 Summer Glen Way","Louisville","KY","40299"
36017,"7122 Quail Ridge Rd","Louisville","KY","40291"
36018,"4601 Jolynn Dr","Louisville","KY","40299"
36019,"2013 Gladstone Ave","Louisville","KY","40205"
36020,"3113 Sora Ave","Louisville","KY","40213"
36021,"2724 Durbing Ave","Louisville","KY","40299"
36022,"8010 Bluebonnet Rd","Louisville","KY","40258"
36023,"2102 Keeneland Blvd","Louisville","KY","40223"
36024,"1908 Manor House Dr","Louisville","KY","40220"
36025,"1045 Oakwood Ave","Louisville","KY","40215"
36026,"8518 Moody Rd","Louisville","KY","40219"
36027,"11500 Bardstown Falls Rd","Louisville","KY","40291"
36028,"8410 Cabin Hill Rd","Louisville","KY","40291"
36029,"2506 Lower Hunters Trce","Louisville","KY","40216"
36030,"832 N Pope Lick Rd","Louisville","KY","40243"
36031,"715 S Barbee Way","Louisville","KY","40217"
36032,"136 N 43rd St","Louisville","KY","40212"
36033,"3315 Breckenridge Ln","Louisville","KY","40220"
36034,"8317 Silver Fox Rd","Louisville","KY","40291"
36035,"10611 Grafton Hall Rd","Louisville","KY","40272"
36036,"2921 S 5th St","Louisville","KY","40208"
36037,"6107 Oaknoll Dr","Louisville","KY","40219"
36038,"4504 Rivanna Dr","Louisville","KY","40299"
36039,"10 Rio Vista Dr","Louisville","KY","40207"
36040,"734 M St","Louisville","KY","40208"
36041,"5400 Hubbards Ct","Louisville","KY","40207"
36042,"9305 Cinderella Ln","Louisville","KY","40229"
36043,"8506 Para Ct","Louisville","KY","40242"
36044,"1935 Gardiner Ln","Apt G99","Louisville",
36045,"12310 Brightfield Dr","Louisville","KY","40243"
36046,"8318 Daverman Dr","Louisville","KY","40228"
36047,"1636 Hale Ave","Louisville","KY","40210"
36048,"2400 Royster Way","Louisville","KY","40258"
36049,"12004 Rock Spring Ct","Louisville","KY","40245"
36050,"8108 Sycamore Creek Dr","Louisville","KY","40222"
36051,"6103 Deady Dr","Louisville","KY","40258"
36052,"3105 Weather Way","Louisville","KY","40220"
36053,"1124 S Chesley Dr","Louisville","KY","40219"
36054,"8308 Mcnair Rd","Louisville","KY","40214"
36055,"2429 Aintree Way","Louisville","KY","40220"
36056,"1013 Lydia St","Louisville","KY","40217"
36057,"8717 Chelmer Ln","Louisville","KY","40220"
36058,"2832 Slevin St","Louisville","KY","40212"
36059,"4510 Cornice Ct","Louisville","KY","40299"
36060,"4113 Ronald Ct","Louisville","KY","40216"
36061,"2908 S Crums Ln","Louisville","KY","40216"
36062,"3213 Trail Ridge Rd","Louisville","KY","40241"
36063,"738 Colorado Ave","Louisville","KY","40208"
36064,"2263 Bradford Dr","Louisville","KY","40218"
36065,"7606 Newton Ct","Louisville","KY","40228"
36066,"4203 Melda Ln","Louisville","KY","40219"
36067,"8902 Mountain Brook Dr","Louisville","KY","40272"
36068,"2529 Broadmeade Rd","Louisville","KY","40205"
36069,"4109 Dellafay Dr","Louisville","KY","40219"
36070,"7908 Naples Rd","Louisville","KY","40219"
36071,"6714 Fallen Leaf Cir","Louisville","KY","40241"
36072,"4927 Kilgore Ct","Louisville","KY","40218"
36073,"5607 Vevia Pl","Louisville","KY","40272"
36074,"10404 Colonel Hancock Dr","Louisville","KY","40291"
36075,"3104 Carriage Ct","Louisville","KY","40205"
36076,"4934 Feys Dr","Louisville","KY","40216"
36077,"5406 Sprucewood Ct","Louisville","KY","40291"
36078,"4300 Lincoln Rd","Louisville","KY","40220"
36079,"1619 Arling Ave","Louisville","KY","40215"
36080,"1665 Story Ave","Louisville","KY","40206"
36081,"5813 Dellrose Dr","Louisville","KY","40258"
36082,"1935 Gardiner Ln","Apt B23","Louisville",
36083,"1935 Gardiner Ln","Apt A11","Louisville",
36084,"7105 Meihaus Way","Louisville","KY","40272"
36085,"1935 Gardiner Ln","Apt B25","Louisville",
36086,"1935 Gardiner Ln","Apt A13","Louisville",
36087,"6302 E Manslick Rd","Louisville","KY","40219"
36088,"2604 Hurdle Way","Louisville","KY","40220"
36089,"9516 Dabney Carr Dr","Louisville","KY","40299"
36090,"2421 Newburg Rd","Louisville","KY","40205"
36091,"8902 Lippincott Rd","Louisville","KY","40222"
36092,"3909 Hurstbourne Woods Dr","Louisville","KY","40299"
36093,"808 Candleglow Ct","Louisville","KY","40214"
36094,"8303 Randomwood Ct","Louisville","KY","40291"
36095,"4005 Gaudet Rd","Louisville","KY","40299"
36096,"6410 South Dr","Louisville","KY","40272"
36097,"3128 Widgeon Ave","Louisville","KY","40213"
36098,"9113 Aristides Dr","Louisville","KY","40258"
36099,"1704 Rosewood Ave","Louisville","KY","40204"
36100,"5714 Hasbrook Dr","Louisville","KY","40229"
36101,"3302 Hale Ave","Louisville","KY","40211"
36102,"3313 Audubon Ridge Dr","Louisville","KY","40213"
36103,"3504 Herb Ln","Louisville","KY","40220"
36104,"2111 W Kentucky St","Louisville","KY","40210"
36105,"1127 Plato Ter","Louisville","KY","40211"
36106,"7618 Charron Rd","Louisville","KY","40220"
36107,"3504 Park Row Dr","Louisville","KY","40216"
36108,"4226 Fordson Way","Louisville","KY","40211"
36109,"8114 Watterson Trl","Louisville","KY","40299"
36110,"10311 Villa Dr","Louisville","KY","40272"
36111,"39 Calumet Rd","Louisville","KY","40207"
36112,"5214 Eugene Way","Louisville","KY","40216"
36113,"9611 Anita Blvd","Louisville","KY","40272"
36114,"11720 Saratoga Woods Ct","Louisville","KY","40299"
36115,"9105 Aristides Dr","Louisville","KY","40258"
36116,"1000 N Pope Lick Rd","Louisville","KY","40299"
36117,"10735 Hobbs Station Rd","Louisville","KY","40223"
36118,"4609 Yocumshire Dr","Louisville","KY","40299"
36119,"514 Willowhurst Pl","Louisville","KY","40223"
36120,"9716 Hudson Ln","Louisville","KY","40291"
36121,"6911 Fernhaven Rd","Louisville","KY","40228"
36122,"4810 Greymoor Ct","Louisville","KY","40229"
36123,"3313 College Dr","Louisville","KY","40299"
36124,"4408 Taylor Blvd","Louisville","KY","40215"
36125,"600 Merwin Ave","Louisville","KY","40217"
36126,"508 Kinglan Rd","Louisville","KY","40207"
36127,"5812 Cabin Way","Louisville","KY","40222"
36128,"4600 Middleburg Ct","Louisville","KY","40241"
36129,"4906 Cedar Brook Ct","Louisville","KY","40219"
36130,"5108 Roman Dr","Louisville","KY","40291"
36131,"3326 Audubon Ridge Dr","Louisville","KY","40213"
36132,"5802 Holly Oak Ct","Louisville","KY","40291"
36133,"1026 Reeves Rd","Louisville","KY","40219"
36134,"4120 Foreman Ln","Louisville","KY","40219"
36135,"302 Downes Ln","Louisville","KY","40214"
36136,"6700 Skyline Dr","Louisville","KY","40272"
36137,"3102 Weather Way","Louisville","KY","40220"
36138,"6708 Cindy Dr","Louisville","KY","40258"
36139,"8727 Filson Fields Ct","Louisville","KY","40219"
36140,"4005 Hispanyola Ct","Louisville","KY","40229"
36141,"4402 Chenny Ln","Louisville","KY","40299"
36142,"422 M St","Louisville","KY","40208"
36143,"8311 Sunny Ridge Ct","Louisville","KY","40299"
36144,"9623 Glenawyn Cir","Louisville","KY","40299"
36145,"1916 Garrs Ln","Louisville","KY","40216"
36146,"7805 Conifer Dr","Louisville","KY","40258"
36147,"10108 Tulip Tree Dr","Louisville","KY","40241"
36148,"10303 Spring Meyer Rd","Louisville","KY","40223"
36149,"2910 Sheldon Rd","Louisville","KY","40218"
36150,"1317 Mark Trail Rd","Louisville","KY","40242"
36151,"2612 Rowan St","Louisville","KY","40212"
36152,"2614 Rowan St","Louisville","KY","40212"
36153,"812 Longfield Ave","Louisville","KY","40215"
36154,"3119 Likens Ave","Louisville","KY","40211"
36155,"2839 Riedling Dr","Louisville","KY","40206"
36156,"8706 Filson Fields Ct","Louisville","KY","40219"
36157,"6804 Vandre Ave","Louisville","KY","40228"
36158,"8417 Gainsborough Dr","Louisville","KY","40291"
36159,"6215 Smyrna Pl","Louisville","KY","40228"
36160,"4502 Creekcrossing Dr","Louisville","KY","40241"
36161,"4808 Red Dawn Dr","Louisville","KY","40216"
36162,"4904 Springlet Ct","Louisville","KY","40245"
36163,"6304 Powder Horn Dr","Louisville","KY","40216"
36164,"1253 Texas Ave","Louisville","KY","40204"
36165,"2327 Delor Ave","Louisville","KY","40217"
36166,"405 Lake Forest Pkwy","Louisville","KY","40245"
36167,"1269 S Floyd St","Louisville","KY","40203"
36168,"1040 Euclid Ave","Louisville","KY","40208"
36169,"159 Shady Brook Ln","Louisville","KY","40229"
36170,"3303 Sumner Rd","Louisville","KY","40218"
36171,"6518 Huff Ln","Louisville","KY","40216"
36172,"3425 Fernheather Dr","Louisville","KY","40216"
36173,"5514 Beth Rd","Louisville","KY","40219"
36174,"1951 Richmond Dr","Louisville","KY","40205"
36175,"10304 Colonel Hancock Dr","Louisville","KY","40291"
36176,"2804 Kosmar Ct","Louisville","KY","40242"
36177,"8321 Cedar Creek Rd","Louisville","KY","40291"
36178,"13313 Tennis Blvd","Louisville","KY","40272"
36179,"2221 Woodbourne Ave","Louisville","KY","40205"
36180,"1003 Sarah Dr","Louisville","KY","40219"
36181,"3416 Gonewind Dr","Louisville","KY","40299"
36182,"5928 Trappers Ridge Cir","Louisville","KY","40216"
36183,"215 Kenli Ct","Louisville","KY","40214"
36184,"605 Harris Pl","Louisville","KY","40222"
36185,"217 Smithfields Rd","Louisville","KY","40207"
36186,"4402 Eagles Cove Ct","Louisville","KY","40241"
36187,"3126 Hunsinger Blvd","Louisville","KY","40220"
36188,"1834 W Gaulbert Ave","Louisville","KY","40210"
36189,"9528 Farmstead Ln","Louisville","KY","40291"
36190,"3109 Thousand Oaks Dr","Louisville","KY","40205"
36191,"920 S 42nd St","Louisville","KY","40211"
36192,"1362 Olive St","Louisville","KY","40211"
36193,"10715 Black Iron Rd","Louisville","KY","40291"
36194,"10702 Colonial Woods Ct","Louisville","KY","40223"
36195,"4500 Rivanna Dr","Louisville","KY","40299"
36196,"5409 Johnsontown Rd","Louisville","KY","40272"
36197,"3763 Glenmeade Rd","Louisville","KY","40218"
36198,"7601 Pintail Dr","Louisville","KY","40258"
36199,"4104 Hurstbourne Woods Dr","Louisville","KY","40299"
36200,"10702 Colonial Woods Way","Louisville","KY","40223"
36201,"2902 Lindsay Ave","Louisville","KY","40206"
36202,"8412 Blossom Ln","Louisville","KY","40242"
36203,"1972 Goldsmith Ln","Apt 8","Louisville",
36204,"2504 Elliott Ave","Louisville","KY","40211"
36205,"8924 Brandywyne Dr","Louisville","KY","40291"
36206,"6811 Fallen Leaf Cir","Louisville","KY","40241"
36207,"7402 Saint Andrews Church Rd","Louisville","KY","40214"
36208,"1502 N English Station Rd","Louisville","KY","40223"
36209,"242 Granvil Dr","Louisville","KY","40218"
36210,"1036 Cristland Rd","Louisville","KY","40214"
36211,"3522 Allison Way","Louisville","KY","40220"
36212,"527 Dresden Ave","Louisville","KY","40215"
36213,"5515 Halstead Ave","Louisville","KY","40213"
36214,"803 Vannah Ave","Louisville","KY","40223"
36215,"1804 Rosedale Ave","Louisville","KY","40205"
36216,"1914 Strathmoor Blvd","Louisville","KY","40205"
36217,"8312 Stillmeadow Dr","Louisville","KY","40299"
36218,"1019 Burning Springs Dr","Louisville","KY","40223"
36219,"4527 Lynnbrook Dr","Louisville","KY","40220"
36220,"9011 Billingsgate Pl","Louisville","KY","40242"
36221,"1294 Everett Ave","Louisville","KY","40204"
36222,"1611 Olive St","Louisville","KY","40210"
36223,"2726 Montana Ave","Louisville","KY","40208"
36224,"8513 Amerivan Dr","Louisville","KY","40299"
36225,"3407 Audubon Ridge Ct","Louisville","KY","40213"
36226,"3709 Lentz Ave","Louisville","KY","40215"
36227,"4401 Rivanna Dr","Louisville","KY","40299"
36228,"13010 Ashlawn Dr","Louisville","KY","40272"
36229,"1935 Gardiner Ln","Apt F89","Louisville",
36230,"12349 Springmeadow Dr","Louisville","KY","40229"
36231,"5302 Rayburn Rd","Louisville","KY","40272"
36232,"4107 Gloucester Rd","Louisville","KY","40207"
36233,"200 Ottawa Ave","Louisville","KY","40209"
36234,"4503 Cornice Ct","Louisville","KY","40299"
36235,"1037 Oakwood Ave","Louisville","KY","40215"
36236,"2309 Speed Ave","Louisville","KY","40205"
36237,"2209 Bashford Manor Ln","Louisville","KY","40218"
36238,"8812 Lakeridge Dr","Louisville","KY","40272"
36239,"7101 Glendale Rd","Louisville","KY","40291"
36240,"4115 Wooded Way","Louisville","KY","40219"
36241,"9512 Dabney Carr Dr","Louisville","KY","40299"
36242,"261 Eldorado Ave","Louisville","KY","40218"
36243,"645 Dublin Cir","Louisville","KY","40229"
36244,"6851 Green Meadow Cir","Louisville","KY","40207"
36245,"4013 Blossomwood Dr","Louisville","KY","40220"
36246,"4708 Mid Dr","Louisville","KY","40272"
36247,"316 Hemingway Rd","Louisville","KY","40207"
36248,"4007 Altawood Ct","Louisville","KY","40245"
36249,"335 El Conquistador Pl","Louisville","KY","40220"
36250,"2124 Edgehill Rd","Louisville","KY","40205"
36251,"3307 Hale Ave","Louisville","KY","40211"
36252,"3203 Stonington Pl","Louisville","KY","40242"
36253,"3025 Lexington Rd","Louisville","KY","40206"
36254,"4028 Valley View Dr","Louisville","KY","40216"
36255,"5313 Red Oak Ln","Louisville","KY","40218"
36256,"7603 Connie Dr","Louisville","KY","40258"
36257,"8401 Lacevine Pl","Louisville","KY","40220"
36258,"233 N Skyline Dr","Louisville","KY","40229"
36259,"9202 Tangley Ln","Louisville","KY","40242"
36260,"7101 Broken Bow Dr","Louisville","KY","40258"
36261,"514 Willow Stone Way","Louisville","KY","40223"
36262,"1540 W Breckinridge St","Louisville","KY","40210"
36263,"4502 Jewell Ave","Louisville","KY","40212"
36264,"4808 Glenna Way","Louisville","KY","40219"
36265,"9804 Katie Ct","Louisville","KY","40291"
36266,"3404 Capri Dr","Louisville","KY","40218"
36267,"3500 Maple Rd","Louisville","KY","40299"
36268,"7601 Greenlawn Rd","Louisville","KY","40242"
36269,"3617 Locust Ave","Louisville","KY","40299"
36270,"208 Marian Dr","Louisville","KY","40218"
36271,"2317 Village Dr","Louisville","KY","40205"
36272,"3421 Westwood Farms Dr","Louisville","KY","40220"
36273,"7608 Market Cart Way","Louisville","KY","40291"
36274,"7701 Whitfield Dr","Louisville","KY","40218"
36275,"554 S 20th St","Louisville","KY","40203"
36276,"541 S 20th St","Louisville","KY","40203"
36277,"439 S 28th St","Louisville","KY","40212"
36278,"1926 W Muhammad Ali Blvd","Louisville","KY","40203"
36279,"7320 Kort Way","Louisville","KY","40220"
36280,"6609 Lucerne Ave","Louisville","KY","40216"
36281,"1820 Ashfield Ln","Louisville","KY","40220"
36282,"1818 Ashfield Ln","Louisville","KY","40220"
36283,"2404 Elmore St","Louisville","KY","40216"
36284,"2424 Cedar St","Louisville","KY","40212"
36285,"2206 Weber Ave","Louisville","KY","40205"
36286,"3920 Hunsinger Ln","Louisville","KY","40220"
36287,"7610 Gerald Ave","Louisville","KY","40258"
36288,"218 Blankenbaker Ln","Louisville","KY","40207"
36289,"519 Wainwright Ave","Louisville","KY","40217"
36290,"4664 Shenandoah Dr","Louisville","KY","40241"
36291,"1813 Janlyn Rd","Louisville","KY","40299"
36292,"124 S Hampton Rd","Louisville","KY","40223"
36293,"7370 Wolfspring Trce","Louisville","KY","40241"
36294,"3306 Audubon Ridge Dr","Louisville","KY","40213"
36295,"4301 Delacroix Ln","Louisville","KY","40299"
36296,"529 Evergreen Place Ct","Louisville","KY","40223"
36297,"8101 Wendamoor Dr","Unit 25","Louisville",
36298,"806 Fetter Ave","Louisville","KY","40217"
36299,"4842 Partridge Run","Louisville","KY","40213"
36300,"826 Foxwood Ave","Louisville","KY","40223"
36301,"5545 Mark Dr","Louisville","KY","40258"
36302,"608 Wardshire Pl","Louisville","KY","40223"
36303,"1756 Fernwood Ave","Louisville","KY","40205"
36304,"1605 Norris Pl","Louisville","KY","40205"
36305,"10302 Grand Ave","Louisville","KY","40299"
36306,"8906 Gonewind Ct","Louisville","KY","40299"
36307,"2112 Standard Ave","Louisville","KY","40210"
36308,"1142 Oleanda Ave","Louisville","KY","40215"
36309,"6010 Fairridge Ct","Louisville","KY","40229"
36310,"1413 Girard Dr","Louisville","KY","40222"
36311,"2921 Delor Ave","Louisville","KY","40217"
36312,"8730 Loch Lea Ln","Louisville","KY","40299"
36313,"8108 Thornwood Rd","Louisville","KY","40220"
36314,"1808 Grantham Ct","Louisville","KY","40222"
36315,"4626 Springfield Ct","Louisville","KY","40229"
36316,"10602 Glenmary Farm Dr","Louisville","KY","40291"
36317,"3018 Penway Ave","Louisville","KY","40210"
36318,"4417 Spring Bay Ct","Louisville","KY","40241"
36319,"9907 Colonnades Pl","Louisville","KY","40299"
36320,"667 Cecil Ave","Louisville","KY","40211"
36321,"6208 Scottwood Dr","Louisville","KY","40258"
36322,"222 Browns Ln","Louisville","KY","40207"
36323,"3322 Audubon Ridge Dr","Louisville","KY","40213"
36324,"1923 Farrington Dr","Louisville","KY","40216"
36325,"10402 Glenmary Farm Dr","Louisville","KY","40291"
36326,"1212 Constitution Dr","Louisville","KY","40214"
36327,"13404 Snowden Way","Louisville","KY","40272"
36328,"8805 Juniper Springs Pl","Louisville","KY","40242"
36329,"2606 Saddle Ct","Louisville","KY","40220"
36330,"3601 Gateview Cir","Louisville","KY","40272"
36331,"2525 Hawthorne Ave","Louisville","KY","40205"
36332,"1103 Hathaway Ave","Louisville","KY","40215"
36333,"4807 Red Dawn Dr","Louisville","KY","40216"
36334,"1111 Minor Ln","Louisville","KY","40219"
36335,"9104 Danby Ct","Louisville","KY","40291"
36336,"3139 Pamela Way","Louisville","KY","40220"
36337,"1935 Gardiner Ln","Apt F91","Louisville",
36338,"179 Summers Dr","Louisville","KY","40229"
36339,"4216 Berkshire Ave","Louisville","KY","40220"
36340,"8001 Barbour Manor Dr","Louisville","KY","40241"
36341,"903 W Florence Ave","Louisville","KY","40215"
36342,"6508 Firethorn Way","Louisville","KY","40229"
36343,"8720 Whipps Mill Rd","Louisville","KY","40222"
36344,"7419 Justan Ave","Louisville","KY","40214"
36345,"4508 Cod Dr","Louisville","KY","40272"
36346,"5205 Windy Willow Dr","Louisville","KY","40241"
36347,"12013 Lavenia Ln","Louisville","KY","40272"
36348,"8301 Creek Trail Ct","Louisville","KY","40291"
36349,"8716 Filson Fields Ct","Louisville","KY","40219"
36350,"3905 Willowview Blvd","Louisville","KY","40299"
36351,"8502 Holston Rd","Louisville","KY","40222"
36352,"4036 Burrell Dr","Louisville","KY","40216"
36353,"1402 Hagen Rd","Louisville","KY","40223"
36354,"2111 Markwood Rd","Louisville","KY","40223"
36355,"4620 Stony Brook Dr","Louisville","KY","40299"
36356,"2728 W Jefferson St","Louisville","KY","40212"
36357,"3233 Robin Rd","Louisville","KY","40213"
36358,"9711 Galene Dr","Louisville","KY","40299"
36359,"317 Jarvis Ln","Louisville","KY","40207"
36360,"1607 W Ormsby Ave","Louisville","KY","40210"
36361,"3913 Hurstbourne Woods Dr","Louisville","KY","40299"
36362,"9606 Tamarisk Pkwy","Louisville","KY","40223"
36363,"405 Birchway Ct","Louisville","KY","40206"
36364,"332 Monohan Dr","Louisville","KY","40207"
36365,"303 Merriman Rd","Louisville","KY","40207"
36366,"1032 Oakwood Ave","Louisville","KY","40215"
36367,"9112 Satinwood Ct","Louisville","KY","40229"
36368,"1123 Hennepin Dr","Louisville","KY","40214"
36369,"8313 Blue Lick Rd","Louisville","KY","40219"
36370,"11904 Queen Annes Ct","Louisville","KY","40245"
36371,"9301 Old Six Mile Ln","Louisville","KY","40299"
36372,"826 S 36th St","Louisville","KY","40211"
36373,"10408 Cottonwood Ct","Louisville","KY","40223"
36374,"8804 Morning Park Dr","Louisville","KY","40220"
36375,"4025 Norbourne Blvd","Louisville","KY","40207"
36376,"1925 Winston Ave","Louisville","KY","40205"
36377,"9104 Felsmere Cir","Louisville","KY","40241"
36378,"4402 White Pine Way","Louisville","KY","40241"
36379,"10722 Tattenham Ln","Louisville","KY","40243"
36380,"9802 Melissa Dr","Louisville","KY","40223"
36381,"3802 Little Bend Rd","Louisville","KY","40241"
36382,"1400 Weyler Ave","Louisville","KY","40215"
36383,"1779 Wathen Ln","Louisville","KY","40216"
36384,"2571 Martin Ave","Louisville","KY","40216"
36385,"744 S 36th St","Louisville","KY","40211"
36386,"317 Cambridge Station Rd","Louisville","KY","40223"
36387,"3201 Judy Ln","Louisville","KY","40216"
36388,"2122 Griffiths Ave","Louisville","KY","40212"
36389,"9217 Marlboro Cir","Louisville","KY","40222"
36390,"504 Dorsey Way","Louisville","KY","40223"
36391,"807 S 36th St","Louisville","KY","40211"
36392,"7822 3rd Street Rd","Louisville","KY","40214"
36393,"199 Keebler Dr","Louisville","KY","40229"
36394,"314 N 36th St","Louisville","KY","40212"
36395,"4513 Cornice Ct","Louisville","KY","40299"
36396,"4020 Norbourne Blvd","Louisville","KY","40207"
36397,"3107 Creekside Dr","Louisville","KY","40241"
36398,"1211 Audubon Pkwy","Louisville","KY","40213"
36399,"2744 Graham Ave","Louisville","KY","40206"
36400,"3505 Peleske Dr","Louisville","KY","40216"
36401,"1917 Arboro Pl","Louisville","KY","40220"
36402,"417 N 28th St","Louisville","KY","40212"
36403,"106 N 35th St","Louisville","KY","40212"
36404,"8129 Avanti Way","Louisville","KY","40291"
36405,"9203 Loch Lea Ln","Louisville","KY","40291"
36406,"3744 Rouge Way","Louisville","KY","40218"
36407,"8713 Filson Fields Ct","Louisville","KY","40219"
36408,"5623 Southern Pkwy","Louisville","KY","40214"
36409,"3503 Winterberry Cir","Louisville","KY","40207"
36410,"5618 Morrison Ave","Louisville","KY","40214"
36411,"3904 Bristol Oaks Dr","Louisville","KY","40299"
36412,"4843 Southside Dr","Louisville","KY","40214"
36413,"610 Zane St","Louisville","KY","40203"
36414,"8403 Fernview Dr","Louisville","KY","40291"
36415,"4403 White Pine Way","Louisville","KY","40241"
36416,"8011 Red Bud Hill Dr","Louisville","KY","40228"
36417,"10304 Timberwood Cir","Louisville","KY","40223"
36418,"3314 Teakwood Cir","Louisville","KY","40216"
36419,"9509 Dabney Carr Dr","Louisville","KY","40299"
36420,"1924 Arboro Pl","Louisville","KY","40220"
36421,"1711 Ashfield Ln","Louisville","KY","40220"
36422,"8606 Thompson Ln","Louisville","KY","40258"
36423,"3916 Hurstbourne Woods Dr","Louisville","KY","40299"
36424,"1003 Springside Way","Louisville","KY","40223"
36425,"7614 Wesleyan Pl","Louisville","KY","40242"
36426,"2015 S Shelby St","Louisville","KY","40217"
36427,"138 Vernon Ave","Louisville","KY","40206"
36428,"6905 Chartwell Ct","Louisville","KY","40241"
36429,"6926 Sandstone Blvd","Louisville","KY","40219"
36430,"225 Mackie Ln","Louisville","KY","40214"
36431,"607 Maryhill Ln","Louisville","KY","40207"
36432,"4217 Brookhaven Ave","Louisville","KY","40220"
36433,"8407 Acme Way","Louisville","KY","40219"
36434,"2427 Proctor Knott Dr","Louisville","KY","40218"
36435,"4524 Shenandoah Dr","Louisville","KY","40241"
36436,"5 Muirfield Pl","Louisville","KY","40222"
36437,"4316 Briarwood Rd","Louisville","KY","40207"
36438,"4713 Valley Station Rd","Louisville","KY","40272"
36439,"5316 Rookwood Ave","Louisville","KY","40218"
36440,"6202 Apex Dr","Louisville","KY","40219"
36441,"9905 Timberwood Cir","Louisville","KY","40223"
36442,"1248 Lipps Ln","Louisville","KY","40219"
36443,"4410 Watercrest Ct","Louisville","KY","40241"
36444,"5116 Monticello Ave","Louisville","KY","40218"
36445,"1008 Greenleaf Rd","Louisville","KY","40213"
36446,"14415 Micawber Way","Louisville","KY","40245"
36447,"602 Darnay Pl","Louisville","KY","40245"
36448,"38 Nichols Dr","Louisville","KY","40215"
36449,"6803 Paul Alan Way","Louisville","KY","40291"
36450,"3102 Springstead Cir","Louisville","KY","40241"
36451,"8001 Osborne Dr","Louisville","KY","40222"
36452,"213 Prestwick Pl","Louisville","KY","40243"
36453,"153 S Crestmoor Ave","Louisville","KY","40206"
36454,"4511 Unseld Blvd","Louisville","KY","40218"
36455,"6615 Moorman Rd","Louisville","KY","40272"
36456,"3510 Maalox Ct","Louisville","KY","40220"
36457,"6024 Highliner Dr","Louisville","KY","40291"
36458,"7802 Brynwood Ln","Louisville","KY","40291"
36459,"641 E Jacob St","Louisville","KY","40203"
36460,"4619 Riverview Ave","Louisville","KY","40211"
36461,"1814 Shady Ln","Louisville","KY","40205"
36462,"508 Fountain Ave","Louisville","KY","40222"
36463,"3105 Springstead Cir","Louisville","KY","40241"
36464,"1126 Okolona Ter","Louisville","KY","40219"
36465,"1233 Milton St","Louisville","KY","40217"
36466,"6125 Overhill Dr","Louisville","KY","40229"
36467,"6206 Nigel Dr","Louisville","KY","40216"
36468,"604 Beecher St","Louisville","KY","40215"
36469,"4113 Spyglass Ct","Louisville","KY","40229"
36470,"1927 Emerson Ave","Louisville","KY","40205"
36471,"2406 Longest Ave","Louisville","KY","40204"
36472,"10417 Villa Dr","Louisville","KY","40272"
36473,"7412 Rome Beauty Pl","Louisville","KY","40228"
36474,"2500 Wilkerson Ave","Louisville","KY","40216"
36475,"9617 El Prado St","Louisville","KY","40272"
36476,"4814 Imperial Ter","Louisville","KY","40216"
36477,"5910 Robinhood Ln","Louisville","KY","40219"
36478,"535 Poppy Way","Louisville","KY","40206"
36479,"1005 Woodland Ridge Ct","Louisville","KY","40245"
36480,"514 Evergreen Place Ct","Louisville","KY","40223"
36481,"8009 Sycamore Creek Dr","Louisville","KY","40222"
36482,"9500 Stonelanding Pl","Louisville","KY","40272"
36483,"3405 Hanover Ct","Louisville","KY","40207"
36484,"3416 Powell Ave","Louisville","KY","40215"
36485,"5557 Mark Dr","Louisville","KY","40258"
36486,"211 Dorshire Ct","Louisville","KY","40245"
36487,"6000 Santa Fe Trl","Louisville","KY","40258"
36488,"12317 Crosswinds Dr","Louisville","KY","40243"
36489,"2506 Tregaron Ave","Louisville","KY","40299"
36490,"7615 Beech Spring Ct","Louisville","KY","40241"
36491,"2926 Cambridge Rd","Louisville","KY","40220"
36492,"2602 Pindell Ave","Louisville","KY","40217"
36493,"831 S Shelby St","Louisville","KY","40203"
36494,"3508 Herb Ln","Louisville","KY","40220"
36495,"1815 Myddleton Dr","Louisville","KY","40243"
36496,"6105 Moorhaven Dr","Louisville","KY","40219"
36497,"373 S Galt Ave","Louisville","KY","40206"
36498,"2 Priscilla Ct","Louisville","KY","40216"
36499,"6406 Seaton Ln","Louisville","KY","40291"
36500,"9532 Farmstead Ln","Louisville","KY","40291"
36501,"4401 Gaudet Rd","Louisville","KY","40299"
36502,"1059 S 43rd St","Louisville","KY","40211"
36503,"9717 Saturn Dr","Louisville","KY","40229"
36504,"2121 Peabody Ln","Louisville","KY","40218"
36505,"4008 Woodruff Ave","Louisville","KY","40215"
36506,"10522 Glenmary Farm Dr","Louisville","KY","40291"
36507,"3731 Willmar Ave","Louisville","KY","40218"
36508,"2107 Kenilworth Pl","Louisville","KY","40205"
36509,"3705 Baymeadow Dr","Louisville","KY","40258"
36510,"7608 Fort Sumter Ct","Louisville","KY","40214"
36511,"2649 Grinstead Dr","Louisville","KY","40206"
36512,"9507 Stonelanding Pl","Louisville","KY","40272"
36513,"1014 Burning Springs Dr","Louisville","KY","40223"
36514,"521 Woodlake Dr","Louisville","KY","40245"
36515,"123 N Charlton St","Louisville","KY","40206"
36516,"1009 E Muhammad Ali Blvd","Louisville","KY","40204"
36517,"10922 Talon Way","Louisville","KY","40223"
36518,"8617 Montrie Ct","Louisville","KY","40219"
36519,"943 E Oak St","Louisville","KY","40204"
36520,"1310 Arcade Ave","Louisville","KY","40215"
36521,"1047 Eastern Pkwy","Louisville","KY","40217"
36522,"2502 Howard St","Louisville","KY","40211"
36523,"1104 Lehigh Ave","Louisville","KY","40215"
36524,"11209 Ashbrooke Gardens Dr","Louisville","KY","40229"
36525,"428 Camp St","Louisville","KY","40203"
36526,"4319 Wilshire Ave","Louisville","KY","40216"
36527,"3351 Grand Ave","Louisville","KY","40211"
36528,"1025 Reasor Ave","Louisville","KY","40217"
36529,"9905 Stonehenge Way","Louisville","KY","40241"
36530,"10104 Day Lilly Ct","Louisville","KY","40241"
36531,"11108 Foxbrook Ct","Louisville","KY","40223"
36532,"109 Beckley Woods Dr","Louisville","KY","40245"
36533,"1633 Belmar Dr","Louisville","KY","40213"
36534,"4821 Burris Dr","Louisville","KY","40291"
36535,"4814 Palma Rd","Louisville","KY","40272"
36536,"4704 Billtown Rd","Louisville","KY","40299"
36537,"2431 Hawthorne Ave","Louisville","KY","40205"
36538,"5420 Cedarwood Dr","Louisville","KY","40272"
36539,"2324 W Ormsby Ave","Louisville","KY","40210"
36540,"9724 Scarborough Ave","Louisville","KY","40272"
36541,"5912 Manson Way","Louisville","KY","40258"
36542,"6004 Emmalee Dr","Louisville","KY","40219"
36543,"3000 Brookway Ct","Louisville","KY","40214"
36544,"3101 Bank St","Louisville","KY","40212"
36545,"5805 Robinhood Ln","Louisville","KY","40219"
36546,"2404 Blevins Gap Rd","Louisville","KY","40272"
36547,"11001 Lehr Rd","Louisville","KY","40272"
36548,"2910 Petty Jay Rd","Louisville","KY","40220"
36549,"1704 Ashfield Ln","Louisville","KY","40220"
36550,"5021 Fay Ave","Louisville","KY","40214"
36551,"7115 Greengate Ct","Louisville","KY","40241"
36552,"137 Gardiner Lake Rd","Louisville","KY","40205"
36553,"2536 Bank St","Louisville","KY","40212"
36554,"10300 Timberwood Cir","Louisville","KY","40223"
36555,"1815 Fleming Rd","Louisville","KY","40205"
36556,"3501 Lodge Ln","Apt 102","Louisville",
36557,"3221 Furman Blvd","Louisville","KY","40220"
36558,"4025 Lomond Dr","Louisville","KY","40216"
36559,"4409 Watercrest Ct","Louisville","KY","40241"
36560,"5000 Axtell Ave","Louisville","KY","40258"
36561,"5407 Gaskin Ct","Louisville","KY","40229"
36562,"4701 Rossmoor Dr","Louisville","KY","40219"
36563,"3322 Robin Rd","Louisville","KY","40213"
36564,"4503 Garda Dr","Louisville","KY","40219"
36565,"7110 Sunny Vale Way","Louisville","KY","40272"
36566,"12313 Saint Clair Dr","Louisville","KY","40243"
36567,"807 Gagel Ave","Louisville","KY","40216"
36568,"316 Moser Rd","Louisville","KY","40223"
36569,"6307 Nigel Dr","Louisville","KY","40216"
36570,"8326 Regency Woods Way","Louisville","KY","40220"
36571,"4414 Saint Regis Ln","Louisville","KY","40220"
36572,"12225 Crosswinds Dr","Louisville","KY","40243"
36573,"7409 Switch Bark Rd","Louisville","KY","40228"
36574,"1346 S Brook St","Louisville","KY","40208"
36575,"309 Sage Rd","Louisville","KY","40207"
36576,"4613 Ash Ave","Louisville","KY","40258"
36577,"513 Cloverlea Rd","Louisville","KY","40206"
36578,"8306 Atlanta Pkwy","Louisville","KY","40214"
36579,"1309 Navajo Ct","Louisville","KY","40207"
36580,"4902 Greenview Ct","Louisville","KY","40216"
36581,"6005 Bowmont Ct","Louisville","KY","40216"
36582,"1231 Valley Dr","Louisville","KY","40213"
36583,"6706 Green Manor Dr","Louisville","KY","40228"
36584,"8304 Rustoak Ln","Louisville","KY","40219"
36585,"10911 Hollyview Ct","Louisville","KY","40299"
36586,"3304 Thrush Rd","Louisville","KY","40213"
36587,"12910 Wooded Forest Rd","Louisville","KY","40243"
36588,"6700 Six Mile Ln","Louisville","KY","40218"
36589,"9002 Lantana Dr","Louisville","KY","40229"
36590,"10409 Sterling Springs Rd","Louisville","KY","40223"
36591,"10215 Eve Adam Dr","Louisville","KY","40272"
36592,"4810 Wellsworth Ave","Louisville","KY","40216"
36593,"609 Donard Park Ave","Louisville","KY","40218"
36594,"8113 Cloudcroft Ln","Louisville","KY","40220"
36595,"4505 Sunflower Ave","Louisville","KY","40216"
36596,"1112 Holly Springs Dr","Louisville","KY","40242"
36597,"13020 Meadowlawn Dr","Louisville","KY","40272"
36598,"5818 Orion Rd","Louisville","KY","40222"
36599,"505 Colonel Anderson Pkwy","Louisville","KY","40222"
36600,"2613 Goldsmith Ln","Louisville","KY","40218"
36601,"3535 Nanz Ave","Louisville","KY","40207"
36602,"1536 W Breckinridge St","Louisville","KY","40210"
36603,"8524 Smithton Rd","Louisville","KY","40219"
36604,"421 James Rd","Louisville","KY","40206"
36605,"5910 Count Turf Dr","Louisville","KY","40272"
36606,"9602 Holiday Dr","Louisville","KY","40272"
36607,"404 Wallace Ave","Louisville","KY","40207"
36608,"9215 Fenmore Ave","Louisville","KY","40272"
36609,"4412 Billy Bone Ct","Louisville","KY","40229"
36610,"3602 Dumesnil St","Louisville","KY","40211"
36611,"3036 Louisa Ave","Louisville","KY","40217"
36612,"2163 Sherwood Ave","Louisville","KY","40205"
36613,"2629 W Madison St","Louisville","KY","40211"
36614,"6211 Yellow Pine Dr","Louisville","KY","40229"
36615,"1511 Polo Fields Ct","Louisville","KY","40245"
36616,"404 Mccready Ave","Louisville","KY","40206"
36617,"8420 Staghorn Dr","Louisville","KY","40242"
36618,"2401 Strotman Rd","Louisville","KY","40216"
36619,"1438 S 9th St","Louisville","KY","40208"
36620,"4412 Tara Ave","Louisville","KY","40216"
36621,"2915 Arlington Rd","Louisville","KY","40220"
36622,"1814 Portland Ave","Louisville","KY","40203"
36623,"5800 Alanadale Dr","Louisville","KY","40272"
36624,"4426 Lochridge Pkwy","Louisville","KY","40299"
36625,"7004 Daisy Ave","Louisville","KY","40258"
36626,"6423 Regency Ln","Louisville","KY","40207"
36627,"5908 Dellrose Dr","Louisville","KY","40258"
36628,"1833 Payne St","Louisville","KY","40206"
36629,"1926 Goldsmith Ln","Unit 75","Louisville",
36630,"10610 Deering Rd","Louisville","KY","40272"
36631,"3106 Summerfield Dr","Louisville","KY","40220"
36632,"7204 Lucille Ave","Louisville","KY","40258"
36633,"5000 Mid Dr","Louisville","KY","40272"
36634,"3405 Norita Ct","Louisville","KY","40220"
36635,"1819 Ashfield Ln","Louisville","KY","40220"
36636,"5108 Princeton Ave","Louisville","KY","40258"
36637,"2119 Hale Ave","Louisville","KY","40210"
36638,"3030 Hartlage Ct","Louisville","KY","40216"
36639,"4308 Vermont Ave","Louisville","KY","40211"
36640,"11721 Saratoga Woods Ct","Louisville","KY","40299"
36641,"5021 Feys Dr","Louisville","KY","40216"
36642,"5607 Ridgecrest Rd","Louisville","KY","40218"
36643,"1825 Gresham Rd","Louisville","KY","40205"
36644,"1401 Saint James Ct","Louisville","KY","40208"
36645,"3901 Sedalia Trl","Louisville","KY","40272"
36646,"4104 Alton Rd","Louisville","KY","40207"
36647,"1401 Cloverhills Dr","Louisville","KY","40216"
36648,"257 Western Rd","Louisville","KY","40229"
36649,"8322 Saint Armands Ct","Louisville","KY","40219"
36650,"9405 Doewood Ln","Louisville","KY","40291"
36651,"2003 Acorn Way","Louisville","KY","40216"
36652,"2509 Dora Dr","Louisville","KY","40214"
36653,"2310 Becker Ct","Louisville","KY","40216"
36654,"1517 Northwind Rd","Louisville","KY","40207"
36655,"11010 Cedar Creek Rd","Louisville","KY","40229"
36656,"6805 Hill Peak Ct","Louisville","KY","40214"
36657,"117 Desert Ct","Louisville","KY","40229"
36658,"925 Charles St","Louisville","KY","40204"
36659,"4210 Fordson Way","Louisville","KY","40211"
36660,"867 Minoma Ave","Louisville","KY","40217"
36661,"9719 Seatonville Rd","Louisville","KY","40291"
36662,"2311 Old Hickory Rd","Louisville","KY","40299"
36663,"613 Floral Ter","Louisville","KY","40208"
36664,"12600 Saint Clair Dr","Louisville","KY","40243"
36665,"8504 Rhett Butler Dr","Louisville","KY","40242"
36666,"3509 Lisbon Ln","Louisville","KY","40218"
36667,"106 Sweetbriar Ln","Louisville","KY","40207"
36668,"3029 Aubert Ave","Louisville","KY","40206"
36669,"4312 Parkay Pl","Louisville","KY","40216"
36670,"832 Lake Forest Pkwy","Louisville","KY","40245"
36671,"9110 Westport Rd","Louisville","KY","40242"
36672,"5514 Mcdeane Rd","Louisville","KY","40216"
36673,"2818 Whitlock St","Louisville","KY","40213"
36674,"1101 S 32nd St","Louisville","KY","40211"
36675,"7004 Honiasant Rd","Louisville","KY","40214"
36676,"3121 Plover Rd","Louisville","KY","40213"
36677,"1304 Fairland Pl","Louisville","KY","40211"
36678,"904 Elm Hill Pl","Louisville","KY","40245"
36679,"10310 Whipps Mill Rd","Louisville","KY","40223"
36680,"2617 Algonquin Pkwy","Louisville","KY","40210"
36681,"8003 Brookglen Ct","Louisville","KY","40220"
36682,"220 S Keats Ave","Louisville","KY","40206"
36683,"9305 Pagoda Dr","Louisville","KY","40229"
36684,"3725 Center St","Louisville","KY","40215"
36685,"3822 Mamaroneck Rd","Louisville","KY","40218"
36686,"4155 Roosevelt Ave","Louisville","KY","40213"
36687,"1000 Springside Way","Louisville","KY","40223"
36688,"12005 Lavenia Ln","Louisville","KY","40272"
36689,"4903 Greenview Ct","Louisville","KY","40216"
36690,"6303 Lone Oak Trl","Louisville","KY","40214"
36691,"1713 Tempest Way","Louisville","KY","40216"
36692,"909 Brentwood Ave","Louisville","KY","40215"
36693,"2612 S 5th St","Louisville","KY","40208"
36694,"1617 Haskin Ave","Louisville","KY","40215"
36695,"6715 Copra Ln","Louisville","KY","40219"
36696,"3801 Riveroaks Cir","Louisville","KY","40241"
36697,"2902 Explorer Dr","Louisville","KY","40218"
36698,"1413 Lancaster Essex Ct","Louisville","KY","40242"
36699,"239 Norwood Way","Louisville","KY","40229"
36700,"1103 Ireland Dr","Louisville","KY","40219"
36701,"3306 Barbour Ln","Louisville","KY","40241"
36702,"10403 Edgewater Rd","Louisville","KY","40223"
36703,"2815 Conestoga Ave","Louisville","KY","40210"
36704,"2102 Mammoth Way","Louisville","KY","40299"
36705,"927 Audubon Pkwy","Louisville","KY","40213"
36706,"5435 Minor Ln","Louisville","KY","40219"
36707,"17 Anchorage Pointe","Louisville","KY","40223"
36708,"7105 Watson Ln","Louisville","KY","40272"
36709,"7010 Heavrin Ave","Louisville","KY","40218"
36710,"2724 Cranston Dr","Louisville","KY","40299"
36711,"7503 Six Mile Ln","Louisville","KY","40220"
36712,"6015 Bay Pine Dr","Louisville","KY","40219"
36713,"3528 Lentz Ave","Louisville","KY","40215"
36714,"7407 Spring House Ln","Louisville","KY","40291"
36715,"9608 Tamarisk Pkwy","Louisville","KY","40223"
36716,"3005 Whiteway Ave","Louisville","KY","40205"
36717,"602 Wimpleton Pl","Louisville","KY","40206"
36718,"3014 Rexford Way","Louisville","KY","40205"
36719,"2814 Winterhaven Rd","Louisville","KY","40220"
36720,"3511 Sudbury Ln","Louisville","KY","40220"
36721,"10903 Alloway Ct","Louisville","KY","40243"
36722,"4414 Rivanna Dr","Louisville","KY","40299"
36723,"5501 Fruitwood Dr","Louisville","KY","40272"
36724,"718 Elsmere Cir","Louisville","KY","40223"
36725,"3516 Maple Rd","Louisville","KY","40299"
36726,"1715 Pershing Ave","Louisville","KY","40242"
36727,"4304 Fence Pl","Louisville","KY","40241"
36728,"3110 Rockaway Dr","Louisville","KY","40216"
36729,"3412 Peleske Dr","Louisville","KY","40216"
36730,"12424 Somerset Dr","Louisville","KY","40229"
36731,"2907 Livingston Ave","Louisville","KY","40299"
36732,"5003 Hunters Point Cir","Louisville","KY","40216"
36733,"14004 Darwin Blvd","Louisville","KY","40272"
36734,"1935 Bonnycastle Ave","Louisville","KY","40205"
36735,"5002 Long Knife Run","Louisville","KY","40207"
36736,"2709 Six Mile Ln","Louisville","KY","40220"
36737,"608 Armadale Pl","Louisville","KY","40243"
36738,"4254 Regina Ln","Louisville","KY","40213"
36739,"1305 Whirlaway Dr","Louisville","KY","40242"
36740,"1805 Bonnycastle Ave","Louisville","KY","40205"
36741,"2130 Douglass Blvd","Louisville","KY","40205"
36742,"3215 Oriole Dr","Louisville","KY","40213"
36743,"6013 Highgrade Dr","Louisville","KY","40291"
36744,"9503 Dabney Carr Dr","Louisville","KY","40299"
36745,"7709 Hermits Run Rd","Louisville","KY","40291"
36746,"8729 Running Fox Cir","Louisville","KY","40291"
36747,"2104 New Main St","Louisville","KY","40206"
36748,"7411 Jonathan Way","Louisville","KY","40228"
36749,"6008 Cole Ave","Louisville","KY","40258"
36750,"3108 Freys Hill Rd","Louisville","KY","40241"
36751,"4503 Dakin Ct","Louisville","KY","40299"
36752,"10414 Sunlight Ln","Louisville","KY","40272"
36753,"4420 Eagles Cove Ct","Louisville","KY","40241"
36754,"3012 Don Dee Dr","Louisville","KY","40220"
36755,"7604 Johnson School Rd","Louisville","KY","40291"
36756,"6116 Trappers Ridge Cir","Louisville","KY","40216"
36757,"3115 Grant Ave","Louisville","KY","40214"
36758,"307 N Hubbards Ln","Louisville","KY","40207"
36759,"4113 Quiet Way","Louisville","KY","40219"
36760,"6401 Watch Hill Rd","Louisville","KY","40228"
36761,"2024 Tyler Ln","Louisville","KY","40205"
36762,"2519 Jenlee Ln","Louisville","KY","40216"
36763,"1105 S Brook St","Louisville","KY","40203"
36764,"7005 Uranus Dr","Louisville","KY","40258"
36765,"8508 Bambi Way","Louisville","KY","40214"
36766,"10413 Bayport Rd","Louisville","KY","40299"
36767,"4826 Nottinghamshire Dr","Louisville","KY","40299"
36768,"2516 Stony Brook Dr","Louisville","KY","40220"
36769,"1303 Pollitt Ct","Louisville","KY","40223"
36770,"12009 Rock Spring Ct","Louisville","KY","40245"
36771,"5131 Fay Ave","Louisville","KY","40214"
36772,"2504 Dora Dr","Louisville","KY","40214"
36773,"8913 Zabel Way","Louisville","KY","40291"
36774,"335 Circle Valley Dr","Louisville","KY","40229"
36775,"1232 Dahl Rd","Louisville","KY","40213"
36776,"46 Winifrede Ln","Louisville","KY","40206"
36777,"10209 Timberwood Cir","Louisville","KY","40223"
36778,"9111 Holly Springs Ct","Louisville","KY","40242"
36779,"7705 Hermits Run Rd","Louisville","KY","40291"
36780,"5808 Southland Ter","Louisville","KY","40214"
36781,"612 Maryhill Ln","Louisville","KY","40207"
36782,"8905 Annlou Dr","Louisville","KY","40272"
36783,"11704 Fountain Hall Ct","Louisville","KY","40299"
36784,"2214 Elmhurst Ave","Louisville","KY","40216"
36785,"2315 Upper Hunters Trce","Louisville","KY","40216"
36786,"4822 S 5th St","Louisville","KY","40214"
36787,"5004 Valley Station Rd","Louisville","KY","40272"
36788,"9803 Katie Ct","Louisville","KY","40291"
36789,"2503 Paulcrest Ct","Louisville","KY","40242"
36790,"1619 Bonnycastle Ave","Louisville","KY","40205"
36791,"8203 Damascus Rd","Unit C","Louisville",
36792,"1510 Cadet Ct","Louisville","KY","40222"
36793,"171 Wiseland Way","Louisville","KY","40229"
36794,"5110 Sprucewood Dr","Louisville","KY","40291"
36795,"11412 Garden Trace Dr","Louisville","KY","40229"
36796,"6350 Limewood Cir","Louisville","KY","40222"
36797,"1626 S 30th St","Louisville","KY","40211"
36798,"8209 Nancy Ln","Louisville","KY","40258"
36799,"7106 Saint Anthonys Church Rd","Louisville","KY","40214"
36800,"2454 Glenmary Ave","Apt 3","Louisville",
36801,"5108 Princewood Pl","Louisville","KY","40216"
36802,"3903 Dellafay Dr","Louisville","KY","40219"
36803,"973 Dublin Cir","Louisville","KY","40229"
36804,"4611 Summitt Dr","Louisville","KY","40229"
36805,"9303 Whipps Mill Rd","Louisville","KY","40242"
36806,"3517 Janell Rd","Louisville","KY","40216"
36807,"2103 Murray Ave","Louisville","KY","40205"
36808,"8227 Delido Rd","Louisville","KY","40219"
36809,"2513 W Muhammad Ali Blvd","Louisville","KY","40212"
36810,"240 Meadowood Rd","Louisville","KY","40229"
36811,"3 Normandie Vlg","Louisville","KY","40205"
36812,"11710 Wicker Ct","Louisville","KY","40299"
36813,"11711 Wicker Ct","Louisville","KY","40299"
36814,"1920 Elba Dr","Louisville","KY","40218"
36815,"2020 Kendall Ln","Louisville","KY","40216"
36816,"4400 Century Rd","Louisville","KY","40299"
36817,"7104 W Shefford Ln","Louisville","KY","40242"
36818,"143 Greenbriar Ln","Louisville","KY","40229"
36819,"3603 Winchester Rd","Louisville","KY","40207"
36820,"2543 Dell Rd","Louisville","KY","40205"
36821,"2124 Mccloskey Ave","Louisville","KY","40210"
36822,"100 S 37th St","Louisville","KY","40212"
36823,"4312 Seagrape Rd","Louisville","KY","40299"
36824,"10434 Going Ct","Louisville","KY","40241"
36825,"406 Pennyroyal Way","Louisville","KY","40223"
36826,"4108 Shady Villa Dr","Louisville","KY","40219"
36827,"7305 Ridan Way","Louisville","KY","40214"
36828,"9006 Fawn Ct","Louisville","KY","40242"
36829,"1444 Catalpa St","Louisville","KY","40211"
36830,"9101 Thompson Ln","Louisville","KY","40258"
36831,"436 N 41st St","Louisville","KY","40212"
36832,"2910 S Crums Ln","Louisville","KY","40216"
36833,"1094 Forrest View Dr","Louisville","KY","40219"
36834,"533 Blossom Rd","Louisville","KY","40229"
36835,"7618 Cedar Hollow Dr","Louisville","KY","40291"
36836,"1612 Whippoorwill Rd","Louisville","KY","40213"
36837,"1725 W Ormsby Ave","Louisville","KY","40210"
36838,"2327 Saratoga Dr","Louisville","KY","40205"
36839,"3608 Lisa Ln","Louisville","KY","40299"
36840,"512 School Way","Louisville","KY","40214"
36841,"1126 E Saint Catherine St","Louisville","KY","40204"
36842,"4704 Rustburg Pl","Louisville","KY","40245"
36843,"4705 Settle Blvd","Louisville","KY","40219"
36844,"6616 Monty Ln","Louisville","KY","40291"
36845,"9901 Chapel Hill Rd","Louisville","KY","40229"
36846,"9800 Meadow Vale Dr","Louisville","KY","40242"
36847,"3607 Nellie Bly Dr","Louisville","KY","40213"
36848,"266 Greenbriar Ln","Louisville","KY","40229"
36849,"803 Kinross Pl","Louisville","KY","40243"
36850,"14406 Brook Forest Pl","Louisville","KY","40245"
36851,"2129 Sycamore Ave","Louisville","KY","40206"
36852,"8906 Mountain Brook Ct","Louisville","KY","40272"
36853,"307 S Bayly Ave","Louisville","KY","40206"
36854,"10301 Long Home Rd","Louisville","KY","40291"
36855,"2213 Darrell Dr","Louisville","KY","40216"
36856,"3113 Michael Dr","Louisville","KY","40220"
36857,"3032 Wyandotte Ave","Louisville","KY","40210"
36858,"7413 Ronan Dr","Louisville","KY","40258"
36859,"4109 Martha Ave","Louisville","KY","40220"
36860,"1240 Manitau Ave","Louisville","KY","40215"
36861,"2515 Saint Xavier St","Louisville","KY","40212"
36862,"2807 Browns Ln","Louisville","KY","40220"
36863,"2608 Harmony Rd","Louisville","KY","40299"
36864,"5105 S Watterson Trl","Louisville","KY","40291"
36865,"1823 Eastern Pkwy","Louisville","KY","40204"
36866,"3109 Weather Way","Louisville","KY","40220"
36867,"8518 Mckenna Way","Louisville","KY","40291"
36868,"506 Westwood Dr","Louisville","KY","40243"
36869,"5608 Chestnutwood Way","Louisville","KY","40272"
36870,"11107 Foxbrook Ct","Louisville","KY","40223"
36871,"1626 Windsor Pl","Louisville","KY","40204"
36872,"304 N Hubbards Ln","Louisville","KY","40207"
36873,"4208 Hunsinger Ln","Louisville","KY","40220"
36874,"3320 Bardstown Rd","Apt 37","Louisville",
36875,"8814 Lakeridge Dr","Louisville","KY","40272"
36876,"9905 Roundstone Trce","Louisville","KY","40223"
36877,"5612 Riata Ct","Louisville","KY","40218"
36878,"17211 Polo Fields Ln","Louisville","KY","40245"
36879,"8418 Cloverport Dr","Louisville","KY","40228"
36880,"825 Fetter Ave","Louisville","KY","40217"
36881,"904 Packard Ave","Louisville","KY","40217"
36882,"4204 Roosevelt Ave","Louisville","KY","40213"
36883,"10819 Golden Dr","Louisville","KY","40272"
36884,"426 Country Ln","Louisville","KY","40207"
36885,"8004 Waterfern Way","Louisville","KY","40291"
36886,"4807 New Cut Rd","Louisville","KY","40214"
36887,"1210 Rock Falls Trce","Louisville","KY","40223"
36888,"806 Foxfire Dr","Louisville","KY","40223"
36889,"7804 Valley Spring Ct","Louisville","KY","40220"
36890,"2600 Drayton Dr","Louisville","KY","40205"
36891,"2564 Woodbourne Ave","Louisville","KY","40205"
36892,"4504 Sedgefield Ct","Louisville","KY","40216"
36893,"9513 Dabney Carr Dr","Louisville","KY","40299"
36894,"8606 Gamekeeper Ct","Louisville","KY","40291"
36895,"2132 Strathmoor Blvd","Louisville","KY","40205"
36896,"11102 Ainwick Ct","Louisville","KY","40243"
36897,"6500 Upper Hunters Trce","Louisville","KY","40216"
36898,"9815 Grenfell Way","Louisville","KY","40242"
36899,"10305 Cooperwood Ct","Louisville","KY","40229"
36900,"511 Tucker Station Rd","Louisville","KY","40243"
36901,"1011 Lydia St","Louisville","KY","40217"
36902,"937 Mulberry St","Louisville","KY","40217"
36903,"165 Vernon Ave","Louisville","KY","40206"
36904,"3643 Hurstbourne Ridge Blvd","Louisville","KY","40299"
36905,"7208 Trail Ridge Ct","Louisville","KY","40241"
36906,"2151 Baringer Ave","Louisville","KY","40204"
36907,"1100 Hennepin Dr","Louisville","KY","40214"
36908,"501 Fenley Ave","Louisville","KY","40222"
36909,"1662 Richmond Dr","Louisville","KY","40205"
36910,"10306 Foxboro Dr","Louisville","KY","40223"
36911,"7215 Rockwood Rd","Louisville","KY","40219"
36912,"1705 Parkridge Pkwy","Louisville","KY","40214"
36913,"11502 Fisherman Way","Louisville","KY","40241"
36914,"4115 Berkshire Ave","Louisville","KY","40220"
36915,"1131 Blackthorn Rd","Louisville","KY","40299"
36916,"2701 Allston Ave","Louisville","KY","40210"
36917,"1744 Casselberry Rd","Louisville","KY","40205"
36918,"1609 Rangeland Rd","Louisville","KY","40219"
36919,"4403 Dover Rd","Louisville","KY","40216"
36920,"6507 Elmwood St","Louisville","KY","40216"
36921,"4307 Accomack Dr","Louisville","KY","40241"
36922,"1611 Dundee Way","Louisville","KY","40205"
36923,"5426 Cedarwood Dr","Louisville","KY","40272"
36924,"4315 W Muhammad Ali Blvd","Louisville","KY","40212"
36925,"1288 Royal Ave","Louisville","KY","40204"
36926,"7749 3rd Street Rd","Louisville","KY","40214"
36927,"10501 Mcmeekin Ln","Unit 205","Louisville",
36928,"2510 Valletta Rd","Louisville","KY","40205"
36929,"2130 W Hill St","Louisville","KY","40210"
36930,"4120 Pomeroy Ct","Louisville","KY","40218"
36931,"2802 Jomarie Ct","Louisville","KY","40220"
36932,"3403 Audubon Ridge Ct","Louisville","KY","40213"
36933,"433 Marquette Dr","Louisville","KY","40222"
36934,"5406 Monaco Dr","Louisville","KY","40219"
36935,"5100 Ferrer Way","Louisville","KY","40291"
36936,"1712 Parkridge Pkwy","Louisville","KY","40214"
36937,"1703 Harold Ave","Louisville","KY","40210"
36938,"10313 Carriage House Ct","Louisville","KY","40223"
36939,"1525 Knight Rd","Louisville","KY","40216"
36940,"4018 Hycliffe Ave","Louisville","KY","40207"
36941,"507 Halkirk Ct","Louisville","KY","40243"
36942,"4823 Imperial Ter","Louisville","KY","40216"
36943,"306 New England Ct","Louisville","KY","40214"
36944,"10215 Davinhurst Ct","Louisville","KY","40241"
36945,"6110 Trappers Ridge Cir","Louisville","KY","40216"
36946,"3333 Kramers Ln","Louisville","KY","40216"
36947,"6905 Hallwood Ct","Louisville","KY","40291"
36948,"14108 Henderson Ave","Louisville","KY","40272"
36949,"151 Overlook Rd","Louisville","KY","40229"
36950,"3304 Pinehurst Ln","Louisville","KY","40241"
36951,"1011 Mulberry St","Louisville","KY","40217"
36952,"1920 Cypress St","Louisville","KY","40210"
36953,"206 Mockingbird Gardens Dr","Louisville","KY","40207"
36954,"5114 Poplar Level Rd","Louisville","KY","40219"
36955,"4712 Settle Blvd","Louisville","KY","40219"
36956,"4335 Rockwood Dr","Louisville","KY","40220"
36957,"4911 Axtell Ave","Louisville","KY","40258"
36958,"1517 Anderson St","Louisville","KY","40210"
36959,"1222 Audubon Pkwy","Louisville","KY","40213"
36960,"1702 Tyler Pkwy","Louisville","KY","40204"
36961,"9210 Axminster Dr","Louisville","KY","40299"
36962,"2415 Boulevard","Napoleon","Louisville",
36963,"5212 Green Cove Cir","Louisville","KY","40218"
36964,"4600 Spen Lea Rd","Louisville","KY","40216"
36965,"6315 Price Lane Rd","Louisville","KY","40229"
36966,"6711 Sycamore Woods Dr","Louisville","KY","40241"
36967,"8412 Berea Dr","Louisville","KY","40228"
36968,"3001 Debera Way","Louisville","KY","40220"
36969,"3148 Lexington Rd","Louisville","KY","40206"
36970,"3825 Staebler Ave","Louisville","KY","40207"
36971,"3706 Rosa Ter","Louisville","KY","40216"
36972,"1925 Strathmoor Blvd","Louisville","KY","40205"
36973,"4408 Watercrest Ct","Louisville","KY","40241"
36974,"3027 Bobolink Rd","Louisville","KY","40217"
36975,"7721 Crestline Rd","Louisville","KY","40214"
36976,"205 Mockingbird Gardens Dr","Louisville","KY","40207"
36977,"8825 Roman Ct","Louisville","KY","40291"
36978,"10812 Bell Rock Ct","Louisville","KY","40243"
36979,"12510 Hiawatha Ave","Louisville","KY","40223"
36980,"7802 Valley Spring Ct","Louisville","KY","40220"
36981,"3332 Radiance Rd","Louisville","KY","40220"
36982,"1237 S 17th St","Louisville","KY","40210"
36983,"10801 Emma Jean Way","Louisville","KY","40272"
36984,"232 Briarwood Ln","Louisville","KY","40229"
36985,"3015 Louisa Ave","Louisville","KY","40217"
36986,"217 Mackie Ln","Louisville","KY","40214"
36987,"9909 Scrim Ave","Louisville","KY","40272"
36988,"1057 Runell Rd","Louisville","KY","40214"
36989,"9813 Turnpike View Dr","Louisville","KY","40229"
36990,"7604 Northern Spy Ct","Louisville","KY","40228"
36991,"4803 Haney Way","Louisville","KY","40272"
36992,"3601 Norbourne Blvd","Louisville","KY","40207"
36993,"8414 Berea Dr","Louisville","KY","40228"
36994,"11907 Halifax Dr","Louisville","KY","40245"
36995,"3420 Hycliffe Ave","Louisville","KY","40207"
36996,"7706 Glaser Ln","Louisville","KY","40228"
36997,"8300 Happiness Way","Louisville","KY","40291"
36998,"7502 Glen Arbor Rd","Louisville","KY","40222"
36999,"1120 Louis Coleman Jr Dr","Louisville","KY","40211"
37000,"12325 Somerset Dr","Louisville","KY","40229"
37001,"11 Sterling Rd","Louisville","KY","40220"
37002,"802 S 32nd St","Louisville","KY","40211"
37003,"442 Knightsbridge Rd","Louisville","KY","40206"
37004,"504 Donald Newton Ln","Louisville","KY","40243"
37005,"10415 Villa Dr","Louisville","KY","40272"
37006,"8623 Lambach Ln","Louisville","KY","40220"
37007,"817 Gagel Ave","Louisville","KY","40216"
37008,"4805 Sunday Dr","Louisville","KY","40219"
37009,"274 Blarney Ln","Louisville","KY","40229"
37010,"9811 Four Seasons Ln","Louisville","KY","40241"
37011,"1534 Quadrant Ave","Louisville","KY","40205"
37012,"1724 Clayton Rd","Louisville","KY","40205"
37013,"7114 Austinwood Rd","Louisville","KY","40214"
37014,"1835 Burwell Ave","Louisville","KY","40210"
37015,"3804 Spring Willow Ct","Louisville","KY","40299"
37016,"11707 Fountain Hall Ct","Louisville","KY","40299"
37017,"1308 Etawah Ave","Louisville","KY","40222"
37018,"1932 W Muhammad Ali Blvd","Louisville","KY","40203"
37019,"3834 Hunsinger Ln","Louisville","KY","40220"
37020,"1910 Maricopa Ct","Louisville","KY","40223"
37021,"801 Cattleya Ct","Louisville","KY","40207"
37022,"5313 Velle Vista Dr","Louisville","KY","40272"
37023,"3321 Dell Rd","Louisville","KY","40299"
37024,"497 Beechland Rd","Louisville","KY","40229"
37025,"2350 Page Ave","Louisville","KY","40205"
37026,"1200 Oxmoor Woods Pkwy","Louisville","KY","40222"
37027,"944 Burton Ave","Louisville","KY","40208"
37028,"2610 Lamborne Blvd","Louisville","KY","40272"
37029,"1007 Hess Ln","Louisville","KY","40217"
37030,"208 Shawnee Dr","Louisville","KY","40212"
37031,"3321 Breaux Dr","Louisville","KY","40220"
37032,"4114 Wooded Way","Louisville","KY","40219"
37033,"4206 Saratoga Woods Dr","Louisville","KY","40299"
37034,"3431 Fern Lea Rd","Louisville","KY","40216"
37035,"1718 Claremoor Dr","Louisville","KY","40223"
37036,"1972 Goldsmith Ln","Apt 1","Louisville",
37037,"1622 Trevilian Way","Louisville","KY","40205"
37038,"1905 Floradora Dr","Louisville","KY","40272"
37039,"3532 Autumn Way","Louisville","KY","40218"
37040,"3429 Westwood Farms Dr","Louisville","KY","40220"
37041,"8214 Kimberly Way","Louisville","KY","40291"
37042,"12503 Berrytown Rd","Louisville","KY","40223"
37043,"2235 Fairland Ave","Louisville","KY","40218"
37044,"3903 Cane Run Rd","Louisville","KY","40211"
37045,"9409 Stonelanding Pl","Louisville","KY","40272"
37046,"8548 Robbins Rd","Louisville","KY","40258"
37047,"8703 Shelbyville Rd","Louisville","KY","40222"
37048,"6805 Downs Branch Rd","Louisville","KY","40228"
37049,"4214 Cutliff Dr","Louisville","KY","40218"
37050,"14411 Broad Oak Pl","Louisville","KY","40245"
37051,"2811 Girard Dr","Louisville","KY","40213"
37052,"3726 Garland Ave","Louisville","KY","40211"
37053,"304 Pepperbush Rd","Louisville","KY","40207"
37054,"8009 Red Bud Hill Dr","Louisville","KY","40228"
37055,"2311 Marguerite Dr","Louisville","KY","40216"
37056,"4704 Huckleberry Ct","Louisville","KY","40216"
37057,"324 W Southside Ct","Louisville","KY","40214"
37058,"4011 Willowview Blvd","Louisville","KY","40299"
37059,"9004 Thoroughbred Ct","Louisville","KY","40291"
37060,"8618 Wintergreen Ct","Louisville","KY","40242"
37061,"1314 Cypress St","Louisville","KY","40211"
37062,"5568 Dorinda Dr","Louisville","KY","40258"
37063,"2601 Bancroft Ln","Louisville","KY","40242"
37064,"8614 Lambach Ln","Louisville","KY","40220"
37065,"6615 Burlwood Dr","Louisville","KY","40229"
37066,"1803 Ashmoor Ln","Louisville","KY","40223"
37067,"7217 Alameter Ct","Louisville","KY","40258"
37068,"503 Plainview Ave","Louisville","KY","40223"
37069,"44 Warren Rd","Louisville","KY","40206"
37070,"3517 Winterberry Cir","Louisville","KY","40207"
37071,"7314 Kort Way","Louisville","KY","40220"
37072,"10745 Hobbs Station Rd","Louisville","KY","40223"
37073,"411 Willow Stone Way","Louisville","KY","40223"
37074,"2501 Ransdell Ave","Louisville","KY","40204"
37075,"2100 Markwood Rd","Louisville","KY","40223"
37076,"401 Fellswood Pl","Louisville","KY","40243"
37077,"4407 Peregrine Pl","Louisville","KY","40241"
37078,"277 Prairie Dr","Louisville","KY","40229"
37079,"3731 Avon Ct","Louisville","KY","40220"
37080,"1112 S 26th St","Louisville","KY","40210"
37081,"224 S 41st St","Louisville","KY","40212"
37082,"8207 Aspen Ave","Louisville","KY","40258"
37083,"2929 White Plains Rd","Louisville","KY","40218"
37084,"8014 Avanti Way","Louisville","KY","40291"
37085,"7408 King William Ct","Louisville","KY","40214"
37086,"1355 Huntoon Ave","Louisville","KY","40215"
37087,"8400 Lake Superior Dr","Louisville","KY","40291"
37088,"3211 Beals Branch Dr","Louisville","KY","40206"
37089,"4305 Quiet Way","Louisville","KY","40219"
37090,"3522 Henry Ave","Louisville","KY","40215"
37091,"2818 Murray Hill Pike","Louisville","KY","40242"
37092,"3620 Colmar Dr","Louisville","KY","40211"
37093,"6309 Linstead Rd","Louisville","KY","40228"
37094,"5808 Alicante Ln","Louisville","KY","40272"
37095,"7019 Woodhaven Rd","Louisville","KY","40291"
37096,"5101 Miles Ln","Louisville","KY","40219"
37097,"807 Flicker Rd","Louisville","KY","40214"
37098,"10108 Blue Creek Dr","Louisville","KY","40229"
37099,"14012 Echo Hill Trl","Louisville","KY","40299"
37100,"9003 Henry Clay Dr","Louisville","KY","40242"
37101,"547 S 20th St","Louisville","KY","40203"
37102,"1150 Lincoln Ave","Louisville","KY","40208"
37103,"5708 Jeanine Dr","Louisville","KY","40219"
37104,"7616 Charron Rd","Louisville","KY","40220"
37105,"3002 Lambach Ct","Louisville","KY","40220"
37106,"1200 Reutlinger Ave","Louisville","KY","40204"
37107,"1509 Polo Fields Ct","Louisville","KY","40245"
37108,"8608 Herefordshire Dr","Louisville","KY","40222"
37109,"301 Brentford Ct","Louisville","KY","40243"
37110,"1328 Thornberry Ave","Louisville","KY","40215"
37111,"7207 Strive Ln","Louisville","KY","40258"
37112,"6311 Riverdale Rd","Louisville","KY","40272"
37113,"8105 Edsel Ln","Louisville","KY","40291"
37114,"4102 Saratoga Woods Dr","Louisville","KY","40299"
37115,"5614 Whispering Hills Blvd","Louisville","KY","40219"
37116,"4920 Rockaway Cir","Louisville","KY","40216"
37117,"8318 Lacevine Rd","Louisville","KY","40220"
37118,"2904 Miles Rd","Louisville","KY","40220"
37119,"1808 Ashfield Ln","Louisville","KY","40220"
37120,"8523 Linda Rd","Louisville","KY","40219"
37121,"416 Whiteheath Ln","Louisville","KY","40243"
37122,"8600 Banbridge Rd","Louisville","KY","40242"
37123,"1813 Farnsley Rd","Louisville","KY","40216"
37124,"5133 Milner Rd","Louisville","KY","40216"
37125,"2012 Dubourg Ave","Louisville","KY","40216"
37126,"4405 Woodgate Ln","Louisville","KY","40220"
37127,"3912 Dellafay Dr","Louisville","KY","40219"
37128,"419 Majestic Blvd","Louisville","KY","40229"
37129,"7504 Devereaux Ln","Louisville","KY","40258"
37130,"4107 Caven Ct","Louisville","KY","40229"
37131,"1700 Ashfield Ln","Louisville","KY","40220"
37132,"184 Vernon Ave","Louisville","KY","40206"
37133,"1603 Marne Ct","Louisville","KY","40242"
37134,"3417 Virginia Ave","Louisville","KY","40211"
37135,"9800 Anita Blvd","Louisville","KY","40272"
37136,"929 Mulberry St","Louisville","KY","40217"
37137,"10014 Prairie Dr","Louisville","KY","40272"
37138,"9203 Mitchell Ln","Louisville","KY","40272"
37139,"1800 Woodbourne Ave","Louisville","KY","40205"
37140,"322 S 39th St","Louisville","KY","40212"
37141,"7706 Hepatica Dr","Louisville","KY","40258"
37142,"213 Wenham Way","Louisville","KY","40223"
37143,"9116 Westport Rd","Louisville","KY","40242"
37144,"1641 Sale Ave","Louisville","KY","40215"
37145,"1196 Bicknell Ave","Louisville","KY","40215"
37146,"4215 Greenwell Ln","Louisville","KY","40216"
37147,"7160 Beechland Ave","Louisville","KY","40258"
37148,"9111 Stonecrest Dr","Louisville","KY","40272"
37149,"2703 Marguerite Dr","Louisville","KY","40216"
37150,"3821 Klondike Ln","Louisville","KY","40218"
37151,"5422 Fruitwood Dr","Louisville","KY","40272"
37152,"1416 Willow Ave","Apt 8A","Louisville",
37153,"206 Flanders Ct","Apt 3","Louisville",
37154,"700 Brentwood Ave","Louisville","KY","40215"
37155,"4841 Brenda Dr","Louisville","KY","40219"
37156,"4307 S Park Rd","Louisville","KY","40219"
37157,"4710 Southern Pkwy","Louisville","KY","40214"
37158,"10309 Cooperwood Ct","Louisville","KY","40229"
37159,"4613 Wolfspring Dr","Louisville","KY","40241"
37160,"1317 Homeview Dr","Louisville","KY","40215"
37161,"8510 Hurstbourne Woods Pl","Louisville","KY","40299"
37162,"1716 Hasty Way","Louisville","KY","40216"
37163,"9316 Fairground Rd","Louisville","KY","40291"
37164,"5103 Stony Brook Dr","Louisville","KY","40291"
37165,"6310 Big Ben Dr","Louisville","KY","40291"
37166,"9010 Split Rail Dr","Louisville","KY","40272"
37167,"605 Briar Hill Rd","Louisville","KY","40206"
37168,"5109 Graston Ct","Louisville","KY","40216"
37169,"5407 Euclid Ave","Louisville","KY","40272"
37170,"10706 Colonial Woods Ct","Louisville","KY","40223"
37171,"11016 Neptune Pl","Louisville","KY","40272"
37172,"2426 Aintree Way","Louisville","KY","40220"
37173,"4249 Regina Ln","Louisville","KY","40213"
37174,"4301 San Marcos Rd","Louisville","KY","40299"
37175,"1800 Ashfield Ln","Louisville","KY","40220"
37176,"10706 Colonial Woods Way","Louisville","KY","40223"
37177,"2305 S 36th St","Louisville","KY","40211"
37178,"3810 Pflanz Ave","Louisville","KY","40212"
37179,"3802 Northwestern Pkwy","Louisville","KY","40212"
37180,"810 Foxgate Rd","Louisville","KY","40223"
37181,"8411 Hurstbourne Woods Pl","Louisville","KY","40299"
37182,"2905 Lencott Dr","Louisville","KY","40216"
37183,"10324 Keystone Trce","Louisville","KY","40223"
37184,"1411 Cadet Ct","Louisville","KY","40222"
37185,"9811 Scarborough Ave","Louisville","KY","40272"
37186,"203 Daleview Ln","Louisville","KY","40207"
37187,"1038 Oakwood Ave","Louisville","KY","40215"
37188,"9402 Springmont Pl","Louisville","KY","40241"
37189,"7009 Field View Ct","Louisville","KY","40291"
37190,"6300 Cedarpost Ct","Louisville","KY","40291"
37191,"2539 Doup Ave","Louisville","KY","40205"
37192,"7820 Appleview Ln","Louisville","KY","40228"
37193,"2341 Strathmoor Blvd","Louisville","KY","40205"
37194,"4202 Rivanna Dr","Louisville","KY","40299"
37195,"3801 Greenwood Ave","Louisville","KY","40211"
37196,"206 N 37th St","Louisville","KY","40212"
37197,"646 Cobblestone Sq","Louisville","KY","40223"
37198,"800 Dresden Ave","Louisville","KY","40215"
37199,"1915 Roanoke Ave","Louisville","KY","40205"
37200,"710 Lydgate Cv","Louisville","KY","40222"
37201,"516 Marquette Dr","Louisville","KY","40222"
37202,"10515 Glenmary Farm Dr","Louisville","KY","40291"
37203,"5402 Bramble Ct","Louisville","KY","40258"
37204,"9406 Tiverton Ct","Louisville","KY","40242"
37205,"8302 Sunny Ridge Ct","Louisville","KY","40299"
37206,"8615 Wooded Glen Rd","Louisville","KY","40220"
37207,"8508 Roseborough Rd","Louisville","KY","40228"
37208,"2509 W Hill St","Louisville","KY","40210"
37209,"1006 Winkler Ave","Louisville","KY","40208"
37210,"409 Pleasantview Ave","Louisville","KY","40206"
37211,"9113 Wooddale Dr","Louisville","KY","40272"
37212,"3506 Gladden Dr","Louisville","KY","40218"
37213,"9805 Four Seasons Ln","Louisville","KY","40241"
37214,"510 Auburn Oaks Dr","Louisville","KY","40214"
37215,"5807 Bucks Ln","Louisville","KY","40291"
37216,"10011 Cherry Ridge Dr","Louisville","KY","40291"
37217,"102 W Garrett St","Louisville","KY","40214"
37218,"2218 Standard Ave","Louisville","KY","40210"
37219,"1351 Sale Ave","Louisville","KY","40215"
37220,"3301 Colonial Manor Cir","Unit 5B","Louisville",
37221,"3108 Thousand Oaks Dr","Louisville","KY","40205"
37222,"1908 Round Ridge Rd","Louisville","KY","40207"
37223,"2805 Antone Pkwy","Louisville","KY","40220"
37224,"11704 Montwood Ln","Louisville","KY","40272"
37225,"3608 Stanton Blvd","Louisville","KY","40220"
37226,"2725 Montana Ave","Louisville","KY","40208"
37227,"6715 Glendale Rd","Louisville","KY","40291"
37228,"3101 Ralph Ave","Louisville","KY","40216"
37229,"7910 Broadfern Dr","Louisville","KY","40291"
37230,"3211 Ainslie Way","Louisville","KY","40220"
37231,"718 Lynn St","Louisville","KY","40217"
37232,"2026 Grasmere Dr","Louisville","KY","40205"
37233,"1243 Central Ave","Louisville","KY","40208"
37234,"161 Mccready Ave","Louisville","KY","40206"
37235,"9400 Ponder Ln","Louisville","KY","40272"
37236,"5201 Matterhorn Dr","Louisville","KY","40216"
37237,"1531 Stonewall Way","Louisville","KY","40242"
37238,"7302 Ridge Creek Rd","Louisville","KY","40291"
37239,"5332 Southdale Rd","Louisville","KY","40214"
37240,"3294 Illinois Ave","Louisville","KY","40213"
37241,"535 S 20th St","Louisville","KY","40203"
37242,"4545 S 3rd St","Louisville","KY","40214"
37243,"2231 Mary Catherine Dr","Louisville","KY","40216"
37244,"232 Kenoak Dr","Louisville","KY","40214"
37245,"2308 Cherian Dr","Louisville","KY","40299"
37246,"7800 Kim Dr","Louisville","KY","40214"
37247,"7112 Sunny Vale Way","Louisville","KY","40272"
37248,"6302 Milo Ct","Louisville","KY","40218"
37249,"11508 Kendrick Dr","Louisville","KY","40241"
37250,"5407 Sunnybrook Dr","Louisville","KY","40214"
37251,"4801 Ferrer Way","Louisville","KY","40291"
37252,"1006 Cecil Ave","Louisville","KY","40211"
37253,"8310 Smyrna Pkwy","Louisville","KY","40228"
37254,"202 Dorsey Way","Louisville","KY","40223"
37255,"3707 Rosa Ter","Louisville","KY","40216"
37256,"4868 Brenda Dr","Louisville","KY","40219"
37257,"7606 Washington State Ct","Louisville","KY","40228"
37258,"6001 Bowmont Ct","Louisville","KY","40216"
37259,"1711 Limehouse Ct","Louisville","KY","40220"
37260,"9906 Colonnades Pl","Louisville","KY","40299"
37261,"235 S 41st St","Louisville","KY","40212"
37262,"837 1/2 Beecher St","Louisville","KY","40215"
37263,"420 Willow Stone Way","Louisville","KY","40223"
37264,"9010 Lantana Dr","Louisville","KY","40229"
37265,"8823 Fairground Rd","Louisville","KY","40291"
37266,"4029 Gilman Ave","Louisville","KY","40207"
37267,"1716 Saint Louis Ave","Louisville","KY","40210"
37268,"10528 Glenmary Farm Dr","Louisville","KY","40291"
37269,"1634 W Oak St","Louisville","KY","40210"
37270,"5522 Shorewood Dr","Louisville","KY","40214"
37271,"257 Saunders Ave","Louisville","KY","40206"
37272,"3109 Wayne Rd","Louisville","KY","40216"
37273,"9815 Somerford Rd","Louisville","KY","40242"
37274,"131 E Woodlawn Ave","Louisville","KY","40214"
37275,"7110 Nanisinh Way","Louisville","KY","40258"
37276,"318 Harpers Ferry Rd","Louisville","KY","40214"
37277,"7807 Edsel Ln","Louisville","KY","40291"
37278,"6103 Oaknoll Dr","Louisville","KY","40219"
37279,"1013 Parkway Dr","Louisville","KY","40217"
37280,"4914 Bethune Ct","Louisville","KY","40218"
37281,"4502 Portico Ct","Louisville","KY","40299"
37282,"2228 Portland Ave","Louisville","KY","40212"
37283,"802 Denmark St","Louisville","KY","40215"
37284,"11015 Lehr Rd","Louisville","KY","40272"
37285,"4735 Shenandoah Dr","Louisville","KY","40241"
37286,"11205 Brookstone Pl","Louisville","KY","40223"
37287,"5906 Catheen Way","Louisville","KY","40213"
37288,"7122 Kentucky Ave","Louisville","KY","40258"
37289,"3610 Hurstbourne Ridge Blvd","Louisville","KY","40299"
37290,"7117 Manslick Rd","Louisville","KY","40214"
37291,"8312 Nottingham Pkwy","Louisville","KY","40222"
37292,"9215 Axminster Dr","Louisville","KY","40299"
37293,"456 N 28th St","Louisville","KY","40212"
37294,"5700 Midnight Ln","Louisville","KY","40229"
37295,"1840 Date St","Louisville","KY","40210"
37296,"3423 Lexington Rd","Louisville","KY","40207"
37297,"628 Maylawn Ave","Louisville","KY","40217"
37298,"1355 S 28th St","Louisville","KY","40211"
37299,"1215 Lipps Ln","Louisville","KY","40219"
37300,"9618 Seaton Brooke Ln","Louisville","KY","40291"
37301,"6205 Nigel Dr","Louisville","KY","40216"
37302,"716 Stivers Rd","Louisville","KY","40207"
37303,"1105 Tennessee Ave","Louisville","KY","40208"
37304,"4138 River Park Dr","Louisville","KY","40211"
37305,"1214 Larchmont Ave","Louisville","KY","40215"
37306,"4611 Yocumshire Dr","Louisville","KY","40299"
37307,"115 Old Towne Rd","Louisville","KY","40214"
37308,"1101 S 41st St","Louisville","KY","40211"
37309,"5108 Stewart Dr","Louisville","KY","40216"
37310,"6305 S Watterson Trl","Louisville","KY","40291"
37311,"7008 Fontendleau Way","Louisville","KY","40291"
37312,"5605 Revere Dr","Louisville","KY","40218"
37313,"9508 Cooper Chase Ct","Louisville","KY","40229"
37314,"508 Beecher St","Louisville","KY","40215"
37315,"5805 Teakwood Ln","Louisville","KY","40258"
37316,"4136 Larkwood Ave","Louisville","KY","40212"
37317,"9820 Mccrea Ln","Louisville","KY","40229"
37318,"11008 Thunder Dr","Louisville","KY","40272"
37319,"1221 Reutlinger Ave","Louisville","KY","40204"
37320,"10307 Waycross Ave","Louisville","KY","40229"
37321,"2709 Jenlee Ln","Louisville","KY","40216"
37322,"6018 Princess Way","Louisville","KY","40219"
37323,"2305 Tidwell Rd","Louisville","KY","40272"
37324,"4003 Prince Ln","Louisville","KY","40299"
37325,"7311 Manslick Rd","Louisville","KY","40214"
37326,"1206 Schiller Ave","Louisville","KY","40204"
37327,"10207 Davinhurst Ct","Louisville","KY","40241"
37328,"3408 Mount Rainier Dr","Louisville","KY","40241"
37329,"7427 Jamaica Dr","Louisville","KY","40214"
37330,"382 Rogers Ave","Louisville","KY","40229"
37331,"109 N Clifton Ave","Louisville","KY","40206"
37332,"6604 Terry Rd","Louisville","KY","40258"
37333,"2904 Bowman Ave","Louisville","KY","40205"
37334,"1923 Magazine St","Louisville","KY","40203"
37335,"9201 Lakeridge Dr","Louisville","KY","40272"
37336,"1727 Loney Ln","Louisville","KY","40216"
37337,"7911 New La Grange Rd","Louisville","KY","40222"
37338,"170 Crescent Ave","Louisville","KY","40206"
37339,"207 Woodcleft Rd","Louisville","KY","40222"
37340,"5315 Regent Way","Louisville","KY","40218"
37341,"3305 Carrie Dr","Louisville","KY","40216"
37342,"8505 Fernview Dr","Louisville","KY","40291"
37343,"10900 Old Harrods Woods Cir","Louisville","KY","40223"
37344,"8704 Bristol Oaks Ct","Louisville","KY","40299"
37345,"6618 Putman Ave","Louisville","KY","40216"
37346,"3502 Hanover Rd","Louisville","KY","40207"
37347,"1307 S 45th St","Louisville","KY","40211"
37348,"1917 Claremoor Dr","Louisville","KY","40223"
37349,"212 Alvina Way","Louisville","KY","40214"
37350,"3310 Fernheather Dr","Louisville","KY","40216"
37351,"106 E Esplanade Ave","Louisville","KY","40214"
37352,"4104 Hickoryview Dr","Louisville","KY","40299"
37353,"104 Reid Ave","Louisville","KY","40213"
37354,"1704 Parkridge Pkwy","Louisville","KY","40214"
37355,"4407 Sussex Ct","Louisville","KY","40241"
37356,"2313 Mercer Ave","Louisville","KY","40216"
37357,"10701 Mcmeekin Ln","Unit 104","Louisville",
37358,"10207 Blue Ridge Ct","Louisville","KY","40223"
37359,"1102 E Burnett Ave","Louisville","KY","40217"
37360,"9600 Titan Dr","Louisville","KY","40229"
37361,"5701 Coach Gate Wynde","Apt 63","Louisville",
37362,"1606 Haskin Ave","Louisville","KY","40215"
37363,"10907 Saint Rene Rd","Louisville","KY","40299"
37364,"12302 Locust Ln","Louisville","KY","40223"
37365,"1406 Somerhill Way","Louisville","KY","40223"
37366,"3505 Saint Edwards Dr","Louisville","KY","40299"
37367,"1760 Algonquin Pkwy","Louisville","KY","40210"
37368,"5407 Waltlee Ct","Louisville","KY","40291"
37369,"3715 Mud Ln","Louisville","KY","40229"
37370,"610 Wardshire Pl","Louisville","KY","40223"
37371,"107 Northwestern Pkwy","Louisville","KY","40212"
37372,"8312 Herrington Ct","Louisville","KY","40228"
37373,"1713 Garland Ave","Louisville","KY","40210"
37374,"3030 Breckenridge Ln","Apt 536","Louisville",
37375,"4911 Rural Way","Louisville","KY","40218"
37376,"309 Ring Rd","Louisville","KY","40207"
37377,"8235 Virginia Rd","Louisville","KY","40258"
37378,"1240 Pigeon Pass Rd","Louisville","KY","40213"
37379,"5311 Speedway Ave","Louisville","KY","40272"
37380,"6604 Hollow Tree Rd","Louisville","KY","40228"
37381,"1726 Nobel Pl","Louisville","KY","40216"
37382,"210 Circle Valley Dr","Louisville","KY","40229"
37383,"163 Nelida Way","Louisville","KY","40229"
37384,"1309 Howard St","Louisville","KY","40213"
37385,"7406 Crabtree Dr","Louisville","KY","40228"
37386,"228 Cornell Pl","Louisville","KY","40207"
37387,"1113 Farman Ct","Louisville","KY","40219"
37388,"2309 Hardesty Ave","Louisville","KY","40216"
37389,"2413 Swing Dr","Louisville","KY","40299"
37390,"4106 Handley Ave","Louisville","KY","40218"
37391,"10001 Cherry Ridge Dr","Louisville","KY","40291"
37392,"9910 Melissa Dr","Louisville","KY","40223"
37393,"3336 Oleanda Ave","Louisville","KY","40215"
37394,"11718 Saratoga Woods Ct","Louisville","KY","40299"
37395,"3515 Northwestern Pkwy","Louisville","KY","40212"
37396,"2629 Montgomery St","Louisville","KY","40212"
37397,"4301 Gaudet Rd","Louisville","KY","40299"
37398,"3210 Radiance Rd","Louisville","KY","40220"
37399,"1421 Hines Rd","Louisville","KY","40223"
37400,"1307 Larchmont Ave","Louisville","KY","40215"
37401,"10711 Mcmeekin Ln","Unit 102","Louisville",
37402,"718 Camden Ave","Louisville","KY","40215"
37403,"1923 Arboro Pl","Louisville","KY","40220"
37404,"311 Old Harrods Creek Rd","Louisville","KY","40223"
37405,"2516 Standard Ave","Louisville","KY","40210"
37406,"2800 Garfield Ave","Louisville","KY","40212"
37407,"123 N 38th St","Louisville","KY","40212"
37408,"8605 Blossom Ln","Louisville","KY","40242"
37409,"2514 Standard Ave","Louisville","KY","40210"
37410,"824 Longfield Ave","Louisville","KY","40215"
37411,"4011 Ruckriegel Pkwy","Louisville","KY","40299"
37412,"3617 Brownsboro Rd","Louisville","KY","40207"
37413,"7714 Smyrna Pkwy","Louisville","KY","40228"
37414,"4314 Sunset Dr","Louisville","KY","40216"
37415,"4542 S 1st St","Louisville","KY","40214"
37416,"3444 Bonny Lea Ct","Louisville","KY","40216"
37417,"3753 Glenmeade Rd","Louisville","KY","40218"
37418,"2802 Avenue","of the Woods","Louisville",
37419,"4917 Forest Park Dr","Louisville","KY","40219"
37420,"6123 Cherry Hill Ct","Louisville","KY","40229"
37421,"8309 Damascus Cir","Louisville","KY","40228"
37422,"3831 Klondike Ln","Louisville","KY","40218"
37423,"3113 Lowell Ave","Louisville","KY","40205"
37424,"729 Gheens Ave","Louisville","KY","40214"
37425,"2065 Allene Ave","Louisville","KY","40217"
37426,"10621 Gleneagle Pl","Louisville","KY","40223"
37427,"9406 Springmont Pl","Louisville","KY","40241"
37428,"5213 Red Oak Ln","Louisville","KY","40218"
37429,"1214 Union Ave","Louisville","KY","40213"
37430,"4839 Cane Run Rd","Louisville","KY","40216"
37431,"6203 Tabor Dr","Louisville","KY","40218"
37432,"212 Lillian Way","Louisville","KY","40214"
37433,"7700 Donegal Dr","Louisville","KY","40219"
37434,"8203 Farmwood Way","Louisville","KY","40291"
37435,"7503 Saddle Horse Way","Louisville","KY","40291"
37436,"5313 Sprucewood Dr","Louisville","KY","40291"
37437,"8901 Filson Fields Dr","Louisville","KY","40219"
37438,"1328 S 4th St","Louisville","KY","40208"
37439,"5123 Rural Way","Louisville","KY","40218"
37440,"3233 Furman Blvd","Louisville","KY","40220"
37441,"3705 Mason Ave","Louisville","KY","40229"
37442,"3519 Lees Ln","Louisville","KY","40216"
37443,"9000 Trentham Ln","Louisville","KY","40242"
37444,"9916 Sprig Way","Louisville","KY","40291"
37445,"750 Zorn Ave","Apt 55","Louisville",
37446,"1833 Mary Catherine Dr","Louisville","KY","40216"
37447,"8413 Bayou Way","Louisville","KY","40242"
37448,"8308 Pine Grove Ct","Louisville","KY","40214"
37449,"2011 Youngland Ave","Louisville","KY","40216"
37450,"2600 Kennersley Dr","Louisville","KY","40242"
37451,"8406 Michael Ray Dr","Louisville","KY","40219"
37452,"3427 W Market St","Louisville","KY","40212"
37453,"5306 Oakcreek Ln","Louisville","KY","40291"
37454,"1502 Beacon Hill Dr","Louisville","KY","40216"
37455,"1506 Cadence Ct","Louisville","KY","40222"
37456,"8416 Hurstbourne Woods Pl","Louisville","KY","40299"
37457,"1400 Cadence Ct","Louisville","KY","40222"
37458,"2215 Beargrass Ave","Louisville","KY","40218"
37459,"7404 Crabtree Dr","Louisville","KY","40228"
37460,"5908 Tralee Ln","Louisville","KY","40219"
37461,"3106 Freys Hill Rd","Louisville","KY","40241"
37462,"5620 Charleswood Pl","Louisville","KY","40229"
37463,"7703 Kenhurst Dr","Louisville","KY","40258"
37464,"2109 Markwood Rd","Louisville","KY","40223"
37465,"3604 Templewood Dr","Louisville","KY","40219"
37466,"3826 Darlene Dr","Louisville","KY","40216"
37467,"623 Dr W J Hodge St","Louisville","KY","40203"
37468,"8000 Perchwood Ct","Louisville","KY","40291"
37469,"9001 Haviland Ave","Louisville","KY","40220"
37470,"510 Pine St","Louisville","KY","40204"
37471,"1635 Whippoorwill Rd","Louisville","KY","40213"
37472,"5007 E Bahama Ct","Louisville","KY","40219"
37473,"4311 Quiet Way","Louisville","KY","40219"
37474,"1409 Thornberry Ave","Louisville","KY","40215"
37475,"323 Winton Ave","Louisville","KY","40206"
37476,"4202 Milo Dr","Louisville","KY","40218"
37477,"5714 Prince William St","Louisville","KY","40207"
37478,"10307 Glenmary Farm Dr","Louisville","KY","40291"
37479,"2215 Brighton Dr","Louisville","KY","40205"
37480,"315 N Watterson Trl","Louisville","KY","40243"
37481,"2814 Montana Ave","Louisville","KY","40208"
37482,"9601 Seaton Brooke Ln","Louisville","KY","40291"
37483,"3215 University Rd","Louisville","KY","40206"
37484,"409 Clover Ln","Louisville","KY","40207"
37485,"3112 Kipling Way","Louisville","KY","40205"
37486,"407 Sam Dr","Louisville","KY","40214"
37487,"3808 Stigwood Ct","Louisville","KY","40218"
37488,"5609 Charleswood Pl","Louisville","KY","40229"
37489,"5405 Tacoma Ct","Louisville","KY","40219"
37490,"4301 Malcolm Ave","Louisville","KY","40215"
37491,"9004 Peterborough Ct","Louisville","KY","40222"
37492,"1715 Larkmoor Ln","Louisville","KY","40218"
37493,"4201 Hickoryview Dr","Louisville","KY","40299"
37494,"402 Colonel Anderson Pkwy","Louisville","KY","40222"
37495,"5126 Emery Ave","Louisville","KY","40214"
37496,"2223 W Oak St","Louisville","KY","40210"
37497,"7310 York River Rd","Louisville","KY","40214"
37498,"8514 Gregory Way","Louisville","KY","40219"
37499,"3928 Graf Dr","Louisville","KY","40220"
37500,"4316 Parkay Pl","Louisville","KY","40216"
37501,"1316 Louis Coleman Jr Dr","Louisville","KY","40211"
37502,"3203 Dewdrop Ct","Louisville","KY","40220"
37503,"9805 Lancewood Rd","Louisville","KY","40229"
37504,"3504 Whippoorwill Rd","Louisville","KY","40213"
37505,"10010 Cardigan Dr","Louisville","KY","40299"
37506,"10016 Caven Ave","Louisville","KY","40229"
37507,"7624 Beech Spring Ct","Louisville","KY","40241"
37508,"1428 Phyllis Ave","Louisville","KY","40215"
37509,"3609 Marlin Dr","Louisville","KY","40299"
37510,"1411 Winter Ave","Louisville","KY","40204"
37511,"8708 Hudson Ln","Louisville","KY","40291"
37512,"10127 Closterwood Dr","Louisville","KY","40229"
37513,"1816 Blanca Ct","Louisville","KY","40223"
37514,"1700 Somerset Pl","Louisville","KY","40220"
37515,"2410 Donna Rd","Louisville","KY","40216"
37516,"1921 Donald Dr","Louisville","KY","40216"
37517,"4303 Bay Run Ct","Louisville","KY","40245"
37518,"9103 Willowcreek Dr","Louisville","KY","40219"
37519,"4514 Rita Mary Ct","Louisville","KY","40229"
37520,"5406 Cannonwood Dr","Louisville","KY","40229"
37521,"8913 Lethborough Dr","Louisville","KY","40299"
37522,"1600 Hunnington Pl","Louisville","KY","40220"
37523,"1302 Autumn Ridge Rd","Louisville","KY","40242"
37524,"2408 Hawthorne Ave","Louisville","KY","40205"
37525,"520 Tucker Station Rd","Louisville","KY","40243"
37526,"7307 Watson Ln","Louisville","KY","40272"
37527,"2223 Grinstead Dr","Louisville","KY","40204"
37528,"3803 Cabinwood Ct","Louisville","KY","40220"
37529,"8310 Happiness Way","Louisville","KY","40291"
37530,"1221 Union Ave","Louisville","KY","40213"
37531,"117 Blackburn Ave","Louisville","KY","40206"
37532,"3832 Oboe Dr","Louisville","KY","40216"
37533,"2327 Farnsley Rd","Louisville","KY","40216"
37534,"160 N Keats Ave","Louisville","KY","40206"
37535,"951 Schiller Ave","Louisville","KY","40204"
37536,"3417 Donald Dr","Louisville","KY","40216"
37537,"2304 S 35th St","Louisville","KY","40211"
37538,"3043 Bon Air Ave","Louisville","KY","40205"
37539,"717 Cedar Grove Ter","Louisville","KY","40212"
37540,"2518 Cottonwood Dr","Louisville","KY","40242"
37541,"10501 Mcmeekin Ln","Unit 208","Louisville",
37542,"10514 Sunlight Ln","Louisville","KY","40272"
37543,"115 Southview Ter","Louisville","KY","40214"
37544,"9605 Britannia Ct","Louisville","KY","40272"
37545,"9202 Wilson Ave","Louisville","KY","40242"
37546,"313 Leyton Ave","Louisville","KY","40222"
37547,"4716 Braves Ln","Louisville","KY","40272"
37548,"1806 Westmoorland Way","Louisville","KY","40242"
37549,"14307 Glensford Pl","Louisville","KY","40245"
37550,"404 Kinnaird Ln","Louisville","KY","40243"
37551,"3406 Audubon Ridge Ct","Louisville","KY","40213"
37552,"3406 Sumac Rd","Louisville","KY","40216"
37553,"2832 Avenue","of the Woods","Louisville",
37554,"3904 Tally Ho Ct","Louisville","KY","40299"
37555,"10406 Whipps Mill Rd","Louisville","KY","40223"
37556,"2318 Quinn Dr","Louisville","KY","40216"
37557,"9112 Kenlock Dr","Louisville","KY","40242"
37558,"10716 Leelah Ct","Louisville","KY","40272"
37559,"417 Atwood St","Louisville","KY","40217"
37560,"2418 Valley Vista Rd","Louisville","KY","40205"
37561,"3910 Gilman Ave","Louisville","KY","40207"
37562,"740 Zorn Ave","Apt 2I","Louisville",
37563,"2405 Lamar Ave","Louisville","KY","40216"
37564,"2125 Edgehill Rd","Louisville","KY","40205"
37565,"604 E Brandeis Ave","Louisville","KY","40217"
37566,"2724 Cedar St","Louisville","KY","40212"
37567,"10021 Normie Ln","Louisville","KY","40229"
37568,"7421 Old North Church Rd","Louisville","KY","40214"
37569,"4417 Santa Paula Ln","Louisville","KY","40219"
37570,"6512 Manslick Rd","Louisville","KY","40214"
37571,"6201 Applegate Ln","Louisville","KY","40219"
37572,"8711 William Penn Way","Louisville","KY","40228"
37573,"2347 Saratoga Dr","Louisville","KY","40205"
37574,"511 Morningside Dr","Louisville","KY","40206"
37575,"1213 Carrico Ave","Louisville","KY","40215"
37576,"965 Vine St","Louisville","KY","40204"
37577,"9903 Stonestreet Rd","Louisville","KY","40272"
37578,"3050 Pamela Way","Louisville","KY","40220"
37579,"3901 Blooming Spring Ct","Louisville","KY","40299"
37580,"1924 Goldsmith Ln","Unit 1","Louisville",
37581,"11700 Veranda Way","Louisville","KY","40299"
37582,"5117 Rural Way","Louisville","KY","40218"
37583,"9814 Rowntree Rd","Louisville","KY","40299"
37584,"4813 Simpson Dr","Louisville","KY","40218"
37585,"10521 Glenmary Farm Dr","Louisville","KY","40291"
37586,"7105 Uranus Dr","Louisville","KY","40258"
37587,"1823 Lower Hunters Trce","Louisville","KY","40216"
37588,"1807 Ashmoor Ln","Louisville","KY","40223"
37589,"3508 Bonaventure Blvd","Louisville","KY","40219"
37590,"212 S 42nd St","Louisville","KY","40212"
37591,"117 S 37th St","Louisville","KY","40212"
37592,"7112 Betsy Ross Dr","Louisville","KY","40272"
37593,"2841 Hikes Ln","Apt 101","Louisville",
37594,"8611 Cool Brook Ct","Louisville","KY","40291"
37595,"1125 Willow Ave","Apt 3","Louisville",
37596,"6900 Roseborough Ct","Louisville","KY","40228"
37597,"1901 Gladstone Ave","Louisville","KY","40205"
37598,"1131 Schiller Ave","Louisville","KY","40204"
37599,"1810 Herr Ln","Louisville","KY","40222"
37600,"6800 Cross Country Ct","Louisville","KY","40291"
37601,"1619 Wilson Ave","Louisville","KY","40210"
37602,"10510 Kovats Ct","Louisville","KY","40223"
37603,"7918 Jonquil Dr","Louisville","KY","40258"
37604,"743 Woodmore Ave","Louisville","KY","40214"
37605,"7400 Andrew Ct","Louisville","KY","40220"
37606,"6204 Tabor Dr","Louisville","KY","40218"
37607,"6550 Estele Ave","Louisville","KY","40214"
37608,"240 Glendora Ave","Louisville","KY","40212"
37609,"8301 Silverbell Ave","Louisville","KY","40228"
37610,"5505 Rosary Ct","Louisville","KY","40218"
37611,"1303 Grassy Frk","Louisville","KY","40207"
37612,"5508 Ripple Ln","Louisville","KY","40218"
37613,"629 Gheens Ave","Louisville","KY","40214"
37614,"1802 Allston Ave","Louisville","KY","40210"
37615,"1819 Gregg Ave","Louisville","KY","40210"
37616,"4416 Brownhurst Way","Louisville","KY","40241"
37617,"1612 Loney Ln","Louisville","KY","40216"
37618,"4911 W Batalina Ct","Louisville","KY","40219"
37619,"9816 Tiverton Way","Louisville","KY","40242"
37620,"3904 Springbrooke Cv","Louisville","KY","40241"
37621,"2926 Nepperhan Rd","Louisville","KY","40218"
37622,"9003 Old Bates Rd","Louisville","KY","40228"
37623,"4612 Springdale Ct","Louisville","KY","40229"
37624,"193 Spring Lake Ct","Louisville","KY","40229"
37625,"4208 Naneen Dr","Louisville","KY","40216"
37626,"5100 Us Hwy","42 Apt 1112","Louisville",
37627,"104 Crescent Ct","Louisville","KY","40206"
37628,"3112 Tara Gale Dr","Louisville","KY","40216"
37629,"5419 Revere Dr","Louisville","KY","40218"
37630,"1916 Woodbourne Ave","Louisville","KY","40205"
37631,"5505 Sterling Dr","Louisville","KY","40216"
37632,"8004 Beechlawn Ct","Louisville","KY","40220"
37633,"6309 Hackberry Way","Louisville","KY","40229"
37634,"4108 Southern Pkwy","Louisville","KY","40214"
37635,"7304 Ridge Creek Rd","Louisville","KY","40291"
37636,"3203 Rosewedge Way","Louisville","KY","40216"
37637,"4022 Richland Ave","Louisville","KY","40207"
37638,"711 Dorsey Way","Louisville","KY","40223"
37639,"3500 Westwood Farms Dr","Louisville","KY","40220"
37640,"8705 Dorrance Dr","Louisville","KY","40258"
37641,"6607 Tottenham Rd","Louisville","KY","40207"
37642,"12510 Brothers Ave","Louisville","KY","40243"
37643,"6407 Seaton Ln","Louisville","KY","40291"
37644,"355 S Bayly Ave","Louisville","KY","40206"
37645,"221 Monohan Dr","Louisville","KY","40207"
37646,"158 Mills Dr","Louisville","KY","40216"
37647,"1818 Milburt Dr","Louisville","KY","40223"
37648,"5407 Chenoweth Park Ln","Louisville","KY","40291"
37649,"1807 S 22nd St","Louisville","KY","40210"
37650,"5111 Roederer Dr","Louisville","KY","40219"
37651,"9223 Vevey Rd","Louisville","KY","40291"
37652,"6203 Six Mile Ln","Louisville","KY","40218"
37653,"3507 Nelinda May Dr","Louisville","KY","40213"
37654,"4405 Deepwood Dr","Louisville","KY","40241"
37655,"701 Foxgate Rd","Louisville","KY","40223"
37656,"5410 Southview Dr","Louisville","KY","40214"
37657,"4113 Eden Ln","Louisville","KY","40216"
37658,"815 Fetter Ave","Louisville","KY","40217"
37659,"636 Inverness Ave","Louisville","KY","40214"
37660,"6404 Seaton Ln","Louisville","KY","40291"
37661,"537 W Whitney Ave","Louisville","KY","40215"
37662,"9103 Woodchat Way","Louisville","KY","40272"
37663,"11202 Bakers Falls Ct","Louisville","KY","40299"
37664,"2145 Glenworth Ave","Louisville","KY","40218"
37665,"7513 Stone Brook Dr","Louisville","KY","40291"
37666,"2829 Field Ave","Louisville","KY","40206"
37667,"8850 Thixton Ln","Louisville","KY","40229"
37668,"5615 Braulio Ct","Louisville","KY","40291"
37669,"1019 Charles St","Louisville","KY","40204"
37670,"9412 Ponder Ln","Louisville","KY","40272"
37671,"7216 Watson Ln","Louisville","KY","40272"
37672,"4609 Scott Ct","Louisville","KY","40299"
37673,"3105 Furman Blvd","Louisville","KY","40220"
37674,"606 Oak Branch Rd","Louisville","KY","40245"
37675,"1749 Bolling Ave","Louisville","KY","40210"
37676,"6013 Rocky Mountain Dr","Louisville","KY","40219"
37677,"8513 Hurstbourne Woods Pl","Louisville","KY","40299"
37678,"5318 Cedrus Cir","Louisville","KY","40213"
37679,"1360 Olive St","Louisville","KY","40211"
37680,"9106 Collingwood Rd","Louisville","KY","40299"
37681,"1039 Kaiser Ct","Louisville","KY","40211"
37682,"4516 W Market St","Louisville","KY","40212"
37683,"3518 Saint Germaine Ct","Louisville","KY","40207"
37684,"2005 Acorn Way","Louisville","KY","40216"
37685,"7903 Greenway Dr","Louisville","KY","40222"
37686,"645 Eastlawn Ave","Louisville","KY","40211"
37687,"6406 Green Manor Dr","Louisville","KY","40228"
37688,"818 W Ashland Ave","Louisville","KY","40215"
37689,"6609 Melrose Ave","Louisville","KY","40216"
37690,"144 N Keats Ave","Louisville","KY","40206"
37691,"9507 Hi View Ln","Louisville","KY","40272"
37692,"5300 Constance Dr","Louisville","KY","40272"
37693,"266 El Conquistador Pl","Louisville","KY","40220"
37694,"1753 W Hill St","Louisville","KY","40210"
37695,"9911 Vega Ln","Louisville","KY","40272"
37696,"3303 Colonial Manor Cir","Unit 6B","Louisville",
37697,"7913 Apple Valley Dr","Louisville","KY","40228"
37698,"1721 Youngland Ave","Louisville","KY","40216"
37699,"6100 Innes Trace Rd","Louisville","KY","40222"
37700,"5902 Cole Ave","Louisville","KY","40258"
37701,"1739 S 22nd St","Louisville","KY","40210"
37702,"4603 Old Heady Rd","Louisville","KY","40299"
37703,"3330 Pflanz Ave","Louisville","KY","40212"
37704,"4006 Blanton Ln","Louisville","KY","40216"
37705,"8916 Novelle Dr","Louisville","KY","40258"
37706,"905 W Indian Trl","Louisville","KY","40213"
37707,"3904 Elfin Ave","Louisville","KY","40207"
37708,"9810 Lanesboro Way","Louisville","KY","40242"
37709,"4205 Saint Paul Church Rd","Louisville","KY","40258"
37710,"3501 Chenoweth Run Rd","Louisville","KY","40299"
37711,"3815 Jewell Ave","Louisville","KY","40212"
37712,"4610 Springfield Ct","Louisville","KY","40229"
37713,"4215 Dover Rd","Louisville","KY","40216"
37714,"4022 Lomond Dr","Louisville","KY","40216"
37715,"2805 Deshler Dr","Louisville","KY","40213"
37716,"125 Seneca Trl","Louisville","KY","40214"
37717,"10209 Allentree Pl","Louisville","KY","40229"
37718,"6606 Memory Ln","Louisville","KY","40258"
37719,"6504 Hollow Tree Rd","Louisville","KY","40228"
37720,"125 Kennedy Ave","Louisville","KY","40206"
37721,"2609 Evergreen Wynde","Louisville","KY","40223"
37722,"4507 Renaissance Dr","Louisville","KY","40299"
37723,"9113 Westport Rd","Louisville","KY","40242"
37724,"29 Narwood Dr","Louisville","KY","40299"
37725,"8701 Brittany Dr","Louisville","KY","40220"
37726,"5907 Lake Huron Ct","Louisville","KY","40291"
37727,"2410 Brighton Dr","Louisville","KY","40205"
37728,"7400 Cross Creek Blvd","Louisville","KY","40228"
37729,"1836 Washington Blvd","Louisville","KY","40242"
37730,"8601 Devonshire Dr","Louisville","KY","40258"
37731,"1415 Mill Race Rd","Louisville","KY","40242"
37732,"4107 Samoset Ct","Louisville","KY","40299"
37733,"7054 Wildwood Cir","Apt 119","Louisville",
37734,"7702 Nalan Dr","Louisville","KY","40291"
37735,"3408 Richmont Rd","Louisville","KY","40216"
37736,"2911 Dundee Rd","Louisville","KY","40205"
37737,"1928 Cypress St","Louisville","KY","40210"
37738,"609 Auburn Oaks Dr","Louisville","KY","40214"
37739,"436 Shadowlawn Dr","Louisville","KY","40229"
37740,"5612 Charleswood Pl","Louisville","KY","40229"
37741,"10803 Jacqueline Way","Louisville","KY","40272"
37742,"2012 Portland Ave","Louisville","KY","40203"
37743,"2300 Branning Rd","Louisville","KY","40222"
37744,"7504 Michael Dr","Louisville","KY","40228"
37745,"410 N 28th St","Louisville","KY","40212"
37746,"2409 Northwestern Pkwy","Louisville","KY","40212"
37747,"3313 Linwood Ave","Louisville","KY","40211"
37748,"2119 Magazine St","Louisville","KY","40211"
37749,"520 Malcolm Ave","Louisville","KY","40223"
37750,"516 Malcolm Ave","Louisville","KY","40223"
37751,"1832 Mary Catherine Dr","Louisville","KY","40216"
37752,"8700 Chelmer Ln","Louisville","KY","40220"
37753,"3926 Druid Hills Rd","Louisville","KY","40207"
37754,"2845 Hikes Ln","Apt 303","Louisville",
37755,"4010 Gloucester Rd","Louisville","KY","40207"
37756,"9918 Scrim Ave","Louisville","KY","40272"
37757,"2429 Valletta Rd","Louisville","KY","40205"
37758,"17116 Mallet Hill Dr","Louisville","KY","40245"
37759,"198 Melody Ln","Louisville","KY","40229"
37760,"4004 Valley Station Rd","Louisville","KY","40272"
37761,"2702 Alanmede Rd","Louisville","KY","40205"
37762,"1722 Fraser Dr","Louisville","KY","40205"
37763,"2607 Dixdale Ave","Louisville","KY","40210"
37764,"10700 Mcmeekin Ln","Unit 102","Louisville",
37765,"8617 Longborough Way","Louisville","KY","40299"
37766,"3937 Rankin St","Louisville","KY","40214"
37767,"1706 Parkridge Pkwy","Louisville","KY","40214"
37768,"8705 Four Oaks Ct","Louisville","KY","40299"
37769,"2514 Ballantrae Cir","Louisville","KY","40242"
37770,"3317 Brownsboro Rd","Louisville","KY","40207"
37771,"2644 Park Dr","Louisville","KY","40205"
37772,"8713 Lambach Ln","Louisville","KY","40220"
37773,"146 N Birchwood Ave","Louisville","KY","40206"
37774,"7509 Lesane Dr","Louisville","KY","40214"
37775,"189 N Bellaire Ave","Louisville","KY","40206"
37776,"4500 Unseld Blvd","Louisville","KY","40218"
37777,"1007 Dresden Ave","Louisville","KY","40215"
37778,"1247 Logan St","Louisville","KY","40204"
37779,"2240 Hale Ave","Louisville","KY","40210"
37780,"10717 Colonial Woods Ct","Louisville","KY","40223"
37781,"2358 Carlton Ter","Louisville","KY","40205"
37782,"3104 Thousand Oaks Dr","Louisville","KY","40205"
37783,"2112 Leahurst Ct","Louisville","KY","40216"
37784,"3310 Emerald Dr","Louisville","KY","40299"
37785,"12502 Old Dixie Hwy","Louisville","KY","40272"
37786,"906 Burning Springs Cir","Louisville","KY","40223"
37787,"2547 Saratoga Dr","Louisville","KY","40205"
37788,"1307 Dahl Rd","Louisville","KY","40213"
37789,"14206 Willow Grove Cir","Louisville","KY","40245"
37790,"5303 Chathamwood Dr","Louisville","KY","40229"
37791,"10717 Colonial Woods Way","Louisville","KY","40223"
37792,"6405 Green Manor Dr","Louisville","KY","40228"
37793,"6204 Fegenbush Ln","Louisville","KY","40228"
37794,"4509 Cornice Ct","Louisville","KY","40299"
37795,"6117 Moorhaven Dr","Louisville","KY","40219"
37796,"601 Cressbrook Dr","Louisville","KY","40206"
37797,"5505 Jeanine Dr","Louisville","KY","40219"
37798,"3005 Christiana Woods Ct","Louisville","KY","40299"
37799,"4105 Benbow Dr","Louisville","KY","40229"
37800,"100 Knollwood Cir","Louisville","KY","40229"
37801,"800 Fenley Ave","Louisville","KY","40222"
37802,"1530 Wurtele Ave","Louisville","KY","40208"
37803,"2643 Wendell Ave","Louisville","KY","40205"
37804,"4820 Determine Ln","Louisville","KY","40216"
37805,"1217 Rufer Ave","Louisville","KY","40204"
37806,"137 Cannons Ln","Louisville","KY","40206"
37807,"4112 Hickoryview Dr","Louisville","KY","40299"
37808,"114 S 17th St","Louisville","KY","40203"
37809,"213 S 42nd St","Louisville","KY","40212"
37810,"4014 Therina Way","Louisville","KY","40241"
37811,"7113 Daisy Ave","Louisville","KY","40258"
37812,"2000 Crums Ln","Louisville","KY","40216"
37813,"421 Creason Ct","Unit 103","Louisville",
37814,"7502 Maurer Ln","Louisville","KY","40258"
37815,"1302 S 32nd St","Louisville","KY","40211"
37816,"106 Spring Lake Ct","Louisville","KY","40229"
37817,"2628 W Madison St","Louisville","KY","40211"
37818,"825 Huntington Rd","Louisville","KY","40207"
37819,"9107 Maiden Ct","Louisville","KY","40229"
37820,"1929 Buttonwood Rd","Louisville","KY","40222"
37821,"3011 Duncan St","Louisville","KY","40212"
37822,"6357 Limewood Cir","Louisville","KY","40222"
37823,"12706 Saint Clair Dr","Louisville","KY","40243"
37824,"1121 Girard Dr","Louisville","KY","40222"
37825,"523 Montana Ave","Louisville","KY","40208"
37826,"1216 Afterglow Ct","Louisville","KY","40214"
37827,"4497 Brownsboro Rd","Louisville","KY","40207"
37828,"3609 Lenoir Ave","Louisville","KY","40216"
37829,"16101 Plum Creek Trl","Louisville","KY","40299"
37830,"9500 Willowwood Way","Louisville","KY","40299"
37831,"3524 Gladden Dr","Louisville","KY","40218"
37832,"1902 Maricopa Ct","Louisville","KY","40223"
37833,"508 Sam Dr","Louisville","KY","40214"
37834,"3108 Bobolink Rd","Louisville","KY","40213"
37835,"8007 Cedar Creek Rd","Louisville","KY","40291"
37836,"10017 Belltower Ct","Louisville","KY","40299"
37837,"728 S 41st St","Louisville","KY","40211"
37838,"1905 Trevilian Way","Louisville","KY","40205"
37839,"4326 Naneen Dr","Louisville","KY","40216"
37840,"5704 Southland Blvd","Louisville","KY","40214"
37841,"6614 Woodbark Ln","Louisville","KY","40291"
37842,"1117 Dresden Ave","Louisville","KY","40215"
37843,"1804 Round Ridge Rd","Louisville","KY","40207"
37844,"6507 Glo Jean Way","Louisville","KY","40258"
37845,"419 Virginia Ave","Louisville","KY","40222"
37846,"8910 Brandywyne Dr","Louisville","KY","40291"
37847,"7908 Avanti Way","Louisville","KY","40291"
37848,"10914 Marbado Ct","Louisville","KY","40229"
37849,"4705 Lacey Ct","Louisville","KY","40218"
37850,"3616 Goldsmith Ln","Louisville","KY","40220"
37851,"2717 Fayette Ave","Louisville","KY","40206"
37852,"12503 Ledges Dr","Louisville","KY","40243"
37853,"7704 Hermits Run Rd","Louisville","KY","40291"
37854,"6910 S Watterson Trl","Louisville","KY","40291"
37855,"8700 Black Cherry Ct","Louisville","KY","40242"
37856,"2217 Fairland Ave","Louisville","KY","40218"
37857,"2006 Nocturne Dr","Louisville","KY","40272"
37858,"4400 Gaudet Rd","Louisville","KY","40299"
37859,"7503 Nicole Ct","Louisville","KY","40220"
37860,"8504 Cheltenham Cir","Louisville","KY","40222"
37861,"4015 Pinecroft Dr","Louisville","KY","40219"
37862,"12112 Pleasure Ln","Louisville","KY","40272"
37863,"1936 W Madison St","Louisville","KY","40203"
37864,"8603 Bost Ln","Louisville","KY","40219"
37865,"456 S 41st St","Louisville","KY","40212"
37866,"1904 Woodfield Rd","Louisville","KY","40220"
37867,"7401 Crabtree Dr","Louisville","KY","40228"
37868,"4201 Mimosa View Dr","Louisville","KY","40299"
37869,"27 Chamberry Cir","Louisville","KY","40207"
37870,"2117 Old Hickory Rd","Louisville","KY","40299"
37871,"1811 Algonquin Pkwy","Louisville","KY","40210"
37872,"3901 Parker Ave","Louisville","KY","40212"
37873,"9607 Toledo Ln","Louisville","KY","40272"
37874,"163 Keebler Dr","Louisville","KY","40229"
37875,"9380 Loch Lea Ln","Louisville","KY","40291"
37876,"2516 Hampton Ridge Blvd","Louisville","KY","40220"
37877,"5302 Nall Ave","Louisville","KY","40216"
37878,"4129 Dienes Way","Louisville","KY","40216"
37879,"2404 Branning Rd","Louisville","KY","40222"
37880,"3711 Locust Ave","Louisville","KY","40299"
37881,"702 Fountain Ave","Louisville","KY","40222"
37882,"1203 Kremer Ave","Louisville","KY","40213"
37883,"10109 Kimblewick Dr","Louisville","KY","40223"
37884,"14100 Palmerston Ct","Louisville","KY","40245"
37885,"3303 Quinton Dr","Louisville","KY","40216"
37886,"5300 Dahl Rd","Louisville","KY","40213"
37887,"6004 Sylvatica Ct","Louisville","KY","40258"
37888,"2391 Tyler Ln","Louisville","KY","40205"
37889,"438 N 25th St","Louisville","KY","40212"
37890,"3103 Kaye Lawn Dr","Louisville","KY","40220"
37891,"3807 Shannon Run Trl","Louisville","KY","40299"
37892,"767 Greenridge Ln","Louisville","KY","40207"
37893,"1118 English Ave","Louisville","KY","40217"
37894,"9404 3rd Street Rd","Louisville","KY","40272"
37895,"3214 Pomer Ct","Louisville","KY","40220"
37896,"127 Harlan Ave","Louisville","KY","40214"
37897,"5703 Bartview Ct","Louisville","KY","40229"
37898,"4217 Hillbrook Dr","Louisville","KY","40220"
37899,"9809 Scarborough Ave","Louisville","KY","40272"
37900,"3120 Bushmill Park","Louisville","KY","40241"
37901,"2324 W Jefferson St","Louisville","KY","40212"
37902,"4704 Mid Dr","Louisville","KY","40272"
37903,"3518 Algonquin Pkwy","Louisville","KY","40211"
37904,"13312 Dixie Hwy","Louisville","KY","40272"
37905,"1736 Dixie Hwy","Louisville","KY","40210"
37906,"4319 Foeburn Ln","Louisville","KY","40207"
37907,"10839 Dorton Dr","Louisville","KY","40272"
37908,"11705 Wicker Ct","Louisville","KY","40299"
37909,"4706 Huckleberry Ct","Louisville","KY","40216"
37910,"2225 Wendell Ave","Louisville","KY","40205"
37911,"7604 Wesleyan Pl","Louisville","KY","40242"
37912,"2516 Old Hickory Rd","Louisville","KY","40299"
37913,"3220 Trail Ridge Rd","Louisville","KY","40241"
37914,"1145 Everett Ave","Louisville","KY","40204"
37915,"3507 Fern Lea Rd","Louisville","KY","40216"
37916,"3008 Cornerstone Ct","Louisville","KY","40220"
37917,"7291 Beechland Ave","Louisville","KY","40258"
37918,"4127 Morgan Jaymes Dr","Louisville","KY","40299"
37919,"1205 Falcon Dr","Louisville","KY","40213"
37920,"8128 Avanti Way","Louisville","KY","40291"
37921,"2110 Lauderdale Rd","Louisville","KY","40205"
37922,"10629 Gleneagle Pl","Louisville","KY","40223"
37923,"4317 Cavelle Ave","Louisville","KY","40213"
37924,"3821 Hillcross Dr","Louisville","KY","40229"
37925,"7319 York River Rd","Louisville","KY","40214"
37926,"4619 Dover Rd","Louisville","KY","40216"
37927,"4101 Pirate Ct","Louisville","KY","40229"
37928,"4411 Lincoln Rd","Louisville","KY","40220"
37929,"3003 Pelham Ct","Louisville","KY","40299"
37930,"4026 Leland Rd","Louisville","KY","40207"
37931,"1126 Blackthorn Rd","Louisville","KY","40299"
37932,"4521 Brewster Ave","Louisville","KY","40211"
37933,"224 E Southern Heights Ave","Louisville","KY","40209"
37934,"12222 Crosswinds Dr","Louisville","KY","40243"
37935,"4203 Sunflower Ave","Louisville","KY","40216"
37936,"7011 Bedford Ln","Louisville","KY","40222"
37937,"6000 Bowmont Ct","Louisville","KY","40216"
37938,"6902 Ash Tree Cir","Louisville","KY","40241"
37939,"518 M St","Louisville","KY","40208"
37940,"8616 Autumn Ridge Ct","Louisville","KY","40242"
37941,"1301 Carlimar Ln","Louisville","KY","40222"
37942,"1104 Lincoln Ave","Louisville","KY","40208"
37943,"4028 Vermont Ave","Louisville","KY","40211"
37944,"357 Ridgeway Ave","Louisville","KY","40207"
37945,"8507 Coco Ct","Louisville","KY","40219"
37946,"910 Delor Ave","Louisville","KY","40217"
37947,"639 Louis Coleman Jr Dr","Louisville","KY","40211"
37948,"3501 Illinois Ave","Apt B11","Louisville",
37949,"5924 Midnight Ln","Louisville","KY","40229"
37950,"4615 Southern Pkwy","Louisville","KY","40214"
37951,"7418 Colt Dr","Louisville","KY","40214"
37952,"211 Shady Brook Ln","Louisville","KY","40229"
37953,"8513 Jan Way","Louisville","KY","40219"
37954,"6114 Cooper Chapel Rd","Louisville","KY","40229"
37955,"1800 Park Boundary Rd","Louisville","KY","40205"
37956,"5515 Littleridge Dr","Louisville","KY","40229"
37957,"11310 Ashbrooke Gardens Dr","Louisville","KY","40229"
37958,"3701 Shannon Run Trl","Louisville","KY","40299"
37959,"1429 Homeview Dr","Louisville","KY","40215"
37960,"3804 W Main St","Louisville","KY","40212"
37961,"3003 S Melrose Dr","Louisville","KY","40299"
37962,"7513 Manslick Rd","Louisville","KY","40214"
37963,"3934 Greenhurst Dr","Louisville","KY","40299"
37964,"2316 Payne St","Louisville","KY","40206"
37965,"4910 Warbler Way","Louisville","KY","40213"
37966,"9502 Palladio Ct","Louisville","KY","40299"
37967,"8901 Duxbury Rd","Louisville","KY","40242"
37968,"1027 E Burnett Ave","Louisville","KY","40217"
37969,"8325 Stillmeadow Dr","Louisville","KY","40299"
37970,"817 Foxwood Ave","Louisville","KY","40223"
37971,"10113 Blue Creek Dr","Louisville","KY","40229"
37972,"4511 Lunenburg Dr","Louisville","KY","40245"
37973,"8401 Mill Ridge Pl","Louisville","KY","40242"
37974,"6101 Kirkwood Ct","Louisville","KY","40229"
37975,"2608 Taylorsville Rd","Louisville","KY","40205"
37976,"5509 Pattie Ln","Louisville","KY","40219"
37977,"1034 Burning Springs Cir","Louisville","KY","40223"
37978,"4412 Lambert Rd","Louisville","KY","40219"
37979,"4502 Aral Dr","Louisville","KY","40219"
37980,"3305 Fortas Ct","Louisville","KY","40220"
37981,"7916 Albrecht Cir","Louisville","KY","40241"
37982,"313 N 33rd St","Louisville","KY","40212"
37983,"519 Rothbury Ln","Louisville","KY","40243"
37984,"4925 Lagoona Dr","Louisville","KY","40219"
37985,"518 Harris Pl","Louisville","KY","40222"
37986,"13704 S Blakely Ln","Louisville","KY","40272"
37987,"8400 Cloverport Dr","Louisville","KY","40228"
37988,"1848 Sherwood Ave","Louisville","KY","40205"
37989,"6400 Cedar Branch Ct","Louisville","KY","40291"
37990,"2007 Alexander Ave","Louisville","KY","40217"
37991,"533 Barberry Ln","Louisville","KY","40206"
37992,"9510 Thor Ave","Louisville","KY","40229"
37993,"8701 Bristol Oaks Ct","Louisville","KY","40299"
37994,"4215 Northwestern Pkwy","Louisville","KY","40212"
37995,"2001 Ayars Ct","Louisville","KY","40218"
37996,"606 S 37th St","Louisville","KY","40211"
37997,"8481 Sally Dr","Louisville","KY","40258"
37998,"4203 Riveroaks Ln","Louisville","KY","40241"
37999,"1014 S Floyd St","Louisville","KY","40203"
38000,"1174 Tennessee Ave","Louisville","KY","40208"
38001,"5913 Full Moon Ct","Louisville","KY","40216"
38002,"5801 Celina Ct","Louisville","KY","40213"
38003,"3749 Glenmeade Rd","Louisville","KY","40218"
38004,"3323 Breaux Dr","Louisville","KY","40220"
38005,"3303 Brownsboro Rd","Louisville","KY","40207"
38006,"628 Lake Sterling Rd","Louisville","KY","40223"
38007,"614 Colorado Ave","Louisville","KY","40208"
38008,"11400 Garden Trace Dr","Louisville","KY","40229"
38009,"2959 Six Mile Ln","Louisville","KY","40220"
38010,"7502 Colson Dr","Louisville","KY","40220"
38011,"6707 Elmwood St","Louisville","KY","40216"
38012,"1733 Lincoln Ave","Louisville","KY","40213"
38013,"3211 Springstead Cir","Louisville","KY","40241"
38014,"1321 S 28th St","Louisville","KY","40211"
38015,"833 S 32nd St","Louisville","KY","40211"
38016,"614 Wataga Dr","Louisville","KY","40206"
38017,"7004 Irewick Way","Louisville","KY","40272"
38018,"4414 Clarene Dr","Louisville","KY","40216"
38019,"9421 Slayton Ct","Louisville","KY","40229"
38020,"636 Cecil Ave","Louisville","KY","40211"
38021,"4718 John Law Ct","Louisville","KY","40272"
38022,"5107 Barnes Dr","Louisville","KY","40219"
38023,"8713 Blue Lick Rd","Louisville","KY","40219"
38024,"4605 Myrick Pl","Louisville","KY","40272"
38025,"5409 Westhall Ave","Louisville","KY","40214"
38026,"3608 Gateview Cir","Louisville","KY","40272"
38027,"6029 Dutschke Rd","Louisville","KY","40272"
38028,"1613 W Ormsby Ave","Louisville","KY","40210"
38029,"5304 Sloane Ct","Louisville","KY","40291"
38030,"2915 Aspendale Rd","Louisville","KY","40241"
38031,"4921 S 4th St","Louisville","KY","40214"
38032,"235 Delmont Ave","Louisville","KY","40206"
38033,"255 Thompson Ave","Louisville","KY","40206"
38034,"8311 Creek Trail Ct","Louisville","KY","40291"
38035,"8005 Avanti Way","Louisville","KY","40291"
38036,"8008 Perchwood Ct","Louisville","KY","40291"
38037,"8007 Glaser Ln","Louisville","KY","40291"
38038,"8006 Troutwood Ct","Louisville","KY","40291"
38039,"6934 Village Gate Trce","Louisville","KY","40291"
38040,"8301 Glaser Ln","Louisville","KY","40291"
38041,"8103 Glaser Ln","Louisville","KY","40291"
38042,"8013 Avanti Way","Louisville","KY","40291"
38043,"8006 Perchwood Ct","Louisville","KY","40291"
38044,"8009 Avanti Way","Louisville","KY","40291"
38045,"6929 Village Gate Trce","Louisville","KY","40291"
38046,"1245 S 4th St","Apt 20","Louisville",
38047,"1236 S 6th St","Louisville","KY","40203"
38048,"1206 Garvin Pl","Louisville","KY","40203"
38049,"1245 S 4th St","Apt 17","Louisville",
38050,"1235 Garvin Pl","Apt 4","Louisville",
38051,"1245 S 4th St","Apt 11","Louisville",
38052,"1229 S 4th St","Apt 6","Louisville",
38053,"1225 S 6th St","Apt 14","Louisville",
38054,"508 W Oak St","Apt 2","Louisville",
38055,"1245 S 4th St","Apt 18","Louisville",
38056,"1219 S 6th St","Apt A1","Louisville",
38057,"1245 S 4th St","Apt 41","Louisville",
38058,"607 W Ormsby Ave","Louisville","KY","40203"
38059,"1245 S 4th St","Apt 25","Louisville",
38060,"1219 S 6th St","Apt A3","Louisville",
38061,"12017 Bay Run Dr","Louisville","KY","40245"
38062,"5105 Frey Dr","Louisville","KY","40219"
38063,"10116 Normie Ln","Louisville","KY","40229"
38064,"4015 Hillsboro Rd","Louisville","KY","40207"
38065,"6807 Bahama Ln","Louisville","KY","40219"
38066,"5617 Briscoe Ridge Ln","Louisville","KY","40219"
38067,"5202 Terrace Green Cir","Louisville","KY","40218"
38068,"7108 Sun Valley Dr","Louisville","KY","40272"
38069,"9619 Seaton Brooke Ln","Louisville","KY","40291"
38070,"403 S Lyndon Ln","Louisville","KY","40222"
38071,"4204 Seagrape Rd","Louisville","KY","40299"
38072,"8606 Montrie Ct","Louisville","KY","40219"
38073,"5218 Valley Station Rd","Louisville","KY","40272"
38074,"1776 Spring Dr","Louisville","KY","40205"
38075,"2906 Garey Ln","Louisville","KY","40216"
38076,"1333 Rufer Ave","Louisville","KY","40204"
38077,"9517 Dabney Carr Dr","Louisville","KY","40299"
38078,"4733 Peachtree Ave","Louisville","KY","40215"
38079,"669 S 40th St","Louisville","KY","40211"
38080,"3903 Blooming Spring Ct","Louisville","KY","40299"
38081,"2532 Ridgewood Ave","Louisville","KY","40217"
38082,"4017 Pixley Way","Louisville","KY","40219"
38083,"1228 Phyllis Ave","Louisville","KY","40215"
38084,"1229 Logan St","Louisville","KY","40204"
38085,"1449 Goddard Ave","Louisville","KY","40204"
38086,"3415 Pinecroft Dr","Louisville","KY","40219"
38087,"1817 Ashfield Ln","Louisville","KY","40220"
38088,"3804 Baymeadow Dr","Louisville","KY","40258"
38089,"104 N 37th St","Louisville","KY","40212"
38090,"2119 Lancashire Ave","Louisville","KY","40205"
38091,"8905 Royal Oak Dr","Louisville","KY","40272"
38092,"6657 Iroquois Park Rd","Louisville","KY","40214"
38093,"17200 Ash Hill Dr","Louisville","KY","40245"
38094,"1002 Parkway Dr","Louisville","KY","40217"
38095,"3020 Peale Ave","Louisville","KY","40205"
38096,"207 El Conquistador Pl","Louisville","KY","40220"
38097,"7115 Chippenham Rd","Louisville","KY","40222"
38098,"347 Dublin Cir","Louisville","KY","40229"
38099,"3107 Binnacle Pl","Louisville","KY","40220"
38100,"4903 Mile Of Sunshine Dr","Louisville","KY","40219"
38101,"4417 Saratoga Hill Rd","Louisville","KY","40299"
38102,"6003 Azalea Ln","Louisville","KY","40258"
38103,"4121 Morgan Jaymes Dr","Louisville","KY","40299"
38104,"9415 Titan Dr","Louisville","KY","40229"
38105,"2321 W Kentucky St","Louisville","KY","40210"
38106,"2916 Gleeson Ln","Louisville","KY","40299"
38107,"305 N 43rd St","Louisville","KY","40212"
38108,"7823 Fairmeadows Ln","Louisville","KY","40222"
38109,"9721 3rd Street Rd","Louisville","KY","40272"
38110,"10314 Moonlight Way","Louisville","KY","40272"
38111,"10305 Amy Lynn Ct","Louisville","KY","40223"
38112,"9901 Cedar Creek Rd","Louisville","KY","40229"
38113,"704 Ahland Rd","Louisville","KY","40207"
38114,"1533 Sylvan Way","Louisville","KY","40205"
38115,"310 N 40th St","Louisville","KY","40212"
38116,"214 Gheens Ave","Louisville","KY","40214"
38117,"6130 Arlone Ct","Louisville","KY","40216"
38118,"200 Pennsylvania Ave","Louisville","KY","40206"
38119,"5201 Vassar Ave","Louisville","KY","40258"
38120,"3215 Wessel Rd","Louisville","KY","40216"
38121,"8500 Burlingame Rd","Louisville","KY","40219"
38122,"9709 Grandin Woods Rd","Louisville","KY","40299"
38123,"407 Kaelin Dr","Louisville","KY","40207"
38124,"3515 Mayo Dr","Louisville","KY","40218"
38125,"4500 Saratoga Hill Rd","Louisville","KY","40299"
38126,"5401 Count Fleet Dr","Louisville","KY","40272"
38127,"8311 Stillmeadow Dr","Louisville","KY","40299"
38128,"4906 Greenview Ct","Louisville","KY","40216"
38129,"2522 Guelat Ave","Louisville","KY","40216"
38130,"6414 Birchline Blvd","Louisville","KY","40291"
38131,"2599 Greenup Rd","Louisville","KY","40217"
38132,"12201 Ledges Dr","Louisville","KY","40243"
38133,"5109 Columbia Ave","Louisville","KY","40258"
38134,"3030 Breckenridge Ln","Apt 211","Louisville",
38135,"6708 Hollow Tree Rd","Louisville","KY","40228"
38136,"2512 Hampton Ridge Blvd","Louisville","KY","40220"
38137,"5129 Hunters Point Cir","Louisville","KY","40216"
38138,"7506 Six Mile Ln","Louisville","KY","40220"
38139,"8107 Rocky Gap Rd","Louisville","KY","40214"
38140,"14105 Waterside Ct","Louisville","KY","40245"
38141,"8603 Laverne Dr","Louisville","KY","40299"
38142,"6001 Noah Dr","Louisville","KY","40258"
38143,"5628 Carolyn Way","Louisville","KY","40219"
38144,"650 Cecil Ave","Louisville","KY","40211"
38145,"4209 Mary Knoll Ln","Louisville","KY","40207"
38146,"106 N 43rd St","Louisville","KY","40212"
38147,"1815 Gardiner Ln","Apt K82","Louisville",
38148,"10616 Hillcross Ct","Louisville","KY","40229"
38149,"8136 Afterglow Dr","Louisville","KY","40214"
38150,"8906 Bluebell Dr","Louisville","KY","40219"
38151,"3134 Hunsinger Blvd","Louisville","KY","40220"
38152,"4707 S Rutland Ave","Louisville","KY","40215"
38153,"5407 E Manslick Rd","Louisville","KY","40219"
38154,"1003 Holly Springs Dr","Louisville","KY","40242"
38155,"301 Creason Ct","Unit 104","Louisville",
38156,"10909 Chenwood Ct","Louisville","KY","40299"
38157,"909 Rugby Pl","Louisville","KY","40222"
38158,"6863 Green Meadow Cir","Louisville","KY","40207"
38159,"1420 Rhonda Way","Louisville","KY","40216"
38160,"4912 Hunters Point Cir","Louisville","KY","40216"
38161,"310 W Saint Catherine St","Louisville","KY","40203"
38162,"3145 W Broadway","Louisville","KY","40211"
38163,"5210 Terrace Green Cir","Louisville","KY","40218"
38164,"429 Beechland Rd","Louisville","KY","40229"
38165,"11711 Wareing Ct","Louisville","KY","40272"
38166,"3800 Garfield Ave","Louisville","KY","40212"
38167,"1659 Prentice St","Louisville","KY","40210"
38168,"10301 Garlanreid Pl","Louisville","KY","40223"
38169,"9104 Loch Lea Ln","Louisville","KY","40291"
38170,"9611 Mary Dell Ln","Louisville","KY","40291"
38171,"1255 S Shelby St","Louisville","KY","40203"
38172,"272 Sanna Dr","Louisville","KY","40229"
38173,"4902 S 1st St","Louisville","KY","40214"
38174,"2323 Broadmeade Rd","Louisville","KY","40205"
38175,"220 Merriman Rd","Louisville","KY","40207"
38176,"2144 W Gaulbert Ave","Louisville","KY","40210"
38177,"3502 Westwood Farms Dr","Louisville","KY","40220"
38178,"226 S Hite Ave","Louisville","KY","40206"
38179,"4209 Shady Villa Dr","Louisville","KY","40219"
38180,"3107 Pioneer Rd","Louisville","KY","40216"
38181,"415 Breckenridge Ln","Louisville","KY","40207"
38182,"4845 Brenda Dr","Louisville","KY","40219"
38183,"7605 Westbrook Rd","Louisville","KY","40258"
38184,"3004 Murray Hill Pike","Louisville","KY","40241"
38185,"1316 Holsworth Ln","Louisville","KY","40222"
38186,"6121 Overhill Dr","Louisville","KY","40229"
38187,"7013 Broken Bow Dr","Louisville","KY","40258"
38188,"125 N 46th St","Louisville","KY","40212"
38189,"5704 Garden Trace Cir","Louisville","KY","40229"
38190,"4604 Primula Way","Louisville","KY","40272"
38191,"5218 Rural Way","Louisville","KY","40218"
38192,"8436 Vicki Ln","Louisville","KY","40258"
38193,"1467 Belmar Dr","Louisville","KY","40213"
38194,"6712 Cooper Chapel Rd","Louisville","KY","40229"
38195,"11309 Ashbrooke Gardens Dr","Louisville","KY","40229"
38196,"4700 Stewart Ln","Louisville","KY","40216"
38197,"1860 Douglass Blvd","Louisville","KY","40205"
38198,"10985 Sable Wing Pl","Louisville","KY","40223"
38199,"4602 Unseld Blvd","Louisville","KY","40218"
38200,"8905 Reinhart Way","Louisville","KY","40220"
38201,"4101 Pomeroy Ct","Louisville","KY","40218"
38202,"8523 Vicki Ln","Louisville","KY","40258"
38203,"2405 Northfield Ct","Louisville","KY","40222"
38204,"1606 Forest Hill Dr","Louisville","KY","40205"
38205,"1806 Chaucer Ct","Louisville","KY","40220"
38206,"3533 Craig Ave","Louisville","KY","40215"
38207,"1238 Payne St","Louisville","KY","40204"
38208,"6015 Whispering Hills Blvd","Louisville","KY","40219"
38209,"6407 Mandeville Rd","Louisville","KY","40228"
38210,"4074 Massie Ave","Louisville","KY","40207"
38211,"3404 Eastside Dr","Louisville","KY","40220"
38212,"3130 Graystone Manor Pkwy","Louisville","KY","40241"
38213,"7812 Axtell Ave","Louisville","KY","40258"
38214,"5617 Charleswood Pl","Louisville","KY","40229"
38215,"611 Willowhurst Pl","Louisville","KY","40223"
38216,"5915 Oakdale Ln","Louisville","KY","40219"
38217,"3139 Marlin Rd","Louisville","KY","40220"
38218,"1100 Lincoln Ave","Louisville","KY","40208"
38219,"10413 Scarlet Oak Ct","Louisville","KY","40241"
38220,"197 Briarwood Ln","Louisville","KY","40229"
38221,"9913 Windfall Trce","Louisville","KY","40223"
38222,"215 Crescent Ct","Louisville","KY","40206"
38223,"8124 Ardenia Ln","Louisville","KY","40228"
38224,"3813 Tuesday Way","Louisville","KY","40219"
38225,"10410 Starlight Way","Louisville","KY","40272"
38226,"6610 W Orell Rd","Louisville","KY","40272"
38227,"9622 Seaton Brooke Ln","Louisville","KY","40291"
38228,"2424 Hawthorne Ave","Louisville","KY","40205"
38229,"5421 Sunnybrook Dr","Louisville","KY","40214"
38230,"2424 Mount Claire Ave","Louisville","KY","40217"
38231,"11711 Fountain Hall Ct","Louisville","KY","40299"
38232,"6003 Red Rock Ct","Louisville","KY","40219"
38233,"5607 Charleswood Pl","Louisville","KY","40229"
38234,"6801 Orange Blossom Rd","Louisville","KY","40219"
38235,"236 Franck Ave","Louisville","KY","40206"
38236,"2110 Redleaf Dr","Louisville","KY","40242"
38237,"4316 Statton Rd","Louisville","KY","40220"
38238,"4123 Morgan Jaymes Dr","Louisville","KY","40299"
38239,"3811 Britt Ln","Louisville","KY","40219"
38240,"11311 Ashbrooke Gardens Dr","Louisville","KY","40229"
38241,"3301 Springstead Cir","Louisville","KY","40241"
38242,"2219 Glenmary Ave","Louisville","KY","40204"
38243,"219 Bonner Ave","Louisville","KY","40207"
38244,"4027 Norbourne Blvd","Louisville","KY","40207"
38245,"7419 Crawfordshire Ln","Louisville","KY","40220"
38246,"4526 Westchester Ave","Louisville","KY","40211"
38247,"6703 Moorhampton Dr","Louisville","KY","40228"
38248,"1507 Hurlingham Ct","Louisville","KY","40245"
38249,"3315 Janell Rd","Louisville","KY","40216"
38250,"12004 Edenwood Dr","Louisville","KY","40243"
38251,"641 Emily Rd","Louisville","KY","40206"
38252,"1720 Brentmoor Ln","Louisville","KY","40223"
38253,"5712 Locust Way","Louisville","KY","40229"
38254,"2622 Slevin St","Louisville","KY","40212"
38255,"10502 Kovats Ct","Louisville","KY","40223"
38256,"4513 Trey Ct","Louisville","KY","40220"
38257,"7301 Kort Way","Louisville","KY","40220"
38258,"7415 Rainbow Dr","Louisville","KY","40272"
38259,"704 Exmoor Ave","Louisville","KY","40223"
38260,"3001 Eagle Pass","Louisville","KY","40217"
38261,"6217 Maywick Rd","Louisville","KY","40272"
38262,"1814 Wilson Ave","Louisville","KY","40210"
38263,"242 Bonnie Ln","Louisville","KY","40218"
38264,"811 Cecil Ave","Louisville","KY","40211"
38265,"817 Norton Ave","Louisville","KY","40213"
38266,"186 Fawn Ct","Louisville","KY","40229"
38267,"10906 Hollyview Ct","Louisville","KY","40299"
38268,"800 S 35th St","Louisville","KY","40211"
38269,"4001 Northwestern Pkwy","Louisville","KY","40212"
38270,"7606 Lesane Dr","Louisville","KY","40214"
38271,"831 W Florence Ave","Louisville","KY","40215"
38272,"3241 New Lynnview Dr","Louisville","KY","40216"
38273,"919 Ellison Ave","Louisville","KY","40204"
38274,"5904 Full Moon Ct","Louisville","KY","40216"
38275,"1901 Edith Ct","Louisville","KY","40206"
38276,"2490 Grinstead Dr","Louisville","KY","40204"
38277,"10112 Natalie Way","Louisville","KY","40299"
38278,"936 Westview Dr","Louisville","KY","40214"
38279,"2407 Woodmont Dr","Louisville","KY","40220"
38280,"409 S 38th St","Louisville","KY","40212"
38281,"7004 Bedford Ln","Louisville","KY","40222"
38282,"6820 Vandre Ave","Louisville","KY","40228"
38283,"6807 Tropic Ct","Louisville","KY","40219"
38284,"9720 Somerford Rd","Louisville","KY","40242"
38285,"3116 Creekside Dr","Louisville","KY","40241"
38286,"213 S Bayly Ave","Louisville","KY","40206"
38287,"7405 York River Rd","Louisville","KY","40214"
38288,"8604 Wintergreen Ct","Louisville","KY","40242"
38289,"9400 Cavalcade Ave","Louisville","KY","40272"
38290,"432 Country Ln","Louisville","KY","40207"
38291,"2562 Dell Rd","Louisville","KY","40205"
38292,"1711 Cardinal Ct","Louisville","KY","40216"
38293,"7904 Tuckaway Ct","Louisville","KY","40291"
38294,"2929 Pindell Ave","Louisville","KY","40217"
38295,"206 Kim Ct","Louisville","KY","40214"
38296,"7011 Rogers Ln","Louisville","KY","40272"
38297,"2510 Concord Dr","Louisville","KY","40217"
38298,"11006 Falkirk Rd","Louisville","KY","40243"
38299,"4307 Winchester Rd","Louisville","KY","40207"
38300,"4212 Briarwood Rd","Louisville","KY","40207"
38301,"9615 Farmstead Ln","Louisville","KY","40291"
38302,"236 Bonnie Ln","Louisville","KY","40218"
38303,"7903 Bardmoor Ct","Louisville","KY","40291"
38304,"11413 Garden Trace Dr","Louisville","KY","40229"
38305,"1210 Belmar Dr","Louisville","KY","40213"
38306,"9107 Henry Clay Dr","Louisville","KY","40242"
38307,"8133 Meadowgreen Pl","Louisville","KY","40299"
38308,"840 S 33rd St","Louisville","KY","40211"
38309,"115 Mackie Ln","Louisville","KY","40214"
38310,"7720 Kim Dr","Louisville","KY","40214"
38311,"5907 Middlerose Cir","Louisville","KY","40272"
38312,"2013 Magazine St","Louisville","KY","40203"
38313,"1908 Lynn Lea Rd","Louisville","KY","40216"
38314,"714 Cecil Ave","Louisville","KY","40211"
38315,"8202 Chickering Way","Louisville","KY","40228"
38316,"1020 Samuel St","Louisville","KY","40204"
38317,"114 Daryl Ct","Louisville","KY","40214"
38318,"2230 Weber Ave","Louisville","KY","40205"
38319,"3811 Hillcross Dr","Louisville","KY","40229"
38320,"8205 Ferndale Rd","Louisville","KY","40291"
38321,"545 Dover Rd","Louisville","KY","40206"
38322,"207 Blackburn Ave","Louisville","KY","40206"
38323,"6214 Six Mile Ln","Louisville","KY","40218"
38324,"9403 Cavalcade Ave","Louisville","KY","40272"
38325,"426 S 16th St","Louisville","KY","40203"
38326,"2364 Winston Ave","Louisville","KY","40205"
38327,"9315 Walhampton Dr","Louisville","KY","40242"
38328,"2308 Cross Hill Rd","Louisville","KY","40206"
38329,"4910 Mount Holyoke Dr","Louisville","KY","40216"
38330,"2905 Richland Ave","Louisville","KY","40220"
38331,"2326 Keswick Blvd","Louisville","KY","40217"
38332,"8107 Joyce Dr","Louisville","KY","40219"
38333,"10353 Timberwood Cir","Louisville","KY","40223"
38334,"4087 Gilman Ave","Louisville","KY","40207"
38335,"8010 Avanti Way","Louisville","KY","40291"
38336,"8707 Chelmer Ln","Louisville","KY","40220"
38337,"4901 Red Fern Rd","Louisville","KY","40218"
38338,"7210 Iron Gate Ct","Louisville","KY","40241"
38339,"619 S 18th St","Louisville","KY","40203"
38340,"9406 Omar Khayyam Blvd","Louisville","KY","40272"
38341,"4415 Southbridge Ct","Louisville","KY","40272"
38342,"4511 Spring Bay Ct","Louisville","KY","40241"
38343,"6203 Hanses Dr","Louisville","KY","40219"
38344,"3208 Brightside Ct","Louisville","KY","40220"
38345,"5105 Red Fern Rd","Louisville","KY","40218"
38346,"10417 Bayport Rd","Louisville","KY","40299"
38347,"503 Revolutionary Rd","Louisville","KY","40214"
38348,"3725 Penway Ave","Louisville","KY","40211"
38349,"5900 Croft Ct","Louisville","KY","40207"
38350,"1219 Krupp Park Dr","Louisville","KY","40213"
38351,"728 S 31st St","Louisville","KY","40211"
38352,"3615 Colmar Dr","Louisville","KY","40211"
38353,"9808 Stanalouise Dr","Louisville","KY","40291"
38354,"8810 Willowcreek Dr","Louisville","KY","40219"
38355,"20 Sterling Rd","Louisville","KY","40220"
38356,"2823 Portland Ave","Louisville","KY","40212"
38357,"11811 Pierce Way","Louisville","KY","40272"
38358,"1744 Dixdale Ave","Louisville","KY","40210"
38359,"5521 Garrow Ave","Louisville","KY","40219"
38360,"2252 Saratoga Dr","Louisville","KY","40205"
38361,"6920 Peppermill Ln","Louisville","KY","40228"
38362,"8000 Deronia Ave","Louisville","KY","40222"
38363,"9900 Scrim Ave","Louisville","KY","40272"
38364,"316 Willow Stone Way","Louisville","KY","40223"
38365,"6408 Birchline Blvd","Louisville","KY","40291"
38366,"7607 Petty Jay Ct","Louisville","KY","40220"
38367,"8005 Tolls Ave","Louisville","KY","40214"
38368,"3002 Wooded Meadow Ct","Louisville","KY","40241"
38369,"3039 Lexington Rd","Louisville","KY","40206"
38370,"2301 Alta Ave","Louisville","KY","40205"
38371,"1002 Girard Dr","Louisville","KY","40222"
38372,"2000 Camargo Rd","Louisville","KY","40207"
38373,"10313 Colonel Hancock Dr","Louisville","KY","40291"
38374,"7520 3rd Street Rd","Louisville","KY","40214"
38375,"10842 Hobbs Station Rd","Louisville","KY","40223"
38376,"1528 Wurtele Ave","Louisville","KY","40208"
38377,"1815 Chaucer Ct","Louisville","KY","40220"
38378,"3002 Wickland Rd","Louisville","KY","40205"
38379,"815 Swan St","Louisville","KY","40204"
38380,"112 E Amherst Ave","Louisville","KY","40214"
38381,"530 Camden Ave","Louisville","KY","40215"
38382,"1602 Cristland Rd","Louisville","KY","40214"
38383,"429 N 22nd St","Louisville","KY","40212"
38384,"131 Ashley Ct","Louisville","KY","40229"
38385,"2807 Esther Blvd","Louisville","KY","40220"
38386,"1006 Carlisle Ave","Louisville","KY","40215"
38387,"6101 Deady Dr","Louisville","KY","40258"
38388,"1403 Dellwood Dr","Louisville","KY","40216"
38389,"3827 Chatham Rd","Louisville","KY","40218"
38390,"2506 Mercer Ave","Louisville","KY","40216"
38391,"10512 Nanka Rd","Louisville","KY","40272"
38392,"7307 Supremus Dr","Louisville","KY","40214"
38393,"9806 Whipps Mill Rd","Unit 2","Louisville",
38394,"2603 Meadow Dr","Louisville","KY","40220"
38395,"633 Floral Ter","Louisville","KY","40208"
38396,"4814 S 4th St","Louisville","KY","40214"
38397,"226 W Esplanade Ave","Louisville","KY","40214"
38398,"1238 Carrico Ave","Louisville","KY","40215"
38399,"4480 Southbridge Ct","Louisville","KY","40272"
38400,"114 S 45th St","Louisville","KY","40212"
38401,"4823 Bluebird Ave","Louisville","KY","40213"
38402,"3301 Linnet Rd","Louisville","KY","40213"
38403,"3500 Bridgegate Ct","Louisville","KY","40272"
38404,"1028 Southern Ave","Louisville","KY","40218"
38405,"1708 Tempest Way","Louisville","KY","40216"
38406,"340 Rosewood Dr","Louisville","KY","40223"
38407,"3918 Hycliffe Ave","Louisville","KY","40207"
38408,"1020 Ellison Ave","Louisville","KY","40204"
38409,"5407 Wending Ct","Louisville","KY","40207"
38410,"9002 Billingsgate Pl","Louisville","KY","40242"
38411,"8016 Broadfern Dr","Louisville","KY","40291"
38412,"712 E Breckinridge St","Louisville","KY","40203"
38413,"5511 Pavilion Way","Louisville","KY","40291"
38414,"1364 Ouerbacker Ct","Louisville","KY","40208"
38415,"4004 Serene Way","Louisville","KY","40219"
38416,"10001 Belltower Ct","Louisville","KY","40299"
38417,"3903 Bristol Oaks Dr","Louisville","KY","40299"
38418,"2319 Mary Catherine Dr","Louisville","KY","40216"
38419,"6703 Moorhaven Dr","Louisville","KY","40228"
38420,"1608 Grey Owl Ct","Louisville","KY","40223"
38421,"3803 Glenwillow Way","Louisville","KY","40299"
38422,"8324 Lacevine Rd","Louisville","KY","40220"
38423,"1914 Rudy Ln","Louisville","KY","40207"
38424,"8102 Silverbell Ave","Louisville","KY","40228"
38425,"11508 Saratoga Club Rd","Louisville","KY","40299"
38426,"1844 Mary Catherine Dr","Louisville","KY","40216"
38427,"8606 Autumn Ridge Ct","Louisville","KY","40242"
38428,"1915 W Madison St","Louisville","KY","40203"
38429,"9118 Felsmere Cir","Louisville","KY","40241"
38430,"1800 Princeton Dr","Louisville","KY","40205"
38431,"3003 Brookway Ct","Louisville","KY","40214"
38432,"9302 Cavalcade Ave","Louisville","KY","40272"
38433,"8701 Ferndale Rd","Louisville","KY","40291"
38434,"3417 Sumac Rd","Louisville","KY","40216"
38435,"9602 Bay Hill Dr","Louisville","KY","40223"
38436,"2519 Delores Dr","Louisville","KY","40216"
38437,"323 Highwood Dr","Louisville","KY","40206"
38438,"4018 Willowview Blvd","Louisville","KY","40299"
38439,"159 Pennsylvania Ave","Louisville","KY","40206"
38440,"1145 Delor Ave","Louisville","KY","40217"
38441,"6908 Johnsontown Rd","Louisville","KY","40272"
38442,"5009 Axtell Ave","Louisville","KY","40258"
38443,"5403 W Pages Ln","Louisville","KY","40258"
38444,"5211 Delaware Dr","Louisville","KY","40218"
38445,"3711 Norbourne Blvd","Louisville","KY","40207"
38446,"2240 Farnsley Rd","Louisville","KY","40216"
38447,"2355 Carlton Ter","Louisville","KY","40205"
38448,"108 N 17th St","Louisville","KY","40203"
38449,"3015 Brownsboro Rd","Apt 4","Louisville",
38450,"2903 Meadowview Cir","Louisville","KY","40220"
38451,"7228 Lucille Ave","Louisville","KY","40258"
38452,"4506 Starlite Ln","Louisville","KY","40291"
38453,"13316 Girvan Ave","Louisville","KY","40272"
38454,"1408 Mirimar Rd","Louisville","KY","40222"
38455,"3211 Robin Rd","Louisville","KY","40213"
38456,"701 Locust Pointe Pl","Louisville","KY","40245"
38457,"1507 Helmridge Ct","Louisville","KY","40222"
38458,"1423 Rosewood Ave","Louisville","KY","40204"
38459,"1429 Lillian Ave","Louisville","KY","40208"
38460,"2703 Alanmede Rd","Louisville","KY","40205"
38461,"4405 Exley Ct","Louisville","KY","40211"
38462,"1806 Harvard Dr","Louisville","KY","40205"
38463,"2315 Quinn Dr","Louisville","KY","40216"
38464,"4113 Lees Ln","Louisville","KY","40216"
38465,"8310 Lacevine Rd","Louisville","KY","40220"
38466,"8500 Sally Dr","Louisville","KY","40258"
38467,"4912 Bova Way","Louisville","KY","40291"
38468,"3501 Maalox Ct","Louisville","KY","40220"
38469,"1814 Parkridge Pkwy","Louisville","KY","40214"
38470,"2305 Thurman Dr","Louisville","KY","40216"
38471,"701 Wickfield Dr","Louisville","KY","40245"
38472,"11522 Saratoga Club Rd","Louisville","KY","40299"
38473,"12102 Parkway Rd","Louisville","KY","40223"
38474,"3218 Rosewedge Way","Louisville","KY","40216"
38475,"7903 Castle Pines Ct","Louisville","KY","40291"
38476,"1919 Heaton Rd","Louisville","KY","40216"
38477,"4000 Stoneview Dr","Apt 1","Louisville",
38478,"8005 Greenhurst Ct","Louisville","KY","40299"
38479,"11504 Saratoga Club Rd","Louisville","KY","40299"
38480,"3759 Powell Ave","Louisville","KY","40215"
38481,"7014 Uranus Dr","Louisville","KY","40258"
38482,"3905 Gaudet Rd","Louisville","KY","40299"
38483,"501 Micawber Ct","Louisville","KY","40245"
38484,"4321 Saratoga Woods Dr","Louisville","KY","40299"
38485,"5012 Hunters Point Cir","Louisville","KY","40216"
38486,"7203 Supremus Dr","Louisville","KY","40214"
38487,"19 Indian Hills Trl","Louisville","KY","40207"
38488,"4610 Grandview Dr","Louisville","KY","40216"
38489,"2218 Deveron Dr","Louisville","KY","40216"
38490,"416 W Breckinridge St","Apt A3","Louisville",
38491,"210 Cambridge Dr","Louisville","KY","40214"
38492,"1617 Dixdale Ave","Louisville","KY","40210"
38493,"1935 Olive St","Louisville","KY","40210"
38494,"909 W Ashland Ave","Louisville","KY","40215"
38495,"8308 Latania Dr","Louisville","KY","40258"
38496,"1457 Beech St","Louisville","KY","40211"
38497,"4606 Linger Ct","Louisville","KY","40272"
38498,"6006 Bowmont Ct","Louisville","KY","40216"
38499,"113 Stoll Ave","Louisville","KY","40206"
38500,"2133 East Ln","Louisville","KY","40216"
38501,"8603 Jan Way","Louisville","KY","40219"
38502,"3301 Dumesnil St","Louisville","KY","40211"
38503,"3029 Hendon Rd","Louisville","KY","40220"
38504,"7900 White Cedar Pl","Louisville","KY","40219"
38505,"1278 Parkway Gardens Ct","Apt 225","Louisville",
38506,"321 1/2 N 32nd St","Louisville","KY","40212"
38507,"4504 Dakin Ct","Louisville","KY","40299"
38508,"600 Lake Sterling Rd","Louisville","KY","40223"
38509,"1415 Anna Ln","Louisville","KY","40216"
38510,"189 Lees Ln N","Louisville","KY","40229"
38511,"1904 Rutherford Ave","Louisville","KY","40205"
38512,"1702 Ashfield Ln","Louisville","KY","40220"
38513,"3414 Taylorsville Rd","Apt 2","Louisville",
38514,"9100 Cinderella Ln","Louisville","KY","40229"
38515,"2107 Allston Ave","Louisville","KY","40210"
38516,"8001 Brookglen Ct","Louisville","KY","40220"
38517,"2312 Embassy Ln","Louisville","KY","40216"
38518,"5000 Cliffwood Rd","Louisville","KY","40222"
38519,"8109 Cooper Chapel Rd","Louisville","KY","40229"
38520,"12502 Farmbrook Dr","Louisville","KY","40243"
38521,"6802 Norway Dr","Louisville","KY","40214"
38522,"4513 Southridge Dr","Louisville","KY","40272"
38523,"1044 S 43rd St","Louisville","KY","40211"
38524,"99 Woodmore Ave","Louisville","KY","40214"
38525,"200 Kim Ct","Louisville","KY","40214"
38526,"1337 Olive St","Louisville","KY","40211"
38527,"4917 Hunters Point Cir","Louisville","KY","40216"
38528,"11310 Nez Perce Way","Louisville","KY","40229"
38529,"9613 Seaton Brooke Ln","Louisville","KY","40291"
38530,"9507 Dabney Carr Dr","Louisville","KY","40299"
38531,"7004 Nathan Hale Way","Louisville","KY","40272"
38532,"8906 Willow Springs Dr","Louisville","KY","40242"
38533,"4149 La Salle Ave","Louisville","KY","40215"
38534,"9413 Hudson Ln","Louisville","KY","40291"
38535,"3114 Mid Dale Ln","Louisville","KY","40220"
38536,"3708 Quail Hollow Ct","Louisville","KY","40241"
38537,"3906 Hunsinger Ln","Louisville","KY","40220"
38538,"722 Highwood Dr","Louisville","KY","40206"
38539,"7315 Dunkirk Ln","Louisville","KY","40272"
38540,"715 Homestead Blvd","Louisville","KY","40207"
38541,"701 Waterford Rd","Louisville","KY","40207"
38542,"6610 Port Antonio Ct","Louisville","KY","40228"
38543,"1823 Tyler Ln","Louisville","KY","40205"
38544,"2720 Field Ave","Louisville","KY","40206"
38545,"203 Wooded Falls Rd","Louisville","KY","40243"
38546,"4012 Dupont Cir","Apt 208","Louisville",
38547,"5400 Crosstree Pl","Louisville","KY","40229"
38548,"2813 Whiteway Ave","Louisville","KY","40205"
38549,"1412 Willow Ave","Apt 33","Louisville",
38550,"1704 Model Rd","Louisville","KY","40216"
38551,"10212 Waycross Ave","Louisville","KY","40229"
38552,"213 Exchange Ave","Louisville","KY","40207"
38553,"11509 Saratoga Club Rd","Louisville","KY","40299"
38554,"17200 Mallet Hill Dr","Louisville","KY","40245"
38555,"9110 Willowcreek Dr","Louisville","KY","40219"
38556,"2631 Payne St","Louisville","KY","40206"
38557,"6908 Kentucky Ave","Louisville","KY","40258"
38558,"151 Wiseland Way","Louisville","KY","40229"
38559,"5014 Fairwood Ln","Louisville","KY","40291"
38560,"10213 Saint Rene Rd","Louisville","KY","40299"
38561,"2919 W Muhammad Ali Blvd","Louisville","KY","40212"
38562,"4515 Saratoga Hill Rd","Louisville","KY","40299"
38563,"1941 Alfresco Pl","Louisville","KY","40205"
38564,"9612 Galene Dr","Louisville","KY","40299"
38565,"8102 Florist Rd","Louisville","KY","40228"
38566,"7309 Paiute Rd","Louisville","KY","40214"
38567,"7214 Shefford Ln","Louisville","KY","40242"
38568,"4317 Saratoga Woods Dr","Louisville","KY","40299"
38569,"208 Kennedy Ave","Louisville","KY","40206"
38570,"13518 Old Distillery Rd","Louisville","KY","40272"
38571,"12003 Hilda Ct","Louisville","KY","40272"
38572,"1104 Cristland Rd","Louisville","KY","40214"
38573,"8607 Farmsfield Ct","Louisville","KY","40299"
38574,"2109 Wallie Ann Ct","Louisville","KY","40210"
38575,"4008 Norene Ln","Louisville","KY","40219"
38576,"686 S 42nd St","Louisville","KY","40211"
38577,"1814 Cimmaron Trl","Louisville","KY","40223"
38578,"2010 S Preston St","Louisville","KY","40217"
38579,"9705 Lancewood Rd","Louisville","KY","40229"
38580,"9333 Fairground Rd","Louisville","KY","40291"
38581,"3525 Bells Ln","Louisville","KY","40211"
38582,"8505 Saberdee Dr","Louisville","KY","40242"
38583,"272 Hillside Ln","Louisville","KY","40229"
38584,"1016 Walter Ave","Louisville","KY","40215"
38585,"14004 Oldwood Pl","Louisville","KY","40245"
38586,"9919 Sprig Way","Louisville","KY","40291"
38587,"616 Eastern Pkwy","Louisville","KY","40217"
38588,"8006 Beechdale Ct","Louisville","KY","40220"
38589,"2309 Marguerite Dr","Louisville","KY","40216"
38590,"6301 Oak Valley Dr","Louisville","KY","40214"
38591,"9803 East Ave","Louisville","KY","40272"
38592,"1810 Milburt Dr","Louisville","KY","40223"
38593,"7012 Birnamwood Dr","Louisville","KY","40258"
38594,"4111 River Park Dr","Louisville","KY","40211"
38595,"4601 Saratoga Hill Rd","Louisville","KY","40299"
38596,"6817 Vandre Ave","Louisville","KY","40228"
38597,"2545 Dell Rd","Louisville","KY","40205"
38598,"3013 Treeview Ct","Louisville","KY","40214"
38599,"1039 Edward Ave","Louisville","KY","40204"
38600,"2213 Mahan Dr","Louisville","KY","40299"
38601,"1803 Darby Ct","Louisville","KY","40220"
38602,"326 Plaza Ave","Louisville","KY","40218"
38603,"1422 Central Ave","Louisville","KY","40208"
38604,"4911 Southside Dr","Louisville","KY","40214"
38605,"4004 Mapleton Ave","Louisville","KY","40215"
38606,"4716 Clarion Ct","Louisville","KY","40216"
38607,"1609 Gagel Ave","Louisville","KY","40216"
38608,"2143 Duncan St","Louisville","KY","40212"
38609,"4801 E Manslick Rd","Louisville","KY","40219"
38610,"2227 Manchester Rd","Louisville","KY","40205"
38611,"1708 W Breckinridge St","Louisville","KY","40210"
38612,"3843 S 4th St","Louisville","KY","40214"
38613,"36 Arrowhead Rd","Louisville","KY","40207"
38614,"2606 Lomond Dr","Louisville","KY","40216"
38615,"3013 Velden Dr","Louisville","KY","40220"
38616,"9806 Gateway Dr","Louisville","KY","40299"
38617,"3612 Friar Tuck Ct","Louisville","KY","40219"
38618,"9111 Kentucky Ave","Louisville","KY","40291"
38619,"1939 Roanoke Ave","Louisville","KY","40205"
38620,"8414 Running Spring Dr","Louisville","KY","40241"
38621,"4004 Carol Rd","Louisville","KY","40218"
38622,"8725 Filson Fields Ct","Louisville","KY","40219"
38623,"424 S 16th St","Louisville","KY","40203"
38624,"317 S 39th St","Louisville","KY","40212"
38625,"8407 Berea Dr","Louisville","KY","40228"
38626,"433 S 16th St","Louisville","KY","40203"
38627,"5418 Westhall Ave","Louisville","KY","40214"
38628,"5782 Dorinda Dr","Louisville","KY","40258"
38629,"3110 Meadowside Ct","Louisville","KY","40214"
38630,"4708 Settle Blvd","Louisville","KY","40219"
38631,"3504 Sudbury Ln","Louisville","KY","40220"
38632,"2805 Creekside Dr","Louisville","KY","40241"
38633,"2226 Fairland Ave","Louisville","KY","40218"
38634,"3206 Indian Lake Dr","Louisville","KY","40241"
38635,"17210 Mallet Hill Dr","Louisville","KY","40245"
38636,"4108 Bay Pointe Dr","Louisville","KY","40241"
38637,"3011 Piedmont Dr","Louisville","KY","40205"
38638,"210 Lanark Pl","Louisville","KY","40243"
38639,"127 Colonial Dr","Louisville","KY","40207"
38640,"1019 E Breckinridge St","Louisville","KY","40204"
38641,"13520 Laverton Ave","Louisville","KY","40272"
38642,"7408 Crabtree Dr","Louisville","KY","40228"
38643,"209 Cumberland Ave","Louisville","KY","40214"
38644,"2328 Broadmeade Rd","Louisville","KY","40205"
38645,"1005 Juniper Springs Dr","Louisville","KY","40242"
38646,"7304 Quail Ridge Rd","Louisville","KY","40291"
38647,"3914 Belltower Rd","Louisville","KY","40299"
38648,"6408 Orchid Hill Pl","Louisville","KY","40207"
38649,"3720 Selma Ave","Louisville","KY","40218"
38650,"4828 Nottinghamshire Dr","Louisville","KY","40299"
38651,"1911 Warrington Way","Louisville","KY","40222"
38652,"6213 Innes Trace Rd","Louisville","KY","40222"
38653,"4518 Norene Ln","Louisville","KY","40219"
38654,"8406 Fieldcrest Ct","Louisville","KY","40299"
38655,"11324 Garden Trace Dr","Louisville","KY","40229"
38656,"1400 Willow Ave","Apt 408","Louisville",
38657,"3513 Grand Ave","Louisville","KY","40211"
38658,"5208 Saint Gabriel Ct","Louisville","KY","40291"
38659,"800 Towner Pl","Louisville","KY","40223"
38660,"5910 Catheen Way","Louisville","KY","40213"
38661,"6304 Linstead Rd","Louisville","KY","40228"
38662,"1713 Harold Ave","Louisville","KY","40210"
38663,"8214 Seaforth Dr","Louisville","KY","40258"
38664,"6018 Moorhaven Dr","Louisville","KY","40219"
38665,"9849 Longwood Cir","Louisville","KY","40223"
38666,"9613 Moorfield Cir","Louisville","KY","40241"
38667,"620 S 43rd St","Louisville","KY","40211"
38668,"5007 Rural Way","Louisville","KY","40218"
38669,"216 Iroquois Ave","Louisville","KY","40214"
38670,"330 Ethridge Ave","Unit 205","Louisville",
38671,"2851 Klondike Ln","Louisville","KY","40218"
38672,"1111 Ridge Line Dr","Louisville","KY","40207"
38673,"154 Starlite Ct","Louisville","KY","40229"
38674,"4115 Morgan Jaymes Dr","Louisville","KY","40299"
38675,"4207 Davco Way","Louisville","KY","40241"
38676,"12221 Dulcie Ct","Louisville","KY","40229"
38677,"1416 Cadet Ct","Louisville","KY","40222"
38678,"3218 Patricia Dr","Louisville","KY","40216"
38679,"4647 Settle Blvd","Louisville","KY","40219"
38680,"5100 Famous Way","Louisville","KY","40219"
38681,"2800 Wareham Rd","Louisville","KY","40242"
38682,"3025 Radiance Rd","Louisville","KY","40220"
38683,"4523 Norene Ln","Louisville","KY","40219"
38684,"1629 W Oak St","Louisville","KY","40210"
38685,"10338 Keystone Trce","Louisville","KY","40223"
38686,"1406 Fayette Dr","Louisville","KY","40219"
38687,"6008 Count Turf Dr","Louisville","KY","40272"
38688,"403 University Ave","Louisville","KY","40206"
38689,"3200 Rainview Cir","Louisville","KY","40220"
38690,"5005 Ramona Ln","Louisville","KY","40272"
38691,"5425 Ilex Ave","Louisville","KY","40213"
38692,"600 Flat Rock Rd","Louisville","KY","40245"
38693,"14006 Dixie Hwy","Louisville","KY","40272"
38694,"2619 Alanmede Rd","Louisville","KY","40205"
38695,"8811 Raintree Dr","Louisville","KY","40220"
38696,"8602 Perry Rd","Louisville","KY","40222"
38697,"1522 Gallagher St","Louisville","KY","40210"
38698,"816 Inverness Ave","Louisville","KY","40214"
38699,"1121 Ash St","Louisville","KY","40217"
38700,"2207 Ardsley Rd","Louisville","KY","40207"
38701,"3711 Vermont Ave","Louisville","KY","40211"
38702,"6201 Moorhaven Dr","Louisville","KY","40228"
38703,"4325 Lynnview Dr","Louisville","KY","40216"
38704,"5607 Random Way","Louisville","KY","40291"
38705,"11203 Brookley Dr","Louisville","KY","40229"
38706,"1905 Wickham Way","Louisville","KY","40223"
38707,"10940 Old Harrods Woods Cir","Louisville","KY","40223"
38708,"5407 Pawnee Trl","Louisville","KY","40207"
38709,"130 Gardiner Lake Rd","Louisville","KY","40205"
38710,"6520 Norbert Ct","Louisville","KY","40258"
38711,"2129 Wrocklage Ave","Louisville","KY","40205"
38712,"2405 Hereford Ct","Louisville","KY","40272"
38713,"12406 Hiawatha Ave","Louisville","KY","40223"
38714,"4105 Lambert Ave","Louisville","KY","40218"
38715,"1501 Olive St","Louisville","KY","40210"
38716,"7409 Seebolt Dr","Louisville","KY","40219"
38717,"2002 Dogoon Dr","Louisville","KY","40223"
38718,"5904 Grayson Ct","Louisville","KY","40222"
38719,"2306 Elmore St","Louisville","KY","40216"
38720,"5123 Roederer Dr","Louisville","KY","40219"
38721,"4106 Saratoga Woods Dr","Louisville","KY","40299"
38722,"5522 Beth Rd","Louisville","KY","40219"
38723,"3102 Diemer Ln","Louisville","KY","40205"
38724,"7709 Hall Farm Dr","Louisville","KY","40291"
38725,"8602 Timber Hollow Ct","Louisville","KY","40219"
38726,"3208 Indian Lake Dr","Louisville","KY","40241"
38727,"4154 Sunset Ave","Louisville","KY","40211"
38728,"8418 Robbins Rd","Louisville","KY","40258"
38729,"9321 Geneva Way","Louisville","KY","40291"
38730,"2519 Clearbrook Dr","Louisville","KY","40220"
38731,"2937 Sheldon Rd","Louisville","KY","40218"
38732,"4408 Winter Garden Ct","Louisville","KY","40218"
38733,"6210 Innes Trace Rd","Louisville","KY","40222"
38734,"1241 Cleo Ave","Louisville","KY","40213"
38735,"1044 S 26th St","Louisville","KY","40210"
38736,"2123 Mccloskey Ave","Louisville","KY","40210"
38737,"6102 Windrow Pl","Louisville","KY","40207"
38738,"7070 Wildwood Cir","Apt 157","Louisville",
38739,"9525 Farmstead Ln","Louisville","KY","40291"
38740,"9609 Seaton Brooke Ln","Louisville","KY","40291"
38741,"4515 S 1st St","Louisville","KY","40214"
38742,"8321 Lacevine Rd","Louisville","KY","40220"
38743,"7501 Faxon Ct","Louisville","KY","40258"
38744,"711 Greenridge Ln","Louisville","KY","40207"
38745,"1712 Bachmann Dr","Louisville","KY","40216"
38746,"1125 Minor Ln","Louisville","KY","40219"
38747,"2153 Lowell Ave","Louisville","KY","40205"
38748,"5300 Ridgecrest Rd","Louisville","KY","40218"
38749,"10987 Eagles Cove Dr","Louisville","KY","40241"
38750,"787 Hillview Blvd","Louisville","KY","40229"
38751,"4718 Kitty Hawk Way","Louisville","KY","40207"
38752,"8713 Mckenna Way","Louisville","KY","40291"
38753,"9932 Winged Foot Dr","Louisville","KY","40223"
38754,"6993 Beechland Ave","Louisville","KY","40258"
38755,"609 Rymer Way","Louisville","KY","40223"
38756,"2821 Esther Blvd","Louisville","KY","40220"
38757,"9707 Grandin Woods Rd","Louisville","KY","40299"
38758,"13600 Tennis Blvd","Louisville","KY","40272"
38759,"332 Kilmory Ave","Louisville","KY","40214"
38760,"2307 Briargate Ave","Louisville","KY","40216"
38761,"4808 S 5th St","Louisville","KY","40214"
38762,"3300 Gatecreek Rd","Louisville","KY","40272"
38763,"2514 Melody Way","Louisville","KY","40299"
38764,"419 Trinity Hills Ln","Louisville","KY","40207"
38765,"411 Elmwood Ct","Louisville","KY","40207"
38766,"2211 Sheffield Blvd","Louisville","KY","40205"
38767,"1702 Fraser Dr","Louisville","KY","40205"
38768,"1809 Mary Catherine Dr","Louisville","KY","40216"
38769,"12407 Saint Clair Dr","Louisville","KY","40243"
38770,"9401 Megan Jay Ct","Louisville","KY","40299"
38771,"2212 Quinn Ct","Louisville","KY","40216"
38772,"7606 Labrador Dr","Louisville","KY","40258"
38773,"2515 Old Hickory Rd","Louisville","KY","40299"
38774,"4908 Mount Holyoke Dr","Louisville","KY","40216"
38775,"1641 Dixdale Ave","Louisville","KY","40210"
38776,"8503 Shirley Ln","Louisville","KY","40258"
38777,"3452 Powell Ave","Louisville","KY","40215"
38778,"4508 Southridge Dr","Louisville","KY","40272"
38779,"8107 Windsor Lakes Ct","Louisville","KY","40214"
38780,"3524 Winchester Rd","Louisville","KY","40207"
38781,"9110 Hi View Ln","Louisville","KY","40272"
38782,"4005 Billtown Rd","Louisville","KY","40299"
38783,"1630 Tyler Pkwy","Louisville","KY","40204"
38784,"4101 Wimpole Rd","Louisville","KY","40218"
38785,"8001 Weather Ct","Louisville","KY","40220"
38786,"7719 Rochelle Rd","Louisville","KY","40228"
38787,"219 S Peterson Ave","Louisville","KY","40206"
38788,"8601 Autumn Ridge Ct","Louisville","KY","40242"
38789,"9900 Windfall Trce","Louisville","KY","40223"
38790,"3219 Marion Ct","Louisville","KY","40206"
38791,"940 E Liberty St","Louisville","KY","40204"
38792,"6920 Applegate Ln","Louisville","KY","40228"
38793,"625 E Caldwell St","Louisville","KY","40203"
38794,"8612 Holston Rd","Louisville","KY","40222"
38795,"3305 Mount Rainier Dr","Louisville","KY","40241"
38796,"3709 Saint Francis Ave","Louisville","KY","40218"
38797,"6406 Orchid Hill Pl","Louisville","KY","40207"
38798,"7818 Appleview Ln","Louisville","KY","40228"
38799,"1322 Gilmore Ln","Louisville","KY","40213"
38800,"3203 Norma Ln","Louisville","KY","40220"
38801,"4544 S 2nd St","Louisville","KY","40214"
38802,"212 N 34th St","Louisville","KY","40212"
38803,"3112 Teakwood Cir","Louisville","KY","40216"
38804,"8014 Red Bud Hill Dr","Louisville","KY","40228"
38805,"165 E Francis Ave","Louisville","KY","40214"
38806,"4651 Shenandoah Dr","Louisville","KY","40241"
38807,"1901 Arboro Pl","Louisville","KY","40220"
38808,"3502 Marlin Dr","Louisville","KY","40299"
38809,"3004 Dale Ann Dr","Louisville","KY","40220"
38810,"3039 Roselawn Blvd","Louisville","KY","40220"
38811,"4136 Craig Ave","Louisville","KY","40215"
38812,"6701 Moorhaven Dr","Louisville","KY","40228"
38813,"8001 Port Royal Ct","Louisville","KY","40291"
38814,"1331 Weller Ave","Louisville","KY","40208"
38815,"3203 Oak Haven Ct","Louisville","KY","40220"
38816,"3102 Bushmill Park","Louisville","KY","40241"
38817,"5310 Twinkle Dr","Louisville","KY","40258"
38818,"5501 Ridgecrest Rd","Louisville","KY","40218"
38819,"7410 Duchess Dr","Louisville","KY","40228"
38820,"2230 Wynnewood Cir","Louisville","KY","40222"
38821,"4803 Fury Way","Louisville","KY","40258"
38822,"2216 Osage Ave","Louisville","KY","40210"
38823,"3810 Charter Oaks Dr","Apt 1","Louisville",
38824,"6801 Rock Hollow Dr","Louisville","KY","40219"
38825,"8302 Red Stone Hill Rd","Louisville","KY","40214"
38826,"14207 Markleham Way","Louisville","KY","40245"
38827,"7216 Brownsboro Rd","Louisville","KY","40241"
38828,"224 Summers Dr","Louisville","KY","40229"
38829,"1709 Parkridge Pkwy","Louisville","KY","40214"
38830,"3822 Gaywood Dr","Louisville","KY","40272"
38831,"643 N 29th St","Louisville","KY","40212"
38832,"4006 Nachand Ln","Louisville","KY","40218"
38833,"6610 Broadhale Dr","Louisville","KY","40291"
38834,"1300 Joni Dr","Louisville","KY","40216"
38835,"331 Piatt Pl","Unit 206","Louisville",
38836,"4805 Grecian Ct","Louisville","KY","40272"
38837,"2411 Newburg Rd","Louisville","KY","40205"
38838,"8001 New La Grange Rd","Louisville","KY","40222"
38839,"302 Coralberry Rd","Louisville","KY","40207"
38840,"10524 Black Iron Rd","Louisville","KY","40291"
38841,"3108 Cawein Way","Louisville","KY","40220"
38842,"5006 Hunters Point Cir","Louisville","KY","40216"
38843,"7813 Canonero Way","Louisville","KY","40291"
38844,"5804 W Pages Ln","Louisville","KY","40258"
38845,"2703 Maxon Dr","Louisville","KY","40220"
38846,"7111 Kentucky Ave","Louisville","KY","40258"
38847,"3814 Crestridge Dr","Louisville","KY","40272"
38848,"7411 Falls Ridge Ct","Louisville","KY","40241"
38849,"341 Piatt Pl","Unit 103","Louisville",
38850,"149 1/2 N Bellaire Ave","Louisville","KY","40206"
38851,"2208 Lowell Ave","Louisville","KY","40205"
38852,"5905 Full Moon Ct","Louisville","KY","40216"
38853,"2523 Windsor Forest Dr","Louisville","KY","40272"
38854,"5409 Laureltree Pl","Louisville","KY","40229"
38855,"7610 Fort Sumter Ct","Louisville","KY","40214"
38856,"215 Militia Dr","Louisville","KY","40214"
38857,"10400 Mimosa View Ct","Louisville","KY","40299"
38858,"4311 Saratoga Woods Dr","Louisville","KY","40299"
38859,"6007 Bowmont Ct","Louisville","KY","40216"
38860,"760 S Shelby St","Louisville","KY","40203"
38861,"8612 Claudia Dr","Louisville","KY","40219"
38862,"1811 Crossgate Ln","Louisville","KY","40222"
38863,"1800 Bardsley Cir","Louisville","KY","40222"
38864,"865 Clarks Ln","Louisville","KY","40217"
38865,"6707 Lunar Dr","Louisville","KY","40258"
38866,"5400 Wending Ct","Louisville","KY","40207"
38867,"4801 Mike Ct","Louisville","KY","40291"
38868,"4547 Greymont Dr","Louisville","KY","40229"
38869,"4017 Lomond Dr","Louisville","KY","40216"
38870,"8605 Shebly Ct","Louisville","KY","40291"
38871,"204 Wildwood Ln","Louisville","KY","40223"
38872,"3105 Debera Way","Louisville","KY","40220"
38873,"1504 Goddard Ave","Louisville","KY","40204"
38874,"7010 Mountain Ct","Louisville","KY","40219"
38875,"7232 Heatherly Sq","Louisville","KY","40242"
38876,"402 Timberlake Trl","Louisville","KY","40245"
38877,"4822 Warbler Way","Louisville","KY","40213"
38878,"1403 Hadleigh Pl","Louisville","KY","40222"
38879,"1634 Sutherland Dr","Louisville","KY","40205"
38880,"3918 Hurstbourne Woods Dr","Louisville","KY","40299"
38881,"5907 Full Moon Ct","Louisville","KY","40216"
38882,"2545 Griffiths Ave","Louisville","KY","40212"
38883,"1128 Forrest St","Louisville","KY","40217"
38884,"703 Greenvalley Cir","Louisville","KY","40243"
38885,"2607 Pioneer Rd","Louisville","KY","40216"
38886,"4906 Ferrer Way","Louisville","KY","40291"
38887,"1527 Sale Ave","Louisville","KY","40215"
38888,"4724 Burkley Ave","Louisville","KY","40214"
38889,"8308 Herrington Ct","Louisville","KY","40228"
38890,"640 Rawlings St","Louisville","KY","40217"
38891,"6114 Mount Washington Rd","Louisville","KY","40229"
38892,"1547 Indiana Ave","Louisville","KY","40213"
38893,"1254 Gilmore Ln","Louisville","KY","40213"
38894,"404 Sprite Rd","Louisville","KY","40207"
38895,"4513 Saratoga Hill Rd","Louisville","KY","40299"
38896,"3008 Spencer Ave","Louisville","KY","40205"
38897,"2905 Garey Ln","Louisville","KY","40216"
38898,"8215 Cris Dr","Louisville","KY","40291"
38899,"4108 Saint Francis Ln","Louisville","KY","40218"
38900,"8626 Locust Ct","Louisville","KY","40242"
38901,"10605 Findon Ct","Louisville","KY","40243"
38902,"111 Melody Ln","Louisville","KY","40229"
38903,"2515 Newburg Rd","Louisville","KY","40205"
38904,"7918 Trillium Dr","Louisville","KY","40258"
38905,"6408 Overton Rd","Louisville","KY","40228"
38906,"3005 Virginia Ave","Louisville","KY","40211"
38907,"4815 Libby Ln","Louisville","KY","40272"
38908,"8300 Madrone Ave","Louisville","KY","40258"
38909,"4912 Sunday Dr","Louisville","KY","40219"
38910,"9405 Megan Jay Ct","Louisville","KY","40299"
38911,"11308 Ashbrooke Gardens Dr","Louisville","KY","40229"
38912,"12402 Hiawatha Ave","Louisville","KY","40223"
38913,"4201 Schuwey Ct","Louisville","KY","40207"
38914,"1920 Herr Ln","Louisville","KY","40222"
38915,"2011 Kenilworth Pl","Louisville","KY","40205"
38916,"3711 Sourwood Ct","Louisville","KY","40220"
38917,"7309 Mount Washington Rd","Louisville","KY","40229"
38918,"1614 Cowling Ave","Louisville","KY","40205"
38919,"1503 Mccarthy Ct","Louisville","KY","40222"
38920,"4723 S 2nd St","Louisville","KY","40214"
38921,"6909 Sandstone Blvd","Louisville","KY","40219"
38922,"10608 Bayport Rd","Louisville","KY","40299"
38923,"801 S 36th St","Louisville","KY","40211"
38924,"7407 Greenlawn Rd","Louisville","KY","40222"
38925,"2227 Wynnewood Cir","Louisville","KY","40222"
38926,"3818 River Park Dr","Louisville","KY","40211"
38927,"3527 Saint Germaine Ct","Louisville","KY","40207"
38928,"406 Cannons Ln","Louisville","KY","40206"
38929,"4320 Shepherdsville Rd","Louisville","KY","40218"
38930,"720 S 38th St","Louisville","KY","40211"
38931,"4212 Lambert Ave","Louisville","KY","40218"
38932,"2897 Regan Ave","Louisville","KY","40206"
38933,"4514 Sanders Ln","Louisville","KY","40216"
38934,"7311 Oswego Cir","Louisville","KY","40214"
38935,"640 Zorn Ave","Apt 8B","Louisville",
38936,"903 Ramsgate Ct","Louisville","KY","40299"
38937,"5803 Apache Rd","Louisville","KY","40207"
38938,"1829 W Chestnut St","Louisville","KY","40203"
38939,"10304 Cooperwood Ct","Louisville","KY","40229"
38940,"1025 Bluegrass Ave","Louisville","KY","40215"
38941,"9005 Maplecreek Dr","Louisville","KY","40219"
38942,"112 S Madison Ave","Louisville","KY","40243"
38943,"2225 Sieger Villa Ct","Louisville","KY","40218"
38944,"2345 W Madison St","Louisville","KY","40211"
38945,"1024 Mulberry St","Louisville","KY","40217"
38946,"1714 Marlow Rd","Louisville","KY","40216"
38947,"9106 Annlou Dr","Louisville","KY","40272"
38948,"210 Blankenbaker Ln","Louisville","KY","40207"
38949,"5910 Full Moon Ct","Louisville","KY","40216"
38950,"4102 Stone Gap Ct","Louisville","KY","40272"
38951,"3917 Winchester Rd","Louisville","KY","40207"
38952,"1007 Lodge Hill Rd","Louisville","KY","40223"
38953,"713 Cedar Grove Ct","Louisville","KY","40212"
38954,"1086 Bicknell Ave","Louisville","KY","40215"
38955,"4213 Marseille Dr","Louisville","KY","40272"
38956,"2719 Langdon Dr","Louisville","KY","40241"
38957,"2315 Dumesnil St","Louisville","KY","40210"
38958,"3308 Mid Dale Ln","Louisville","KY","40220"
38959,"2012 Croghan House Dr","Louisville","KY","40207"
38960,"4004 Chenwood Ln","Louisville","KY","40299"
38961,"6020 Highliner Dr","Louisville","KY","40291"
38962,"9603 Farmstead Ln","Louisville","KY","40291"
38963,"10800 Emma Jean Way","Louisville","KY","40272"
38964,"10820 Dorton Dr","Louisville","KY","40272"
38965,"7210 Feyhurst Dr","Louisville","KY","40258"
38966,"9617 3rd Street Rd","Louisville","KY","40272"
38967,"6913 Heavrin Ave","Louisville","KY","40218"
38968,"4706 Lunenburg Dr","Louisville","KY","40245"
38969,"2520 Meadow Rd","Louisville","KY","40205"
38970,"4306 Retreat Rd","Louisville","KY","40219"
38971,"9506 Farmstead Ln","Louisville","KY","40291"
38972,"1811 Nobel Pl","Louisville","KY","40216"
38973,"4925 Stokes Ct","Louisville","KY","40218"
38974,"4511 Grand Ave","Louisville","KY","40211"
38975,"7314 Old North Church Rd","Louisville","KY","40214"
38976,"5608 Sprigwood Ln","Louisville","KY","40291"
38977,"120 Allison Ct","Louisville","KY","40229"
38978,"3604 Johnston Way","Louisville","KY","40220"
38979,"1135 Rogers St","Louisville","KY","40204"
38980,"11304 Pencross Ct","Louisville","KY","40223"
38981,"414 Logsdon Ct","Louisville","KY","40243"
38982,"10412 Old Preston Hwy","Louisville","KY","40229"
38983,"7311 W Orell Rd","Louisville","KY","40272"
38984,"2620 Fordyce Ln","Louisville","KY","40205"
38985,"7104 Venetian Way","Louisville","KY","40214"
38986,"904 Windsong Pl","Louisville","KY","40207"
38987,"8510 Autumn Ridge Ct","Louisville","KY","40242"
38988,"1611 Shady Ln","Louisville","KY","40205"
38989,"1642 Algonquin Pkwy","Louisville","KY","40210"
38990,"7508 Hallmark Dr","Louisville","KY","40258"
38991,"10508 Burns Ct","Louisville","KY","40223"
38992,"1815 Gardiner Ln","Apt E47","Louisville",
38993,"1105 Samuel St","Louisville","KY","40204"
38994,"10710 Blue Lick Rd","Louisville","KY","40229"
38995,"102 N 43rd St","Louisville","KY","40212"
38996,"431 S Sherrin Ave","Louisville","KY","40207"
38997,"914 Exmoor Ave","Louisville","KY","40223"
38998,"3310 Linnet Rd","Louisville","KY","40213"
38999,"9709 Boxford Way","Louisville","KY","40242"
39000,"8001 Butler National Ct","Louisville","KY","40291"
39001,"5602 Canonero Ct","Louisville","KY","40291"
39002,"337 Kilmory Ave","Louisville","KY","40214"
39003,"907 Greenleaf Rd","Louisville","KY","40213"
39004,"6403 Triplett Dr","Louisville","KY","40258"
39005,"3312 Susanna Dr","Louisville","KY","40213"
39006,"3240 Oleanda Ave","Louisville","KY","40215"
39007,"4406 Bradshaw Pl","Louisville","KY","40218"
39008,"510 Belgravia Ct","Louisville","KY","40208"
39009,"3200 Dewdrop Ct","Louisville","KY","40220"
39010,"3400 Barkwood Rd","Louisville","KY","40216"
39011,"1504 Taylor Ave","Louisville","KY","40213"
39012,"3906 Hurstbourne Woods Dr","Louisville","KY","40299"
39013,"10722 Eagle Ridge Pl","Louisville","KY","40223"
39014,"750 Zorn Ave","Apt 32","Louisville",
39015,"1823 Mary Catherine Dr","Louisville","KY","40216"
39016,"1400 S Brook St","Louisville","KY","40208"
39017,"5909 Full Moon Ct","Louisville","KY","40216"
39018,"5123 Hunters Point Cir","Louisville","KY","40216"
39019,"613 Wallace Ave","Louisville","KY","40207"
39020,"4000 Serene Way","Louisville","KY","40219"
39021,"3104 Cromarty Way","Louisville","KY","40220"
39022,"4532 Old Hazelwood Ave","Louisville","KY","40214"
39023,"3812 Cutler Rd","Louisville","KY","40219"
39024,"2111 Ben Ali Rd","Louisville","KY","40223"
39025,"9005 Split Rail Dr","Louisville","KY","40272"
39026,"7108 Gorham Way","Louisville","KY","40291"
39027,"2302 Date St","Louisville","KY","40210"
39028,"1326 Lance Dr","Louisville","KY","40216"
39029,"4107 Norene Ln","Louisville","KY","40219"
39030,"3654 Manslick Rd","Apt 4","Louisville",
39031,"3654 Manslick Rd","Apt 1","Louisville",
39032,"3654 Manslick Rd","Apt 2","Louisville",
39033,"3654 Manslick Rd","Apt 3","Louisville",
39034,"609 Riverwood Pl","Louisville","KY","40207"
39035,"8809 Mountain Brook Dr","Louisville","KY","40272"
39036,"4103 Sunflower Ave","Louisville","KY","40216"
39037,"7905 Stacy Lynn Ct","Louisville","KY","40291"
39038,"5602 Sprigwood Ln","Louisville","KY","40291"
39039,"2427 Carolina Ave","Louisville","KY","40205"
39040,"5104 Alba Way","Louisville","KY","40213"
39041,"2526 Owen St","Louisville","KY","40212"
39042,"7900 Sandalwood Ct","Louisville","KY","40219"
39043,"3725 Hurstbourne Ridge Blvd","Louisville","KY","40299"
39044,"1153 Euclid Ave","Louisville","KY","40208"
39045,"212 Sequoya Rd","Louisville","KY","40207"
39046,"2175 Strathmoor Blvd","Louisville","KY","40205"
39047,"1011 Rosemary Dr","Louisville","KY","40213"
39048,"1434 S Floyd St","Louisville","KY","40208"
39049,"4211 Quiet Way","Louisville","KY","40219"
39050,"2389 Valley Vista Rd","Louisville","KY","40205"
39051,"3202 W Broadway","Louisville","KY","40211"
39052,"3328 Dean Dr","Louisville","KY","40220"
39053,"623 W Ashland Ave","Louisville","KY","40215"
39054,"3803 Breckenridge Ln","Louisville","KY","40218"
39055,"3761 Boone St","Louisville","KY","40213"
39056,"2924 Field Ave","Louisville","KY","40206"
39057,"10016 Belltower Ct","Louisville","KY","40299"
39058,"3018 Wellbrooke Rd","Louisville","KY","40205"
39059,"2821 Delor Ave","Louisville","KY","40217"
39060,"9813 Melissa Dr","Louisville","KY","40223"
39061,"3701 Andover Ct","Louisville","KY","40299"
39062,"2812 Alice Ave","Louisville","KY","40220"
39063,"422 Louis Coleman Jr Dr","Louisville","KY","40212"
39064,"430 Ethridge Ave","Unit 208","Louisville",
39065,"4514 S 1st St","Louisville","KY","40214"
39066,"7511 Revolutionary Ct","Louisville","KY","40214"
39067,"2034 Alexander Ave","Louisville","KY","40217"
39068,"2112 Crums Ln","Louisville","KY","40216"
39069,"3217 Southern Ave","Louisville","KY","40211"
39070,"4205 S Brook St","Louisville","KY","40214"
39071,"5114 Stewart Dr","Louisville","KY","40216"
39072,"2533 Dundee Rd","Louisville","KY","40205"
39073,"6906 Birnamwood Dr","Louisville","KY","40258"
39074,"3000 Lencott Dr","Louisville","KY","40216"
39075,"4704 Arnold Ave","Louisville","KY","40219"
39076,"2207 Deveron Dr","Louisville","KY","40216"
39077,"4609 Rossmoor Dr","Louisville","KY","40219"
39078,"10416 Bayport Rd","Louisville","KY","40299"
39079,"310 Ethridge Ave","Unit 207","Louisville",
39080,"9914 Janet Lee Ct","Louisville","KY","40291"
39081,"3926 Northwestern Pkwy","Louisville","KY","40212"
39082,"501 Wendover Ave","Louisville","KY","40207"
39083,"1234 Oleanda Ave","Louisville","KY","40215"
39084,"6503 Montego Bay Rd","Louisville","KY","40228"
39085,"10509 Burns Ct","Louisville","KY","40223"
39086,"1175 Tennessee Ave","Louisville","KY","40208"
39087,"5610 Mockernut Ln","Louisville","KY","40258"
39088,"3437 Fernheather Dr","Louisville","KY","40216"
39089,"509 Sycamore Shoals Trce","Louisville","KY","40223"
39090,"5413 Tracy Way","Louisville","KY","40214"
39091,"1913 Trevilian Way","Louisville","KY","40205"
39092,"7922 Albrecht Cir","Louisville","KY","40241"
39093,"9505 Felsmere Cir","Louisville","KY","40241"
39094,"10111 Bayport Rd","Louisville","KY","40299"
39095,"1718 Washington Blvd","Louisville","KY","40242"
39096,"8301 Ponsit Ln","Louisville","KY","40219"
39097,"3816 Illinois Ave","Louisville","KY","40213"
39098,"8404 Happiness Way","Louisville","KY","40291"
39099,"5905 Shelby St","Louisville","KY","40291"
39100,"462 Saguaro Dr","Louisville","KY","40229"
39101,"6101 W Pages Ln","Louisville","KY","40258"
39102,"3518 Bank St","Louisville","KY","40212"
39103,"3523 Hanover Rd","Louisville","KY","40207"
39104,"413 Leyton Ave","Louisville","KY","40222"
39105,"3403 Twin Oak Ln","Louisville","KY","40219"
39106,"1806 Rosewood Ave","Louisville","KY","40204"
39107,"4015 Therina Way","Louisville","KY","40241"
39108,"3307 Enridge Dr","Louisville","KY","40220"
39109,"10103 Cloverbottom Trce","Louisville","KY","40223"
39110,"901 Windhurst Ct","Louisville","KY","40207"
39111,"9106 Chenault Rd","Louisville","KY","40258"
39112,"2105 W Lee St","Louisville","KY","40210"
39113,"1100 Juniper Springs Dr","Louisville","KY","40242"
39114,"4154 La Salle Ave","Louisville","KY","40215"
39115,"2309 Woodland Ave","Louisville","KY","40210"
39116,"914 Brentwood Ave","Louisville","KY","40215"
39117,"2407 Parliament Ct","Louisville","KY","40272"
39118,"317 Tucker Station Rd","Louisville","KY","40243"
39119,"5500 Fruitwood Dr","Louisville","KY","40272"
39120,"440 Ethridge Ave","Unit 207","Louisville",
39121,"440 Ethridge Ave","Unit 103","Louisville",
39122,"4805 Redwing Way","Louisville","KY","40213"
39123,"8425 Oxford Woods Ct","Louisville","KY","40222"
39124,"3204 Marion Ct","Louisville","KY","40206"
39125,"3110 Lynnwood Way","Louisville","KY","40299"
39126,"11408 Pleasant Dr","Louisville","KY","40272"
39127,"8910 Maplecreek Dr","Louisville","KY","40219"
39128,"5402 Southview Dr","Louisville","KY","40214"
39129,"4804 Miles Ln","Louisville","KY","40219"
39130,"6115 Richiewayne Dr","Louisville","KY","40219"
39131,"1329 Lexington Rd","Louisville","KY","40204"
39132,"4608 Beechbrook Rd","Louisville","KY","40218"
39133,"1007 Ambridge Dr","Louisville","KY","40207"
39134,"4902 Ranchland Dr","Louisville","KY","40216"
39135,"9908 Gateway Dr","Louisville","KY","40299"
39136,"1902 Westmoorland Way","Louisville","KY","40242"
39137,"6613 Ashby Ln","Louisville","KY","40272"
39138,"1353 Sale Ave","Louisville","KY","40215"
39139,"3516 W Broadway","Louisville","KY","40211"
39140,"4603 S 1st St","Louisville","KY","40214"
39141,"200 Stonehenge Dr","Apt 101","Louisville",
39142,"446 E Brandeis Ave","Louisville","KY","40217"
39143,"8814 Jan Way","Louisville","KY","40219"
39144,"3429 Bank St","Louisville","KY","40212"
39145,"4147 Dover Rd","Louisville","KY","40216"
39146,"2230 W Madison St","Louisville","KY","40211"
39147,"3310 Indian Lake Dr","Louisville","KY","40241"
39148,"5225 Cedrus Cir","Louisville","KY","40213"
39149,"1731 Luken Dr","Louisville","KY","40216"
39150,"4907 Shumake Ct","Louisville","KY","40218"
39151,"113 S 30th St","Louisville","KY","40212"
39152,"3901 Garfield Ave","Louisville","KY","40212"
39153,"2120 Mccloskey Ave","Louisville","KY","40210"
39154,"6406 Cedar Branch Ct","Louisville","KY","40291"
39155,"2852 Regan Ave","Louisville","KY","40206"
39156,"8109 Florist Rd","Louisville","KY","40228"
39157,"507 Scarsdale Rd","Louisville","KY","40243"
39158,"4131 Morgan Jaymes Dr","Louisville","KY","40299"
39159,"9918 Glenda Ct","Louisville","KY","40223"
39160,"4018 Mamaroneck Rd","Louisville","KY","40218"
39161,"8402 Silver Fox Rd","Louisville","KY","40291"
39162,"1810 Nelson Ave","Louisville","KY","40216"
39163,"508 Oak Branch Rd","Louisville","KY","40245"
39164,"14000 Buttermilk Ridge Rd","Louisville","KY","40299"
39165,"501 N 39th St","Louisville","KY","40212"
39166,"1207 Heritage Pl","Louisville","KY","40214"
39167,"4031 Addison Ln","Louisville","KY","40216"
39168,"7401 Eric Edward Way","Louisville","KY","40220"
39169,"10913 Conti Ln","Louisville","KY","40299"
39170,"2910 Creekside Dr","Louisville","KY","40241"
39171,"1144 Euclid Ave","Louisville","KY","40208"
39172,"5121 Hunters Point Cir","Louisville","KY","40216"
39173,"315 New England Ct","Louisville","KY","40214"
39174,"1712 Loney Ln","Louisville","KY","40216"
39175,"673 Eastlawn Ave","Louisville","KY","40211"
39176,"9205 Fenmore Ave","Louisville","KY","40272"
39177,"4931 Kilgore Ct","Louisville","KY","40218"
39178,"1918 Wickham Way","Louisville","KY","40223"
39179,"10006 Caven Ave","Louisville","KY","40229"
39180,"2233 Landan Dr","Louisville","KY","40218"
39181,"1129 Cardinal Dr","Louisville","KY","40213"
39182,"3003 Louisa Ave","Louisville","KY","40217"
39183,"1335 Cypress St","Louisville","KY","40211"
39184,"6409 Sonnette Way","Louisville","KY","40258"
39185,"9819 Meadow Vale Dr","Louisville","KY","40242"
39186,"3107 Bridwell Dr","Louisville","KY","40216"
39187,"6406 Greenview Dr","Louisville","KY","40216"
39188,"125 S 40th St","Louisville","KY","40212"
39189,"785 Blossom Rd","Louisville","KY","40229"
39190,"4209 Morgan Jaymes Dr","Louisville","KY","40299"
39191,"6802 Fegenbush Ln","Louisville","KY","40228"
39192,"4913 Mount Holyoke Dr","Louisville","KY","40216"
39193,"923 Burton Ave","Louisville","KY","40208"
39194,"10105 Snively Ave","Louisville","KY","40299"
39195,"3809 Garfield Ave","Louisville","KY","40212"
39196,"10202 Garlanreid Pl","Louisville","KY","40223"
39197,"10103 Colonel Hancock Dr","Louisville","KY","40291"
39198,"7504 Norwich Blvd","Louisville","KY","40258"
39199,"6503 Fernview Rd","Louisville","KY","40291"
39200,"7715 Dingle Dell Rd","Louisville","KY","40214"
39201,"1817 Hardesty Ave","Louisville","KY","40216"
39202,"8613 Timberline Dr","Louisville","KY","40291"
39203,"3100 Lenover Dr","Louisville","KY","40216"
39204,"118 E Southern Heights Ave","Louisville","KY","40214"
39205,"4223 Sunset Dr","Louisville","KY","40216"
39206,"10000 Northridge Dr","Louisville","KY","40272"
39207,"629 S 39th St","Louisville","KY","40211"
39208,"12603 Berrytown Rd","Louisville","KY","40223"
39209,"8511 Autumn Ridge Ct","Louisville","KY","40242"
39210,"6815 Fenway Rd","Louisville","KY","40258"
39211,"8900 Harmony Place Ct","Louisville","KY","40242"
39212,"3011 Lexham Rd","Louisville","KY","40220"
39213,"2406 Duncan St","Louisville","KY","40212"
39214,"6801 Papaya Ct","Louisville","KY","40219"
39215,"4120 Hickoryview Dr","Louisville","KY","40299"
39216,"1554 W Breckinridge St","Louisville","KY","40210"
39217,"8002 Brookglen Ct","Louisville","KY","40220"
39218,"5508 Sterling Dr","Louisville","KY","40216"
39219,"3230 Patricia Dr","Louisville","KY","40216"
39220,"17004 Camberwell Ct","Louisville","KY","40245"
39221,"9803 Lancewood Rd","Louisville","KY","40229"
39222,"4933 Determine Ln","Louisville","KY","40216"
39223,"5923 Midnight Ln","Louisville","KY","40229"
39224,"5000 Cool Brook Rd","Louisville","KY","40291"
39225,"3907 Old Brownsboro Rd","Louisville","KY","40207"
39226,"8406 Blossom Ln","Louisville","KY","40242"
39227,"5809 Eldorado Ave","Louisville","KY","40291"
39228,"4212 Greenwell Ln","Louisville","KY","40216"
39229,"13512 Tennis Blvd","Louisville","KY","40272"
39230,"8604 Lakeridge Dr","Louisville","KY","40272"
39231,"1210 Fruitful Ct","Louisville","KY","40214"
39232,"3101 Evon Ct","Louisville","KY","40299"
39233,"4861 Brenda Dr","Louisville","KY","40219"
39234,"859 Clarks Ln","Louisville","KY","40217"
39235,"2904 Slevin St","Louisville","KY","40212"
39236,"302 Wooded Crown Rd","Louisville","KY","40243"
39237,"1924 Goldsmith Ln","Unit 30","Louisville",
39238,"2111 Canterbrook Dr","Louisville","KY","40299"
39239,"6314 Sherlock Way","Louisville","KY","40228"
39240,"7414 Rome Beauty Pl","Louisville","KY","40228"
39241,"8276 Walker Rd","Louisville","KY","40258"
39242,"17005 Olde Copper Ct","Louisville","KY","40245"
39243,"137 N Galt Ave","Louisville","KY","40206"
39244,"1738 Frankfort Ave","Louisville","KY","40206"
39245,"1632 Beech St","Louisville","KY","40211"
39246,"3405 Rainview Cir","Louisville","KY","40220"
39247,"1158 Lone Oak Ave","Louisville","KY","40219"
39248,"2721 Cranston Dr","Louisville","KY","40299"
39249,"246 Pennsylvania Ave","Louisville","KY","40206"
39250,"1608 Louise Ave","Louisville","KY","40216"
39251,"321 Foeburn Ln","Louisville","KY","40207"
39252,"175 Greenbriar Ln","Louisville","KY","40229"
39253,"1548 Gallagher St","Louisville","KY","40210"
39254,"1029 Walter Ave","Louisville","KY","40215"
39255,"7103 Dunkirk Ln","Louisville","KY","40272"
39256,"311 Crator Dr","Louisville","KY","40229"
39257,"5915 Count Turf Dr","Louisville","KY","40272"
39258,"8903 Gutenberg Rd","Louisville","KY","40299"
39259,"1627 Hemlock Ct","Louisville","KY","40211"
39260,"2411 W Madison St","Louisville","KY","40211"
39261,"6800 Fenwick Dr","Louisville","KY","40228"
39262,"8006 Stacy Lynn Ct","Louisville","KY","40291"
39263,"241 Carey Ave","Louisville","KY","40218"
39264,"529 N 24th St","Louisville","KY","40212"
39265,"1300 Everett Ave","Apt 5","Louisville",
39266,"2323 W Gaulbert Ave","Louisville","KY","40210"
39267,"3920 Elfin Ave","Louisville","KY","40207"
39268,"7406 Beauty Ct","Louisville","KY","40228"
39269,"1809 Woodfield Rd","Louisville","KY","40220"
39270,"5913 Bluestone Rd","Louisville","KY","40219"
39271,"325 Biltmore Rd","Louisville","KY","40207"
39272,"1032 Lampton St","Louisville","KY","40204"
39273,"1100 Cecil Ave","Louisville","KY","40211"
39274,"1116 Rufer Ave","Louisville","KY","40204"
39275,"4012 Alton Rd","Louisville","KY","40207"
39276,"1935 Gardiner Ln","Apt J147","Louisville",
39277,"4607 Jermar Dr","Louisville","KY","40216"
39278,"14109 Beckley Trce","Louisville","KY","40245"
39279,"1521 Texas Ave","Louisville","KY","40217"
39280,"5600 Johnsontown Rd","Louisville","KY","40272"
39281,"2233 Tyler Ln","Louisville","KY","40205"
39282,"3816 Taylorsville Rd","Louisville","KY","40220"
39283,"2314 W Madison St","Louisville","KY","40211"
39284,"3105 Bushmill Park","Louisville","KY","40241"
39285,"4929 Fielding Way","Louisville","KY","40216"
39286,"452 N 43rd St","Louisville","KY","40212"
39287,"3135 Taylor Blvd","Louisville","KY","40215"
39288,"8207 Hillview Ct","Louisville","KY","40258"
39289,"1936 W Muhammad Ali Blvd","Louisville","KY","40203"
39290,"605 Jarvis Ln","Louisville","KY","40207"
39291,"1432 Lincoln Ave","Louisville","KY","40213"
39292,"10225 Starlight Way","Louisville","KY","40272"
39293,"6509 Connie Dr","Louisville","KY","40258"
39294,"14016 Beckley Trce","Louisville","KY","40245"
39295,"3402 Deibel Way","Louisville","KY","40220"
39296,"1332 E Breckinridge St","Louisville","KY","40204"
39297,"8201 Biscane Dr","Louisville","KY","40258"
39298,"9912 Windfall Trce","Louisville","KY","40223"
39299,"2131 Duncan St","Louisville","KY","40212"
39300,"206 Blankenbaker Ln","Louisville","KY","40207"
39301,"810 1/2 Palatka Rd","Louisville","KY","40214"
39302,"3710 Bigelow Dr","Louisville","KY","40299"
39303,"1757 Algonquin Pkwy","Louisville","KY","40210"
39304,"1847 La Salle Pl","Louisville","KY","40210"
39305,"1837 La Salle Pl","Louisville","KY","40210"
39306,"4409 Cavelle Ave","Louisville","KY","40213"
39307,"1128 Payne St","Louisville","KY","40204"
39308,"3101 Wilson Ave","Louisville","KY","40211"
39309,"8100 Nancy Ln","Louisville","KY","40258"
39310,"5214 Benson Ct","Louisville","KY","40272"
39311,"9110 Shevie Dr","Louisville","KY","40272"
39312,"8702 Cotswold Dr","Louisville","KY","40258"
39313,"10705 Brentford Pl","Louisville","KY","40243"
39314,"5214 Planet Dr","Louisville","KY","40258"
39315,"2522 S 4th St","Louisville","KY","40208"
39316,"1747 Algonquin Pkwy","Louisville","KY","40210"
39317,"1751 Algonquin Pkwy","Louisville","KY","40210"
39318,"1827 La Salle Pl","Louisville","KY","40210"
39319,"1755 Algonquin Pkwy","Louisville","KY","40210"
39320,"6512 Leisure Ln","Louisville","KY","40229"
39321,"7311 Apple Mill Dr","Louisville","KY","40228"
39322,"12614 Hiawatha Ave","Louisville","KY","40223"
39323,"1849 La Salle Pl","Louisville","KY","40210"
39324,"3111 Vogue Ave","Louisville","KY","40220"
39325,"1812 Dubourg Ave","Louisville","KY","40216"
39326,"1917 Trevilian Way","Louisville","KY","40205"
39327,"4211 Searcy Dr","Louisville","KY","40216"
39328,"2227 Lytle St","Louisville","KY","40212"
39329,"1509 Vivian Ln","Louisville","KY","40205"
39330,"7303 Old North Church Rd","Louisville","KY","40214"
39331,"2709 Lexington Rd","Louisville","KY","40206"
39332,"1440 Shingo Ave","Louisville","KY","40215"
39333,"2310 High Pine Dr","Louisville","KY","40214"
39334,"5401 Crambrook Ave","Louisville","KY","40272"
39335,"2579 Greenup Rd","Louisville","KY","40217"
39336,"205 Redding Rd","Louisville","KY","40218"
39337,"3605 Shaker Mill Ct","Louisville","KY","40220"
39338,"408 S 40th St","Louisville","KY","40212"
39339,"4412 Yolanda Dr","Louisville","KY","40216"
39340,"5506 Datura Ln","Louisville","KY","40258"
39341,"2711 Antone Pkwy","Louisville","KY","40220"
39342,"232 N 38th St","Louisville","KY","40212"
39343,"13329 Horncastle Way","Louisville","KY","40272"
39344,"2303 Duncan St","Louisville","KY","40212"
39345,"10614 Bracken Branch Ct","Louisville","KY","40223"
39346,"711 Chamberry Dr","Louisville","KY","40207"
39347,"2815 Saint Xavier St","Louisville","KY","40212"
39348,"3113 Teal Ave","Louisville","KY","40213"
39349,"4700 Settle Blvd","Louisville","KY","40219"
39350,"8912 Harmony Place Ct","Louisville","KY","40242"
39351,"7727 Dominique Dr","Louisville","KY","40228"
39352,"9010 Lyneve Dr","Louisville","KY","40272"
39353,"4817 Rossmoor Dr","Louisville","KY","40219"
39354,"507 W Ashland Ave","Louisville","KY","40214"
39355,"500 Twinbrook Rd","Louisville","KY","40207"
39356,"7909 Ferndale Rd","Louisville","KY","40291"
39357,"8207 Thornwood Rd","Louisville","KY","40220"
39358,"8214 Thornwood Rd","Louisville","KY","40220"
39359,"306 Biltmore Rd","Louisville","KY","40207"
39360,"1626 Eastern Pkwy","Louisville","KY","40204"
39361,"1208 Fischer Ave","Louisville","KY","40204"
39362,"6813 Fenway Rd","Louisville","KY","40258"
39363,"2412 Owen St","Louisville","KY","40212"
39364,"11303 Ashbrooke Gardens Dr","Louisville","KY","40229"
39365,"3734 Ethel Ave","Louisville","KY","40218"
39366,"10351 Timberwood Cir","Louisville","KY","40223"
39367,"6708 Fernbush Dr","Louisville","KY","40228"
39368,"7411 Duchess Dr","Louisville","KY","40228"
39369,"1447 Beech St","Louisville","KY","40211"
39370,"6806 Rock Forest Dr","Louisville","KY","40219"
39371,"1205 Castlewood Ave","Louisville","KY","40204"
39372,"4219 Morgan Jaymes Dr","Louisville","KY","40299"
39373,"3002 Westfair Cv","Louisville","KY","40241"
39374,"1821 La Salle Pl","Louisville","KY","40210"
39375,"9784 Hillock Dr","Louisville","KY","40291"
39376,"10000 Crooked Stick Ct","Louisville","KY","40291"
39377,"13412 Kinross Blvd","Louisville","KY","40272"
39378,"1809 La Salle Pl","Louisville","KY","40210"
39379,"9014 Lethborough Dr","Louisville","KY","40299"
39380,"6605 Bilsim Ln","Louisville","KY","40291"
39381,"11210 Deham Dr","Louisville","KY","40241"
39382,"301 N 36th St","Louisville","KY","40212"
39383,"120 State St","Louisville","KY","40206"
39384,"135 Mccready Ave","Louisville","KY","40206"
39385,"831 Louis Coleman Jr Dr","Louisville","KY","40211"
39386,"1272 Springdale Dr","Louisville","KY","40213"
39387,"4314 Saratoga Hill Rd","Louisville","KY","40299"
39388,"741 Middle Way","Louisville","KY","40206"
39389,"210 S Evergreen Rd","Louisville","KY","40243"
39390,"2721 Langdon Dr","Louisville","KY","40241"
39391,"4020 Glen Valley Rd","Louisville","KY","40219"
39392,"656 S 38th St","Louisville","KY","40211"
39393,"554 Wainwright Ave","Louisville","KY","40217"
39394,"808 Brentwood Ave","Louisville","KY","40215"
39395,"612 Emily Rd","Louisville","KY","40206"
39396,"214 Biltmore Rd","Louisville","KY","40207"
39397,"5221 Delaware Dr","Louisville","KY","40218"
39398,"4914 Unseld Blvd","Louisville","KY","40218"
39399,"509 Coachouse Ct","Louisville","KY","40223"
39400,"3409 Seton Hill Dr","Louisville","KY","40216"
39401,"7701 Alyssum Dr","Louisville","KY","40258"
39402,"143 Prairie Ct","Louisville","KY","40229"
39403,"3806 Iron Horse Way","Louisville","KY","40272"
39404,"1315 Larchmont Ave","Louisville","KY","40215"
39405,"409 N 28th St","Louisville","KY","40212"
39406,"1908 W Madison St","Louisville","KY","40203"
39407,"2421 Duncan St","Louisville","KY","40212"
39408,"4000 Adelaide Ct","Louisville","KY","40241"
39409,"126 N 46th St","Louisville","KY","40212"
39410,"6101 Oaknoll Dr","Louisville","KY","40219"
39411,"9610 Farmstead Ln","Louisville","KY","40291"
39412,"8024 Watterson Trl","Louisville","KY","40291"
39413,"1034 Lampton St","Louisville","KY","40204"
39414,"3518 Allison Way","Louisville","KY","40220"
39415,"3104 Pine Trace Ct","Louisville","KY","40272"
39416,"1221 Crown Ave","Louisville","KY","40204"
39417,"1124 E Saint Catherine St","Louisville","KY","40204"
39418,"3724 Powell Ave","Louisville","KY","40215"
39419,"9805 Boxford Way","Louisville","KY","40242"
39420,"9817 Turnpike View Dr","Louisville","KY","40229"
39421,"4906 Shumake Ct","Louisville","KY","40218"
39422,"9 Cardwell Way","Louisville","KY","40220"
39423,"1409 1/2 Taylor Ave","Louisville","KY","40213"
39424,"5416 Euclid Ave","Louisville","KY","40272"
39425,"809 Cattleya Ct","Louisville","KY","40207"
39426,"3910 Hillsboro Rd","Louisville","KY","40207"
39427,"1411 Cadence Ct","Louisville","KY","40222"
39428,"314 N 43rd St","Louisville","KY","40212"
39429,"3929 Poplar Level Rd","Louisville","KY","40213"
39430,"1815 La Salle Pl","Louisville","KY","40210"
39431,"9414 Hudson Ln","Louisville","KY","40291"
39432,"8601 Montrie Ct","Louisville","KY","40219"
39433,"4914 S 4th St","Louisville","KY","40214"
39434,"14315 Micawber Way","Louisville","KY","40245"
39435,"9004 Walter Ave","Louisville","KY","40229"
39436,"10703 Colonel Hancock Dr","Louisville","KY","40291"
39437,"4103 Churchman Ave","Louisville","KY","40215"
39438,"551 S Shelby St","Louisville","KY","40202"
39439,"1906 Magellan Ct","Louisville","KY","40210"
39440,"617 S 41st St","Louisville","KY","40211"
39441,"613 Foxgate Rd","Louisville","KY","40223"
39442,"7412 Diehl Ct","Louisville","KY","40220"
39443,"5002 Tumeric Ln","Louisville","KY","40258"
39444,"3217 Five Oaks Pl","Louisville","KY","40207"
39445,"3920 Greenhurst Dr","Louisville","KY","40299"
39446,"6705 Carolyn Rd","Louisville","KY","40214"
39447,"9701 Fern Creek Rd","Louisville","KY","40291"
39448,"2512 Goldsmith Ln","Louisville","KY","40218"
39449,"5024 Hunters Point Cir","Louisville","KY","40216"
39450,"4803 Fawn Meadow Ct","Louisville","KY","40241"
39451,"2925 Beaumont Rd","Louisville","KY","40205"
39452,"1928 Olive St","Louisville","KY","40210"
39453,"606 Wardshire Pl","Louisville","KY","40223"
39454,"9608 Tiverton Way","Louisville","KY","40242"
39455,"1303 Cleo Ave","Louisville","KY","40213"
39456,"2330 Standard Ave","Louisville","KY","40210"
39457,"3400 Pemaquid Rd","Louisville","KY","40218"
39458,"1339 S 1st St","Louisville","KY","40208"
39459,"5119 Cool Brook Rd","Louisville","KY","40291"
39460,"1426 Cardinal Dr","Louisville","KY","40213"
39461,"5412 Hess Dr","Louisville","KY","40258"
39462,"3117 W Muhammad Ali Blvd","Louisville","KY","40212"
39463,"2706 Triplett Ct","Louisville","KY","40216"
39464,"1404 Rhonda Way","Louisville","KY","40216"
39465,"1924 Goldsmith Ln","Unit 9","Louisville",
39466,"6010 Stone Bluff Rd","Louisville","KY","40291"
39467,"4513 Norene Ln","Louisville","KY","40219"
39468,"841 Eastern Pkwy","Louisville","KY","40217"
39469,"7002 John Paul Ln","Louisville","KY","40229"
39470,"733 Cecil Ave","Louisville","KY","40211"
39471,"4324 Comanche Trl","Louisville","KY","40207"
39472,"3423 Janell Rd","Louisville","KY","40216"
39473,"2614 Summerfield Dr","Louisville","KY","40220"
39474,"3723 Chevy Chase Rd","Louisville","KY","40218"
39475,"2311 Joyner Hill Rd","Louisville","KY","40272"
39476,"3307 Bon Air Ave","Louisville","KY","40220"
39477,"6119 Loretta St","Louisville","KY","40213"
39478,"3922 Greenhurst Dr","Louisville","KY","40299"
39479,"429 Oxford Pl","Louisville","KY","40207"
39480,"3129 Pine Trace Ct","Louisville","KY","40272"
39481,"12012 Bay Run Dr","Louisville","KY","40245"
39482,"4904 Hunters Point Cir","Louisville","KY","40216"
39483,"5032 Hunters Point Cir","Louisville","KY","40216"
39484,"9003 Admont Ct","Louisville","KY","40220"
39485,"7605 Market Cart Way","Louisville","KY","40291"
39486,"2001 Strathmoor Blvd","Louisville","KY","40205"
39487,"221 Ridgeway Ave","Louisville","KY","40207"
39488,"7608 Blue Boy Pl","Louisville","KY","40291"
39489,"7706 Hall Farm Dr","Louisville","KY","40291"
39490,"2227 Emerson Ave","Louisville","KY","40205"
39491,"1935 Rutherford Ave","Louisville","KY","40205"
39492,"1317 Lexington Rd","Louisville","KY","40204"
39493,"453 N 26th St","Louisville","KY","40212"
39494,"5504 Decker Rd","Louisville","KY","40258"
39495,"7109 Feyhurst Dr","Louisville","KY","40258"
39496,"436 N 28th St","Louisville","KY","40212"
39497,"2319 Garland Ave","Louisville","KY","40211"
39498,"838 Brentwood Ave","Louisville","KY","40215"
39499,"804 S 39th St","Louisville","KY","40211"
39500,"4706 S 2nd St","Louisville","KY","40214"
39501,"7420 Colt Dr","Louisville","KY","40214"
39502,"12601 Kirkham Rd","Louisville","KY","40299"
39503,"10 Ridge Rd","Louisville","KY","40205"
39504,"3020 Seneca Blvd","Louisville","KY","40205"
39505,"433 N 29th St","Louisville","KY","40212"
39506,"1414 Autumn Ridge Rd","Louisville","KY","40242"
39507,"107 W Woodlawn Ave","Louisville","KY","40214"
39508,"11019 Lunenburg Ct","Louisville","KY","40245"
39509,"2413 W Madison St","Louisville","KY","40211"
39510,"3901 Autumn Falls Ct","Louisville","KY","40229"
39511,"5409 Earlann Dr","Louisville","KY","40219"
39512,"4321 Charlotte Ann Dr","Louisville","KY","40216"
39513,"11501 Saratoga Club Rd","Louisville","KY","40299"
39514,"8801 Willow Springs Dr","Louisville","KY","40242"
39515,"898 Blankenbaker Ln","Louisville","KY","40207"
39516,"7806 Stonewood Ct","Louisville","KY","40220"
39517,"9007 Reinhart Way","Louisville","KY","40220"
39518,"845 Linwood Ave","Louisville","KY","40217"
39519,"6205 Jeanine Dr","Louisville","KY","40219"
39520,"312 N 32nd St","Louisville","KY","40212"
39521,"7710 Hall Farm Dr","Louisville","KY","40291"
39522,"917 S Preston St","Louisville","KY","40203"
39523,"4915 Lila Ave","Louisville","KY","40258"
39524,"8703 Avondale Ct","Louisville","KY","40299"
39525,"513 Brookstone Way","Louisville","KY","40223"
39526,"2635 Rowan St","Louisville","KY","40212"
39527,"935 E Washington St","Louisville","KY","40206"
39528,"4404 Clarene Dr","Louisville","KY","40216"
39529,"6716 Copra Ln","Louisville","KY","40219"
39530,"14117 Willow Grove Way","Louisville","KY","40245"
39531,"1314 Willow Ave","Louisville","KY","40204"
39532,"8004 Smyrna Pkwy","Louisville","KY","40228"
39533,"10306 Grafton Hall Rd","Louisville","KY","40272"
39534,"2104 Shadow Fern Dr","Louisville","KY","40216"
39535,"3609 Briarglen Ln","Louisville","KY","40220"
39536,"2222 Woodbourne Ave","Louisville","KY","40205"
39537,"1308 Morton Ave","Louisville","KY","40204"
39538,"4411 Rudy Ln","Louisville","KY","40207"
39539,"141 Wise Ct","Louisville","KY","40229"
39540,"4920 Chenoweth Run Rd","Louisville","KY","40299"
39541,"7115 Creek Stone Blvd","Louisville","KY","40228"
39542,"9002 Peterborough Ct","Louisville","KY","40222"
39543,"5815 Mount Everest Dr","Louisville","KY","40216"
39544,"3610 Hillsboro Rd","Louisville","KY","40207"
39545,"827 Swan St","Louisville","KY","40204"
39546,"1910 W Madison St","Louisville","KY","40203"
39547,"3678 Kahlert Ave","Louisville","KY","40215"
39548,"639 Sandra Ct","Louisville","KY","40211"
39549,"291 Shady Brook Ln","Louisville","KY","40229"
39550,"1909 Dorothy Ave","Louisville","KY","40205"
39551,"4823 Simpson Dr","Louisville","KY","40218"
39552,"2931 Grinstead Dr","Louisville","KY","40206"
39553,"1812 Parkridge Pkwy","Louisville","KY","40214"
39554,"3124 Sunny Ln","Louisville","KY","40205"
39555,"8408 Oxford Woods Ct","Louisville","KY","40222"
39556,"2907 S 4th St","Louisville","KY","40208"
39557,"1534 Huntoon Ave","Louisville","KY","40215"
39558,"301 Creason Ct","Unit 102","Louisville",
39559,"10107 Ledbury Way","Louisville","KY","40223"
39560,"3102 Morning Park Ct","Louisville","KY","40220"
39561,"4208 Manner Dale Dr","Louisville","KY","40220"
39562,"1810 La Salle Pl","Louisville","KY","40210"
39563,"1805 La Salle Pl","Louisville","KY","40210"
39564,"1305 Forest Park Rd","Louisville","KY","40223"
39565,"8914 Alphin Ct","Louisville","KY","40299"
39566,"7408 Independence Cv","Louisville","KY","40214"
39567,"6821 Creston Dr","Louisville","KY","40258"
39568,"1009 Woodway Ln","Louisville","KY","40211"
39569,"3121 Wynbrooke Cir","Louisville","KY","40241"
39570,"2419 Meadow Rd","Louisville","KY","40205"
39571,"12102 Meadow Ln","Louisville","KY","40243"
39572,"1009 Lydia St","Louisville","KY","40217"
39573,"3320 Natchez Ln","Louisville","KY","40206"
39574,"4311 S 1st St","Louisville","KY","40214"
39575,"4225 Curtis Ave","Louisville","KY","40213"
39576,"1025 Sarah Dr","Louisville","KY","40219"
39577,"10993 Eagles Cove Dr","Louisville","KY","40241"
39578,"1839 La Salle Pl","Louisville","KY","40210"
39579,"3315 Trail Ridge Rd","Louisville","KY","40241"
39580,"1804 La Salle Pl","Louisville","KY","40210"
39581,"816 Foxgate Rd","Louisville","KY","40223"
39582,"201 Bonner Ave","Louisville","KY","40207"
39583,"3332 Fernheather Dr","Louisville","KY","40216"
39584,"3204 Wynbrooke Cir","Louisville","KY","40241"
39585,"6190 Terry Rd","Louisville","KY","40258"
39586,"7812 Old Tree Run","Louisville","KY","40222"
39587,"3832 Herman St","Louisville","KY","40212"
39588,"2232 Tyler Ln","Louisville","KY","40205"
39589,"2801 Del Rio Pl","Louisville","KY","40220"
39590,"1074 Cherokee Rd","Louisville","KY","40204"
39591,"2310 Meadow Rd","Louisville","KY","40205"
39592,"4407 White Pine Way","Louisville","KY","40241"
39593,"6208 Nigel Dr","Louisville","KY","40216"
39594,"1807 Parkridge Pkwy","Louisville","KY","40214"
39595,"304 Downes Ln","Louisville","KY","40214"
39596,"200 Hemingway Rd","Louisville","KY","40207"
39597,"829 Hazel St","Louisville","KY","40211"
39598,"304 Winton Ave","Louisville","KY","40206"
39599,"3700 Foreman Ln","Louisville","KY","40219"
39600,"1336 E Breckinridge St","Louisville","KY","40204"
39601,"416 Sam Dr","Louisville","KY","40214"
39602,"6026 Highliner Dr","Louisville","KY","40291"
39603,"12 Anchorage Pointe","Louisville","KY","40223"
39604,"1606 Whippoorwill Rd","Louisville","KY","40213"
39605,"1801 La Salle Pl","Louisville","KY","40210"
39606,"7090 Wildwood Cir","Apt 40","Louisville",
39607,"1400 Quincy St","Louisville","KY","40206"
39608,"9103 Hampton Ridge Ct","Louisville","KY","40220"
39609,"4303 Arwine Ct","Louisville","KY","40245"
39610,"8206 Smithton Rd","Louisville","KY","40219"
39611,"4905 Forest Park Dr","Louisville","KY","40219"
39612,"8904 Nottingham Pkwy","Louisville","KY","40222"
39613,"1711 Harold Ave","Louisville","KY","40210"
39614,"5807 Hasbrook Dr","Louisville","KY","40229"
39615,"901 Elm Hill Pl","Louisville","KY","40245"
39616,"2510 Standard Ave","Louisville","KY","40210"
39617,"1365 S 1st St","Louisville","KY","40208"
39618,"11428 Whitney Hill Rd","Louisville","KY","40299"
39619,"4711 S 1st St","Louisville","KY","40214"
39620,"111 Cambridge Station Rd","Louisville","KY","40223"
39621,"502 Rolling Ln","Louisville","KY","40207"
39622,"1441 Berry Blvd","Louisville","KY","40215"
39623,"4007 Pixley Way","Louisville","KY","40219"
39624,"414 Sam Dr","Louisville","KY","40214"
39625,"2704 Algonquin Pkwy","Louisville","KY","40210"
39626,"2927 Pomeroy Dr","Louisville","KY","40218"
39627,"1700 Eastern Pkwy","Louisville","KY","40204"
39628,"9803 Mary Dell Ln","Louisville","KY","40291"
39629,"1116 Homeview Dr","Louisville","KY","40215"
39630,"3025 Hartlage Ct","Louisville","KY","40216"
39631,"9204 Matilda Ct","Louisville","KY","40229"
39632,"4432 Cane Run Rd","Louisville","KY","40216"
39633,"10303 Waycross Ave","Louisville","KY","40229"
39634,"816 Ahland Rd","Louisville","KY","40207"
39635,"135 Cambridge Dr","Louisville","KY","40214"
39636,"1819 La Salle Pl","Louisville","KY","40210"
39637,"1707 De Soto Ter","Louisville","KY","40210"
39638,"1705 De Soto Ter","Louisville","KY","40210"
39639,"1803 La Salle Pl","Louisville","KY","40210"
39640,"1209 Roadway Ave","Louisville","KY","40208"
39641,"3004 Lambach Ct","Louisville","KY","40220"
39642,"934 Ellison Ave","Louisville","KY","40204"
39643,"2173 Millvale Rd","Louisville","KY","40205"
39644,"5112 Hilton Ct","Louisville","KY","40218"
39645,"1525 Belmar Dr","Louisville","KY","40213"
39646,"420 Louis Coleman Jr Dr","Louisville","KY","40212"
39647,"3412 Richmont Rd","Louisville","KY","40216"
39648,"119 Chestnut Glen Dr","Louisville","KY","40245"
39649,"173 Crestwood Ln","Louisville","KY","40229"
39650,"2342 Payne St","Louisville","KY","40206"
39651,"10508 Autumn Creek Pl","Louisville","KY","40229"
39652,"6607 Kenmore Ave","Louisville","KY","40216"
39653,"3100 Cabinwood Dr","Louisville","KY","40220"
39654,"625 E Oak St","Louisville","KY","40203"
39655,"114 E Kentucky St","Louisville","KY","40203"
39656,"10309 Colonel Hancock Dr","Louisville","KY","40291"
39657,"9404 Tiverton Way","Louisville","KY","40242"
39658,"2301 Renown Dr","Louisville","KY","40299"
39659,"319 S 41st St","Louisville","KY","40212"
39660,"7602 Mary Lee Dr","Louisville","KY","40291"
39661,"1678 Mercer Ave","Louisville","KY","40213"
39662,"1812 Hardesty Ave","Louisville","KY","40216"
39663,"19 Westwind Rd","Louisville","KY","40207"
39664,"2604 Meadow Dr","Louisville","KY","40220"
39665,"3610 Dayton Ave","Louisville","KY","40207"
39666,"1730 De Soto Ter","Louisville","KY","40210"
39667,"724 Brentwood Ave","Louisville","KY","40215"
39668,"1405 Tyler Park Dr","Louisville","KY","40204"
39669,"4019 Saint Germaine Ct","Louisville","KY","40207"
39670,"7302 York River Rd","Louisville","KY","40214"
39671,"434 Atwood St","Louisville","KY","40217"
39672,"1712 Harvard Dr","Louisville","KY","40205"
39673,"7106 Betsy Ross Dr","Louisville","KY","40272"
39674,"3001 Velden Dr","Louisville","KY","40220"
39675,"1550 Loney Ln","Louisville","KY","40216"
39676,"5011 Tolkien Ct","Louisville","KY","40229"
39677,"4003 North Ln","Louisville","KY","40216"
39678,"106 Final Ct","Louisville","KY","40219"
39679,"3916 Leland Rd","Louisville","KY","40207"
39680,"8815 Old Bates Rd","Louisville","KY","40228"
39681,"9109 Blowing Tree Rd","Louisville","KY","40220"
39682,"11480 Tumbleweed Rd","Louisville","KY","40229"
39683,"2007 Hillcircle Rd","Louisville","KY","40214"
39684,"2408 Cedar St","Louisville","KY","40212"
39685,"7509 Aluma Ln","Louisville","KY","40214"
39686,"308 Merriman Rd","Louisville","KY","40207"
39687,"360 N 41st St","Louisville","KY","40212"
39688,"8900 Mountain Brook Ct","Louisville","KY","40272"
39689,"3017 Roselawn Blvd","Louisville","KY","40220"
39690,"2822 Hale Ave","Louisville","KY","40211"
39691,"1934 W Muhammad Ali Blvd","Louisville","KY","40203"
39692,"4324 Leaf Dr","Louisville","KY","40216"
39693,"2106 Hale Ave","Louisville","KY","40210"
39694,"9607 Seaton Brooke Ln","Louisville","KY","40291"
39695,"427 E Ormsby Ave","Louisville","KY","40203"
39696,"1815 Millers Ln","Louisville","KY","40216"
39697,"7912 Columbine Dr","Louisville","KY","40258"
39698,"834 Beecher St","Louisville","KY","40215"
39699,"4910 S 3rd St","Louisville","KY","40214"
39700,"4642 Southcrest Dr","Louisville","KY","40215"
39701,"18 Anchorage Pointe","Louisville","KY","40223"
39702,"13909 Beeston Blvd","Louisville","KY","40272"
39703,"4417 Green Pine Dr","Louisville","KY","40220"
39704,"3810 Meadow Haven Rd","Louisville","KY","40218"
39705,"3126 Wilkie Rd","Louisville","KY","40216"
39706,"4813 Seville Dr","Louisville","KY","40272"
39707,"2206 Blankenbaker Rd","Louisville","KY","40299"
39708,"2525 Legene Ct","Louisville","KY","40216"
39709,"3602 Willow Ave","Louisville","KY","40299"
39710,"4007 Hillbrook Dr","Louisville","KY","40220"
39711,"9004 Westport Rd","Louisville","KY","40242"
39712,"11009 Thunder Dr","Louisville","KY","40272"
39713,"822 S 32nd St","Louisville","KY","40211"
39714,"7611 Lancelot Ct","Louisville","KY","40222"
39715,"2537 Kings Hwy","Louisville","KY","40205"
39716,"4112 S 2nd St","Louisville","KY","40214"
39717,"17110 Mallet Hill Dr","Louisville","KY","40245"
39718,"8600 Running Fox Cir","Louisville","KY","40291"
39719,"802 Green Willow Way","Louisville","KY","40223"
39720,"1929 Emerson Ave","Louisville","KY","40205"
39721,"6300 Ferncliff Ln","Louisville","KY","40291"
39722,"1704 Harold Ave","Louisville","KY","40210"
39723,"1703 De Soto Ter","Louisville","KY","40210"
39724,"902 Southview Rd","Louisville","KY","40214"
39725,"3314 Oriole Dr","Louisville","KY","40213"
39726,"5809 Chenoweth Run Rd","Louisville","KY","40299"
39727,"11522 Spring Heath Ct","Louisville","KY","40223"
39728,"8905 Novelle Dr","Louisville","KY","40258"
39729,"5411 Bungalow Dr","Louisville","KY","40258"
39730,"8012 Carnation Dr","Louisville","KY","40258"
39731,"2608 Lower Hunters Trce","Louisville","KY","40216"
39732,"2606 Lowell Ave","Louisville","KY","40205"
39733,"117 Cannons Ln","Louisville","KY","40206"
39734,"6104 Moorhaven Dr","Louisville","KY","40219"
39735,"5307 Robbs Ln","Louisville","KY","40219"
39736,"801 Samoa Way","Louisville","KY","40207"
39737,"201 Oxford Pl","Louisville","KY","40207"
39738,"10000 Tuppence Trce","Louisville","KY","40223"
39739,"1125 S Shelby St","Louisville","KY","40203"
39740,"8008 Cedar Glen Ln","Louisville","KY","40291"
39741,"6705 Outer Loop","Louisville","KY","40228"
39742,"8310 Cabin Hill Rd","Louisville","KY","40291"
39743,"121 Gillette Ave","Louisville","KY","40214"
39744,"604 Riverwood Dr","Louisville","KY","40207"
39745,"5812 Brandywyne Ct","Louisville","KY","40291"
39746,"4518 Spring Bay Ct","Louisville","KY","40241"
39747,"5308 Hasbrook Dr","Louisville","KY","40229"
39748,"5207 Chenoweth Run Rd","Louisville","KY","40299"
39749,"7209 Wesboro Rd","Louisville","KY","40222"
39750,"2122 Lowell Ave","Louisville","KY","40205"
39751,"2314 Dixdale Ave","Louisville","KY","40210"
39752,"4803 Seville Dr","Louisville","KY","40272"
39753,"9916 Ponder Ln","Louisville","KY","40272"
39754,"1807 La Salle Pl","Louisville","KY","40210"
39755,"5317 Rollingwood Trl","Louisville","KY","40214"
39756,"1505 Clara Ave","Louisville","KY","40215"
39757,"3419 Young Ave","Louisville","KY","40211"
39758,"2627 Broadmeade Rd","Louisville","KY","40205"
39759,"216 Stonehenge Dr","Apt 104","Louisville",
39760,"11831 Olde Spring Rd","Louisville","KY","40245"
39761,"2226 Mary Catherine Dr","Louisville","KY","40216"
39762,"3114 Sora Ave","Louisville","KY","40213"
39763,"4403 Winnrose Way","Louisville","KY","40211"
39764,"5500 Saxon Blvd","Louisville","KY","40219"
39765,"7408 Edenroc Ln","Louisville","KY","40258"
39766,"2118 Wallie Ann Ct","Louisville","KY","40210"
39767,"3406 Cross Pointe Rd","Louisville","KY","40241"
39768,"807 Cattleya Ct","Louisville","KY","40207"
39769,"609 Oak Branch Rd","Louisville","KY","40245"
39770,"111 W Hill St","Louisville","KY","40208"
39771,"3214 Five Oaks Pl","Louisville","KY","40207"
39772,"3715 Saint Germaine Ct","Louisville","KY","40207"
39773,"607 Lake Sterling Rd","Louisville","KY","40223"
39774,"1721 De Soto Ter","Louisville","KY","40210"
39775,"4207 Seagrape Rd","Louisville","KY","40299"
39776,"3818 Brody Ln","Louisville","KY","40299"
39777,"3904 Greenhurst Dr","Louisville","KY","40299"
39778,"1938 Goldsmith Ln","Apt 2","Louisville",
39779,"7324 Maria Ave","Louisville","KY","40222"
39780,"604 Armadale Pl","Louisville","KY","40243"
39781,"2311 Hardesty Ave","Louisville","KY","40216"
39782,"3532 Algonquin Pkwy","Louisville","KY","40211"
39783,"3432 Fernheather Dr","Louisville","KY","40216"
39784,"3908 Wayside Dr","Louisville","KY","40216"
39785,"741 Blossom Rd","Louisville","KY","40229"
39786,"2161 Baringer Ave","Louisville","KY","40204"
39787,"9301 Justine Ct","Louisville","KY","40299"
39788,"2825 Richland Ave","Louisville","KY","40220"
39789,"8707 Creighton Ct","Louisville","KY","40222"
39790,"2010 Magazine St","Louisville","KY","40203"
39791,"1838 Mccloskey Ave","Louisville","KY","40210"
39792,"612 Eastern Pkwy","Louisville","KY","40217"
39793,"3730 Wheeler Ave","Louisville","KY","40215"
39794,"548 Sunnyside Dr","Louisville","KY","40206"
39795,"8307 Stillmeadow Dr","Louisville","KY","40299"
39796,"729 Burton Ave","Louisville","KY","40208"
39797,"839 Melford Ave","Louisville","KY","40217"
39798,"504 Meadowbrook Ct","Louisville","KY","40214"
39799,"322 Highwood Dr","Louisville","KY","40206"
39800,"5205 Mount Howard Ct","Louisville","KY","40216"
39801,"936 E Jefferson St","Louisville","KY","40206"
39802,"10511 Moonlight Way","Louisville","KY","40272"
39803,"3719 Whitehall Ct","Louisville","KY","40272"
39804,"330 W Southside Ct","Louisville","KY","40214"
39805,"8301 Arnoldtown Rd","Louisville","KY","40214"
39806,"2580 E Burnett Ave","Louisville","KY","40217"
39807,"919 S 47th St","Louisville","KY","40211"
39808,"3117 W Magnolia Ave","Louisville","KY","40211"
39809,"1203 Cecil Ave","Louisville","KY","40211"
39810,"4145 Fordson Way","Louisville","KY","40211"
39811,"4008 Therina Way","Louisville","KY","40241"
39812,"9803 Lockyear Ct","Louisville","KY","40241"
39813,"5815 Lake Erie Dr","Louisville","KY","40291"
39814,"2315 Tuckaho Rd","Louisville","KY","40207"
39815,"8205 Laurel Spring Dr","Louisville","KY","40299"
39816,"4106 Dellafay Dr","Louisville","KY","40219"
39817,"2810 Pindell Ave","Louisville","KY","40217"
39818,"4112 Retreat Rd","Louisville","KY","40219"
39819,"8314 Delido Rd","Louisville","KY","40219"
39820,"3529 W Muhammad Ali Blvd","Louisville","KY","40212"
39821,"4602 W Market St","Louisville","KY","40212"
39822,"319 N 36th St","Louisville","KY","40212"
39823,"1838 Bertie Ave","Louisville","KY","40206"
39824,"206 Willoughby Ct","Louisville","KY","40245"
39825,"3537 Capri Dr","Louisville","KY","40218"
39826,"7625 White Post Way","Louisville","KY","40220"
39827,"623 Wataga Dr","Louisville","KY","40206"
39828,"4501 Sunflower Ave","Louisville","KY","40216"
39829,"7212 Gerber Ave","Louisville","KY","40214"
39830,"9509 Felsmere Cir","Louisville","KY","40241"
39831,"10504 Tarrytowne Rd","Louisville","KY","40272"
39832,"977 Barret Ave","Louisville","KY","40204"
39833,"3511 Brookhollow Dr","Louisville","KY","40220"
39834,"1911 Rutherford Ave","Louisville","KY","40205"
39835,"9603 3rd Street Rd","Louisville","KY","40272"
39836,"10804 Corbin Ct","Louisville","KY","40229"
39837,"101 Alvina Way","Louisville","KY","40214"
39838,"3209 Stegner Ave","Louisville","KY","40216"
39839,"1832 Arlington Ave","Louisville","KY","40206"
39840,"3705 Valdosta Ave","Louisville","KY","40218"
39841,"1241 Arcade Ave","Louisville","KY","40215"
39842,"518 Foxwick Ct","Louisville","KY","40223"
39843,"3201 Thousand Oaks Dr","Louisville","KY","40205"
39844,"1511 Lincoln Ave","Louisville","KY","40213"
39845,"3604 Friar Tuck Ct","Louisville","KY","40219"
39846,"5718 Elmer Ln","Louisville","KY","40214"
39847,"1923 Upper Hunters Trce","Louisville","KY","40216"
39848,"307 Marshall Dr","Louisville","KY","40207"
39849,"2349 Payne St","Louisville","KY","40206"
39850,"4007 Prince Ln","Louisville","KY","40299"
39851,"2118 Ronnie Ave","Louisville","KY","40216"
39852,"504 Virginia Ave","Louisville","KY","40222"
39853,"211 Burleigh Ct","Louisville","KY","40245"
39854,"1106 Cristland Rd","Louisville","KY","40214"
39855,"1705 Baird St","Louisville","KY","40203"
39856,"3841 Greenhurst Dr","Louisville","KY","40299"
39857,"8206 Thornwood Rd","Louisville","KY","40220"
39858,"905 Eastern Pkwy","Louisville","KY","40217"
39859,"2640 Algonquin Pkwy","Louisville","KY","40210"
39860,"11107 Coventry Greens Dr","Louisville","KY","40241"
39861,"3215 Hale Ave","Louisville","KY","40211"
39862,"3317 Audubon Ridge Dr","Louisville","KY","40213"
39863,"1106 S 43rd St","Louisville","KY","40211"
39864,"417 Whiteheath Ln","Louisville","KY","40243"
39865,"6624 Huff Ln","Louisville","KY","40216"
39866,"11505 Saratoga Hill Ct","Louisville","KY","40299"
39867,"8107 Tonya Ct","Louisville","KY","40214"
39868,"1727 Algonquin Pkwy","Louisville","KY","40210"
39869,"7801 Trevino Way","Louisville","KY","40258"
39870,"2991 Six Mile Ln","Louisville","KY","40220"
39871,"8118 Cloudcroft Ln","Louisville","KY","40220"
39872,"9805 Abbeywood Village Way","Louisville","KY","40241"
39873,"2101 Round Ridge Rd","Louisville","KY","40207"
39874,"2312 Sycamore Ave","Louisville","KY","40206"
39875,"126 S 43rd St","Louisville","KY","40212"
39876,"1339 Walter Ave","Louisville","KY","40215"
39877,"2306 Elmhurst Ave","Louisville","KY","40216"
39878,"734 Heywood Ave","Louisville","KY","40208"
39879,"732 Heywood Ave","Louisville","KY","40208"
39880,"2102 Challedon Way","Louisville","KY","40223"
39881,"4909 Southern Pkwy","Louisville","KY","40214"
39882,"5614 Brokers Tip Ln","Louisville","KY","40272"
39883,"8809 Denington Dr","Louisville","KY","40222"
39884,"2428 Hawthorne Ave","Louisville","KY","40205"
39885,"7613 Charron Rd","Louisville","KY","40220"
39886,"11811 Garr Ave","Louisville","KY","40223"
39887,"2420 Newburg Rd","Louisville","KY","40205"
39888,"8701 Jumper Pl","Louisville","KY","40291"
39889,"2609 Briargate Ave","Louisville","KY","40216"
39890,"4221 Churchill Rd","Louisville","KY","40207"
39891,"1942 Deerwood Ave","Louisville","KY","40205"
39892,"105 Crews Dr","Louisville","KY","40218"
39893,"7906 Albrecht Cir","Louisville","KY","40241"
39894,"6101 Loretta St","Louisville","KY","40213"
39895,"3924 Miami Ave","Louisville","KY","40212"
39896,"3807 Alford Ave","Louisville","KY","40212"
39897,"1715 De Soto Ter","Louisville","KY","40210"
39898,"938 Westview Dr","Louisville","KY","40214"
39899,"7812 Appleview Ln","Louisville","KY","40228"
39900,"4000 E Pages Ln","Louisville","KY","40272"
39901,"3222 Garland Ave","Louisville","KY","40211"
39902,"4117 Shady Villa Dr","Louisville","KY","40219"
39903,"1425 S 32nd St","Louisville","KY","40211"
39904,"6509 Daytona Ave","Louisville","KY","40216"
39905,"4514 Oak Pointe Dr","Louisville","KY","40245"
39906,"7405 Springvale Dr","Louisville","KY","40241"
39907,"8706 Best Ct","Louisville","KY","40242"
39908,"3428 Grand Ave","Louisville","KY","40211"
39909,"3024 Bunker Hill Dr","Louisville","KY","40205"
39910,"8005 Deronia Ave","Louisville","KY","40222"
39911,"4112 Brentler Rd","Louisville","KY","40241"
39912,"1314 Autumn Ridge Rd","Louisville","KY","40242"
39913,"9217 Ponder Ln","Louisville","KY","40272"
39914,"3028 Vogue Ave","Louisville","KY","40220"
39915,"411 Trinity Hills Ln","Louisville","KY","40207"
39916,"2234 Mary Catherine Dr","Louisville","KY","40216"
39917,"4808 Kingfisher Way","Louisville","KY","40213"
39918,"1710 Bachmann Dr","Louisville","KY","40216"
39919,"16111 Plum Creek Trl","Louisville","KY","40299"
39920,"1717 W Hill St","Louisville","KY","40210"
39921,"9102 Hampton Ridge Ct","Louisville","KY","40220"
39922,"1042 Garrow Ct","Louisville","KY","40219"
39923,"1954 Goldsmith Ln","Apt 3","Louisville",
39924,"8609 Old Bates Rd","Louisville","KY","40228"
39925,"1107 Rufer Ave","Louisville","KY","40204"
39926,"10001 Silverwood Ln","Louisville","KY","40272"
39927,"6712 Crispa Ct","Louisville","KY","40228"
39928,"5305 Wiseman Ct","Louisville","KY","40272"
39929,"7701 Tempsclair Rd","Louisville","KY","40220"
39930,"8925 La Costa Rd","Louisville","KY","40299"
39931,"6907 Glendale Rd","Louisville","KY","40291"
39932,"2112 Ashcraft Ln","Louisville","KY","40242"
39933,"3639 Greenwood Ave","Louisville","KY","40211"
39934,"4905 Peachtree Ave","Louisville","KY","40215"
39935,"2600 Bagby Way","Louisville","KY","40216"
39936,"105 Forest Park Rd","Louisville","KY","40223"
39937,"3301 Colonial Manor Cir","Unit 4A","Louisville",
39938,"1552 W Oak St","Louisville","KY","40210"
39939,"9211 Cavalcade Ave","Louisville","KY","40272"
39940,"2906 Aspendale Ct","Louisville","KY","40241"
39941,"1043 Wagner Ave","Louisville","KY","40217"
39942,"3610 Briarglen Ln","Louisville","KY","40220"
39943,"1301 Blue Vale Way","Louisville","KY","40222"
39944,"1866 Douglass Blvd","Louisville","KY","40205"
39945,"2909 S Crums Ln","Louisville","KY","40216"
39946,"3906 7th Street Rd","Louisville","KY","40216"
39947,"741 Gagel Ave","Louisville","KY","40216"
39948,"13323 Forge Cir","Louisville","KY","40272"
39949,"200 Whitland Ct","Louisville","KY","40243"
39950,"4402 Tara Ave","Louisville","KY","40216"
39951,"569 S Steedland Dr","Louisville","KY","40229"
39952,"1506 Christy Ave","Louisville","KY","40204"
39953,"10116 Headley Hill Rd","Louisville","KY","40223"
39954,"3501 Bridgegate Ct","Louisville","KY","40272"
39955,"919 Tamarisk Ct","Louisville","KY","40223"
39956,"10105 Natalie Way","Louisville","KY","40299"
39957,"14015 Beckley Trce","Louisville","KY","40245"
39958,"645 S 40th St","Louisville","KY","40211"
39959,"7103 E Manslick Rd","Louisville","KY","40228"
39960,"5504 Mosswood Ln","Louisville","KY","40291"
39961,"3928 Brookfield Ave","Louisville","KY","40207"
39962,"2812 Montgomery St","Louisville","KY","40212"
39963,"407 Trinity Hills Ln","Louisville","KY","40207"
39964,"2403 Montgomery St","Louisville","KY","40212"
39965,"2308 Phoenix Hill Dr","Louisville","KY","40207"
39966,"10706 Colonel Hancock Dr","Louisville","KY","40291"
39967,"6413 South Dr","Louisville","KY","40272"
39968,"5504 Minor Ln","Louisville","KY","40219"
39969,"1416 Sylvan Way","Louisville","KY","40205"
39970,"8412 Hurstbourne Woods Pl","Louisville","KY","40299"
39971,"8909 Hudson Ln","Louisville","KY","40291"
39972,"7400 York River Rd","Louisville","KY","40214"
39973,"8418 Oxford Woods Ct","Louisville","KY","40222"
39974,"5405 Whispering Hills Blvd","Louisville","KY","40219"
39975,"9403 Hi View Ln","Louisville","KY","40272"
39976,"344 Summers Dr","Louisville","KY","40229"
39977,"411 Duff Ln","Louisville","KY","40207"
39978,"1415 Cadet Ct","Louisville","KY","40222"
39979,"2018 Bainbridge Row Dr","Louisville","KY","40207"
39980,"4517 Saratoga Hill Rd","Louisville","KY","40299"
39981,"1061 Cecil Ave","Louisville","KY","40211"
39982,"2114 Gladstone Ave","Louisville","KY","40205"
39983,"3418 Larkwood Ave","Louisville","KY","40212"
39984,"4611 Saratoga Hill Rd","Louisville","KY","40299"
39985,"2318 Woodbourne Ave","Louisville","KY","40205"
39986,"6804 Creedmoor Ct","Louisville","KY","40228"
39987,"12001 Bettye Ann Ct","Louisville","KY","40299"
39988,"7724 Poinsettia Dr","Louisville","KY","40258"
39989,"4340 S 3rd St","Louisville","KY","40214"
39990,"1010 Colonel Anderson Pkwy","Louisville","KY","40222"
39991,"621 Harrison Ave","Louisville","KY","40217"
39992,"804 W Ashland Ave","Louisville","KY","40215"
39993,"513 Sam Dr","Louisville","KY","40214"
39994,"4120 Hartwick Village Pl","Louisville","KY","40241"
39995,"12513 Kiawah Ct","Louisville","KY","40245"
39996,"12515 Kiawah Ct","Louisville","KY","40245"
39997,"9608 Blaze Way","Louisville","KY","40272"
39998,"6808 Rock Forest Dr","Louisville","KY","40219"
39999,"5115 Hunters Point Cir","Louisville","KY","40216"
40000,"2124 Speed Ave","Louisville","KY","40205"
