20001,"8811 Fernview Dr","Louisville","KY","40291"
20002,"8810 Fernview Dr","Louisville","KY","40291"
20003,"8904 Beulah Church Rd","Louisville","KY","40291"
20004,"9019 Fern Creek Rd","Louisville","KY","40291"
20005,"9100 Artis Way","Louisville","KY","40291"
20006,"6814 Sherry Ln","Louisville","KY","40291"
20007,"6810 Sherry Ln","Louisville","KY","40291"
20008,"6811 Sherry Ln","Louisville","KY","40291"
20009,"6804 Sherry Ln","Louisville","KY","40291"
20010,"9016 Sidney Way","Louisville","KY","40291"
20011,"9011 Sidney Way","Louisville","KY","40291"
20012,"9025 Sidney Way","Louisville","KY","40291"
20013,"9027 Sidney Way","Louisville","KY","40291"
20014,"9108 Beulah Church Rd","Louisville","KY","40291"
20015,"1415 St James Ct","Louisville","KY","40208"
20016,"750 Persimmon Ridge Dr","Louisville","KY","40245"
20017,"4867 Brenda Dr","Louisville","KY","40219"
20018,"4923 Grantham Pl","Louisville","KY","40222"
20019,"1905 Crossgate Ln","Louisville","KY","40222"
20020,"1812 Crossgate Ln","Louisville","KY","40222"
20021,"1803 Grantham Ct","Louisville","KY","40222"
20022,"1801 Grantham Ct","Louisville","KY","40222"
20023,"1804 Crossgate Ln","Louisville","KY","40222"
20024,"1809 Crossgate Ln","Louisville","KY","40222"
20025,"1922 Herr Ln","Louisville","KY","40222"
20026,"6820 Crossmoor Ln","Louisville","KY","40222"
20027,"1805 Crossgate Ln","Louisville","KY","40222"
20028,"1812 Warrington Way","Louisville","KY","40222"
20029,"4920 Grantham Pl","Louisville","KY","40222"
20030,"1901 Warrington Way","Louisville","KY","40222"
20031,"6703 Crossmoor Ln","Louisville","KY","40222"
20032,"1804 Winsford Pl","Louisville","KY","40222"
20033,"1924 Buttonwood Rd","Louisville","KY","40222"
20034,"1926 Buttonwood Rd","Louisville","KY","40222"
20035,"1934 Buttonwood Rd","Louisville","KY","40222"
20036,"1802 Girard Dr","Louisville","KY","40222"
20037,"6714 Crossmoor Ln","Louisville","KY","40222"
20038,"6711 Crossmoor Ln","Louisville","KY","40222"
20039,"1800 Gretchen K Ct","Louisville","KY","40222"
20040,"1706 Girard Dr","Louisville","KY","40222"
20041,"6803 Greenlawn Rd","Louisville","KY","40222"
20042,"1613 Girard Dr","Louisville","KY","40222"
20043,"1702 Girard Dr","Louisville","KY","40222"
20044,"6707 Bedford Ln","Louisville","KY","40222"
20045,"1812 Buttonwood Rd","Louisville","KY","40222"
20046,"6901 Greenlawn Rd","Louisville","KY","40222"
20047,"6903 Greenlawn Rd","Louisville","KY","40222"
20048,"1920 Buttonwood Rd","Louisville","KY","40222"
20049,"1814 Herr Ln","Louisville","KY","40222"
20050,"1802 Leawood Ct","Louisville","KY","40222"
20051,"7110 Greenlawn Rd","Louisville","KY","40222"
20052,"7108 Greenlawn Rd","Louisville","KY","40222"
20053,"6827 Crossmoor Ln","Louisville","KY","40222"
20054,"7201 Wesboro Rd","Louisville","KY","40222"
20055,"6804 Hill Peak Ct","Louisville","KY","40214"
20056,"2707 Pikes Peak Blvd","Louisville","KY","40214"
20057,"6811 Hill Peak Rd","Louisville","KY","40214"
20058,"4001 Preston Hwy","Apt 3","Louisville",
20059,"4224 Glen Hill Manor Dr","Louisville","KY","40272"
20060,"3311 Furman Blvd","Louisville","KY","40220"
20061,"3303 Ellis Way","Louisville","KY","40220"
20062,"3304 Dogwood Dr","Louisville","KY","40220"
20063,"3302 Dogwood Dr","Louisville","KY","40220"
20064,"3317 Cawein Way","Louisville","KY","40220"
20065,"3751 Stanton Blvd","Louisville","KY","40220"
20066,"3102 Horton Ave","Louisville","KY","40220"
20067,"2113 Speed Ave","Unit 2115-5","Louisville",
20068,"2738 Lindsay Ave","Louisville","KY","40206"
20069,"7511 Westdale Rd","Louisville","KY","40222"
20070,"97 Warrior Rd","Louisville","KY","40207"
20071,"8000 Cedar Creek Rd","Louisville","KY","40291"
20072,"8301 Cedar Creek Rd","Louisville","KY","40291"
20073,"8005 Cedar Creek Rd","Louisville","KY","40291"
20074,"10249 Pine Glen Cir","Louisville","KY","40291"
20075,"8003 Cedar Creek Rd","Louisville","KY","40291"
20076,"8211 Cedar Creek Rd","Louisville","KY","40291"
20077,"1929 Deerwood Ave","Louisville","KY","40205"
20078,"1838 Bardstown Rd","Unit 102","Louisville",
20079,"3117 Horton Ave","Louisville","KY","40220"
20080,"3014 Melbourne Ave","Louisville","KY","40220"
20081,"1436 S 4th St","Apt 1","Louisville",
20082,"2344 Grinstead Dr","Unit 2","Louisville",
20083,"2344 Grinstead Dr","Unit 1","Louisville",
20084,"10729 Colonial Woods Ct","Louisville","KY","40023"
20085,"1011 Glenbrook Rd","Louisville","KY","40223"
20086,"1105 Glenbrook Rd","Louisville","KY","40223"
20087,"1107 Glenbrook Rd","Louisville","KY","40223"
20088,"11901 Woodland Rd","Louisville","KY","40223"
20089,"11604 Owl Creek Ln","Louisville","KY","40223"
20090,"902 Shady Ln","Louisville","KY","40223"
20091,"11707 Little Ln","Louisville","KY","40223"
20092,"1302 Elm Rd","Louisville","KY","40223"
20093,"1310 Castlewood Dell","Louisville","KY","40204"
20094,"4 Hawthorn Hl","Louisville","KY","40204"
20095,"210 Marengo Dr","Louisville","KY","40243"
20096,"219 Marengo Dr","Louisville","KY","40243"
20097,"4885 Brenda Dr","Louisville","KY","40219"
20098,"1332 Tycoon Way","Louisville","KY","40213"
20099,"2428 Newburg Rd","Louisville","KY","40205"
20100,"1531 Sylvan Way","Louisville","KY","40205"
20101,"1512 Sylvan Ct","Louisville","KY","40205"
20102,"2527 Newburg Rd","Louisville","KY","40205"
20103,"1615 Dundee Way","Louisville","KY","40205"
20104,"1619 Dundee Way","Louisville","KY","40205"
20105,"2505 Valley Vista Rd","Louisville","KY","40205"
20106,"2502 Valley Vista Rd","Louisville","KY","40205"
20107,"1734 Fleming Rd","Louisville","KY","40205"
20108,"2543 Saratoga Dr","Louisville","KY","40205"
20109,"2552 Saratoga Dr","Louisville","KY","40205"
20110,"2404 Ashwood Dr","Louisville","KY","40205"
20111,"1737 Fleming Rd","Louisville","KY","40205"
20112,"2417 Valley Vista Rd","Louisville","KY","40205"
20113,"1801 Gresham Rd","Louisville","KY","40205"
20114,"1819 Gresham Rd","Louisville","KY","40205"
20115,"1622 Forest Hill Dr","Louisville","KY","40205"
20116,"9412 Cedarlook Dr","Louisville","KY","40291"
20117,"909 S Sherrin Ave","Louisville","KY","40207"
20118,"907 S Sherrin Ave","Louisville","KY","40207"
20119,"905 S Sherrin Ave","Louisville","KY","40207"
20120,"3614 Ringing Bell Ln","Louisville","KY","40245"
20121,"3700 Marlin Dr","Louisville","KY","40299"
20122,"538 E Adair St","Louisville","KY","40209"
20123,"7401 Stanhope Ct","Louisville","KY","40258"
20124,"7400 Maurer Ln","Louisville","KY","40258"
20125,"2315 Mercer Ave","Louisville","KY","40216"
20126,"4202 Searcy Dr","Louisville","KY","40216"
20127,"4112 Moray Ct","Louisville","KY","40216"
20128,"4106 Clyde Dr","Louisville","KY","40216"
20129,"4101 Moray Ct","Louisville","KY","40216"
20130,"4032 Burrell Dr","Louisville","KY","40216"
20131,"4030 Cheviot Dr","Louisville","KY","40216"
20132,"2310 Garrs Ln","Louisville","KY","40216"
20133,"2403 Mercer Ave","Louisville","KY","40216"
20134,"2422 Garrs Ln","Louisville","KY","40216"
20135,"10811 Golden Dr","Louisville","KY","40272"
20136,"5003 Constance Dr","Louisville","KY","40272"
20137,"10710 Milwaukee Way","Louisville","KY","40272"
20138,"5112 Constance Dr","Louisville","KY","40272"
20139,"5117 Constance Dr","Louisville","KY","40272"
20140,"5107 Constance Dr","Louisville","KY","40272"
20141,"5011 Constance Dr","Louisville","KY","40272"
20142,"10502 Grafton Hall Rd","Louisville","KY","40272"
20143,"10703 Deering Rd","Louisville","KY","40272"
20144,"10706 Deering Rd","Louisville","KY","40272"
20145,"10708 Deering Rd","Louisville","KY","40272"
20146,"10801 Torrington Rd","Louisville","KY","40272"
20147,"6606 Capella Ln","Louisville","KY","40258"
20148,"6806 Reelfoot Lake Ct","Louisville","KY","40291"
20149,"6810 Reelfoot Lake Ct","Louisville","KY","40291"
20150,"6817 Holly Lake Dr","Louisville","KY","40291"
20151,"6813 Holly Lake Dr","Louisville","KY","40291"
20152,"6901 Cedar Lake Ct","Louisville","KY","40291"
20153,"6906 Holly Lake Dr","Louisville","KY","40291"
20154,"9512 Cedarlook Dr","Louisville","KY","40291"
20155,"9410 Cedarlook Dr","Louisville","KY","40291"
20156,"9512 Cedar Lake Dr","Louisville","KY","40291"
20157,"9606 Cedar Lake Dr","Louisville","KY","40291"
20158,"9600 Cedar Lake Dr","Louisville","KY","40291"
20159,"6912 Cedar Lake Ct","Louisville","KY","40291"
20160,"5908 Alanadale Dr","Louisville","KY","40272"
20161,"5912 Alanadale Dr","Louisville","KY","40272"
20162,"5906 Alanadale Dr","Louisville","KY","40272"
20163,"6007 Halma Dr","Louisville","KY","40272"
20164,"6010 Alanadale Dr","Louisville","KY","40272"
20165,"6012 Alanadale Dr","Louisville","KY","40272"
20166,"6006 Halma Dr","Louisville","KY","40272"
20167,"10003 Donau Ln","Louisville","KY","40272"
20168,"5909 Halma Dr","Louisville","KY","40272"
20169,"9929 Donerail Way","Louisville","KY","40272"
20170,"9949 Appollo Ct","Louisville","KY","40272"
20171,"5754 Alanadale Dr","Louisville","KY","40272"
20172,"9924 Appollo Ln","Louisville","KY","40272"
20173,"3612 Dumesnil St","Louisville","KY","40211"
20174,"3611 Regatta Way","Louisville","KY","40211"
20175,"3609 Regatta Way","Louisville","KY","40211"
20176,"3607 Regatta Way","Louisville","KY","40211"
20177,"6996 Beechland Ave","Louisville","KY","40258"
20178,"6995 Beechland Ave","Louisville","KY","40258"
20179,"6991 Beechland Ave","Louisville","KY","40258"
20180,"4720 Guy Dr","Louisville","KY","40258"
20181,"4804 Guy Dr","Louisville","KY","40258"
20182,"4937 Columbia Ave","Louisville","KY","40258"
20183,"4911 Columbia Ave","Louisville","KY","40258"
20184,"4936 Columbia Ave","Louisville","KY","40258"
20185,"6982 Kentucky Ave","Louisville","KY","40258"
20186,"4810 Fister Ct","Louisville","KY","40258"
20187,"4715 Guy Dr","Louisville","KY","40258"
20188,"4720 Goepper Rd","Louisville","KY","40258"
20189,"4813 Goepper Rd","Louisville","KY","40258"
20190,"6701 Crawford Crossing Pl","Unit 101","Louisville",
20191,"6701 Crawford Crossing Pl","Unit 102","Louisville",
20192,"6811 Twin Dr","Louisville","KY","40258"
20193,"4711 Fister Ct","Louisville","KY","40258"
20194,"4714 Fister Ct","Louisville","KY","40258"
20195,"4713 Guy Dr","Louisville","KY","40258"
20196,"4709 Crawford Ave","Louisville","KY","40258"
20197,"4712 Guy Dr","Louisville","KY","40258"
20198,"6800 Crawford Crossing Pl","Unit 104","Louisville",
20199,"6800 Crawford Crossing Pl","Unit 101","Louisville",
20200,"4609 Crawford Ave","Louisville","KY","40258"
20201,"4516 Crawford Ave","Louisville","KY","40258"
20202,"156 Crews Dr","Louisville","KY","40218"
20203,"3015 Dartmouth Ave","Louisville","KY","40205"
20204,"3014 Dartmouth Ave","Louisville","KY","40205"
20205,"3023 Curran Rd","Louisville","KY","40205"
20206,"3020 Dartmouth Ave","Louisville","KY","40205"
20207,"3031 Dartmouth Ave","Louisville","KY","40205"
20208,"3030 Carson Way","Louisville","KY","40205"
20209,"3024 Seneca Blvd","Louisville","KY","40205"
20210,"3035 Peale Ave","Louisville","KY","40205"
20211,"2637 Wendell Ave","Louisville","KY","40205"
20212,"3031 Curran Rd","Louisville","KY","40205"
20213,"2709 Gardiner Ln","Louisville","KY","40205"
20214,"3019 Seneca Blvd","Louisville","KY","40205"
20215,"3010 Kent Rd","Louisville","KY","40205"
20216,"3019 Carson Way","Louisville","KY","40205"
20217,"3104 Taylorsville Rd","Louisville","KY","40205"
20218,"3013 Carson Way","Louisville","KY","40205"
20219,"3005 Peale Ave","Louisville","KY","40205"
20220,"3020 Taylorsville Rd","Louisville","KY","40205"
20221,"2632 Gardiner Ln","Louisville","KY","40205"
20222,"6421 Manor View Cir","Louisville","KY","40272"
20223,"4305 Lees Ln","Louisville","KY","40216"
20224,"9218 Wellington Ct","Louisville","KY","40291"
20225,"9107 Talitha Dr","Louisville","KY","40299"
20226,"9109 Talitha Dr","Louisville","KY","40299"
20227,"3502 Chauncey Lee Ln","Unit 35P2","Louisville",
20228,"8306 Fairmount Rd","Louisville","KY","40291"
20229,"8513 Lysander Dr","Louisville","KY","40214"
20230,"8511 Lysander Dr","Louisville","KY","40214"
20231,"8515 Lysander Dr","Louisville","KY","40214"
20232,"Frank Lee Ave","Louisville","KY","40216"
20233,"7501 Garrison Rd","Louisville","KY","40214"
20234,"3320 Bridwell Dr","Louisville","KY","40216"
20235,"1105 Donard Ave","Louisville","KY","40218"
20236,"3502 College Dr","Unit 202","Louisville",
20237,"6300 Jeffrey Dr","Louisville","KY","40258"
20238,"1003 S 1st St","Louisville","KY","40203"
20239,"4113 S 3rd St","Louisville","KY","40214"
20240,"664 Lindell Ave","Unit 2","Louisville",
20241,"13714-B S Blakely Ln","Louisville","KY","40272"
20242,"2113 Speed Ave","Unit 2113-1","Louisville",
20243,"935 Franklin St","Apt 102","Louisville",
20244,"10906 Brookley Dr","Louisville","KY","40229"
20245,"7202 Jacks Lndg","Louisville","KY","40291"
20246,"9101 Fairmount Rd","Louisville","KY","40291"
20247,"8516 Lysander Dr","Louisville","KY","40214"
20248,"10011 Keys Ferry Rd","Louisville","KY","40118"
20249,"6514 Fair Ridge Ln","Louisville","KY","40291"
20250,"1415 Saint James Ct","Louisville","KY","40208"
20251,"2505 Brownsboro A Rd","# 8-1","Louisville",
20252,"7100 Peppermill Ln","Louisville","KY","40228"
20253,"930 E Jefferson St","Unit 1028897P","Louisville",
20254,"633 E Main St","Unit 1031622P","Louisville",
20255,"3416 Kramers Ln","Apt B","Louisville",
20256,"6716 Sycamore Bend Trce","Louisville","KY","40291"
20257,"616 Burnett Ridge Rd","Louisville","KY","40243"
20258,"7707 Broad Run Rd","Louisville","KY","40291"
20259,"1279 S Preston St","Apt 3A","Louisville",
20260,"1279 S Preston St","Apt 1C","Louisville",
20261,"633 E Main St","Unit 1031626P","Louisville",
20262,"1216 Bardstown Rd","Unit 2","Louisville",
20263,"11407 Bardstown Creek Rd","Louisville","KY","40291"
20264,"4612 W Broadway","Louisville","KY","40211"
20265,"126 S Sherrin Ave","Unit Basemnt","Louisville",
20266,"14101 Kings Chapel Way","Louisville","KY","40245"
20267,"6400 Old Heady Rd","Louisville","KY","40299"
20268,"205 Donard Park Ave","Unit 205","Louisville",
20269,"19136 Catalpa Flds Pl","Louisville","KY","40023"
20270,"1014 Hull St","Louisville","KY","40204"
20271,"3113 Auburn Cir","Louisville","KY","40299"
20272,"9007 Green Garden Ct","Louisville","KY","40220"
20273,"3308 Mcadams Ct","Louisville","KY","40299"
20274,"3307 Conway Ct","Louisville","KY","40299"
20275,"3303 Conway Ct","Louisville","KY","40299"
20276,"3305 Conway Ct","Louisville","KY","40299"
20277,"3308 Warson Ct","Louisville","KY","40299"
20278,"3314 Conway Ct","Louisville","KY","40299"
20279,"3301 Mcclain Ct","Louisville","KY","40299"
20280,"3305 Warson Ct","Louisville","KY","40299"
20281,"3314 Mcclain Ct","Louisville","KY","40299"
20282,"2807 Smoke Rd","Louisville","KY","40220"
20283,"9003 Raintree Dr","Louisville","KY","40220"
20284,"2902 Velden Dr","Louisville","KY","40220"
20285,"8901 Raintree Dr","Louisville","KY","40220"
20286,"4908 Crest Ct","Louisville","KY","40216"
20287,"4909 Crest Ct","Louisville","KY","40216"
20288,"3522 Manslick Rd","# 18","Louisville",
20289,"5024 S 3rd St","Unit 2B","Louisville",
20290,"Jacks Lndg","Lot 2","Louisville",
20291,"3606 Ringing Bell Ln","Louisville","KY","40245"
20292,"7321 Arnoldtown Rd","Louisville","KY","40214"
20293,"7410 Arnoldtown Rd","Louisville","KY","40214"
20294,"3508 Candy Ln","Louisville","KY","40214"
20295,"7407 Arnoldtown Rd","Louisville","KY","40214"
20296,"7405 Arnoldtown Rd","Louisville","KY","40214"
20297,"725 E Breckinridge St","Unit 1028894P","Louisville",
20298,"2505 Lindsay Ave","Louisville","KY","40206"
20299,"6818 Oak Rock Dr","Louisville","KY","40291"
20300,"1321 E Main St","Louisville","KY","40206"
20301,"1415 Payne St","Louisville","KY","40206"
20302,"1411 Payne St","Louisville","KY","40206"
20303,"633 E Main St","Unit 1031632P","Louisville",
20304,"13612 E Rehl Ct","Louisville","KY","40299"
20305,"1921 Frankfort Ave","Louisville","KY","40206"
20306,"952 S Floyd St","Apt 101","Louisville",
20307,"1001 S 1st St","Louisville","KY","40203"
20308,"6802 Oak Rock Dr","Louisville","KY","40291"
20309,"Hollis View Way","Lot 46","Louisville",
20310,"14641 Reserve Park Pl","Unit 2","Louisville",
20311,"3415 3rd Aly","Louisville","KY","40212"
20312,"3422 Pflanz Ave","Louisville","KY","40212"
20313,"4514 New Hopewell Rd","Louisville","KY","40299"
20314,"2113 Speed Ave","Unit 2113-4","Louisville",
20315,"3309 Silverthorn Ln","Apt 203","Louisville",
20316,"7006 Peppermill Ln","Louisville","KY","40228"
20317,"7001 Peppermill Ln","Louisville","KY","40228"
20318,"1302 Challis Cir","Louisville","KY","40211"
20319,"1300 Challis Cir","Louisville","KY","40211"
20320,"633 E Main St","Unit 1031633P","Louisville",
20321,"500 E Ormsby Ave","Apt 2","Louisville",
20322,"10210 Nola Dr","Louisville","KY","40118"
20323,"9400 Floydsburg Rd","Louisville","KY","40245"
20324,"4512 Lincoln Rd","Louisville","KY","40220"
20325,"4504 Lincoln Rd","Louisville","KY","40220"
20326,"4503 Lincoln Rd","Louisville","KY","40220"
20327,"4420 Lincoln Rd","Louisville","KY","40220"
20328,"4423 Saint Regis Ln","Louisville","KY","40220"
20329,"4425 Saint Regis Ln","Louisville","KY","40220"
20330,"4420 Saint Regis Ln","Louisville","KY","40220"
20331,"3023 Eleanor Ave","Louisville","KY","40205"
20332,"3115 Lowell Ave","Louisville","KY","40205"
20333,"633 E Main St","Unit 1014611P","Louisville",
20334,"810 Packard Ave Unit R","Louisville","KY","40217"
20335,"3409 Shanks Ln","# 4","Louisville",
20336,"10916 Blacksmith Rd","Louisville","KY","40291"
20337,"7925 Copper Drift Way","Louisville","KY","40291"
20338,"832 Clarks Ln","Louisville","KY","40217"
20339,"830 Clarks Ln","Louisville","KY","40217"
20340,"826 Clarks Ln","Louisville","KY","40217"
20341,"824 Clarks Ln","Louisville","KY","40217"
20342,"2346 Dorma Ave","Louisville","KY","40217"
20343,"2351 Dorma Ave","Louisville","KY","40217"
20344,"2637 Merhoff St","Louisville","KY","40217"
20345,"2629 Merhoff St","Louisville","KY","40217"
20346,"7720 Saint Andrews Church Rd","Louisville","KY","40214"
20347,"6713 Oak Valley Dr","Louisville","KY","40214"
20348,"6513 Oak Valley Dr","Louisville","KY","40214"
20349,"1721 Meyers Ln","Louisville","KY","40216"
20350,"5209 Downs Ct","Louisville","KY","40216"
20351,"5210 Eugene Way","Louisville","KY","40216"
20352,"5209 Eugene Way","Louisville","KY","40216"
20353,"1722 Meyers Ln","Louisville","KY","40216"
20354,"1724 Tempest Way","Apt 23","Louisville",
20355,"1704 Meyers Ln","Louisville","KY","40216"
20356,"5215 Eugene Way","Louisville","KY","40216"
20357,"1727 Meyers Ln","Louisville","KY","40216"
20358,"1718 Meyers Ln","Louisville","KY","40216"
20359,"1724 Tempest Way","Apt 21","Louisville",
20360,"5205 Downs Ct","Louisville","KY","40216"
20361,"141 E Amherst Ave","Louisville","KY","40214"
20362,"5000 Southside Dr","Louisville","KY","40214"
20363,"4925 Southside Dr","Apt 5","Louisville",
20364,"126 E Amherst Ave","Louisville","KY","40214"
20365,"100 E Amherst Ave","Louisville","KY","40214"
20366,"101 W Tenny Ave","Louisville","KY","40214"
20367,"201 W Tenny Ave","Louisville","KY","40214"
20368,"4912 S 2nd St","Louisville","KY","40214"
20369,"101 E Tenny Ave","Louisville","KY","40214"
20370,"133 E Amherst Ave","Louisville","KY","40214"
20371,"125 E Amherst Ave","Louisville","KY","40214"
20372,"121 E Tenny Ave","Louisville","KY","40214"
20373,"124 E Amherst Ave","Louisville","KY","40214"
20374,"116 E Tenny Ave","Louisville","KY","40214"
20375,"1221 Valley Dr","Louisville","KY","40213"
20376,"1413 Nightingale Rd","Apt 3","Louisville",
20377,"1410 Audubon Pkwy","Louisville","KY","40213"
20378,"3130 Bobolink Rd","Louisville","KY","40213"
20379,"1210 Audubon Pkwy","Louisville","KY","40213"
20380,"1216 Falcon Dr","Louisville","KY","40213"
20381,"1234 Valley Dr","Louisville","KY","40213"
20382,"1201 Falcon Dr","Louisville","KY","40213"
20383,"3209 Eagle Pass","Louisville","KY","40213"
20384,"1214 Valley Dr","Louisville","KY","40213"
20385,"1417 Falcon Dr","Louisville","KY","40213"
20386,"3129 Eagle Pass","Louisville","KY","40213"
20387,"1307 Audubon Pkwy","Louisville","KY","40213"
20388,"1218 Falcon Dr","Louisville","KY","40213"
20389,"3314 Eagle Pass","Louisville","KY","40213"
20390,"928 E Oak St","Louisville","KY","40204"
20391,"940 E Saint Catherine St","Louisville","KY","40204"
20392,"918 E Saint Catherine St","Louisville","KY","40204"
20393,"939 E Oak St","Louisville","KY","40204"
20394,"949 E Oak St","Louisville","KY","40204"
20395,"1051 Mary St","Louisville","KY","40204"
20396,"1128 Swan St","Louisville","KY","40204"
20397,"1003 E Oak St","Louisville","KY","40204"
20398,"415 S 27th St","Unit 417","Louisville",
20399,"8304 Fairmount Rd","Louisville","KY","40291"
20400,"107 Saguaro Dr","Louisville","KY","40229"
20401,"4837 Arroyo Trl","Louisville","KY","40229"
20402,"11311 Skyline Dr","Louisville","KY","40229"
20403,"4700 Arroyo Trl","Louisville","KY","40229"
20404,"11306 Nez Perce Way","Louisville","KY","40229"
20405,"11312 Nez Perce Way","Louisville","KY","40229"
20406,"11305 Nez Perce Way","Louisville","KY","40229"
20407,"11478 Tumbleweed Rd","Louisville","KY","40229"
20408,"482 N Skyline Dr","Louisville","KY","40229"
20409,"490 N Skyline Dr","Louisville","KY","40229"
20410,"4700 Crofton Rd","Louisville","KY","40207"
20411,"75 Westwind Rd","Louisville","KY","40207"
20412,"66 Westwind Rd","Louisville","KY","40207"
20413,"79 Westwind Rd","Louisville","KY","40207"
20414,"10625 Park Ave","Louisville","KY","40299"
20415,"10616 Park Ave","Louisville","KY","40299"
20416,"3502 College Dr","Unit 301","Louisville",
20417,"2120 Payne Hall 208 St","Unit Cedar","Louisville",
20418,"2120 Payne Living-100 St","Unit Ind","Louisville",
20419,"9104 Linn Station Rd","Louisville","KY","40222"
20420,"6904 Charmon Ave","Louisville","KY","40219"
20421,"615 Burnett Farm Ln","Louisville","KY","40243"
20422,"73 Persimmon Ridge Dr","Louisville","KY","40245"
20423,"2120 Payne Hall 200 St","Unit Cedar","Louisville",
20424,"2120 Payne Hall 210 St","Unit Cedar","Louisville",
20425,"2120 Payne Hall 207 St","Unit Cedar","Louisville",
20426,"18 Sterling Rd","Louisville","KY","40220"
20427,"7 Hallsdale Dr","Louisville","KY","40220"
20428,"3329 Wellingmoor Ave","Louisville","KY","40218"
20429,"3200 Lexington Rd","Louisville","KY","40206"
20430,"3105 Bon Air Ave","Louisville","KY","40205"
20431,"2716 Shannon Dr","Louisville","KY","40220"
20432,"3222 Bon Air Ave","Louisville","KY","40220"
20433,"3209 Bon Air Ave","Louisville","KY","40220"
20434,"3213 Wellingmoor Ave","Louisville","KY","40218"
20435,"2614 Alanmede Rd","Louisville","KY","40205"
20436,"2622 Gardiner Ln","Louisville","KY","40205"
20437,"3110 Bon Air Ave","Louisville","KY","40205"
20438,"2703 Sheila Dr","Louisville","KY","40220"
20439,"3205 Bon Air Ave","Louisville","KY","40220"
20440,"2708 Sharon Way","Louisville","KY","40220"
20441,"2704 Sharon Way","Louisville","KY","40220"
20442,"3516 Brockton Ln","Louisville","KY","40220"
20443,"3512 Brockton Ln","Louisville","KY","40220"
20444,"3409 Shanks Ln","# 1","Louisville",
20445,"1420 S 1st St","Louisville","KY","40208"
20446,"7106 Train Station Way","Louisville","KY","40272"
20447,"7108 Train Station Way","Louisville","KY","40272"
20448,"5505 Sprigwood Ln","Louisville","KY","40291"
20449,"9805 Dea Dea Ct","Louisville","KY","40291"
20450,"6801 Cross Country Ct","Louisville","KY","40291"
20451,"6811 Cross Country Ct","Louisville","KY","40291"
20452,"6809 Cross Country Ct","Louisville","KY","40291"
20453,"8810 Running Fox Cir","Louisville","KY","40291"
20454,"8700 Jumper Pl","Louisville","KY","40291"
20455,"6801 Jumper Ct","Louisville","KY","40291"
20456,"8703 Jumper Pl","Louisville","KY","40291"
20457,"8709 Fernview Dr","Louisville","KY","40291"
20458,"8737 Running Fox Cir","Louisville","KY","40291"
20459,"8733 Running Fox Cir","Louisville","KY","40291"
20460,"8807 Mount Eastes Ln","Louisville","KY","40291"
20461,"6501 Bilsim Ln","Louisville","KY","40291"
20462,"6507 Bilsim Ln","Louisville","KY","40291"
20463,"9031 Fern Creek Rd","Louisville","KY","40291"
20464,"8909 Bilsim Ct","Louisville","KY","40291"
20465,"6512 Bilsim Ln","Louisville","KY","40291"
20466,"8806 Mount Eastes Ln","Louisville","KY","40291"
20467,"8823 Running Fox Cir","Louisville","KY","40291"
20468,"6606 Bilsim Ln","Louisville","KY","40291"
20469,"6608 Bilsim Ln","Louisville","KY","40291"
20470,"9052 Sidney Way","Louisville","KY","40291"
20471,"8508 Field Trails Ct","Louisville","KY","40291"
20472,"6712 Fox Hound Rd","Louisville","KY","40291"
20473,"8632 Running Fox Cir","Louisville","KY","40291"
20474,"8638 Running Fox Cir","Louisville","KY","40291"
20475,"6703 Ashmead Dr","Louisville","KY","40291"
20476,"8704 Mount Eastes Ln","Louisville","KY","40291"
20477,"8812 Running Fox Cir","Louisville","KY","40291"
20478,"8607 Running Fox Cir","Louisville","KY","40291"
20479,"8604 Running Fox Cir","Louisville","KY","40291"
20480,"4107 Breckenridge Ln","Louisville","KY","40218"
20481,"4102 Breckenridge Ln","Louisville","KY","40218"
20482,"300 Welburn Dr","Louisville","KY","40218"
20483,"202 Welburn Dr","Louisville","KY","40218"
20484,"306 Welburn Dr","Louisville","KY","40218"
20485,"4107 Pleasant Glen Dr","Louisville","KY","40299"
20486,"4114 Pleasant Glen Dr","Louisville","KY","40299"
20487,"13702 Windy Haven Way","Louisville","KY","40299"
20488,"4514 High Top Ct","Louisville","KY","40299"
20489,"4402 Stone Lakes Dr","Louisville","KY","40299"
20490,"3902 Hopewell Rd","Louisville","KY","40299"
20491,"3940 Hopewell Rd","Louisville","KY","40299"
20492,"4505 Stone Lakes Dr","Louisville","KY","40299"
20493,"6211 Beulah Church Rd","Louisville","KY","40228"
20494,"9124 Kenlock Dr","Louisville","KY","40242"
20495,"4814 Warbler Way","Louisville","KY","40213"
20496,"4913 Warbler Way","Louisville","KY","40213"
20497,"5910 Full Ct","Louisville","KY","40216"
20498,"8015 Dawson Hill Rd","Louisville","KY","40299"
20499,"8500 Dawson Hill Rd","Louisville","KY","40299"
20500,"8300 Dawson Hill Rd","Louisville","KY","40299"
20501,"8021 Dawson Hill Rd","Louisville","KY","40299"
20502,"8025 Dawson Hill Rd","Louisville","KY","40299"
20503,"4606 Springfield Ct","Louisville","KY","40229"
20504,"12540 Spring Falls Ct","Louisville","KY","40229"
20505,"12542 Spring Falls Ct","Louisville","KY","40229"
20506,"12396 Spring Leaf Ct","Louisville","KY","40229"
20507,"12380 Spring Leaf Ct","Louisville","KY","40229"
20508,"12376 Spring Leaf Ct","Louisville","KY","40229"
20509,"12366 Spring Leaf Ct","Louisville","KY","40229"
20510,"724 Coke St","Unit 1","Louisville",
20511,"7608 Beech Spring Ct","Louisville","KY","40241"
20512,"7521 Lanfair Dr","Louisville","KY","40241"
20513,"3226 Trail Ridge Rd","Louisville","KY","40241"
20514,"2021 Boulevard","Napoleon Unit 2021","Louisville",
20515,"3314 La Follette Dr","Louisville","KY","40299"
20516,"729 S 39th St","Louisville","KY","40211"
20517,"2616-2626 Lindsay Ave","Louisville","KY","40206"
20518,"1308 S 6th St","Louisville","KY","40208"
20519,"16814 Aiken Ridge Cir","Louisville","KY","40245"
20520,"5 Lincoln Run Rd","Louisville","KY","40245"
20521,"10907 Lanette Ct","Louisville","KY","40229"
20522,"10909 Lanette Ct","Louisville","KY","40229"
20523,"10909 Altsheler Pl","Louisville","KY","40229"
20524,"10902 Altsheler Pl","Louisville","KY","40229"
20525,"10900 Altsheler Pl","Louisville","KY","40229"
20526,"5705 Mount Washington Rd","Louisville","KY","40229"
20527,"10807 Onandaga Ct","Louisville","KY","40229"
20528,"10815 Waycross Ave","Louisville","KY","40229"
20529,"5610 Mount Washington Rd","Louisville","KY","40229"
20530,"1908 Lowell Ave","Louisville","KY","40205"
20531,"1916 Lowell Ave","Louisville","KY","40205"
20532,"1920 Lowell Ave","Louisville","KY","40205"
20533,"1852 Woodfill Way","Louisville","KY","40205"
20534,"1879 Woodfill Way","Louisville","KY","40205"
20535,"1851 Woodfill Way","Louisville","KY","40205"
20536,"2000 Lowell Ave","Louisville","KY","40205"
20537,"2026 Emerson Ave","Louisville","KY","40205"
20538,"2021 Winston Ave","Louisville","KY","40205"
20539,"2023 Winston Ave","Louisville","KY","40205"
20540,"2019 Winston Ave","Louisville","KY","40205"
20541,"2030 Emerson Ave","Louisville","KY","40205"
20542,"2100 Emerson Ave","Louisville","KY","40205"
20543,"1850 Trough Spring Ln","Louisville","KY","40205"
20544,"1900 Lowell Ave","Louisville","KY","40205"
20545,"1902 Lowell Ave","Louisville","KY","40205"
20546,"2103 Strathmoor Blvd","Louisville","KY","40205"
20547,"9105 Hurstwood Ct","Louisville","KY","40222"
20548,"1203 Hogarth Dr","Louisville","KY","40222"
20549,"9008 Linn Station Rd","Louisville","KY","40222"
20550,"9012 Linn Station Rd","Louisville","KY","40222"
20551,"9007 Linn Station Rd","Louisville","KY","40222"
20552,"812 Rugby Pl","Louisville","KY","40222"
20553,"9207 Whitegate Ct","Louisville","KY","40222"
20554,"9110 Linn Station Rd","Louisville","KY","40222"
20555,"9209 Whitegate Ct","Louisville","KY","40222"
20556,"820 Rugby Pl","Louisville","KY","40222"
20557,"8907 Ayrshire Ave","Louisville","KY","40222"
20558,"8907 Lippincott Rd","Louisville","KY","40222"
20559,"1101 Colonel Anderson Pkwy","Louisville","KY","40222"
20560,"8901 Linn Station Rd","Louisville","KY","40222"
20561,"1411 Hadleigh Pl","Louisville","KY","40222"
20562,"8910 Lippincott Rd","Louisville","KY","40222"
20563,"1114 Colonel Anderson Pkwy","Louisville","KY","40222"
20564,"8918 Lippincott Rd","Louisville","KY","40222"
20565,"1244 Hogarth Dr","Louisville","KY","40222"
20566,"1238 Hogarth Dr","Louisville","KY","40222"
20567,"1226 Hogarth Dr","Louisville","KY","40222"
20568,"1228 Hogarth Dr","Louisville","KY","40222"
20569,"1248 Hogarth Dr","Louisville","KY","40222"
20570,"404 N Hite Ave","Unit A6","Louisville",
20571,"7400 Nottoway Cir","Louisville","KY","40214"
20572,"4016 Sweeney Ln","Louisville","KY","40299"
20573,"4000 Sweeney Ln","Louisville","KY","40299"
20574,"9616 Camille Dr","Louisville","KY","40299"
20575,"9717 Sue Helen Dr","Louisville","KY","40299"
20576,"3312 La Follette Dr","Louisville","KY","40299"
20577,"3414 La Follette Dr","Louisville","KY","40299"
20578,"9208 Wakulla Ct","Louisville","KY","40299"
20579,"3504 Ethelwood Dr","Louisville","KY","40299"
20580,"9314 Sue Helen Dr","Louisville","KY","40299"
20581,"9412 Sue Helen Dr","Louisville","KY","40299"
20582,"3504 Calais Dr","Louisville","KY","40299"
20583,"9705 Sue Helen Dr","Louisville","KY","40299"
20584,"3417 La Follette Dr","Louisville","KY","40299"
20585,"3400 Ethelwood Dr","Louisville","KY","40299"
20586,"2202 Wynnewood Cir","Louisville","KY","40222"
20587,"48 Harwood Rd","Louisville","KY","40222"
20588,"10 Glenwood Rd","Louisville","KY","40222"
20589,"6320 Limewood Cir","Louisville","KY","40222"
20590,"4218 Machupe Dr","Louisville","KY","40241"
20591,"8301 Running Spring Dr","Louisville","KY","40241"
20592,"8307 Running Spring Dr","Louisville","KY","40241"
20593,"8005 Barbour Manor Dr","Louisville","KY","40241"
20594,"4103 Machupe Dr","Louisville","KY","40241"
20595,"4203 Telovi Ct","Louisville","KY","40241"
20596,"8002 Barbour Manor Dr","Louisville","KY","40241"
20597,"8013 Barbour Manor Dr","Louisville","KY","40241"
20598,"4001 Machupe Dr","Louisville","KY","40241"
20599,"4106 Ciremos Ter","Louisville","KY","40241"
20600,"5602 Walnut Way","Louisville","KY","40229"
20601,"5603 Locust Way","Louisville","KY","40229"
20602,"10223 Closterwood Dr","Louisville","KY","40229"
20603,"5505 La Fleur Way","Louisville","KY","40229"
20604,"10514 Charleswood Rd","Louisville","KY","40229"
20605,"10513 Parkerwood Pl","Louisville","KY","40229"
20606,"5613 Walnut Way","Louisville","KY","40229"
20607,"5611 Walnut Way","Louisville","KY","40229"
20608,"5613 Mount Washington Rd","Louisville","KY","40229"
20609,"3801 Hillcreek Rd","Louisville","KY","40220"
20610,"3821 Sunrise Way","Louisville","KY","40220"
20611,"1102 Cristland Rd","Louisville","KY","40214"
20612,"1042 Franelm Rd","Louisville","KY","40214"
20613,"1050 Clayborne Rd","Louisville","KY","40214"
20614,"1044 Franelm Rd","Louisville","KY","40214"
20615,"1047 Cristland Rd","Louisville","KY","40214"
20616,"1047 Franelm Rd","Louisville","KY","40214"
20617,"1053 Franelm Rd","Louisville","KY","40214"
20618,"1108 Clayborne Rd","Louisville","KY","40214"
20619,"1110 Clayborne Rd","Louisville","KY","40214"
20620,"1015 Clayborne Rd","Louisville","KY","40214"
20621,"1041 Runell Rd","Louisville","KY","40214"
20622,"1039 Franelm Rd","Louisville","KY","40214"
20623,"1033 Franelm Rd","Louisville","KY","40214"
20624,"1043 Franelm Rd","Louisville","KY","40214"
20625,"1044 Clayborne Rd","Louisville","KY","40214"
20626,"1050 Runell Rd","Louisville","KY","40214"
20627,"1036 Clayborne Rd","Louisville","KY","40214"
20628,"1042 Clayborne Rd","Louisville","KY","40214"
20629,"1026 Clayborne Rd","Louisville","KY","40214"
20630,"3715 Altawood Ct","Louisville","KY","40245"
20631,"13621 Forest Bend Cir","Louisville","KY","40245"
20632,"3901 Altawood Ct","Louisville","KY","40245"
20633,"13721 Reamers Rd","Louisville","KY","40245"
20634,"13809 Forest Bend Cir","Louisville","KY","40245"
20635,"13813 Forest Bend Cir","Louisville","KY","40245"
20636,"4109 Steeple Way","Louisville","KY","40245"
20637,"4210 Bridlepath Pl","Louisville","KY","40245"
20638,"11627 Reality Trl","Louisville","KY","40229"
20639,"2518 Ralph Ave","Louisville","KY","40216"
20640,"3324 Fernheather Dr","Louisville","KY","40216"
20641,"Jacks Lndg","Lot 3","Louisville",
20642,"15967 Cumberland Cir","Louisville","KY","40245"
20643,"6501 Hackel Dr","Louisville","KY","40258"
20644,"1804 Darby Ct","Louisville","KY","40220"
20645,"8320 Regency Woods Way","Louisville","KY","40220"
20646,"1413 Hawkshead Ln","Louisville","KY","40220"
20647,"8301 Limehouse Ln","Louisville","KY","40220"
20648,"1407 Hawkshead Ln","Louisville","KY","40220"
20649,"1412 Hawkshead Ln","Louisville","KY","40220"
20650,"1508 Hawkshead Ln","Louisville","KY","40220"
20651,"8408 Saint George Ln","Louisville","KY","40220"
20652,"8406 Saint George Ln","Louisville","KY","40220"
20653,"5509 Lois Ave","Louisville","KY","40219"
20654,"8321 Twisted Pine Rd","Louisville","KY","40219"
20655,"8318 Saint Armands Ct","Louisville","KY","40219"
20656,"309 Wendover Ave","Louisville","KY","40207"
20657,"691 Madelon Ct","Louisville","KY","40211"
20658,"12611 Bernay Pl","Unit A","Louisville",
20659,"7824 Copper Drift Way","Louisville","KY","40291"
20660,"10097 Vista Hills Blvd","Louisville","KY","40291"
20661,"8800 Malvern Hill Rd","Louisville","KY","40242"
20662,"3009 Bowman Ave","Apt 1","Louisville",
20663,"9101 Spokane Way","Louisville","KY","40241"
20664,"11717 Old Mitchell Hill Rd","Louisville","KY","40118"
20665,"2330 W Chestnut St","Louisville","KY","40211"
20666,"3700 Chateau Ln","Louisville","KY","40219"
20667,"8807 Fairmount Cove Pl","Louisville","KY","40291"
20668,"48 Thomas Farm Dr","Louisville","KY","40299"
20669,"1006 Burning Springs Cir","Unit 2E","Louisville",
20670,"11722 Sandpiper Brook Ln","Louisville","KY","40229"
20671,"3500 College Dr","Unit 101","Louisville",
20672,"3712 Locust Ave","Louisville","KY","40299"
20673,"3502 College Dr","Unit 104","Louisville",
20674,"1019 St Paul Ct","Unit 4","Louisville",
20675,"1014 St Paul Ct","Unit 2","Louisville",
20676,"1009 St Paul Ct","Unit 1","Louisville",
20677,"322 Kenwood Hill Rd","Louisville","KY","40214"
20678,"Brookley Pl","Lot 28","Louisville",
20679,"1824 Griffiths Ave","Unit 1825","Louisville",
20680,"7614 Cedar Hollow Dr","Louisville","KY","40291"
20681,"633 E Main St","Unit 1014630P","Louisville",
20682,"404 N Hite Ave","Unit B11","Louisville",
20683,"8508 Lysander Dr","Louisville","KY","40214"
20684,"11919 Garr Ave","Louisville","KY","40223"
20685,"3125 3127 3201 Hartlage Ct","Louisville","KY","40216"
20686,"3000 Fordhaven Rd","Louisville","KY","40214"
20687,"5000 Thurman Rd","Louisville","KY","40299"
20688,"14915 Forest Oaks Dr","Louisville","KY","40245"
20689,"408 W Kensington Ct","Unit 11","Louisville",
20690,"948 Goss Ave","Louisville","KY","40217"
20691,"8112 Cedar Meadows Ln","Louisville","KY","40229"
20692,"8513 Quail Creek Ct","Louisville","KY","40229"
20693,"8109 Cedar Meadows Ln","Louisville","KY","40229"
20694,"4528 Janice Way","Louisville","KY","40216"
20695,"1708 Colony Ct","Louisville","KY","40216"
20696,"1710 Colony Ct","Louisville","KY","40216"
20697,"1714 San Jose Ave","Louisville","KY","40216"
20698,"1704 Cardinal Ct","Louisville","KY","40216"
20699,"1704 Golden Leaf Way","Louisville","KY","40245"
20700,"11605 Brentlinger Ln","Louisville","KY","40291"
20701,"3920 Altawood Ct","Louisville","KY","40245"
20702,"2819 Greenwood Ave","Unit 2","Louisville",
20703,"3221 Stratford Ave","Louisville","KY","40218"
20704,"8812 Beulah Church Rd","Louisville","KY","40291"
20705,"7728 Heights Dr","Louisville","KY","40291"
20706,"7703 Barnwood Rd","Louisville","KY","40291"
20707,"7722 Heights Dr","Louisville","KY","40291"
20708,"7724 Heights Dr","Louisville","KY","40291"
20709,"9501 Barn Rd","Louisville","KY","40291"
20710,"9500 Magnolia Ridge Dr","Unit 102","Louisville",
20711,"7705 Barnwood Rd","Louisville","KY","40291"
20712,"8037 Aspen Green Ln","Louisville","KY","40291"
20713,"8707 Beulah Church Rd","Louisville","KY","40291"
20714,"7712 Heights Dr","Louisville","KY","40291"
20715,"7716 Heights Dr","Louisville","KY","40291"
20716,"7718 Heights Dr","Louisville","KY","40291"
20717,"901 Delor Ave","Louisville","KY","40217"
20718,"831 Delor Ave","Louisville","KY","40217"
20719,"895 Eastern Pkwy","Louisville","KY","40217"
20720,"1619 Texas Ave","Louisville","KY","40217"
20721,"2207 Alta Ave","Louisville","KY","40205"
20722,"1838 Bardstown Rd","Unit 201","Louisville",
20723,"Jacks Hidden Cv","Lot 5","Louisville",
20724,"10024 Windcrest Farms Ln","Unit 13B","Louisville",
20725,"4113 Summer Time Pkwy","Louisville","KY","40272"
20726,"1816 W Jefferson St","Unit 2","Louisville",
20727,"Brookley Pl","Lot 16","Louisville",
20728,"11110 Pheasant Hill Ct","Louisville","KY","40229"
20729,"6305 Hines Mill Way","Louisville","KY","40291"
20730,"2114 Old Shepherdsville Rd","Louisville","KY","40218"
20731,"4427 Lochridge Pkwy","Louisville","KY","40299"
20732,"1528 Bicknell Ave","Louisville","KY","40215"
20733,"10316 Grafton Hall Rd","Louisville","KY","40272"
20734,"6607 Bedford Ln","Louisville","KY","40222"
20735,"6608 Bedford Ln","Louisville","KY","40222"
20736,"6431 Regency Ln","Louisville","KY","40207"
20737,"1508 Carlimar Ln","Louisville","KY","40222"
20738,"6813 Taxham Ct","Louisville","KY","40207"
20739,"6811 Taxham Ct","Louisville","KY","40207"
20740,"2113 Speed Ave","Unit 2113-6","Louisville",
20741,"2317 Serenity Rdg Way","Louisville","KY","40023"
20742,"5303 Chenoweth Run Rd","Louisville","KY","40299"
20743,"14717 Forest Creek Way","Louisville","KY","40245"
20744,"3806 Freedom Way","Louisville","KY","40229"
20745,"3705 Carpenter Dr","Louisville","KY","40229"
20746,"9202 Walter Ave","Louisville","KY","40229"
20747,"3802 Grissom Way","Louisville","KY","40229"
20748,"4111 Bubbling Over Dr","Louisville","KY","40216"
20749,"2601 Le Blanc Ct","Louisville","KY","40206"
20750,"6510 Hackel Dr","Louisville","KY","40258"
20751,"11310 Breeze Cir","Unit 11310-107","Louisville",
20752,"1407-1409 E Washington St","Louisville","KY","40206"
20753,"10118 Cedar Valley Ct","Louisville","KY","40291"
20754,"5405 Southview Dr","Louisville","KY","40214"
20755,"17906 Shakes Creek Dr","Louisville","KY","40023"
20756,"16905 Aiken Ridge Cir","Louisville","KY","40245"
20757,"2100 Baringer Ave","Unit 24","Louisville",
20758,"1008 Round Table Ct","Louisville","KY","40222"
20759,"7608 Lancelot Ct","Louisville","KY","40222"
20760,"7606 Lancelot Ct","Louisville","KY","40222"
20761,"1107 Abbeywood Rd","Louisville","KY","40222"
20762,"1108 Abbeywood Rd","Louisville","KY","40222"
20763,"5204 Roman Of 1 Dr","Unit Duplicate","Louisville",
20764,"17814 Bridle Run Rd","Louisville","KY","40245"
20765,"8807 Fairmount Cv Pl","Louisville","KY","40291"
20766,"2703 Maxey Ln","Louisville","KY","40245"
20767,"12415 Old Lagrange Rd","Louisville","KY","40245"
20768,"4103 Fern Valley Rd","Louisville","KY","40219"
20769,"4100 Dellafay Dr","Louisville","KY","40219"
20770,"4012 Dellafay Dr","Louisville","KY","40219"
20771,"4010 Dellafay Dr","Louisville","KY","40219"
20772,"4013 Dellafay Dr","Louisville","KY","40219"
20773,"4012 Glen Valley Rd","Louisville","KY","40219"
20774,"6111 Jeanine Dr","Louisville","KY","40219"
20775,"4005 Dellafay Dr","Louisville","KY","40219"
20776,"6823 Stardust Dr","Louisville","KY","40272"
20777,"1537 W Market St","Unit 2","Louisville",
20778,"1529 W Market St","Unit 2","Louisville",
20779,"500 Valhalla Ct","Louisville","KY","40242"
20780,"17814 Bridle Run Dr","Louisville","KY","40245"
20781,"12508 Button Willow Ln","Louisville","KY","40299"
20782,"1228 S Brook St","Louisville","KY","40203"
20783,"14837 Ava Brook Cir","Louisville","KY","40245"
20784,"7400 Six Mile Ln","Louisville","KY","40220"
20785,"9016 Split Willow Dr","Unit 23","Louisville",
20786,"6807 W Pages Ln","Unit 101","Louisville",
20787,"3616 Ringing Bell Ln","Louisville","KY","40245"
20788,"1015 St Paul Ct","Unit 2","Louisville",
20789,"935 Franklin St","Apt 107","Louisville",
20790,"902 S 6th St","Apt 1","Louisville",
20791,"8208 Roseborough Rd","Louisville","KY","40228"
20792,"7204 Jacks Lndg","Louisville","KY","40291"
20793,"100 Willow Stone Way","Louisville","KY","40223"
20794,"18107 Catalpa Hills Way","Louisville","KY","40023"
20795,"18110 Catalpa Hills Way","Louisville","KY","40023"
20796,"153 N Bellaire Ave","Unit 1","Louisville",
20797,"16817 Aiken Ridge Cir","Louisville","KY","40245"
20798,"920 Ash St","Unit 2","Louisville",
20799,"8515 Broecker Blvd","Louisville","KY","40241"
20800,"7920 Albrecht Cir","Louisville","KY","40241"
20801,"7812 Albrecht Cir","Louisville","KY","40241"
20802,"606 Iroquois Ave","Louisville","KY","40214"
20803,"9910 Fireside Dr","Louisville","KY","40272"
20804,"123 N Keats Ave Unit B","Louisville","KY","40206"
20805,"2433 Slevin St","Louisville","KY","40212"
20806,"8509 Lysander Dr","Louisville","KY","40214"
20807,"7507 Fair Ln","Louisville","KY","40291"
20808,"6516 Fair Ridge Ln","Louisville","KY","40291"
20809,"665 S 39th St","Unit 1/2","Louisville",
20810,"9713 Forestwood Dr","Louisville","KY","40299"
20811,"3912 Tally Ho Ct","Louisville","KY","40299"
20812,"4008 Mulberry Row Way","Louisville","KY","40299"
20813,"9805 Chambers Cir","Louisville","KY","40299"
20814,"9803 Chambers Cir","Louisville","KY","40299"
20815,"3804 Saint Edwards Dr","Louisville","KY","40299"
20816,"3802 Saint Edwards Dr","Louisville","KY","40299"
20817,"9603 Watterson Trl","Louisville","KY","40299"
20818,"9605 Watterson Trl","Louisville","KY","40299"
20819,"10108 Watterson Trl","Louisville","KY","40299"
20820,"10107 Caldwell Dr","Louisville","KY","40299"
20821,"10103 Caldwell Dr","Louisville","KY","40299"
20822,"10106 Caldwell Dr","Louisville","KY","40299"
20823,"9804 Watterson Trl","Louisville","KY","40299"
20824,"4000 Chambers Way","Louisville","KY","40299"
20825,"3911 Tally Ho Ct","Louisville","KY","40299"
20826,"4211 Chambers Way","Louisville","KY","40299"
20827,"4023 Tally Ho Ct","Louisville","KY","40299"
20828,"9904 Watterson Trl","Louisville","KY","40299"
20829,"9906 Watterson Trl","Louisville","KY","40299"
20830,"9712 Locust Ln","Louisville","KY","40299"
20831,"9908 Watterson Trl","Louisville","KY","40299"
20832,"9903 Watterson Trl","Louisville","KY","40299"
20833,"9720 Walnutwood Way","Louisville","KY","40299"
20834,"3700 Timber Hollow Dr","Louisville","KY","40219"
20835,"8601 Timber Hollow Ct","Louisville","KY","40219"
20836,"3409 Bonaventure Blvd","Louisville","KY","40219"
20837,"3411 Bonaventure Blvd","Louisville","KY","40219"
20838,"8904 Maplecreek Dr","Louisville","KY","40219"
20839,"8902 Willowcreek Dr","Louisville","KY","40219"
20840,"8902 Maplecreek Dr","Louisville","KY","40219"
20841,"2720 New High St","Louisville","KY","40209"
20842,"378 Boxley Ave","Louisville","KY","40209"
20843,"186 Wiseland Way","Louisville","KY","40229"
20844,"567 Shady Brook Ln","Louisville","KY","40229"
20845,"308 Sanna Dr","Louisville","KY","40229"
20846,"141 Wiseland Way","Louisville","KY","40229"
20847,"10116 Donau Ln","Louisville","KY","40272"
20848,"10105 Donau Ln","Louisville","KY","40272"
20849,"10101 Donau Ln","Louisville","KY","40272"
20850,"10106 Plaudit Way","Louisville","KY","40272"
20851,"9934 Plaudit Way","Louisville","KY","40272"
20852,"9931 Plaudit Way","Louisville","KY","40272"
20853,"9925 Plaudit Way","Louisville","KY","40272"
20854,"9919 Plaudit Way","Louisville","KY","40272"
20855,"9915 Plaudit Way","Louisville","KY","40272"
20856,"9910 Plaudit Way","Louisville","KY","40272"
20857,"10013 Donau Ln","Louisville","KY","40272"
20858,"10015 Donau Ln","Louisville","KY","40272"
20859,"10023 Donau Ln","Louisville","KY","40272"
20860,"10301 Casalanda Dr","Louisville","KY","40272"
20861,"9920 Omar Khayyam Blvd","Louisville","KY","40272"
20862,"6016 Alanadale Dr","Louisville","KY","40272"
20863,"9935 Omar Khayyam Blvd","Louisville","KY","40272"
20864,"10001 Omar Khayyam Blvd","Louisville","KY","40272"
20865,"6006 Reigh Count Dr","Louisville","KY","40272"
20866,"410 Mac Brae Rd","Louisville","KY","40214"
20867,"406 Kilmory Ave","Louisville","KY","40214"
20868,"407 Mac Brae Rd","Louisville","KY","40214"
20869,"10218 Eve Dr","Louisville","KY","40272"
20870,"4308 Mada Way","Louisville","KY","40272"
20871,"4816 Greenvale Cir","Louisville","KY","40272"
20872,"10501 Wake Ct","Louisville","KY","40272"
20873,"210 W Kenwood Dr","Louisville","KY","40214"
20874,"6209 Derrick Dr","Louisville","KY","40216"
20875,"6209 Mount Everest Dr","Louisville","KY","40216"
20876,"6210 Mount Everest Dr","Louisville","KY","40216"
20877,"6214 Mount Everest Dr","Louisville","KY","40216"
20878,"6206 Mount Everest Dr","Louisville","KY","40216"
20879,"5406 Matterhorn Dr","Louisville","KY","40216"
20880,"6212 Krause Ave","Louisville","KY","40216"
20881,"5808 Arvis Dr","Louisville","KY","40258"
20882,"5410 Hess Dr","Louisville","KY","40258"
20883,"2016 Lower Hunters Trce","Louisville","KY","40216"
20884,"6400 Triplett Dr","Louisville","KY","40258"
20885,"2605 Flat Rock Rd","Louisville","KY","40245"
20886,"2812 Ash Ave","Louisville","KY","40245"
20887,"6816 Oak Rock Dr","Louisville","KY","40291"
20888,"7010 Miehaus Way","Louisville","KY","40272"
20889,"5708 Prince William St","Louisville","KY","40207"
20890,"3604 Hillsboro Rd","Louisville","KY","40207"
20891,"3533 Plymouth Rd","Louisville","KY","40207"
20892,"3607 Plymouth Rd","Louisville","KY","40207"
20893,"3609 Plymouth Rd","Louisville","KY","40207"
20894,"700 Macon Ave","Louisville","KY","40207"
20895,"705 Macon Ave","Louisville","KY","40207"
20896,"3703 Plymouth Rd","Louisville","KY","40207"
20897,"3504 Hillsboro Ct","Louisville","KY","40207"
20898,"5713 Prince William St","Louisville","KY","40207"
20899,"5701 Prince William St","Louisville","KY","40207"
20900,"1119 Ridge Line Dr","Louisville","KY","40207"
20901,"2826 S 3rd St","Apt 1","Louisville",
20902,"16909 Aiken Ridge Cir","Louisville","KY","40245"
20903,"2906 Brinkey Way","Louisville","KY","40218"
20904,"633 E Main St","Unit 1031627P","Louisville",
20905,"8916 Stone Green Way","Louisville","KY","40220"
20906,"212 Bigwood Way","Louisville","KY","40229"
20907,"230 Bigwood Way","Louisville","KY","40229"
20908,"176 Fawn Ct","Louisville","KY","40229"
20909,"135 Cadenza Ct","Louisville","KY","40229"
20910,"188 Earlywood Way","Louisville","KY","40229"
20911,"3802 Hillview Blvd","Louisville","KY","40229"
20912,"406 Majestic Blvd","Louisville","KY","40229"
20913,"3607 Saint Edwards Dr","Louisville","KY","40299"
20914,"6104 Oakdale Ln","Louisville","KY","40219"
20915,"6829 Stone Valley Dr","Louisville","KY","40272"
20916,"6903 Stone Valley Dr","Louisville","KY","40272"
20917,"6901 Stone Valley Dr","Louisville","KY","40272"
20918,"15415 Dixie Hwy","Louisville","KY","40272"
20919,"10503 Grafton Hall Rd","Louisville","KY","40272"
20920,"6906 Betsy Ross Dr","Louisville","KY","40272"
20921,"9413 Holiday Dr","Louisville","KY","40272"
20922,"9009 W Manslick Rd","Louisville","KY","40272"
20923,"9001 W Manslick Rd","Louisville","KY","40272"
20924,"1608 Greyling Dr","Louisville","KY","40272"
20925,"1616 Greyling Dr","Louisville","KY","40272"
20926,"1623 Star Rest Dr","Louisville","KY","40272"
20927,"1609 Star Rest Dr","Louisville","KY","40272"
20928,"1616 Star Rest Dr","Louisville","KY","40272"
20929,"1610 Star Rest Dr","Louisville","KY","40272"
20930,"1606 Star Rest Dr","Louisville","KY","40272"
20931,"9008 W Manslick Rd","Louisville","KY","40272"
20932,"9301 Whitley Rd","Louisville","KY","40272"
20933,"1706 Star Rest Dr","Louisville","KY","40272"
20934,"9400 Acres Ln","Louisville","KY","40272"
20935,"1709 Star Rest Dr","Louisville","KY","40272"
20936,"1624 Greyling Dr","Louisville","KY","40272"
20937,"1507 Grovewood Ln","Louisville","KY","40272"
20938,"1505 Grovewood Ln","Louisville","KY","40272"
20939,"1501 Grovewood Ln","Louisville","KY","40272"
20940,"1413 Grovewood Ln","Louisville","KY","40272"
20941,"1407 Grovewood Ln","Louisville","KY","40272"
20942,"1403 Grovewood Ln","Louisville","KY","40272"
20943,"1401 Grovewood Ln","Louisville","KY","40272"
20944,"1315 Grovewood Ln","Louisville","KY","40272"
20945,"1313 Grovewood Ln","Louisville","KY","40272"
20946,"1307 Grovewood Ln","Louisville","KY","40272"
20947,"1919 Ivy Ridge Ln","Louisville","KY","40272"
20948,"1918 Ivy Ridge Ln","Louisville","KY","40272"
20949,"1916 Ivy Ridge Ln","Louisville","KY","40272"
20950,"1910 Ivy Ridge Ln","Louisville","KY","40272"
20951,"1912 Ivy Ridge Ln","Louisville","KY","40272"
20952,"1914 Ivy Ridge Ln","Louisville","KY","40272"
20953,"1908 Ivy Ridge Ln","Louisville","KY","40272"
20954,"1906 Ivy Ridge Ln","Louisville","KY","40272"
20955,"4111 Blevins Gap Rd","Louisville","KY","40272"
20956,"12533 Saw Mill Rd","Louisville","KY","40272"
20957,"6032 Browns Park Cir","Louisville","KY","40272"
20958,"6028 Browns Park Cir","Louisville","KY","40272"
20959,"6013 Browns Park Cir","Louisville","KY","40272"
20960,"6008 Browns Park Cir","Louisville","KY","40272"
20961,"6012 Browns Park Cir","Louisville","KY","40272"
20962,"10200 Plaudit Way","Louisville","KY","40272"
20963,"10309 La Plaza Ave","Louisville","KY","40272"
20964,"10303 La Plaza Ave","Louisville","KY","40272"
20965,"10301 La Plaza Ave","Louisville","KY","40272"
20966,"10300 La Plaza Ave","Louisville","KY","40272"
20967,"10302 La Plaza Ave","Louisville","KY","40272"
20968,"10313 Meadowview Dr","Louisville","KY","40272"
20969,"10402 La Plaza Ave","Louisville","KY","40272"
20970,"10404 La Plaza Ave","Louisville","KY","40272"
20971,"10403 La Plaza Ave","Louisville","KY","40272"
20972,"10313 Villa Dr","Louisville","KY","40272"
20973,"6702 Stone Valley Dr","Louisville","KY","40272"
20974,"6717 Stone Valley Dr","Louisville","KY","40272"
20975,"6708 Stone Valley Dr","Louisville","KY","40272"
20976,"6710 Stone Valley Dr","Louisville","KY","40272"
20977,"6712 Stone Valley Dr","Louisville","KY","40272"
20978,"6706 Stone Valley Dr","Louisville","KY","40272"
20979,"13702 Stoneridge Manor Dr","Louisville","KY","40272"
20980,"13621 Stoneridge Manor Dr","Louisville","KY","40272"
20981,"13701 Stoneridge Manor Dr","Louisville","KY","40272"
20982,"13706 Stoneridge Manor Dr","Louisville","KY","40272"
20983,"6732 Stone Valley Dr","Louisville","KY","40272"
20984,"13712 Stoneridge Manor Dr","Louisville","KY","40272"
20985,"13708 Stoneridge Manor Dr","Louisville","KY","40272"
20986,"13714 Stoneridge Manor Dr","Louisville","KY","40272"
20987,"13716 Stoneridge Manor Dr","Louisville","KY","40272"
20988,"6814 Stone Valley Dr","Louisville","KY","40272"
20989,"6723 Stone Valley Dr","Louisville","KY","40272"
20990,"6722 Stone Valley Dr","Louisville","KY","40272"
20991,"6812 Stone Valley Dr","Louisville","KY","40272"
20992,"6816 Stone Valley Dr","Louisville","KY","40272"
20993,"6820 Stone Valley Dr","Louisville","KY","40272"
20994,"13715 Stoneridge Manor Dr","Louisville","KY","40272"
20995,"6733 Stone Valley Dr","Louisville","KY","40272"
20996,"6738 Stone Valley Dr","Louisville","KY","40272"
20997,"6739 Stone Valley Dr","Louisville","KY","40272"
20998,"6801 Stone Valley Dr","Louisville","KY","40272"
20999,"6800 Stone Valley Dr","Louisville","KY","40272"
21000,"6808 Stone Valley Dr","Louisville","KY","40272"
21001,"13607 Stoneridge Manor Dr","Louisville","KY","40272"
21002,"6821 Stone Valley Dr","Louisville","KY","40272"
21003,"6817 Stone Valley Dr","Louisville","KY","40272"
21004,"6819 Stone Valley Dr","Louisville","KY","40272"
21005,"6823 Stone Valley Dr","Louisville","KY","40272"
21006,"7507 Arnoldtown Rd","Louisville","KY","40214"
21007,"7601 Arnoldtown Rd","Louisville","KY","40214"
21008,"4609 Clayton Ter","Louisville","KY","40214"
21009,"4624 Clayton Ter","Louisville","KY","40214"
21010,"4614 Clayton Ter","Louisville","KY","40214"
21011,"7609 Arnoldtown Rd","Louisville","KY","40214"
21012,"7605 Arnoldtown Rd","Louisville","KY","40214"
21013,"4623 Clayton Ter","Louisville","KY","40214"
21014,"7135 Southside Dr","Louisville","KY","40214"
21015,"7204 Ivan Ct","Louisville","KY","40214"
21016,"7211 Ivan Ct","Louisville","KY","40214"
21017,"7202 Aurora Dr","Louisville","KY","40214"
21018,"219 Old Towne Rd","Louisville","KY","40214"
21019,"7201 Aurora Dr","Louisville","KY","40214"
21020,"7307 Aurora Dr","Louisville","KY","40214"
21021,"418 Village Lake Dr","Louisville","KY","40245"
21022,"533 Village Lake Dr","Louisville","KY","40245"
21023,"14016 Waters Edge Dr","Louisville","KY","40245"
21024,"14014 Waters Edge Dr","Louisville","KY","40245"
21025,"14102 Willow Grove Way","Louisville","KY","40245"
21026,"14007 Beckley Trce","Louisville","KY","40245"
21027,"806 Harvest Grove Ct","Louisville","KY","40245"
21028,"14303 Willow Grove Cir","Louisville","KY","40245"
21029,"314 Beckley Woods Dr","Louisville","KY","40245"
21030,"405 Bromwell Dr","Louisville","KY","40245"
21031,"300 Bromwell Ct","Louisville","KY","40245"
21032,"425 Bromwell Dr","Louisville","KY","40245"
21033,"426 Timberlake Trl","Louisville","KY","40245"
21034,"420 Timberlake Trl","Louisville","KY","40245"
21035,"424 Timberlake Trl","Louisville","KY","40245"
21036,"430 Timberlake Trl","Louisville","KY","40245"
21037,"429 Timberlake Trl","Louisville","KY","40245"
21038,"317 Beckley Woods Dr","Louisville","KY","40245"
21039,"8316 3rd Street Rd","Louisville","KY","40214"
21040,"1913 Herbert Ln","Louisville","KY","40272"
21041,"8313 Arnoldtown Rd","Louisville","KY","40214"
21042,"8415 Arnoldtown Rd","Louisville","KY","40214"
21043,"8417 Arnoldtown Rd","Louisville","KY","40214"
21044,"1925 Herbert Ln","Louisville","KY","40272"
21045,"1924 Herbert Ln","Louisville","KY","40272"
21046,"9105 Split Rail Dr","Louisville","KY","40272"
21047,"2809 Windsor Forest Dr","Louisville","KY","40272"
21048,"9107 Split Rail Dr","Louisville","KY","40272"
21049,"9111 Split Rail Dr","Louisville","KY","40272"
21050,"8408 3rd Street Rd","Louisville","KY","40272"
21051,"8410 3rd Street Rd","Louisville","KY","40272"
21052,"8406 3rd Street Rd","Louisville","KY","40272"
21053,"8406 Arnoldtown Rd","Louisville","KY","40214"
21054,"2724 Windsor Forest Dr","Louisville","KY","40272"
21055,"2800 Windsor Forest Dr","Louisville","KY","40272"
21056,"2705 Windsor Forest Dr","Louisville","KY","40272"
21057,"8310 Arnoldtown Rd","Louisville","KY","40214"
21058,"8604 Windsor View Dr","Louisville","KY","40272"
21059,"2820 Windsor Forest Dr","Louisville","KY","40272"
21060,"2819 Windsor Forest Dr","Louisville","KY","40272"
21061,"2302 Joyner Hill Rd","Louisville","KY","40272"
21062,"2305 Joyner Hill Rd","Louisville","KY","40272"
21063,"2606 Blevins Gap Rd","Louisville","KY","40272"
21064,"2309 Joyner Hill Rd","Louisville","KY","40272"
21065,"2310 Blevins Gap Rd","Louisville","KY","40272"
21066,"2400 Blevins Gap Rd","Louisville","KY","40272"
21067,"5708 Barrett Ln","Louisville","KY","40272"
21068,"6210 Bethany Ln","Louisville","KY","40272"
21069,"6222 Bethany Ln","Louisville","KY","40272"
21070,"6207 Faris Way","Louisville","KY","40272"
21071,"6211 Faris Way","Louisville","KY","40272"
21072,"6224 Bethany Ln","Louisville","KY","40272"
21073,"6215 Bethany Ln","Louisville","KY","40272"
21074,"1908 Floradora Dr","Louisville","KY","40272"
21075,"1910 Floradora Dr","Louisville","KY","40272"
21076,"1925 Taffeta Dr","Louisville","KY","40272"
21077,"9622 Blaze Way","Louisville","KY","40272"
21078,"6225 Bethany Ln","Louisville","KY","40272"
21079,"6221 Bethany Ln","Louisville","KY","40272"
21080,"6232 Bethany Ln","Louisville","KY","40272"
21081,"6311 Bethany Ln","Louisville","KY","40272"
21082,"6309 Bethany Ln","Louisville","KY","40272"
21083,"6305 Bethany Ln","Louisville","KY","40272"
21084,"2008 Marilee Dr","Louisville","KY","40272"
21085,"9613 April Way","Louisville","KY","40272"
21086,"1905 Dixie Garden Dr","Louisville","KY","40272"
21087,"1906 Dixie Garden Dr","Louisville","KY","40272"
21088,"1900 Dixie Garden Dr","Louisville","KY","40272"
21089,"1901 Crimson Dr","Louisville","KY","40272"
21090,"6014 Browns Park Cir","Louisville","KY","40272"
21091,"6004 Browns Park Cir","Louisville","KY","40272"
21092,"6002 Browns Park Cir","Louisville","KY","40272"
21093,"6000 Browns Park Cir","Louisville","KY","40272"
21094,"6047 Browns Park Cir","Louisville","KY","40272"
21095,"6045 Browns Park Cir","Louisville","KY","40272"
21096,"6043 Browns Park Cir","Louisville","KY","40272"
21097,"6016 Browns Park Cir","Louisville","KY","40272"
21098,"6003 Browns Park Cir","Louisville","KY","40272"
21099,"6007 Browns Park Cir","Louisville","KY","40272"
21100,"6005 Browns Park Cir","Louisville","KY","40272"
21101,"6038 Browns Park Cir","Louisville","KY","40272"
21102,"6040 Browns Park Cir","Louisville","KY","40272"
21103,"6046 Browns Park Cir","Louisville","KY","40272"
21104,"6048 Browns Park Cir","Louisville","KY","40272"
21105,"5244 Stephan Dr","Louisville","KY","40258"
21106,"8519 Shirley Ln","Louisville","KY","40258"
21107,"8491 Vicki Ln","Louisville","KY","40258"
21108,"5452 W Pages Ln","Louisville","KY","40258"
21109,"28 College Ct","Louisville","KY","40203"
21110,"16 College Ct","Louisville","KY","40203"
21111,"99 College Ct","Louisville","KY","40203"
21112,"76 College Ct","Louisville","KY","40203"
21113,"1210 Tile Factory Ln","Louisville","KY","40213"
21114,"1307 Tile Factory Ln","Louisville","KY","40213"
21115,"4803 Redstart Rd","Louisville","KY","40213"
21116,"4403 Breitenstein Ave","Louisville","KY","40213"
21117,"4839 Redstart Rd","Louisville","KY","40213"
21118,"4834 Redstart Rd","Louisville","KY","40213"
21119,"4323 Milldaun Rd","Louisville","KY","40213"
21120,"4403 Annshire Ave","Louisville","KY","40213"
21121,"4316 Conaem Dr","Louisville","KY","40213"
21122,"4314 Conaem Dr","Louisville","KY","40213"
21123,"4313 Annshire Ave","Louisville","KY","40213"
21124,"4446 Dyer Ave","Louisville","KY","40213"
21125,"4437 Dyer Ave","Louisville","KY","40213"
21126,"4524 Poplar Level Rd","Louisville","KY","40213"
21127,"1376 Willow Dr","Louisville","KY","40213"
21128,"1388 Willow Dr","Louisville","KY","40213"
21129,"1381 Willow Dr","Louisville","KY","40213"
21130,"1319 Gilmore Ln","Louisville","KY","40213"
21131,"1313 Gilmore Ln","Louisville","KY","40213"
21132,"963 Charles St","Unit A","Louisville",
21133,"816 Melford Ave","Unit 1","Louisville",
21134,"2815 S 6th St","Unit 2","Louisville",
21135,"16819 Aiken Ridge Cir","Louisville","KY","40245"
21136,"11321 Jefferson Trace Blvd","Louisville","KY","40291"
21137,"8820 Thixton Ln","Louisville","KY","40229"
21138,"1529 Christy Ave","Unit 1","Louisville",
21139,"1529 Christy Ave","Unit 2","Louisville",
21140,"9303 Stonestreet Rd","Unit 100B","Louisville",
21141,"1011 St Paul Ct","Unit 1","Louisville",
21142,"409 S 39th St","Unit 2","Louisville",
21143,"4800 1/2 Fury Way","Louisville","KY","40258"
21144,"7617 1/2 Fair Ln","Louisville","KY","40291"
21145,"Brookley Dr","Lot 42","Louisville",
21146,"6706 Concord Hill Rd","Louisville","KY","40228"
21147,"4112 St Francis Ln","Louisville","KY","40218"
21148,"279 Persimmon Ridge Dr","Louisville","KY","40245"
21149,"730 Hazel St","Unit 101","Louisville",
21150,"424 S 22nd St","Unit 2","Louisville",
21151,"724 Brookline Ave","Louisville","KY","40214"
21152,"145 Westwind Rd","Louisville","KY","40207"
21153,"1327 Hepburn Ave","Louisville","KY","40204"
21154,"8309 Fairmount Rd","Louisville","KY","40291"
21155,"6812 Oak Rock Dr","Louisville","KY","40291"
21156,"7403 Broad Run Rd","Louisville","KY","40291"
21157,"Fairmount Cv","Lot 2","Louisville",
21158,"15121 Abington Ridge Pl","Louisville","KY","40245"
21159,"309 Donard Park Ave","Unit 3","Louisville",
21160,"10043 Windcrest Farms Ln","# 27B","Louisville",
21161,"10041 Windcrest Farms Ln","# 27B","Louisville",
21162,"11214 Long Brisk Way","# 80A","Louisville",
21163,"11212 Long Brisk Way","# 80B","Louisville",
21164,"10026 Windcrest Farms Ln","# 13A","Louisville",
21165,"11207 Breezeway St","# 61A","Louisville",
21166,"926 S 47th St","Louisville","KY","40211"
21167,"920 S 47th St","Louisville","KY","40211"
21168,"7415 Judy Ave","Louisville","KY","40214"
21169,"3030 Breckenridge Ln","Unit 516-2","Louisville",
21170,"10024 Windcrest Farms Ln","# 13B","Louisville",
21171,"805 Tin Dor Way","Louisville","KY","40118"
21172,"6520 Fair Ridge Ln","Louisville","KY","40291"
21173,"4015 Woodmont Park Ln","Louisville","KY","40245"
21174,"14619 Cressington Cir","Louisville","KY","40245"
21175,"14606 Cressington Cir","Louisville","KY","40245"
21176,"953 Thruston Dr","Louisville","KY","40217"
21177,"919 Thruston Dr","Louisville","KY","40217"
21178,"2589 Greenup Rd","Louisville","KY","40217"
21179,"2591 Greenup Rd","Louisville","KY","40217"
21180,"2592 E Burnett Ave","Louisville","KY","40217"
21181,"2588 E Burnett Ave","Louisville","KY","40217"
21182,"2585 Greenup Rd","Louisville","KY","40217"
21183,"2803 Pindell Ave","Louisville","KY","40217"
21184,"2578 Greenup Rd","Louisville","KY","40217"
21185,"2701 Pindell Ave","Louisville","KY","40217"
21186,"814 French St","Louisville","KY","40217"
21187,"2717 Colin Ave","Louisville","KY","40217"
21188,"2710 Colin Ave","Louisville","KY","40217"
21189,"2800 Colin Ave","Louisville","KY","40217"
21190,"2808 Colin Ave","Louisville","KY","40217"
21191,"2806 Delor Ave","Louisville","KY","40217"
21192,"2720 Delor Ave","Louisville","KY","40217"
21193,"2715 Delor Ave","Louisville","KY","40217"
21194,"6910 E Manslick Rd","Louisville","KY","40228"
21195,"5505 Lodema Way","Louisville","KY","40219"
21196,"5504 Lodema Way","Louisville","KY","40219"
21197,"1273 S Clay St","Louisville","KY","40203"
21198,"2904 Abigail Dr","Louisville","KY","40205"
21199,"2904 Abigail Dr","Unit 2904ABI4","Louisville",
21200,"310 El Conquistador Pl","Unit 310","Louisville",
21201,"3030 Curran Rd","Louisville","KY","40205"
21202,"3034 Curran Rd","Louisville","KY","40205"
21203,"3019 Bon Air Ave","Louisville","KY","40205"
21204,"3014 Beaumont Rd","Louisville","KY","40205"
21205,"3031 Beaumont Rd","Louisville","KY","40205"
21206,"3016 Curran Rd","Louisville","KY","40205"
21207,"3018 Curran Rd","Louisville","KY","40205"
21208,"3010 Bon Air Ave","Louisville","KY","40205"
21209,"3005 Bon Air Ave","Louisville","KY","40205"
21210,"2502 Clarendon Ave","Louisville","KY","40205"
21211,"2519 Manchester Rd","Louisville","KY","40205"
21212,"2515 Manchester Rd","Louisville","KY","40205"
21213,"2914 Beaumont Rd","Louisville","KY","40205"
21214,"3000 Curran Rd","Louisville","KY","40205"
21215,"2401 Clarendon Ave","Louisville","KY","40205"
21216,"2425 Clarendon Ave","Louisville","KY","40205"
21217,"2506 Hawthorne Ave","Louisville","KY","40205"
21218,"2512 Hawthorne Ave","Louisville","KY","40205"
21219,"2509 Hawthorne Ave","Louisville","KY","40205"
21220,"2615 Alanmede Rd","Louisville","KY","40205"
21221,"2520 Wendell Ave","Louisville","KY","40205"
21222,"2907 Beaumont Rd","Louisville","KY","40205"
21223,"2913 Beaumont Rd","Louisville","KY","40205"
21224,"2911 Bon Air Ave","Louisville","KY","40205"
21225,"2925 Bon Air Ave","Louisville","KY","40205"
21226,"2902 Dartmouth Ave","Louisville","KY","40205"
21227,"2904 Dartmouth Ave","Louisville","KY","40205"
21228,"505 Dorsey Way","Louisville","KY","40223"
21229,"607 Rymer Way","Louisville","KY","40223"
21230,"610 Rymer Way","Louisville","KY","40223"
21231,"8509 Glendale Trce","Louisville","KY","40291"
21232,"6711 Glendale Rd","Louisville","KY","40291"
21233,"6704 Glendale Rd","Louisville","KY","40291"
21234,"8703 Running Fox Cir","Louisville","KY","40291"
21235,"8513 Glendale Trce","Louisville","KY","40291"
21236,"1308 Garden Hill Pl","Louisville","KY","40245"
21237,"14608 Woodlake Trce","Louisville","KY","40245"
21238,"14709 Forest Oaks Dr","Louisville","KY","40245"
21239,"621 Woodlake Dr","Louisville","KY","40245"
21240,"619 Woodlake Dr","Louisville","KY","40245"
21241,"3502 River Park Ave","Louisville","KY","40211"
21242,"3728 Chamberlain Ct","Louisville","KY","40241"
21243,"5311 Southdale Rd","Louisville","KY","40214"
21244,"903 Southview Rd","Louisville","KY","40214"
21245,"5329 Southdale Rd","Louisville","KY","40214"
21246,"5334 Southdale Rd","Louisville","KY","40214"
21247,"5204 Rollingwood Trl","Louisville","KY","40214"
21248,"10319 Greentree Ln","Louisville","KY","40272"
21249,"Brookley Pl","Lot 15","Louisville",
21250,"10104 Deer Vista Dr","Louisville","KY","40291"
21251,"16948 Aiken Ridge Cir","Louisville","KY","40245"
21252,"410 Mockingbird Valley Rd","Unit 56-4","Louisville",
21253,"16950 Aiken Ridge Cir","Louisville","KY","40245"
21254,"16952 Aiken Ridge Cir","Louisville","KY","40245"
21255,"3514 Brockton Ln","Louisville","KY","40220"
21256,"16822 Aiken Ridge Cir","Louisville","KY","40245"
21257,"1617 Stevens Ave","Louisville","KY","40205"
21258,"1620 Jaeger Ave","Louisville","KY","40205"
21259,"312 Summit Ct","Louisville","KY","40243"
21260,"601 Tucker Station Rd","Louisville","KY","40243"
21261,"604 Willowbrook Rd","Louisville","KY","40243"
21262,"12200 Hardwick Rd","Louisville","KY","40243"
21263,"11803 Robindale Rd","Louisville","KY","40243"
21264,"12000 Meadow Ln","Louisville","KY","40243"
21265,"12003 Brookmoor Dr","Louisville","KY","40243"
21266,"12008 Brookmoor Dr","Louisville","KY","40243"
21267,"12014 Parkland Ct","Louisville","KY","40243"
21268,"412 Downes Ln","Louisville","KY","40214"
21269,"416 Downes Ln","Louisville","KY","40214"
21270,"102 E Florence Ave","Louisville","KY","40214"
21271,"1850 Kendall Ln","Unit Sfh","Louisville",
21272,"606 Burnett Farm Ln","Louisville","KY","40243"
21273,"7205 Earl Dr","Louisville","KY","40258"
21274,"1503 S 4th St","Unit 1R","Louisville",
21275,"163 N Keats Ave","Unit 4","Louisville",
21276,"421 Poplar Level Ct","Unit 214","Louisville",
21277,"2623 Valletta Rd","Louisville","KY","40205"
21278,"1905 Lynn Way","Louisville","KY","40222"
21279,"7302 Greenlawn Rd","Louisville","KY","40222"
21280,"7306 Greenlawn Rd","Louisville","KY","40222"
21281,"7208 Greenlawn Rd","Louisville","KY","40222"
21282,"2006 Lynn Way","Louisville","KY","40222"
21283,"3400 Clingstone Way","Louisville","KY","40220"
21284,"3411 Clingstone Way","Louisville","KY","40220"
21285,"3421 Clingstone Way","Louisville","KY","40220"
21286,"3213 Mid Dale Ln","Louisville","KY","40220"
21287,"3208 Mid Dale Ln","Louisville","KY","40220"
21288,"1411 Willow Ave","Apt 8","Louisville",
21289,"1829 Edenside Ave","Apt 10","Louisville",
21290,"2124 Cherokee Pkwy","Apt 303","Louisville",
21291,"1372 S 6th St","# 2","Louisville",
21292,"6418 Venango Dr","Louisville","KY","40258"
21293,"1710 Herbert Ave","Louisville","KY","40216"
21294,"319 Idlewylde Dr","Apt 4","Louisville",
21295,"1242 Cherokee Rd","Apt 2","Louisville",
21296,"4402 Kranet Way","Apt 4","Louisville",
21297,"4920 Cawood Dr","Apt 1","Louisville",
21298,"2601 Lindsay Ave","Apt Q2","Louisville",
21299,"4300 Norbrook Dr","Apt 211","Louisville",
21300,"1103 Logan St","Louisville","KY","40204"
21301,"106 Meadowood Dr","Louisville","KY","40229"
21302,"1623 Norris Pl","Apt 2","Louisville",
21303,"112 Boston Ct","Louisville","KY","40212"
21304,"843 Beecher St","Louisville","KY","40215"
21305,"2025 Brownsboro Rd","Apt 103","Louisville",
21306,"317 Idlewylde Dr","Apt 1","Louisville",
21307,"3107 Melody Acres Ln","Apt 2","Louisville",
21308,"4303 Norbrook Dr","Apt 5","Louisville",
21309,"1910 Deer Park Ave","Louisville","KY","40205"
21310,"1083 Cherokee Rd","Apt 3","Louisville",
21311,"3212 Springfield Dr","Apt 1","Louisville",
21312,"620 Eastern Pkwy","Apt 4","Louisville",
21313,"9103 Elms Ct","Louisville","KY","40299"
21314,"2025 Brownsboro Rd","Apt 209","Louisville",
21315,"4413 Norene Ln","Apt 3","Louisville",
21316,"3350 Cornell Trace Ct","Louisville","KY","40241"
21317,"638 Jordan Ave","Louisville","KY","40208"
21318,"2918 Brinkey Way","Apt 4","Louisville",
21319,"3212 Springfield Dr","Apt 2","Louisville",
21320,"9309 Plumwood Pl","Louisville","KY","40023"
21321,"1452 S 3rd St","Apt 2","Louisville",
21322,"1452 S 3rd St","Apt 1","Louisville",
21323,"408 Kensington Ct","Apt 1","Louisville",
21324,"4822 Sebree Ln","Apt 4","Louisville",
21325,"4864 Fegenbush Ln","Apt 3","Louisville",
21326,"408 Kensington Ct","Apt 3","Louisville",
21327,"4518 Beechbrook Rd","Apt 11","Louisville",
21328,"5910 Morning Glory Ln","Louisville","KY","40258"
21329,"2800 Alta Vista Pl","Louisville","KY","40206"
21330,"703 Alta Vista Rd","Louisville","KY","40206"
21331,"9006 Henry Clay Dr","Louisville","KY","40242"
21332,"9010 Fawn Ct","Louisville","KY","40242"
21333,"2111 Ashcraft Ln","Louisville","KY","40242"
21334,"9005 Fawn Ct","Louisville","KY","40242"
21335,"8807 Doe Run Ct","Louisville","KY","40242"
21336,"2106 Westridge Rd","Louisville","KY","40242"
21337,"9001 Bingham Dr","Louisville","KY","40242"
21338,"9011 Bingham Dr","Louisville","KY","40242"
21339,"2104 Westridge Rd","Louisville","KY","40242"
21340,"9000 Westridge Ct","Louisville","KY","40242"
21341,"9112 Tiverton Way","Louisville","KY","40242"
21342,"8715 Deer Point Ct","Louisville","KY","40242"
21343,"2106 Ashcraft Ln","Louisville","KY","40242"
21344,"9101 Tiverton Way","Louisville","KY","40242"
21345,"9009 Bingham Dr","Louisville","KY","40242"
21346,"2466 Glenmary Ave","Apt 6","Louisville",
21347,"1310 S 6th St","Louisville","KY","40208"
21348,"127 Kennedy Ave","Apt 4","Louisville",
21349,"5704 Indian Rock Rd","Louisville","KY","40219"
21350,"110 Poplar Level Ct","Louisville","KY","40219"
21351,"4213 Norene Ln","Apt 3","Louisville",
21352,"1365 S Brook St","Apt 3","Louisville",
21353,"1365 S Brook St","Apt 4","Louisville",
21354,"1848 Frankfort Ave","Apt 1","Louisville",
21355,"1848 Frankfort Ave","Apt 2","Louisville",
21356,"7117 Greengate Ct","Louisville","KY","40241"
21357,"24 Colonial Oaks Ct","Apt 2","Louisville",
21358,"35 Colonial Oaks Ct","Apt 2","Louisville",
21359,"28 Colonial Oaks Ct","Apt 3","Louisville",
21360,"1244 Cherokee Rd","Apt 1","Louisville",
21361,"4516 Broadleaf Dr","Apt 8","Louisville",
21362,"1239 S Brook St","Louisville","KY","40203"
21363,"3516 Willis Ave Apt D","Louisville","KY","40207"
21364,"9302 Aylesbury Dr","Apt 1","Louisville",
21365,"116 Poplar Level Ct","Louisville","KY","40219"
21366,"1204 Bardstown Rd","Apt 109","Louisville",
21367,"1204 Bardstown Rd","Apt 111","Louisville",
21368,"1040 Queen Ave","Apt 3","Louisville",
21369,"1040 Queen Ave","Apt 1","Louisville",
21370,"416 Belgravia Ct","Apt 5","Louisville",
21371,"1400 Willow Ave","Apt 1403","Louisville",
21372,"119 W Burnett Ave","Apt 2","Louisville",
21373,"7608 S Park Pl","Louisville","KY","40222"
21374,"315 W Lee St","Apt 1","Louisville",
21375,"315 W Lee St","Apt 2","Louisville",
21376,"5005 S 2nd St","Apt 1","Louisville",
21377,"2432 Glenmary Ave","Apt D1","Louisville",
21378,"2432 Glenmary Ave","Apt D3","Louisville",
21379,"1715 S 3rd St","Apt 1","Louisville",
21380,"1455 S 2nd St","Apt 1","Louisville",
21381,"1455 S 2nd St","Apt 3","Louisville",
21382,"6500 Hackel Dr","Apt 11","Louisville",
21383,"2414 St Xavier St","Louisville","KY","40212"
21384,"922 S 6th St","Apt 7","Louisville",
21385,"1452 S 3rd St","Apt 3","Louisville",
21386,"104 Weist Pl","Louisville","KY","40206"
21387,"411 Rosewood Ct","Louisville","KY","40223"
21388,"125 N Keats Ave Apt C","Louisville","KY","40206"
21389,"1932 Frankfort Ave","Unit 201","Louisville",
21390,"4116 Billtown Rd","Apt 4","Louisville",
21391,"2616 Frankfort Ave","Apt 2","Louisville",
21392,"5 S Calumet Ct","Louisville","KY","40214"
21393,"8402 Tolls Ln","Louisville","KY","40214"
21394,"8405 Tolls Ln","Louisville","KY","40214"
21395,"8308 Tolls Ln","Louisville","KY","40214"
21396,"7 S Calumet Ct","Louisville","KY","40214"
21397,"8007 Wanda Way","Louisville","KY","40219"
21398,"5806 Applegate Ln","Louisville","KY","40219"
21399,"8202 Michael Ray Dr","Louisville","KY","40219"
21400,"8114 Michael Ray Dr","Louisville","KY","40219"
21401,"8202 Delido Rd","Louisville","KY","40219"
21402,"5901 Bay Pine Dr","Louisville","KY","40219"
21403,"5914 Bay Pine Dr","Louisville","KY","40219"
21404,"6005 Princess Way","Louisville","KY","40219"
21405,"6009 Princess Way","Louisville","KY","40219"
21406,"8009 Wanda Way","Louisville","KY","40219"
21407,"8100 Pinecastle Dr","Louisville","KY","40219"
21408,"8116 Michael Ray Dr","Louisville","KY","40219"
21409,"8006 Wanda Way","Louisville","KY","40219"
21410,"8106 Michael Ray Dr","Louisville","KY","40219"
21411,"8210 Delido Rd","Louisville","KY","40219"
21412,"8207 Delido Rd","Louisville","KY","40219"
21413,"5208 Hasbrook Dr","Apt 103","Louisville",
21414,"1106 Cherokee Rd","Apt 1","Louisville",
21415,"2232 Grinstead Dr","Louisville","KY","40204"
21416,"2025 Brownsboro Rd","Apt 202","Louisville",
21417,"2025 Brownsboro Rd","Apt 301","Louisville",
21418,"1510 S 4th St","Apt 1","Louisville",
21419,"327 Tex Ave","Louisville","KY","40118"
21420,"2014 Cherokee Pkwy","Apt H","Louisville",
21421,"407 Eric Ct","Louisville","KY","40219"
21422,"1243 Cherokee Rd","Louisville","KY","40204"
21423,"341 S Birchwood Ave","Unit 1","Louisville",
21424,"2137 Bank St","Louisville","KY","40212"
21425,"2535 Bank St","Louisville","KY","40212"
21426,"2121 Bank St","Louisville","KY","40212"
21427,"2431 Saint Xavier St","Apt 4","Louisville",
21428,"2406 Lytle St","Louisville","KY","40212"
21429,"531 N 24th St","Louisville","KY","40212"
21430,"2425 Bank St","Louisville","KY","40212"
21431,"2433 Bank St","Louisville","KY","40212"
21432,"2128 Lytle St","Louisville","KY","40212"
21433,"2142 Bank St","Louisville","KY","40212"
21434,"454 N 25th St","Louisville","KY","40212"
21435,"2126 Lytle St","Louisville","KY","40212"
21436,"2132 Lytle St","Louisville","KY","40212"
21437,"2134 Portland Ave","Louisville","KY","40212"
21438,"2140 Bank St","Louisville","KY","40212"
21439,"2200 Lytle St","Louisville","KY","40212"
21440,"2206 Lytle St","Louisville","KY","40212"
21441,"2219 Bank St","Louisville","KY","40212"
21442,"2221 Bank St","Louisville","KY","40212"
21443,"2224 Lytle St","Louisville","KY","40212"
21444,"2234 Portland Ave","Louisville","KY","40212"
21445,"2225 Bank St","Louisville","KY","40212"
21446,"2432 Bank St","Louisville","KY","40212"
21447,"2432 Saint Xavier St","Louisville","KY","40212"
21448,"2137 Lytle St","Louisville","KY","40212"
21449,"2218 Portland Ave","Louisville","KY","40212"
21450,"2400 Saint Xavier St","Louisville","KY","40212"
21451,"2414 Portland Ave","Louisville","KY","40212"
21452,"2510 Bank St","Louisville","KY","40212"
21453,"2518 Bank St","Louisville","KY","40212"
21454,"3600 Fountain Dr","Louisville","KY","40218"
21455,"2713 Lakeside Dr","Louisville","KY","40205"
21456,"948 Mulberry St","Louisville","KY","40217"
21457,"531 W Ormsby Ave","Apt 1","Louisville",
21458,"4300 Newport Rd","Apt 6","Louisville",
21459,"4300 Newport Rd","Apt 8","Louisville",
21460,"4412 Belrad Dr","Apt 3","Louisville",
21461,"2354 Grinstead Dr","Apt 9","Louisville",
21462,"2025 Brownsboro Rd","Apt 310","Louisville",
21463,"1524 S 2nd St","Apt 5","Louisville",
21464,"213 Poplar Level Ct","Louisville","KY","40219"
21465,"2025 Brownsboro Rd","Apt 317","Louisville",
21466,"3217 Springfield Dr","Apt 4","Louisville",
21467,"2132 Vernon Ct","Louisville","KY","40206"
21468,"2432 Glenmary Ave","Apt C2","Louisville",
21469,"2432 Glenmary Ave","Apt B1","Louisville",
21470,"10810 Monkshood Dr","Unit 201","Louisville",
21471,"2189 Baringer Ave","Apt 6","Louisville",
21472,"1381 S 3rd St","Apt 12","Louisville",
21473,"3911 Southern Pkwy","Apt 1","Louisville",
21474,"3911 Southern Pkwy","Apt 2","Louisville",
21475,"3911 Southern Pkwy","Apt 3","Louisville",
21476,"1918 Palatka Rd","Louisville","KY","40214"
21477,"1920 Palatka Rd","Louisville","KY","40214"
21478,"1904 Riva Ridge Rd","Louisville","KY","40214"
21479,"2015 Hillcircle Rd","Louisville","KY","40214"
21480,"2016 Hillcircle Rd","Louisville","KY","40214"
21481,"2019 Hillcircle Rd","Louisville","KY","40214"
21482,"1923 Riva Ridge Rd","Louisville","KY","40214"
21483,"2021 Hillcircle Rd","Louisville","KY","40214"
21484,"1920 Riva Ridge Rd","Louisville","KY","40214"
21485,"126 Vernon Ave","Unit 2","Louisville",
21486,"2333 Sycamore Ave","Apt 2","Louisville",
21487,"1616 Whippoorwill Rd","Louisville","KY","40213"
21488,"1614 Ehrler Dr","Louisville","KY","40213"
21489,"3117 Harmon Ct","Louisville","KY","40213"
21490,"1619 Ehrler Dr","Louisville","KY","40213"
21491,"1629 Nightingale Rd","Louisville","KY","40213"
21492,"217 Poplar Level Ct","Louisville","KY","40219"
21493,"5506 Lodema Way","Apt 1","Louisville",
21494,"2025 Brownsboro Rd","Apt 311","Louisville",
21495,"1456 S 4th St","Apt 3","Louisville",
21496,"1715 S 3rd St","Apt 2","Louisville",
21497,"409 W Gaulbert Ave","Apt 9","Louisville",
21498,"631 E Saint Catherine St","Unit 2","Louisville",
21499,"5105 Malibu Ct","Apt 8","Louisville",
21500,"2549 Glenmary Ave","Apt 1","Louisville",
21501,"2100 Alta Ave","Apt 4","Louisville",
21502,"3410 Shagbark Rd","Apt 19","Louisville",
21503,"2210-2212 Steier Ln","Louisville","KY","40218"
21504,"2025 Brownsboro Rd","Apt 401","Louisville",
21505,"4300 Lynnview Dr","Apt 6","Louisville",
21506,"2356 Grinstead Dr","Apt 27","Louisville",
21507,"4824 Sebree Ln","Apt 4","Louisville",
21508,"2601 Lindsay Ave","Apt P3","Louisville",
21509,"2601 Lindsay Ave","Apt Q1","Louisville",
21510,"9005 Falcon Crest Dr","Unit 222","Louisville",
21511,"6404 Terry Rd","Louisville","KY","40258"
21512,"6504 Memory Ln","Louisville","KY","40258"
21513,"6400 Terry Rd","Louisville","KY","40258"
21514,"6510 Memory Ln","Louisville","KY","40258"
21515,"1321 Everett Ave","Apt A1","Louisville",
21516,"1336 Oakwood Ave","Louisville","KY","40215"
21517,"1422 Walter Ave","Louisville","KY","40215"
21518,"4320 Lonsdale Ave","Louisville","KY","40215"
21519,"1404 Walter Ave","Louisville","KY","40215"
21520,"1406 Bluegrass Ave","Louisville","KY","40215"
21521,"1410 Walter Ave","Louisville","KY","40215"
21522,"4330 Lonsdale Ave","Louisville","KY","40215"
21523,"1418 Oakwood Ave","Louisville","KY","40215"
21524,"4332 Whitmore Ave","Louisville","KY","40215"
21525,"1408 Lynnhurst Ave","Louisville","KY","40215"
21526,"1414 Oakwood Ave","Louisville","KY","40215"
21527,"1517 Walter Ave","Louisville","KY","40215"
21528,"1410 Oakwood Ave","Louisville","KY","40215"
21529,"4325 Whitmore Ave","Louisville","KY","40215"
21530,"4318 1/2 Whitmore Ave","Louisville","KY","40215"
21531,"1415 Lynnhurst Ave","Louisville","KY","40215"
21532,"1533 Walter Ave","Louisville","KY","40215"
21533,"308 N 30th St","Louisville","KY","40212"
21534,"317 N 30th St","Louisville","KY","40212"
21535,"320 N 30th St","Louisville","KY","40212"
21536,"2924 Duncan St","Louisville","KY","40212"
21537,"108 S 30th St","Louisville","KY","40212"
21538,"2718 Alford Ave","Louisville","KY","40212"
21539,"2656 Rowan St","Louisville","KY","40212"
21540,"2749 W Main St","Louisville","KY","40212"
21541,"2705 Alford Ave","Louisville","KY","40212"
21542,"121 N 29th St","Louisville","KY","40212"
21543,"448 N 28th St","Louisville","KY","40212"
21544,"208 S 28th St","Louisville","KY","40212"
21545,"2751 Alford Ave","Apt 4","Louisville",
21546,"2808 W Main St","Louisville","KY","40212"
21547,"125 N 29th St","Louisville","KY","40212"
21548,"2815 W Main St","Louisville","KY","40212"
21549,"2817 W Market St","Louisville","KY","40212"
21550,"2915 Rowan St","Louisville","KY","40212"
21551,"3010 Duncan St","Louisville","KY","40212"
21552,"518 N 29th St","Louisville","KY","40212"
21553,"941 E Saint Catherine St","Louisville","KY","40204"
21554,"1017 E Saint Catherine St","Louisville","KY","40204"
21555,"951 E Oak St","Louisville","KY","40204"
21556,"939 Shelby Pkwy","Louisville","KY","40204"
21557,"1113 Logan St","Louisville","KY","40204"
21558,"1033 E Oak St","Louisville","KY","40204"
21559,"1044 E Saint Catherine St","Louisville","KY","40204"
21560,"907 Ellison Ave","Louisville","KY","40204"
21561,"1006 E Kentucky St","Louisville","KY","40204"
21562,"1132 Swan St","Louisville","KY","40204"
21563,"1054 E Saint Catherine St","Louisville","KY","40204"
21564,"9619 Tamarisk Pkwy","Louisville","KY","40223"
21565,"606 Winyan Ln","Louisville","KY","40223"
21566,"510 Winyan Ln","Louisville","KY","40223"
21567,"717 Elsmere Cir","Louisville","KY","40223"
21568,"611 Scioto Dr","Louisville","KY","40223"
21569,"9720 Bay Hill Dr","Louisville","KY","40223"
21570,"502 Palisades Ct","Louisville","KY","40223"
21571,"9800 Tamarisk Pkwy","Louisville","KY","40223"
21572,"9708 Tamarisk Pkwy","Louisville","KY","40223"
21573,"9810 Winged Foot Dr","Louisville","KY","40223"
21574,"9703 Bay Hill Dr","Louisville","KY","40223"
21575,"713 Elsmere Cir","Louisville","KY","40223"
21576,"9611 Tamarisk Pkwy","Louisville","KY","40223"
21577,"9604 Tamarisk Pkwy","Louisville","KY","40223"
21578,"727 Elsmere Cir","Louisville","KY","40223"
21579,"11405 Halifax Dr","Louisville","KY","40241"
21580,"4412 Murphy Ln","Louisville","KY","40241"
21581,"4403 Amelia Ct","Louisville","KY","40241"
21582,"4414 Amelia Ct","Louisville","KY","40241"
21583,"4509 Shenandoah Dr","Louisville","KY","40241"
21584,"4401 Amelia Ct","Louisville","KY","40241"
21585,"11402 Upshur Pl","Louisville","KY","40241"
21586,"4506 Shenandoah Dr","Louisville","KY","40241"
21587,"4402 Murphy Ln","Louisville","KY","40241"
21588,"4407 Shenandoah Dr","Louisville","KY","40241"
21589,"4419 Shenandoah Dr","Louisville","KY","40241"
21590,"4418 Amelia Ct","Louisville","KY","40241"
21591,"4412 Amelia Ct","Louisville","KY","40241"
21592,"10810 Glenway Pl","Louisville","KY","40291"
21593,"10808 Glenway Pl","Louisville","KY","40291"
21594,"10820 Glenway Pl","Louisville","KY","40291"
21595,"10800 Glenway Pl","Louisville","KY","40291"
21596,"4946 Winding Spring Cir","Louisville","KY","40245"
21597,"4951 Winding Spring Cir","Louisville","KY","40245"
21598,"4013 Northumberland Dr","Louisville","KY","40245"
21599,"4007 Northumberland Dr","Louisville","KY","40245"
21600,"4016 Northumberland Dr","Louisville","KY","40245"
21601,"4021 Northumberland Dr","Louisville","KY","40245"
21602,"12504 Northolt Ct","Louisville","KY","40245"
21603,"4948 Winding Spring Cir","Louisville","KY","40245"
21604,"3915 Northumberland Dr","Louisville","KY","40245"
21605,"5107 Middlesex Dr","Louisville","KY","40245"
21606,"4023 Northumberland Dr","Louisville","KY","40245"
21607,"4940 Winding Spring Cir","Louisville","KY","40245"
21608,"12509 Bridgetown Pl","Louisville","KY","40245"
21609,"5224 Savannah Springs Dr","Louisville","KY","40219"
21610,"5212 Savannah Springs Dr","Louisville","KY","40219"
21611,"5213 Savannah Springs Dr","Louisville","KY","40219"
21612,"8301 Savannah Springs Ct","Unit 204","Louisville",
21613,"5108 Southern Charm Ln","Louisville","KY","40219"
21614,"8408 Moss Garden Dr","Louisville","KY","40219"
21615,"5216 Savannah Springs Dr","Louisville","KY","40219"
21616,"5132 Southern Charm Ln","Louisville","KY","40219"
21617,"5104 Southern Charm Ln","Louisville","KY","40219"
21618,"8303 Savannah Springs Ct","Unit 203","Louisville",
21619,"8305 Shepherdsville Rd","Louisville","KY","40219"
21620,"8302 Denise Dr","Louisville","KY","40219"
21621,"5303 Elise Way","Louisville","KY","40219"
21622,"8311 Shepherdsville Rd","Louisville","KY","40219"
21623,"5113 Southern Charm Ln","Louisville","KY","40219"
21624,"5101 Southern Charm Ln","Louisville","KY","40219"
21625,"5110 Southern Charm Ln","Louisville","KY","40219"
21626,"5214 Savannah Springs Dr","Louisville","KY","40219"
21627,"5305 Elise Way","Louisville","KY","40219"
21628,"8309 Denise Dr","Louisville","KY","40219"
21629,"5231 Savannah Springs Dr","Louisville","KY","40219"
21630,"7821 Appleview Ln","Louisville","KY","40228"
21631,"7811 Appleview Ln","Louisville","KY","40228"
21632,"8416 Grand Trevi Dr","Louisville","KY","40228"
21633,"8522 Grand Neptune Dr","Louisville","KY","40228"
21634,"8368 Grand Trevi Dr","Louisville","KY","40228"
21635,"8009 Apple Valley Dr","Louisville","KY","40228"
21636,"7824 Grand Cascade Dr","Louisville","KY","40228"
21637,"8616 Roberta Ct","Louisville","KY","40291"
21638,"8018 Old Bardstown Rd","Louisville","KY","40291"
21639,"9808 Hillock Dr","Louisville","KY","40291"
21640,"8710 Lough Dr","Louisville","KY","40291"
21641,"8617 Summertree Ln","Louisville","KY","40291"
21642,"9816 Hillock Dr","Louisville","KY","40291"
21643,"8610 Summertree Ln","Louisville","KY","40291"
21644,"8706 Lough Dr","Louisville","KY","40291"
21645,"4224 Hale Ave","Louisville","KY","40211"
21646,"1200 Fairland Pl","Louisville","KY","40211"
21647,"4509 Dumesnil St","Louisville","KY","40211"
21648,"4233 Virginia Ave","Louisville","KY","40211"
21649,"4412 Hale Ave","Louisville","KY","40211"
21650,"1117 Kaiser Ct","Louisville","KY","40211"
21651,"4313 Virginia Ave","Louisville","KY","40211"
21652,"4400 Sunset Ave","Louisville","KY","40211"
21653,"4320 Sunset Ave","Louisville","KY","40211"
21654,"4303 Winnrose Way","Louisville","KY","40211"
21655,"1113 Kaiser Ct","Louisville","KY","40211"
21656,"1115 Plato Ter","Louisville","KY","40211"
21657,"1107 Plato Ter","Louisville","KY","40211"
21658,"4520 Virginia Ave","Louisville","KY","40211"
21659,"4510 Virginia Ave","Louisville","KY","40211"
21660,"4301 Hale Ave","Louisville","KY","40211"
21661,"1119 Kaiser Ct","Louisville","KY","40211"
21662,"1305 S 45th St","Louisville","KY","40211"
21663,"4515 Dumesnil St","Louisville","KY","40211"
21664,"4500 Hale Ave","Louisville","KY","40211"
21665,"4315 Sunset Ave","Louisville","KY","40211"
21666,"4501 Hale Ave","Louisville","KY","40211"
21667,"1124 Plato Ter","Louisville","KY","40211"
21668,"1164 S 43rd St","Louisville","KY","40211"
21669,"4311 Winnrose Way","Louisville","KY","40211"
21670,"4231 Hale Ave","Louisville","KY","40211"
21671,"4301 Winnrose Way","Louisville","KY","40211"
21672,"1203 S 45th St","Louisville","KY","40211"
21673,"4230 Hale Ave","Louisville","KY","40211"
21674,"4226 Hale Ave","Louisville","KY","40211"
21675,"4405 Sunset Ave","Louisville","KY","40211"
21676,"4309 Winnrose Way","Louisville","KY","40211"
21677,"4401 Sunset Cir","Louisville","KY","40216"
21678,"8215 Michael Ray Dr","Louisville","KY","40219"
21679,"8301 Twisted Pine Rd","Louisville","KY","40219"
21680,"8307 Twisted Pine Rd","Louisville","KY","40219"
21681,"8209 Michael Ray Dr","Louisville","KY","40219"
21682,"8106 Pinecastle Dr","Louisville","KY","40219"
21683,"5615 Indian Rock Rd","Louisville","KY","40219"
21684,"8311 Delido Rd","Louisville","KY","40219"
21685,"8210 Michael Ray Dr","Louisville","KY","40219"
21686,"8303 Twisted Pine Rd","Louisville","KY","40219"
21687,"5614 Indian Rock Rd","Louisville","KY","40219"
21688,"8205 Ponce De Leon Ct","Louisville","KY","40219"
21689,"5700 Indian Rock Rd","Louisville","KY","40219"
21690,"8116 Pinecastle Dr","Louisville","KY","40219"
21691,"8315 Delido Rd","Louisville","KY","40219"
21692,"8114 Pinecastle Dr","Louisville","KY","40219"
21693,"5702 Indian Rock Rd","Louisville","KY","40219"
21694,"8109 Pinecastle Dr","Louisville","KY","40219"
21695,"4903 Grant Ave","Louisville","KY","40214"
21696,"5023 New Cut Rd","Louisville","KY","40214"
21697,"5814 Southland Ter","Louisville","KY","40214"
21698,"4813 New Cut Rd","Louisville","KY","40214"
21699,"8619 Applegate Village Dr","Louisville","KY","40219"
21700,"8533 Applegate Village Dr","Louisville","KY","40219"
21701,"8531 Applegate Village Dr","Louisville","KY","40219"
21702,"8521 Applegate Village Dr","Louisville","KY","40219"
21703,"8517 Applegate Village Dr","Louisville","KY","40219"
21704,"8628 Applegate Village Dr","Louisville","KY","40219"
21705,"8609 Applegate Village Dr","Louisville","KY","40219"
21706,"8617 Applegate Village Dr","Louisville","KY","40219"
21707,"5905 Tralee Ln","Louisville","KY","40219"
21708,"8541 Applegate Village Dr","Louisville","KY","40219"
21709,"5803 Applegate Ln","Louisville","KY","40219"
21710,"8509 Applegate Village Dr","Louisville","KY","40219"
21711,"8529 Applegate Village Dr","Louisville","KY","40219"
21712,"7812 Donegal Dr","Louisville","KY","40219"
21713,"8215 Joyce Dr","Louisville","KY","40219"
21714,"8641 Applegate Village Dr","Louisville","KY","40219"
21715,"8623 Applegate Village Dr","Louisville","KY","40219"
21716,"8524 Applegate Village Dr","Louisville","KY","40219"
21717,"8613 Applegate Village Dr","Louisville","KY","40219"
21718,"7807 Seebolt Dr","Louisville","KY","40219"
21719,"6707 Kingslook Ct","Louisville","KY","40207"
21720,"4425 Rudy Ln","Louisville","KY","40207"
21721,"6701 Copperfield Rd","Louisville","KY","40207"
21722,"6803 Starcross Ct","Louisville","KY","40207"
21723,"405 Highfield Rd","Louisville","KY","40207"
21724,"306 Old Farm Rd","Louisville","KY","40207"
21725,"1305 Ambridge Dr","Louisville","KY","40207"
21726,"4422 Greenbriar Rd","Louisville","KY","40207"
21727,"6703 Copperfield Rd","Louisville","KY","40207"
21728,"1202 Ambridge Dr","Louisville","KY","40207"
21729,"301 Chelsea Rd","Louisville","KY","40207"
21730,"6713 Copperfield Rd","Louisville","KY","40207"
21731,"304 Chelsea Rd","Louisville","KY","40207"
21732,"1207 Ambridge Dr","Louisville","KY","40207"
21733,"2511 Windy Way","Louisville","KY","40207"
21734,"1106 Ambridge Dr","Louisville","KY","40207"
21735,"6706 Copperfield Rd","Louisville","KY","40207"
21736,"1209 Ambridge Dr","Louisville","KY","40207"
21737,"6705 Copperfield Rd","Louisville","KY","40207"
21738,"928 Woodland Heights Dr","Louisville","KY","40245"
21739,"937 Woodland Heights Dr","Louisville","KY","40245"
21740,"14215 Woodland Ridge Dr","Louisville","KY","40245"
21741,"14611 Lake Bluff Pl","Louisville","KY","40245"
21742,"3836 Washington Sq","Louisville","KY","40207"
21743,"3904 Elmwood Ave","Louisville","KY","40207"
21744,"3817 Washington Sq","Apt 1B","Louisville",
21745,"3834 Ormond Rd","Louisville","KY","40207"
21746,"235 Chenoweth Ln","Louisville","KY","40207"
21747,"265 Leland Ct","Apt 5","Louisville",
21748,"3827 Elmwood Ave","Louisville","KY","40207"
21749,"3807 Leland Rd","Apt 6","Louisville",
21750,"248 Chenoweth Ln","Apt 5","Louisville",
21751,"246 Chenoweth Ln","Apt 4","Louisville",
21752,"3820 Washington Sq","Louisville","KY","40207"
21753,"248 Chenoweth Ln","Apt 4","Louisville",
21754,"3806 Ormond Rd","Louisville","KY","40207"
21755,"248 Chenoweth Ln","Apt 2","Louisville",
21756,"3804 Elmwood Ave","Louisville","KY","40207"
21757,"1426 Dellwood Dr","Louisville","KY","40216"
21758,"4507 Naneen Dr","Louisville","KY","40216"
21759,"1421 Dellwood Dr","Louisville","KY","40216"
21760,"1522 Knight Rd","Louisville","KY","40216"
21761,"1429 Dellwood Dr","Louisville","KY","40216"
21762,"1528 Knight Rd","Louisville","KY","40216"
21763,"1502 Dellwood Dr","Louisville","KY","40216"
21764,"1551 Knight Rd","Louisville","KY","40216"
21765,"1506 Dellwood Dr","Louisville","KY","40216"
21766,"1516 Knight Rd","Louisville","KY","40216"
21767,"1522 Glenrock Rd","Louisville","KY","40216"
21768,"1503 Dellwood Dr","Louisville","KY","40216"
21769,"1424 Dellwood Dr","Louisville","KY","40216"
21770,"10311 Long Barn Ct","Louisville","KY","40291"
21771,"10309 Old Altar Ct","Louisville","KY","40291"
21772,"8513 Smithton Rd","Louisville","KY","40219"
21773,"4700 Miles Ln","Louisville","KY","40219"
21774,"4710 Miles Ln","Louisville","KY","40219"
21775,"8513 Peggy Dr","Louisville","KY","40219"
21776,"8516 Smithton Rd","Louisville","KY","40219"
21777,"8510 Peggy Dr","Louisville","KY","40219"
21778,"8511 Smithton Rd","Louisville","KY","40219"
21779,"8514 Smithton Rd","Louisville","KY","40219"
21780,"8512 Smithton Rd","Louisville","KY","40219"
21781,"8519 Linda Rd","Louisville","KY","40219"
21782,"8520 Smithton Rd","Louisville","KY","40219"
21783,"4800 Miles Ln","Louisville","KY","40219"
21784,"4808 Miles Ln","Louisville","KY","40219"
21785,"4809 Miles Ln","Louisville","KY","40219"
21786,"4812 Miles Ln","Louisville","KY","40219"
21787,"4806 Miles Ln","Louisville","KY","40219"
21788,"8609 Linda Rd","Louisville","KY","40219"
21789,"356 El Conquistador Pl","Louisville","KY","40220"
21790,"213 Casa Bella Ct","Louisville","KY","40220"
21791,"304 Casa Bella Ct","Louisville","KY","40220"
21792,"3030 Breckenridge Ln","Apt 231","Louisville",
21793,"108 Casa Bella Ct","Louisville","KY","40220"
21794,"202 Casa Bella Ct","Louisville","KY","40220"
21795,"320 Casa Bella Ct","Louisville","KY","40220"
21796,"210 Casa Bella Ct","Louisville","KY","40220"
21797,"3030 Breckenridge Ln","Apt 204","Louisville",
21798,"281 El Conquistador Pl","Louisville","KY","40220"
21799,"301 Casa Bella Ct","Louisville","KY","40220"
21800,"212 Casa Bella Ct","Louisville","KY","40220"
21801,"309 Casa Bella Ct","Louisville","KY","40220"
21802,"282 El Conquistador Pl","Louisville","KY","40220"
21803,"3600 Regatta Way","Louisville","KY","40211"
21804,"1316 S 36th St","Louisville","KY","40211"
21805,"3602 Regatta Way","Louisville","KY","40211"
21806,"3622 Regatta Way","Louisville","KY","40211"
21807,"1304 Colmar Cir","Louisville","KY","40211"
21808,"1050 Ardmore Dr","Louisville","KY","40217"
21809,"1054 Ardmore Dr","Louisville","KY","40217"
21810,"1047 Ardmore Dr","Louisville","KY","40217"
21811,"1045 Ardmore Dr","Louisville","KY","40217"
21812,"1048 Parkway Dr","Louisville","KY","40217"
21813,"1046 Parkway Dr","Louisville","KY","40217"
21814,"1039 Parkway Dr","Apt 4","Louisville",
21815,"1017 Parkway Dr","Louisville","KY","40217"
21816,"940 Clarks Ln","Louisville","KY","40217"
21817,"8613 Beulah Church Rd","Louisville","KY","40291"
21818,"8804 Timberline Dr","Louisville","KY","40291"
21819,"7005 Elysean Ct","Louisville","KY","40291"
21820,"8608 Timberline Dr","Louisville","KY","40291"
21821,"8607 Timberline Dr","Louisville","KY","40291"
21822,"8601 Fernview Dr","Louisville","KY","40291"
21823,"8605 Fernview Dr","Louisville","KY","40291"
21824,"8608 Fernview Dr","Louisville","KY","40291"
21825,"7108 Mckenna Ct","Louisville","KY","40291"
21826,"7200 Gorham Way","Louisville","KY","40291"
21827,"8821 Beulah Church Rd","Louisville","KY","40291"
21828,"8810 Artis Way","Louisville","KY","40291"
21829,"7206 Gorham Way","Louisville","KY","40291"
21830,"7301 Gorham Way","Louisville","KY","40291"
21831,"4220 Savage Dr","Louisville","KY","40216"
21832,"3813 Foreman Ln","Louisville","KY","40219"
21833,"3705 Endeavor Way","Louisville","KY","40219"
21834,"8402 Jan Way","Louisville","KY","40219"
21835,"3906 Foreman Ln","Louisville","KY","40219"
21836,"3029 Linwood Ave","Louisville","KY","40210"
21837,"5413 Hess Dr","Louisville","KY","40258"
21838,"6811 Daisy Ave","Louisville","KY","40258"
21839,"6807 Daisy Ave","Louisville","KY","40258"
21840,"9814 Seatonville Rd","Louisville","KY","40291"
21841,"449 E Brandeis Ave","# 1","Louisville",
21842,"1300 S 3rd St","Unit Loft","Louisville",
21843,"5601 Chariot Run Dr","Louisville","KY","40272"
21844,"14108 Halden Ridge Way","Louisville","KY","40245"
21845,"8302 Fairmount Rd","Louisville","KY","40291"
21846,"3103 Springcrest Dr","Louisville","KY","40241"
21847,"3000 S 3rd St","Unit 1-6","Louisville",
21848,"2739 Cleveland Blvd","Louisville","KY","40206"
21849,"9813 Winged Foot Dr","Louisville","KY","40223"
21850,"9809 Melissa Dr","Louisville","KY","40223"
21851,"9809 Winged Foot Dr","Louisville","KY","40223"
21852,"9801 Forest Village Ln","Louisville","KY","40223"
21853,"605 Winyan Ln","Louisville","KY","40223"
21854,"605 Dorsey Way","Louisville","KY","40223"
21855,"608 Dorsey Way","Louisville","KY","40223"
21856,"705 Elsmere Cir","Louisville","KY","40223"
21857,"707 Elsmere Cir","Louisville","KY","40223"
21858,"9910 Winged Foot Dr","Louisville","KY","40223"
21859,"12302 Crosswinds Dr","Louisville","KY","40243"
21860,"12302 Ledges Dr","Louisville","KY","40243"
21861,"12228 Ledges Dr","Louisville","KY","40243"
21862,"12304 Hardwick Rd","Louisville","KY","40243"
21863,"505 Marengo Dr","Louisville","KY","40243"
21864,"Michael Edwards Dr","Louisville","KY","40291"
21865,"8514 Lysander Dr","Louisville","KY","40214"
21866,"4913 Unseld Blvd","Louisville","KY","40218"
21867,"7909 Jonquil Dr","Louisville","KY","40258"
21868,"7903 Jonquil Dr","Louisville","KY","40258"
21869,"951 S Shelby St","Louisville","KY","40204"
21870,"1425 S Brook St","Louisville","KY","40208"
21871,"117 S Hampton Rd","Louisville","KY","40223"
21872,"203 N Chadwick Rd","Louisville","KY","40223"
21873,"8605 Shelbyville Rd","Apt 104","Louisville",
21874,"8608 Holston Rd","Louisville","KY","40222"
21875,"110 Bellemeade Rd","Louisville","KY","40222"
21876,"107 Bellemeade Rd","Louisville","KY","40222"
21877,"8807 Shelbyville Rd","Louisville","KY","40222"
21878,"115 S Hampton Rd","Louisville","KY","40223"
21879,"8605 Charing Cross Rd","Louisville","KY","40222"
21880,"8508 Whipps Mill Rd","Louisville","KY","40222"
21881,"1322 S Preston St","Louisville","KY","40208"
21882,"3607 Glenfield Ct","Louisville","KY","40241"
21883,"4230 Hillbrook Dr","Louisville","KY","40220"
21884,"2526 Ashbrook Ave","Louisville","KY","40220"
21885,"2521 Ashbrook Ave","Louisville","KY","40220"
21886,"4123 Berkshire Ave","Louisville","KY","40220"
21887,"2506 Browns Ln","Louisville","KY","40220"
21888,"9904 Highcrest Ave","Louisville","KY","40272"
21889,"9900 Highcrest Ave","Louisville","KY","40272"
21890,"9804 Highcrest Ave","Louisville","KY","40272"
21891,"730 Hazel St","Unit 201","Louisville",
21892,"4506 Portico Ct","Louisville","KY","40299"
21893,"8410 Fairmount Rd","Louisville","KY","40291"
21894,"2507 Aiken Ridge Dr","Louisville","KY","40245"
21895,"11206 Kaufman Farm Dr","Louisville","KY","40291"
21896,"6910 Oak Rock Dr","Louisville","KY","40291"
21897,"8521 Lysander Dr","Louisville","KY","40214"
21898,"13425 Hollows Ln","Louisville","KY","40299"
21899,"3932 Southern Pkwy","Unit 2","Louisville",
21900,"9305 Smyrna Pkwy","Louisville","KY","40229"
21901,"8103 Limehouse Ln","Louisville","KY","40220"
21902,"8100 Harrow Ct","Louisville","KY","40220"
21903,"8107 Regency Woods Way","Louisville","KY","40220"
21904,"8103 Parkshire Ct","Louisville","KY","40220"
21905,"4701 Lowe Rd","Louisville","KY","40220"
21906,"4720 Lowe Rd","Louisville","KY","40220"
21907,"9 Sterling Rd","Louisville","KY","40220"
21908,"21 Sterling Rd","Louisville","KY","40220"
21909,"23 Sterling Rd","Louisville","KY","40220"
21910,"24 Sterling Rd","Louisville","KY","40220"
21911,"2 Sterling Rd","Louisville","KY","40220"
21912,"4730 Lowe Rd","Louisville","KY","40220"
21913,"4313 Taylorsville Rd","Louisville","KY","40220"
21914,"4314 Green Pine Ct","Louisville","KY","40220"
21915,"4702 Lowe Rd","Louisville","KY","40220"
21916,"4309 Green Pine Ct","Louisville","KY","40220"
21917,"4300 Green Pine Ct","Louisville","KY","40220"
21918,"7803 Amber Glen Ct","Louisville","KY","40220"
21919,"4229 Taylorsville Rd","Louisville","KY","40220"
21920,"9311 Wimbley Ct","Louisville","KY","40241"
21921,"302 Eastbridge Ct","Unit 302","Louisville",
21922,"1229 S Floyd St","Unit 2","Louisville",
21923,"10926 Brookley Dr","Louisville","KY","40229"
21924,"13804 1/2 Medora Rd","Louisville","KY","40272"
21925,"Shakes Creek Dr","Louisville","KY","40023"
21926,"2911 S 3rd St","Unit 2","Louisville",
21927,"8107 Cedar Meadows Ln","Louisville","KY","40229"
21928,"1838 Kendall Ln","Louisville","KY","40216"
21929,"Churchman Ave","Louisville","KY","40215"
21930,"2506 Montgomery St","Louisville","KY","40212"
21931,"4404 Hillside Dr","Louisville","KY","40216"
21932,"1236 E Broadway","Louisville","KY","40204"
21933,"4706 Quinn Dr","Louisville","KY","40216"
21934,"4704 Quinn Dr","Louisville","KY","40216"
21935,"11114 Insight Dr","Louisville","KY","40229"
21936,"3823 Manner Dale Dr","Unit 1","Louisville",
21937,"4002 Serene Way","Louisville","KY","40219"
21938,"3914 Serene Way","Louisville","KY","40219"
21939,"3905 Handley Ave","Louisville","KY","40218"
21940,"3821 Nanz Ave","Louisville","KY","40207"
21941,"42 Calumet Rd","Louisville","KY","40207"
21942,"519 Iola Rd","Louisville","KY","40207"
21943,"3125 Greenwood Ave","Apt 1","Louisville",
21944,"3919 S 3rd St","Unit 2","Louisville",
21945,"925 Westview Dr","Louisville","KY","40214"
21946,"927 Westview Dr","Louisville","KY","40214"
21947,"2900 Petty Jay Rd","Louisville","KY","40220"
21948,"2905 Lexham Rd","Louisville","KY","40220"
21949,"2901 Lexham Rd","Louisville","KY","40220"
21950,"7703 Nevia Way","Louisville","KY","40220"
21951,"345 Dale Rd","Louisville","KY","40229"
21952,"9307 Bartley Dr","Louisville","KY","40291"
21953,"2610 Alps Rd","Louisville","KY","40216"
21954,"2608 Alps Rd","Louisville","KY","40216"
21955,"2525 Marguerite Dr","Louisville","KY","40216"
21956,"2603 Marguerite Dr","Louisville","KY","40216"
21957,"2602 Marguerite Dr","Louisville","KY","40216"
21958,"633 E Main St","Unit 1031630P","Louisville",
21959,"308 Louis Coleman Junior Dr","Louisville","KY","40212"
21960,"1704 Rosewood Ave","Unit 2","Louisville",
21961,"1279 S Preston St","Apt 1A","Louisville",
21962,"213 Alreva Rd","Louisville","KY","40216"
21963,"211 Alreva Rd","Louisville","KY","40216"
21964,"209 Alreva Rd","Louisville","KY","40216"
21965,"2401 Autumn Lake Dr","Louisville","KY","40272"
21966,"2403 Autumn Lake Dr","Louisville","KY","40272"
21967,"6011 Summer Creek Dr","Louisville","KY","40272"
21968,"6002 Summer Creek Dr","Louisville","KY","40272"
21969,"6012 Summer Creek Dr","Louisville","KY","40272"
21970,"6020 Summer Creek Dr","Louisville","KY","40272"
21971,"6104 Summer Creek Dr","Louisville","KY","40272"
21972,"6211 Summer Lake Dr","Louisville","KY","40272"
21973,"6210 Summer Lake Dr","Louisville","KY","40272"
21974,"6204 Summer Lake Dr","Louisville","KY","40272"
21975,"6201 Summer Lake Dr","Louisville","KY","40272"
21976,"6606 Moorhampton Dr","Louisville","KY","40228"
21977,"5040 Terry Rd","Louisville","KY","40216"
21978,"2210 Bell Tavern Ct","Louisville","KY","40207"
21979,"4121 Autumn Way","# 2","Louisville",
21980,"4209 Summer Time Pkwy","Louisville","KY","40272"
21981,"4120 Autumn Way","Louisville","KY","40272"
21982,"4122 Autumn Way","Louisville","KY","40272"
21983,"1603 Gagel Ave","Apt 8","Louisville",
21984,"5504 Mcdeane Rd","Louisville","KY","40216"
21985,"1630 Stafford Ave","Louisville","KY","40216"
21986,"1636 Stafford Ave","Louisville","KY","40216"
21987,"4600 4600 Southern Parkwaye","# 1","Louisville",
21988,"3125 Greenwood Ave","Unit 1","Louisville",
21989,"3429 Rudd Ave","Louisville","KY","40212"
21990,"2814 Richland Ave","Louisville","KY","40220"
21991,"2821 Yorkshire Blvd","Louisville","KY","40220"
21992,"2824 Richland Ave","Louisville","KY","40220"
21993,"2815 Richland Ave","Louisville","KY","40220"
21994,"2817 Richland Ave","Louisville","KY","40220"
21995,"2816 Rockhaven Ave","Louisville","KY","40220"
21996,"2903 Yorkshire Blvd","Louisville","KY","40220"
21997,"2901 Esther Blvd","Louisville","KY","40220"
21998,"2900 Esther Blvd","Louisville","KY","40220"
21999,"2827 Breckenridge Ln","Louisville","KY","40220"
22000,"2921 Yorkshire Blvd","Louisville","KY","40220"
22001,"2826 Brookdale Ave","Louisville","KY","40220"
22002,"2819 Englewood Ave","Louisville","KY","40220"
22003,"2833 Richland Ave","Louisville","KY","40220"
22004,"2824 Rockhaven Ave","Louisville","KY","40220"
22005,"4119 Berkshire Ave","Louisville","KY","40220"
22006,"4112 Berkshire Ave","Louisville","KY","40220"
22007,"2830 Englewood Ave","Louisville","KY","40220"
22008,"2902 Iris Way","Louisville","KY","40220"
22009,"2904 Iris Way","Louisville","KY","40220"
22010,"2906 Englewood Ave","Louisville","KY","40220"
22011,"2908 Iris Way","Louisville","KY","40220"
22012,"2914 Richland Ave","Louisville","KY","40220"
22013,"6506 Falling Star Dr","Louisville","KY","40272"
22014,"6601 Sunny Vale Way","Louisville","KY","40272"
22015,"4005 Brownsboro Rd","Louisville","KY","40207"
22016,"2633 Alford Ave","Unit 2","Louisville",
22017,"226 W Burnett Ave Unit B","Louisville","KY","40208"
22018,"8108 Cedar Meadows Ln","Louisville","KY","40229"
22019,"1526 Swan Creek Pl","Louisville","KY","40299"
22020,"17824 Shakes Creek Dr","Louisville","KY","40023"
22021,"8105 Cedar Meadows Ln","Louisville","KY","40229"
22022,"8505 Lysander Dr","Louisville","KY","40214"
22023,"7847 Whipperwill Rd","Louisville","KY","40214"
22024,"7808 Whipperwill Rd","Louisville","KY","40214"
22025,"7825 Whipperwill Rd","Louisville","KY","40214"
22026,"8115 Red Stone Hill Rd","Louisville","KY","40214"
22027,"2608 Valletta Rd","Louisville","KY","40205"
22028,"845 Minoma Ave","Louisville","KY","40217"
22029,"2342 Alexander Ave","Louisville","KY","40217"
22030,"2904 Megan Thompson Way","Louisville","KY","40220"
22031,"7908 Copper Drift Way","Louisville","KY","40291"
22032,"2908 Megan Thompson Way","Louisville","KY","40220"
22033,"11001 Broad Run Rd","Louisville","KY","40299"
22034,"11308 Broad Run Rd","Louisville","KY","40299"
22035,"6601 Amigo Ct","Louisville","KY","40291"
22036,"6603 El Toro Ct","Louisville","KY","40291"
22037,"6612 El Toro Ct","Louisville","KY","40291"
22038,"6613 El Toro Ct","Louisville","KY","40291"
22039,"10202 El Ventoso Ct","Louisville","KY","40291"
22040,"10209 El Ventoso Ct","Louisville","KY","40291"
22041,"3513 Bells Ln","Louisville","KY","40211"
22042,"6013 Chenoweth Run Rd","Louisville","KY","40299"
22043,"5811 Chenoweth Run Rd","Louisville","KY","40299"
22044,"12400 Valley Park Ct","Louisville","KY","40299"
22045,"6303 Chenoweth Run Rd","Louisville","KY","40299"
22046,"509 N Watterson Trl","Louisville","KY","40243"
22047,"613 Watterson Way","Louisville","KY","40243"
22048,"1508 Sylvan St","Louisville","KY","40205"
22049,"307 Redding Rd","Louisville","KY","40218"
22050,"300 Redding Rd","Louisville","KY","40218"
22051,"257 Granvil Dr","Louisville","KY","40218"
22052,"235 Flamingo Dr","Louisville","KY","40218"
22053,"10500 Grafton Hall Rd","Louisville","KY","40272"
22054,"10409 Grafton Hall Rd","Louisville","KY","40272"
22055,"10407 Grafton Hall Rd","Louisville","KY","40272"
22056,"10415 Grafton Hall Rd","Louisville","KY","40272"
22057,"10419 Grafton Hall Rd","Louisville","KY","40272"
22058,"10408 Grafton Hall Rd","Louisville","KY","40272"
22059,"6012 Oakdale Ln","Louisville","KY","40219"
22060,"6111 Corinth Way","Louisville","KY","40219"
22061,"7818 Mackie Ln","Louisville","KY","40214"
22062,"401 Kenny Blvd","Louisville","KY","40214"
22063,"108 Mackie Ct","Louisville","KY","40214"
22064,"7904 Mackie Ln","Louisville","KY","40214"
22065,"107 Mackie Ct","Louisville","KY","40214"
22066,"114 Mackie Ct","Louisville","KY","40214"
22067,"226 Mcbroom Dr","Louisville","KY","40214"
22068,"1950 Mellwood Ave","Louisville","KY","40206"
22069,"626 Edith Rd","Louisville","KY","40206"
22070,"630 Edith Rd","Louisville","KY","40206"
22071,"9407 Whipps Mill Rd","Louisville","KY","40242"
22072,"9309 Whipps Mill Rd","Louisville","KY","40242"
22073,"9405 Hunter Rd","Louisville","KY","40242"
22074,"1308 Stonewall Way","Louisville","KY","40242"
22075,"1311 Stonewall Way","Louisville","KY","40242"
22076,"1929 W Jefferson St","Louisville","KY","40203"
22077,"14112 Halden Ridge Way","Louisville","KY","40245"
22078,"4105 Steeple Way","Louisville","KY","40245"
22079,"4103 Steeple Way","Louisville","KY","40245"
22080,"4102 Hurstbourne Woods Dr","Louisville","KY","40299"
22081,"8303 Rockvine Ct","Louisville","KY","40299"
22082,"7945 3rd Street Rd","Louisville","KY","40214"
22083,"323 Franck Ave","Apt 1","Louisville",
22084,"1320 Peaceful Way","Louisville","KY","40245"
22085,"4219 Dover Rd","Louisville","KY","40216"
22086,"4401 Bridgeman Ct","Louisville","KY","40218"
22087,"4604 Unseld Blvd","Louisville","KY","40218"
22088,"4502 Exeter Ave","Louisville","KY","40218"
22089,"4610 Unseld Blvd","Louisville","KY","40218"
22090,"902 E Jefferson St","Unit C","Louisville",
22091,"902 E Jefferson St","Unit A","Louisville",
22092,"8604 Wayfield Ct","Unit 2","Louisville",
22093,"10621 National Tpke","Louisville","KY","40118"
22094,"3108 Littlecote Ln","Louisville","KY","40245"
22095,"641R S 38th St","Unit R","Louisville",
22096,"1319 S 2nd St","Apt 3","Louisville",
22097,"4423 Lochridge Pkwy","Louisville","KY","40299"
22098,"Brookley Pl","Lot 14","Louisville",
22099,"4501 S 6th St","Unit 90-4","Louisville",
22100,"11707 Oriole Slough Ln","Louisville","KY","40229"
22101,"11706 Oriole Slough Ln","Louisville","KY","40229"
22102,"4600 Southern Pkwy","Unit F1A","Louisville",
22103,"2906 Noe Ct","Louisville","KY","40220"
22104,"206 Flanders Ct","Unit 20-3","Louisville",
22105,"8507 Lysander Dr","Louisville","KY","40214"
22106,"919 Gilliland Rd","Louisville","KY","40245"
22107,"8908 Thelma Ln","Louisville","KY","40220"
22108,"8202 Westray Ln","Louisville","KY","40219"
22109,"Oak Rock Dr","Lot 213","Louisville",
22110,"17 Beckley Springs Dr","Louisville","KY","40245"
22111,"13708 Chasing Way","Louisville","KY","40299"
22112,"13415 Hollows Ln","Louisville","KY","40299"
22113,"8205 Roseborough Rd","Louisville","KY","40228"
22114,"6808 Oak Rock Dr","Louisville","KY","40291"
22115,"2114 Bonnycastle Ave","Louisville","KY","40205"
22116,"42 Happy Jack Way","Louisville","KY","40299"
22117,"13100 Meadowlawn Dr","Unit 18","Louisville",
22118,"925 E Madison St","Unit 2","Louisville",
22119,"16901 Aiken Cir","Louisville","KY","40245"
22120,"8207 Roseborough Rd","Louisville","KY","40228"
22121,"1401 Painted Stone Pl","Louisville","KY","40245"
22122,"902 Ahland Rd","Louisville","KY","40207"
22123,"911 Perryman Rd","Louisville","KY","40207"
22124,"909 Ahland Rd","Louisville","KY","40207"
22125,"817 Ahland Rd","Louisville","KY","40207"
22126,"4243 Darbrook Rd","Louisville","KY","40207"
22127,"4205 Stivers Ct","Louisville","KY","40207"
22128,"800 Perryman Rd","Louisville","KY","40207"
22129,"813 Ahland Rd","Louisville","KY","40207"
22130,"815 Ahland Rd","Louisville","KY","40207"
22131,"4248 Westport Ter","Louisville","KY","40207"
22132,"813 Perryman Rd","Louisville","KY","40207"
22133,"816 Stivers Rd","Louisville","KY","40207"
22134,"318 Gilliland Rd","Louisville","KY","40245"
22135,"10007 Brentlinger Ln","Louisville","KY","40291"
22136,"10009 Brentlinger Ln","Louisville","KY","40291"
22137,"2220 Payne St","Unit 2","Louisville",
22138,"8507 Lysdander Dr","Louisville","KY","40214"
22139,"3113 Grant Ave","Louisville","KY","40211"
22140,"6810 Oak Rock Dr","Louisville","KY","40291"
22141,"18102 Catalpa Hills Way","Louisville","KY","40023"
22142,"1600 Algonquin Pkwy","Unit 1","Louisville",
22143,"1836 Kendall Ln","Louisville","KY","40216"
22144,"12306 Waterview Pl","Louisville","KY","40291"
22145,"6211 Lynnchester Dr","Louisville","KY","40219"
22146,"6608 Port Antonio Ct","Louisville","KY","40228"
22147,"6013 Yellowsands Dr","Louisville","KY","40219"
22148,"4400 Vaneto Dr","Louisville","KY","40216"
22149,"11009 Chapel Hill Rd","Louisville","KY","40229"
22150,"11002 Chapel Hill Rd","Louisville","KY","40229"
22151,"5207 Amestree Pl","Louisville","KY","40229"
22152,"5206 Amestree Pl","Louisville","KY","40229"
22153,"5204 Amestree Pl","Louisville","KY","40229"
22154,"5305 Crantree Pl","Louisville","KY","40229"
22155,"1820 Sherwood Ave","Unit 1","Louisville",
22156,"9814 Callie Dr","Louisville","KY","40118"
22157,"6408 Lovers Farm Trce","Louisville","KY","40291"
22158,"1525 Swan Creek Pl","Louisville","KY","40299"
22159,"709 Stivers Rd","Louisville","KY","40207"
22160,"4145 Darbrook Rd","Louisville","KY","40207"
22161,"4242 Darbrook Rd","Louisville","KY","40207"
22162,"4244 Darbrook Rd","Louisville","KY","40207"
22163,"320 Merriman Rd","Louisville","KY","40207"
22164,"823 Marengo Dr","Louisville","KY","40243"
22165,"833 N Pope Lick Rd","Louisville","KY","40243"
22166,"837 N Pope Lick Rd","Louisville","KY","40243"
22167,"12504 Farmbrook Dr","Louisville","KY","40243"
22168,"8501 Lysander Dr","Louisville","KY","40214"
22169,"8410 Hollis View Way","Louisville","KY","40214"
22170,"413 Hancock Green Pl","Unit 101A","Louisville",
22171,"402 Wood Rd","Louisville","KY","40222"
22172,"16931 Aiken Ridge Cir","Louisville","KY","40245"
22173,"3021 Wickland Rd","Louisville","KY","40205"
22174,"3023 Wickland Rd","Louisville","KY","40205"
22175,"3101 Thousand Oaks Dr","Louisville","KY","40205"
22176,"3038 Wickland Rd","Louisville","KY","40205"
22177,"3022 Wickland Rd","Louisville","KY","40205"
22178,"1710 Fraser Dr","Louisville","KY","40205"
22179,"1428 Sylvan Way","Louisville","KY","40205"
22180,"1602 Tartan Way","Louisville","KY","40205"
22181,"2806 Newburg Rd","Louisville","KY","40205"
22182,"1406 Sylvan Way","Louisville","KY","40205"
22183,"1411 Sylvan Way","Louisville","KY","40205"
22184,"1420 Sylvan Way","Louisville","KY","40205"
22185,"5121 Oakwood Landings Ln","Unit 5121-301","Louisville",
22186,"530 E Burnett Ave","Unit 532","Louisville",
22187,"2016 Edgeland Ave","Apt 3","Louisville",
22188,"532 E Burnett Ave","Unit 530","Louisville",
22189,"4208 Browns Ln","Louisville","KY","40220"
22190,"424 S 22nd St","Unit B","Louisville",
22191,"6427 Stonecrop Dr","Louisville","KY","40059"
22192,"211 Lanark Pl","Louisville","KY","40243"
22193,"503 Langholm Pl","Louisville","KY","40243"
22194,"11012 Finchley Rd","Louisville","KY","40243"
22195,"11102 Finchley Rd","Louisville","KY","40243"
22196,"502 Lauder Pl","Louisville","KY","40243"
22197,"408 Fellswood Pl","Louisville","KY","40243"
22198,"11102 Huntley Pl","Louisville","KY","40243"
22199,"307 Rannoch Ct","Louisville","KY","40243"
22200,"305 Rannoch Ct","Louisville","KY","40243"
22201,"11204 Darlington Pl","Louisville","KY","40243"
22202,"214 Kinnaird Ln","Louisville","KY","40243"
22203,"300 Kinnaird Ln","Louisville","KY","40243"
22204,"666 Lindell Ave","Unit 1","Louisville",
22205,"900 Clarks Ln","Unit 2","Louisville",
22206,"2220 Payne St","Unit 1","Louisville",
22207,"3500 Pinecone Cir","Louisville","KY","40241"
22208,"607 Burnett Farm Ln","Louisville","KY","40243"
22209,"8510 Lysander Dr","Louisville","KY","40214"
22210,"17614 Fox Spring Way","Louisville","KY","40245"
22211,"3400 Stony Brook Dr","Louisville","KY","40299"
22212,"3406 Stony Brook Dr","Louisville","KY","40299"
22213,"3404 Stony Brook Dr","Louisville","KY","40299"
22214,"3407 Gonewind Dr","Louisville","KY","40299"
22215,"3513 Stony Brook Dr","Louisville","KY","40299"
22216,"3511 Stony Brook Dr","Louisville","KY","40299"
22217,"3516 Kirby Ln","Louisville","KY","40299"
22218,"3519 Kirby Ln","Louisville","KY","40299"
22219,"8808 Stony Falls Way","Louisville","KY","40299"
22220,"8816 Stony Falls Way","Louisville","KY","40299"
22221,"8921 Stara Way","Louisville","KY","40299"
22222,"3816 Kirby Ln","Louisville","KY","40299"
22223,"8908 Siena Ct","Louisville","KY","40299"
22224,"8909 Siena Ct","Louisville","KY","40299"
22225,"8907 Siena Ct","Louisville","KY","40299"
22226,"3809 Kirby Ln","Louisville","KY","40299"
22227,"8902 Gonewind Ct","Louisville","KY","40299"
22228,"3524 Kirby Ln","Louisville","KY","40299"
22229,"8908 Gonewind Ct","Louisville","KY","40299"
22230,"3411 Gonewind Dr","Louisville","KY","40299"
22231,"3409 Stony Brook Dr","Louisville","KY","40299"
22232,"3411 Stony Brook Dr","Louisville","KY","40299"
22233,"3413 Stony Brook Dr","Louisville","KY","40299"
22234,"3503 Stony Brook Dr","Louisville","KY","40299"
22235,"9003 Catania Dr","Louisville","KY","40299"
22236,"9004 Willowwood Way","Louisville","KY","40299"
22237,"3714 Belkamp Dr","Louisville","KY","40299"
22238,"4801 Bilandon Rd","Louisville","KY","40241"
22239,"7511 Clipping Cross Rd","Louisville","KY","40241"
22240,"7513 Clipping Cross Rd","Louisville","KY","40241"
22241,"7300 Springdale Rd","Louisville","KY","40241"
22242,"7507 Clipping Cross Rd","Louisville","KY","40241"
22243,"4816 Clipping Ct","Louisville","KY","40241"
22244,"4604 Wolfspring Dr","Louisville","KY","40241"
22245,"4702 Stony Brook Dr","Louisville","KY","40299"
22246,"8600 Codington Ct","Louisville","KY","40299"
22247,"4608 Stony Brook Dr","Louisville","KY","40299"
22248,"4610 Stony Brook Dr","Louisville","KY","40299"
22249,"4611 Stony Brook Dr","Louisville","KY","40299"
22250,"8801 Gutenberg Rd","Louisville","KY","40299"
22251,"4601 Stony Brook Dr","Louisville","KY","40299"
22252,"12612 Rehl Rd","Louisville","KY","40299"
22253,"12502 Button Willow Ln","Louisville","KY","40299"
22254,"12506 Button Willow Ln","Louisville","KY","40299"
22255,"7404 Beechview Way","Louisville","KY","40219"
22256,"8512 Lysander Dr","Louisville","KY","40214"
22257,"10505 Trotters Pointe Dr","Apt 201","Louisville",
22258,"10501 Trotters Pointe Dr","Apt 204","Louisville",
22259,"6518 Fair Ridge Ln","Louisville","KY","40291"
22260,"8003 Osborne Dr","Louisville","KY","40222"
22261,"1459 Saint James Ct","Louisville","KY","40208"
22262,"701 Hazel St","Unit 3","Louisville",
22263,"701 Hazel St","Unit 1","Louisville",
22264,"3012 Wickland Rd","Louisville","KY","40205"
22265,"1803 Kline Ct","Louisville","KY","40205"
22266,"1816 Kline Ct","Louisville","KY","40205"
22267,"4806 Lacarem Dr","Louisville","KY","40299"
22268,"4814 Nottinghamshire Dr","Louisville","KY","40299"
22269,"4906 Lacarem Dr","Louisville","KY","40299"
22270,"4910 Kay Ave","Louisville","KY","40299"
22271,"8311 Laverne Dr","Louisville","KY","40299"
22272,"4910 Ulrich Rd","Louisville","KY","40299"
22273,"8308 Laverne Dr","Louisville","KY","40299"
22274,"8312 Laverne Dr","Louisville","KY","40299"
22275,"8400 Laverne Dr","Louisville","KY","40299"
22276,"8502 Laverne Dr","Louisville","KY","40299"
22277,"8504 Laverne Dr","Louisville","KY","40299"
22278,"8511 Laverne Dr","Louisville","KY","40299"
22279,"4905 Bowcester Dr","Louisville","KY","40299"
22280,"4904 Nottinghamshire Dr","Louisville","KY","40299"
22281,"4820 Nottinghamshire Dr","Louisville","KY","40299"
22282,"4815 Nottinghamshire Dr","Louisville","KY","40299"
22283,"4811 Nottinghamshire Dr","Louisville","KY","40299"
22284,"9801 Orlandi Ct","Louisville","KY","40299"
22285,"9728 Sue Helen Dr","Louisville","KY","40299"
22286,"3018 Sherbrooke Rd","Louisville","KY","40205"
22287,"3012 Tremont Dr","Louisville","KY","40205"
22288,"3028 Sherbrooke Rd","Louisville","KY","40205"
22289,"2015 Gardiner Ln","Louisville","KY","40205"
22290,"1002 Round Table Ct","Louisville","KY","40222"
22291,"1004 King Arthur Ln","Louisville","KY","40222"
22292,"6505 Lovers Ln","Unit 1","Louisville",
22293,"153 Thierman Ln","Louisville","KY","40207"
22294,"12812 Castle Rd","Louisville","KY","40272"
22295,"7104 Sky Blue Ave","Louisville","KY","40258"
22296,"7202 Sky Blue Ave","Louisville","KY","40258"
22297,"5205 Nettie Way","Louisville","KY","40258"
22298,"7008 Sky Blue Ave","Louisville","KY","40258"
22299,"7102 Gageland Rd","Louisville","KY","40258"
22300,"7100 Gageland Rd","Louisville","KY","40258"
22301,"7011 Gageland Rd","Louisville","KY","40258"
22302,"7006 Sky Blue Ave","Louisville","KY","40258"
22303,"7217 Sky Blue Ave","Louisville","KY","40258"
22304,"7117 Sky Blue Ave","Louisville","KY","40258"
22305,"6981 Sky Blue Ave","Louisville","KY","40258"
22306,"7008 Daisy Ave","Louisville","KY","40258"
22307,"5007 Princeton Ave","Louisville","KY","40258"
22308,"7113 Sky Blue Ave","Louisville","KY","40258"
22309,"8307 Fairmount Rd","Louisville","KY","40291"
22310,"235 Barricks Rd","Louisville","KY","40229"
22311,"990 N Lakeview Dr","Louisville","KY","40229"
22312,"927 N Lakeview Dr","Louisville","KY","40229"
22313,"911 N Lakeview Dr","Louisville","KY","40229"
22314,"315 Barricks Rd","Lot 213","Louisville",
22315,"315 Barricks Rd","Lot 410","Louisville",
22316,"315 Barricks Rd","Lot 405","Louisville",
22317,"711 N Lakeview Dr","Louisville","KY","40229"
22318,"757 N Lakeview Dr","Louisville","KY","40229"
22319,"897 N Lakeview Dr","Louisville","KY","40229"
22320,"885 N Lakeview Dr","Louisville","KY","40229"
22321,"857 N Lakeview Dr","Louisville","KY","40229"
22322,"843 N Lakeview Dr","Louisville","KY","40229"
22323,"831 N Lakeview Dr","Louisville","KY","40229"
22324,"807 N Lakeview Dr","Louisville","KY","40229"
22325,"785 N Lakeview Dr","Louisville","KY","40229"
22326,"16903 Aiken Ridge Cir","Louisville","KY","40245"
22327,"8910 Duxbury Rd","Louisville","KY","40242"
22328,"2603 Kennersley Dr","Louisville","KY","40242"
22329,"8807 Westport Rd","Louisville","KY","40242"
22330,"2400 Malvern Hill Ct","Louisville","KY","40242"
22331,"8809 Westport Rd","Louisville","KY","40242"
22332,"8808 Malvern Hill Rd","Louisville","KY","40242"
22333,"2407 Stonehurst Dr","Louisville","KY","40242"
22334,"8911 Duxbury Rd","Louisville","KY","40242"
22335,"8904 Provincetown Pl","Louisville","KY","40242"
22336,"8707 Best Ct","Louisville","KY","40242"
22337,"103 Eastbridge Ct","Unit 103","Louisville",
22338,"3355 Camp Ground Rd","Louisville","KY","40211"
22339,"3800 Darlene Dr","Louisville","KY","40216"
22340,"3860 Darlene Dr","Louisville","KY","40216"
22341,"3858 Darlene Dr","Louisville","KY","40216"
22342,"3853 Darlene Dr","Louisville","KY","40216"
22343,"3852 Darlene Dr","Louisville","KY","40216"
22344,"2 Bayside Ct","Louisville","KY","40216"
22345,"3801 Cane Run Rd","Louisville","KY","40211"
22346,"3864 Darlene Dr","Louisville","KY","40216"
22347,"3313 Camp Ground Rd","Louisville","KY","40211"
22348,"4313 Wells Dr","Louisville","KY","40258"
22349,"4317 Wells Dr","Louisville","KY","40258"
22350,"7104 Pharris Ave","Louisville","KY","40258"
22351,"4612 Rose Farm Dr","Louisville","KY","40258"
22352,"1212H S 41st St","Louisville","KY","40211"
22353,"6636 Vandre Ave","Louisville","KY","40228"
22354,"6632 Vandre Ave","Louisville","KY","40228"
22355,"6628 Vandre Ave","Louisville","KY","40228"
22356,"6626 Vandre Ave","Louisville","KY","40228"
22357,"7903 Grenelle Dr","Louisville","KY","40228"
22358,"849 1/2 S 26th St","Louisville","KY","40211"
22359,"5005 Axtell Ave","Louisville","KY","40258"
22360,"7906 Nancy Ln","Louisville","KY","40258"
22361,"1307 Southwestern Pkwy","Louisville","KY","40211"
22362,"1209 Durrett Ln","Apt 3","Louisville",
22363,"6505 Lovers Ln","Unit 2","Louisville",
22364,"11311 Breeze Cir","Unit 11311-306","Louisville",
22365,"2614-3 Virginia Ave","Louisville","KY","40211"
22366,"7817 Firescale Ct","Louisville","KY","40291"
22367,"1958 Bonnycastle Ave","Unit BON1958","Louisville",
22368,"10804 Pine Bellow Ln","Louisville","KY","40291"
22369,"2708 Greenwood Ave","Louisville","KY","40211"
22370,"16906 Aiken Ridge Cir","Louisville","KY","40245"
22371,"203 Mt Holly Ave","Unit 4","Louisville",
22372,"1110 Logan St","Unit B","Louisville",
22373,"151 E Florence Ave","Louisville","KY","40214"
22374,"100 E Florence Ave","Louisville","KY","40214"
22375,"729 S 39th St","Apt 2","Louisville",
22376,"2211 Gerald Ct","Louisville","KY","40218"
22377,"2122 Bonnycastle Ave","Louisville","KY","40205"
22378,"Brookley Pl","Lot 17","Louisville",
22379,"3308 Trinity Rd","Louisville","KY","40206"
22380,"512 Morningside Dr","Louisville","KY","40206"
22381,"513 Morningside Dr","Louisville","KY","40206"
22382,"517 Morningside Dr","Louisville","KY","40206"
22383,"3307 Trinity Rd","Louisville","KY","40206"
22384,"512 Mccready Ave","Louisville","KY","40206"
22385,"503 Briar Hill Rd","Louisville","KY","40206"
22386,"507 Briar Hill Rd","Louisville","KY","40206"
22387,"511 Briar Hill Rd","Louisville","KY","40206"
22388,"509 Briar Hill Rd","Louisville","KY","40206"
22389,"502 Penwood Rd","Louisville","KY","40206"
22390,"511 Penwood Rd","Louisville","KY","40206"
22391,"513 Briar Hill Rd","Louisville","KY","40206"
22392,"514 Briar Hill Rd","Louisville","KY","40206"
22393,"512 Briar Hill Rd","Louisville","KY","40206"
22394,"2407 W Jefferson St","Unit 101","Louisville",
22395,"2719 S 4th St","Louisville","KY","40208"
22396,"9103 Kingdom Way","Louisville","KY","40291"
22397,"3526 Woodmont Park Ln","Louisville","KY","40245"
22398,"3530 Woodmont Park Ln","Louisville","KY","40245"
22399,"14903 Oakvista Way","Louisville","KY","40245"
22400,"14907 Oakvista Way","Louisville","KY","40245"
22401,"3609 Oakvista Pl","Louisville","KY","40245"
22402,"14904 Whitestone Ln","Louisville","KY","40245"
22403,"14822 Huntridge Cir","Louisville","KY","40245"
22404,"14704 Old Henry Rd","Louisville","KY","40245"
22405,"3602 Woodmont Park Ln","Louisville","KY","40245"
22406,"3603 Woodmont Park Ln","Louisville","KY","40245"
22407,"3600 Apple Hill Rd","Louisville","KY","40245"
22408,"14625 Anderson Woods Trce","Louisville","KY","40245"
22409,"3908 Woodmont Park Ln","Louisville","KY","40245"
22410,"14904 Huntridge Cir","Louisville","KY","40245"
22411,"14806 Huntridge Cir","Louisville","KY","40245"
22412,"3916 Woodmont Park Ln","Louisville","KY","40245"
22413,"14801 Huntridge Cir","Louisville","KY","40245"
22414,"14615 Anderson Woods Trce","Louisville","KY","40245"
22415,"14907 Huntridge Cir","Louisville","KY","40245"
22416,"14811 Huntridge Cir","Louisville","KY","40245"
22417,"3706 Woodmont Park Ln","Louisville","KY","40245"
22418,"3822 Woodmont Park Ln","Louisville","KY","40245"
22419,"4228 Woodmont Park Ln","Louisville","KY","40245"
22420,"8507 Michael Edward Dr","Louisville","KY","40291"
22421,"8509 Michael Edward Dr","Louisville","KY","40291"
22422,"252 Ridgeway Cor","Louisville","KY","40207"
22423,"3923 Ormond Rd","Louisville","KY","40207"
22424,"13416 N Blakely Ln","Louisville","KY","40272"
22425,"8207 Bost Ln","Louisville","KY","40219"
22426,"8112 Horizon Ln","Louisville","KY","40219"
22427,"8114 Bost Ln","Louisville","KY","40219"
22428,"3710 Tuesday Way","Louisville","KY","40219"
22429,"3711 Wednesday Way","Louisville","KY","40219"
22430,"3702 Wednesday Way","Louisville","KY","40219"
22431,"3701 Wednesday Way","Louisville","KY","40219"
22432,"3705 Wednesday Way","Louisville","KY","40219"
22433,"3604 Pineland Dr","Louisville","KY","40219"
22434,"3609 Pineland Dr","Louisville","KY","40219"
22435,"3611 Pineland Dr","Louisville","KY","40219"
22436,"7911 Briarcliff Rd","Louisville","KY","40219"
22437,"3509 Pineland Dr","Louisville","KY","40219"
22438,"3503 Pineland Dr","Louisville","KY","40219"
22439,"3500 Pineland Dr","Louisville","KY","40219"
22440,"3502 Pineland Dr","Louisville","KY","40219"
22441,"3513 Pineland Dr","Louisville","KY","40219"
22442,"3514 Pineland Dr","Louisville","KY","40219"
22443,"3512 Pineland Dr","Louisville","KY","40219"
22444,"3508 Pineland Dr","Louisville","KY","40219"
22445,"3501 Winnland Dr","Louisville","KY","40219"
22446,"3504 Pineland Dr","Louisville","KY","40219"
22447,"3410 Pineland Dr","Louisville","KY","40219"
22448,"3408 Foreman Ln","Louisville","KY","40219"
22449,"3411 Pineland Dr","Louisville","KY","40219"
22450,"3412 Foreman Ln","Louisville","KY","40219"
22451,"3400 Winnland Dr","Louisville","KY","40219"
22452,"3404 Winnland Dr","Louisville","KY","40219"
22453,"3406 Winnland Dr","Louisville","KY","40219"
22454,"3502 Winnland Dr","Louisville","KY","40219"
22455,"3500 Winnland Dr","Louisville","KY","40219"
22456,"3504 Winnland Dr","Louisville","KY","40219"
22457,"8002 Briarcliff Rd","Louisville","KY","40219"
22458,"8007 Briarcliff Rd","Louisville","KY","40219"
22459,"7990 Woodbury Dr","Louisville","KY","40219"
22460,"8302 Marshwood Ct","Louisville","KY","40219"
22461,"8301 Marshwood Ct","Louisville","KY","40219"
22462,"8300 Marshwood Ct","Louisville","KY","40219"
22463,"8707 Villanova Ct","Louisville","KY","40220"
22464,"8710 Lambach Ln","Louisville","KY","40220"
22465,"3106 Morning Park Ct","Louisville","KY","40220"
22466,"8712 Wildon Pl","Louisville","KY","40220"
22467,"8716 Wildon Pl","Louisville","KY","40220"
22468,"2924 Raven Ct","Louisville","KY","40220"
22469,"2905 Antone Pkwy","Louisville","KY","40220"
22470,"2909 Antone Pkwy","Louisville","KY","40220"
22471,"8706 Wildon Pl","Louisville","KY","40220"
22472,"8617 Lambach Ln","Louisville","KY","40220"
22473,"8709 Wildon Pl","Louisville","KY","40220"
22474,"469 E Brandeis Ave","Unit 1","Louisville",
22475,"1031 Zorn Ave","Louisville","KY","40207"
22476,"4219 Wallingford Ln","Louisville","KY","40218"
22477,"10302 Ledbury Way","Louisville","KY","40223"
22478,"10211 Ledbury Way","Louisville","KY","40223"
22479,"4210 Algonquin Pkwy","Louisville","KY","40211"
22480,"4000 Hope Ct","Louisville","KY","40220"
22481,"3022 Debera Way","Louisville","KY","40220"
22482,"417 Downes Ln","Louisville","KY","40214"
22483,"420 Kilmory Ave","Louisville","KY","40214"
22484,"418 Kilmory Ave","Louisville","KY","40214"
22485,"421 Kilmory Ave","Louisville","KY","40214"
22486,"419 Kilmory Ave","Louisville","KY","40214"
22487,"6606 Rob Roy St","Louisville","KY","40214"
22488,"416 E Southside Ct","Louisville","KY","40214"
22489,"421 W Southside Ct","Louisville","KY","40214"
22490,"422 E Southside Ct","Louisville","KY","40214"
22491,"424 W Southside Ct","Louisville","KY","40214"
22492,"416 W Southside Ct","Louisville","KY","40214"
22493,"414 W Southside Ct","Louisville","KY","40214"
22494,"415 W Southside Ct","Louisville","KY","40214"
22495,"406 E Southside Ct","Louisville","KY","40214"
22496,"222 E Witherspoon St","Unit 401-403","Louisville",
22497,"8126 Saint Andrews Village Dr","Louisville","KY","40241"
22498,"16956 Aiken Ridge Cir","Louisville","KY","40245"
22499,"13104 Cain Ln","Louisville","KY","40245"
22500,"3311 Collins Ln","Louisville","KY","40245"
22501,"3315 Collins Ln","Louisville","KY","40245"
22502,"12413 Old Lagrange Rd","Louisville","KY","40245"
22503,"3804 Jean Cain Pl","Louisville","KY","40245"
22504,"3802 Jean Cain Pl","Louisville","KY","40245"
22505,"3800 Jean Cain Pl","Louisville","KY","40245"
22506,"13115 Cain Ln","Louisville","KY","40245"
22507,"13110 Cain Ln","Louisville","KY","40245"
22508,"13106 Cain Ln","Louisville","KY","40245"
22509,"13417 Cain Ln","Louisville","KY","40245"
22510,"13408 Cain Ln","Louisville","KY","40245"
22511,"13407 Cain Ln","Louisville","KY","40245"
22512,"13416 Cain Ln","Louisville","KY","40245"
22513,"13100 Cain Ln","Louisville","KY","40245"
22514,"2722 Maxey Ln","Louisville","KY","40245"
22515,"2712 Maxey Ln","Louisville","KY","40245"
22516,"9900 Falmouth Ct","Louisville","KY","40299"
22517,"9902 Falmouth Ct","Louisville","KY","40299"
22518,"9904 Falmouth Ct","Louisville","KY","40299"
22519,"2202 Federal Hill Dr","Louisville","KY","40299"
22520,"2118 Old Hickory Rd","Louisville","KY","40299"
22521,"2203 Old Hickory Rd","Louisville","KY","40299"
22522,"2411 Mammoth Way","Louisville","KY","40299"
22523,"2409 Mammoth Way","Louisville","KY","40299"
22524,"2308 Old Hickory Rd","Louisville","KY","40299"
22525,"2415 Mammoth Way","Louisville","KY","40299"
22526,"2405 Mammoth Way","Louisville","KY","40299"
22527,"2301 Old Hickory Rd","Louisville","KY","40299"
22528,"2205 Old Hickory Rd","Louisville","KY","40299"
22529,"902 Sinclair Streetapt","# 3","Louisville",
22530,"Pheasant Hill Cir","Lot 183","Louisville",
22531,"2107 Ben Ali Rd","Louisville","KY","40223"
22532,"6305 Faris Way","Louisville","KY","40272"
22533,"6312 Bethany Ln","Louisville","KY","40272"
22534,"6309 Faris Way","Louisville","KY","40272"
22535,"12405 Bethany Oaks Pkwy","Louisville","KY","40272"
22536,"6313 Bethany Ln","Louisville","KY","40272"
22537,"6315 Bethany Ln","Louisville","KY","40272"
22538,"2010 Marilee Dr","Louisville","KY","40272"
22539,"6401 Bethany Ln","Louisville","KY","40272"
22540,"6403 Bethany Ln","Louisville","KY","40272"
22541,"11004 Oliverda Dr","Louisville","KY","40272"
22542,"6214 Faris Way","Louisville","KY","40272"
22543,"6212 Faris Way","Louisville","KY","40272"
22544,"6209 Maywick Rd","Louisville","KY","40272"
22545,"6202 Faris Way","Louisville","KY","40272"
22546,"11000 Lehr Rd","Louisville","KY","40272"
22547,"6204 Faris Way","Louisville","KY","40272"
22548,"Catalpa Glen Dr","Lot 164","Louisville",
22549,"4419 Lochridge Pkwy","Louisville","KY","40299"
22550,"4206 Billtown Rd","Louisville","KY","40299"
22551,"4311 Annshire Ave","Louisville","KY","40213"
22552,"935 Franklin St","Apt 206","Louisville",
22553,"5603 Chenoweth Run Rd","Louisville","KY","40299"
22554,"5611 Chenoweth Run Rd","Louisville","KY","40299"
22555,"5608 Chenoweth Run Rd","Louisville","KY","40299"
22556,"10909 Fairmount Rd","Louisville","KY","40291"
22557,"11201 Fairmount Rd","Louisville","KY","40291"
22558,"11017 Fairmount Rd","Louisville","KY","40291"
22559,"8411 Cloverport Dr","Unit 1","Louisville",
22560,"2405 Blankenbaker Rd","Unit Rearanx","Louisville",
22561,"3208 Fordhaven Rd","Louisville","KY","40214"
22562,"5609 Ailanthus Trl","Louisville","KY","40219"
22563,"4880 Brenda Dr","Louisville","KY","40219"
22564,"210 Saint Joseph St","Louisville","KY","40203"
22565,"7602 Cedar Hollow Dr","Louisville","KY","40291"
22566,"7608 Cedar Hollow Dr","Louisville","KY","40291"
22567,"6907 Sparky Way","Louisville","KY","40228"
22568,"6914 Acton Ln","Louisville","KY","40228"
22569,"7309 Tangelo Dr","Louisville","KY","40228"
22570,"6903 Hollow Creek Ct","Louisville","KY","40228"
22571,"6902 Downs Branch Rd","Louisville","KY","40228"
22572,"6903 Downs Branch Rd","Louisville","KY","40228"
22573,"6806 Downs Branch Rd","Louisville","KY","40228"
22574,"7202 Hollow Creek Rd","Louisville","KY","40228"
22575,"7204 Hollow Creek Rd","Louisville","KY","40228"
22576,"7203 Hollow Creek Rd","Louisville","KY","40228"
22577,"7207 Hollow Creek Rd","Louisville","KY","40228"
22578,"7111 Rolling Creek Blvd","Louisville","KY","40228"
22579,"7112 Rolling Creek Blvd","Louisville","KY","40228"
22580,"7110 Rolling Creek Blvd","Louisville","KY","40228"
22581,"7108 Rolling Creek Blvd","Louisville","KY","40228"
22582,"7110 Creek Stone Blvd","Louisville","KY","40228"
22583,"7305 Creekview Ct","Louisville","KY","40228"
22584,"7303 Creekview Ct","Louisville","KY","40228"
22585,"7306 Creekview Ct","Louisville","KY","40228"
22586,"6921 Acton Ln","Louisville","KY","40228"
22587,"7308 Creekview Ct","Louisville","KY","40228"
22588,"848 S 23rd St S","Unit 848","Louisville",
22589,"2405 Blankenbaker Rd Rear Anx","Louisville","KY","40299"
22590,"Oak Rock Dr","Lot 205","Louisville",
22591,"3700 Winchester Rd","Louisville","KY","40207"
22592,"3703 Winchester Rd","Louisville","KY","40207"
22593,"3713 Hanover Rd","Louisville","KY","40207"
22594,"6500 Maravian Dr","Louisville","KY","40258"
22595,"804 Sandness Ct","Louisville","KY","40243"
22596,"802 Sandness Ct","Louisville","KY","40243"
22597,"902 Moser Rd","Louisville","KY","40223"
22598,"905 Moser Rd","Louisville","KY","40223"
22599,"10606 Kinross Ct","Louisville","KY","40243"
22600,"10611 Kinross Ct","Louisville","KY","40243"
22601,"10607 Kinross Ct","Louisville","KY","40243"
22602,"10712 Linn Station Rd","Louisville","KY","40223"
22603,"10710 Linn Station Rd","Louisville","KY","40223"
22604,"10707 Linn Station Rd","Louisville","KY","40223"
22605,"10709 Linn Station Rd","Louisville","KY","40223"
22606,"1104 Wood Wynd Way","Louisville","KY","40223"
22607,"1114 Silvercrest Ln","Louisville","KY","40223"
22608,"1110 Silvercrest Ln","Louisville","KY","40223"
22609,"1104 Silvercrest Ln","Louisville","KY","40223"
22610,"1106 Silvercrest Ln","Louisville","KY","40223"
22611,"10522 Edgewater Rd","Louisville","KY","40223"
22612,"10520 Edgewater Rd","Louisville","KY","40223"
22613,"10518 Edgewater Rd","Louisville","KY","40223"
22614,"1100 Wood Wynd Way","Louisville","KY","40223"
22615,"1101 Woodcroft Ct","Louisville","KY","40223"
22616,"10524 Edgewater Rd","Louisville","KY","40223"
22617,"10704 Bowmore Ct","Louisville","KY","40243"
22618,"10710 Bowmore Ct","Louisville","KY","40243"
22619,"10803 Falkirk Rd","Louisville","KY","40243"
22620,"1216 Moser Rd","Louisville","KY","40223"
22621,"5811 Bocagrande Dr","Louisville","KY","40219"
22622,"5809 Bocagrande Dr","Louisville","KY","40219"
22623,"8404 Michael Ray Dr","Louisville","KY","40219"
22624,"5810 Bocagrande Dr","Louisville","KY","40219"
22625,"8403 Michael Ray Dr","Louisville","KY","40219"
22626,"8401 Michael Ray Dr","Louisville","KY","40219"
22627,"8407 Michael Ray Dr","Louisville","KY","40219"
22628,"2207 Octagon Ave","Louisville","KY","40229"
22629,"3700 Baracha Ct","Louisville","KY","40229"
22630,"11417 Angelina Rd","Louisville","KY","40229"
22631,"11419 Angelina Rd","Louisville","KY","40229"
22632,"11421 Angelina Rd","Louisville","KY","40229"
22633,"11418 Angelina Rd","Louisville","KY","40229"
22634,"11420 Angelina Rd","Louisville","KY","40229"
22635,"11422 Angelina Rd","Louisville","KY","40229"
22636,"3551 E Blue Lick Rd","Louisville","KY","40229"
22637,"3565 E Blue Lick Rd","Louisville","KY","40229"
22638,"169 Octagon Ave","Louisville","KY","40229"
22639,"200 Octagon Ave","Louisville","KY","40229"
22640,"245 Octagon Ave","Louisville","KY","40229"
22641,"287 Octagon Ave","Louisville","KY","40229"
22642,"271 Octagon Ave","Louisville","KY","40229"
22643,"7711 Conifer Dr","Louisville","KY","40258"
22644,"7801 Conifer Dr","Louisville","KY","40258"
22645,"1106 Rose Hill Ln","Unit 3","Louisville",
22646,"6807 Oak Rock Dr","Louisville","KY","40291"
22647,"210 Charlton Wynde Dr","Unit 5","Louisville",
22648,"10703 Cedar Creek Rd","Unit R","Louisville",
22649,"1517 E Washington St","Louisville","KY","40206"
22650,"1529 Quincy St","Louisville","KY","40206"
22651,"4609 Delphene Cir","Louisville","KY","40241"
22652,"4413 Deer Springs Ct","Louisville","KY","40241"
22653,"4409 Deer Springs Ct","Louisville","KY","40241"
22654,"4411 Deer Springs Ct","Louisville","KY","40241"
22655,"4412 Deer Springs Ct","Louisville","KY","40241"
22656,"4410 Deer Springs Ct","Louisville","KY","40241"
22657,"8513 Running Spring Dr","Louisville","KY","40241"
22658,"4400 Creekcrossing Dr","Louisville","KY","40241"
22659,"4406 Deer Springs Ct","Louisville","KY","40241"
22660,"4401 Deer Springs Ct","Louisville","KY","40241"
22661,"3526 Graham Rd","Louisville","KY","40207"
22662,"3514 Winchester Rd","Louisville","KY","40207"
22663,"3521 Hanover Rd","Louisville","KY","40207"
22664,"3527 Hanover Rd","Louisville","KY","40207"
22665,"3529 Hanover Rd","Louisville","KY","40207"
22666,"3520 Hanover Rd","Louisville","KY","40207"
22667,"3516 Hughes Rd","Louisville","KY","40207"
22668,"601 Thompson Ave","Louisville","KY","40207"
22669,"2044 Alta Ave","Louisville","KY","40205"
22670,"1704 S Preston St","Unit 1","Louisville",
22671,"3510 Winchester Rd","Louisville","KY","40207"
22672,"9207 Watterson Trl","Louisville","KY","40299"
22673,"9201 Watterson Trl","Louisville","KY","40299"
22674,"8717 Watterson Trl","Louisville","KY","40299"
22675,"1780 Blue Creek Ct","Louisville","KY","40229"
22676,"16904 Aiken Rdg Cir","Louisville","KY","40245"
22677,"1854 W Ormsby Ave","Unit 1","Louisville",
22678,"2216 Bolling Ave","Unit Sfh","Louisville",
22679,"Meadow Creek Ct","Lot 90","Louisville",
22680,"904 W Riverside Dr","Louisville","KY","40207"
22681,"701 Grant Ave","Louisville","KY","40222"
22682,"4203 Taylor Cove Ct","Louisville","KY","40220"
22683,"1152 Dixie Hwy","Unit 4","Louisville",
22684,"Brookley Pl","Lot 43","Louisville",
22685,"12502 Railcar Rd","Louisville","KY","40272"
22686,"4216 Billtown Rd","Louisville","KY","40299"
22687,"421 Poplar Level Ct","Unit 307","Louisville",
22688,"11007 Thunder Dr","Louisville","KY","40272"
22689,"2501 Brownsboro Rd","Louisville","KY","40206"
22690,"2631 W Madison St","Unit 2","Louisville",
22691,"208 W Tenny Ave","Louisville","KY","40214"
22692,"818 Rubel Ave","Unit Neat","Louisville",
22693,"519 N 20th St","Unit 2","Louisville",
22694,"839 S Jackson St","Unit 8","Louisville",
22695,"839 S Jackson St","Unit 5","Louisville",
22696,"839 S Jackson St","Unit 9","Louisville",
22697,"12401 Tyler Woods Ct","Louisville","KY","40299"
22698,"7608 Pauls View Pl","Louisville","KY","40228"
22699,"839 S Jackson St","Unit 4","Louisville",
22700,"839 S Jackson St","Unit 6","Louisville",
22701,"839 S Jackson St","Unit 3","Louisville",
22702,"839 S Jackson St","Unit 1","Louisville",
22703,"9405 Thor Ave","Louisville","KY","40229"
22704,"9401 Thor Ave","Louisville","KY","40229"
22705,"3701 Freedom Way","Louisville","KY","40229"
22706,"9416 Titan Dr","Louisville","KY","40229"
22707,"3604 Grissom Way","Louisville","KY","40229"
22708,"9417 Titan Dr","Louisville","KY","40229"
22709,"8422 Oxford Woods Ct","Louisville","KY","40222"
22710,"8204 Roland Ave","Louisville","KY","40222"
22711,"425 Lyndon Ln","Louisville","KY","40222"
22712,"8402 Oxford Woods Ct","Louisville","KY","40222"
22713,"423 Wisteria Ave","Louisville","KY","40222"
22714,"5520 Blevins Gap Rd","Louisville","KY","40272"
22715,"5409 Blevins Gap Rd","Louisville","KY","40272"
22716,"6814 Oak Rock Dr","Louisville","KY","40291"
22717,"9101 Walter Ave Unit A","Louisville","KY","40229"
22718,"8106 Cedar Meadows Ln","Louisville","KY","40229"
22719,"8103 Cedar Meadows Ln","Louisville","KY","40229"
22720,"2002 Northfield Dr","Louisville","KY","40222"
22721,"2006 Northfield Dr","Louisville","KY","40222"
22722,"2009 Northfield Dr","Louisville","KY","40222"
22723,"2007 Northfield Dr","Louisville","KY","40222"
22724,"2008 Newmarket Dr","Louisville","KY","40222"
22725,"2107 Newmarket Dr","Louisville","KY","40222"
22726,"2103 Newmarket Dr","Louisville","KY","40222"
22727,"2104 Newmarket Dr","Louisville","KY","40222"
22728,"2101 Northfield Dr","Louisville","KY","40222"
22729,"2103 Northfield Dr","Louisville","KY","40222"
22730,"2104 Northfield Dr","Louisville","KY","40222"
22731,"2106 Northfield Dr","Louisville","KY","40222"
22732,"2107 Northfield Dr","Louisville","KY","40222"
22733,"2012 Northfield Dr","Louisville","KY","40222"
22734,"1919 Warrington Way","Louisville","KY","40222"
22735,"1917 Warrington Way","Louisville","KY","40222"
22736,"6403 Haverhill Rd","Louisville","KY","40222"
22737,"1909 Grantham Ct","Louisville","KY","40222"
22738,"1904 Grantham Ct","Louisville","KY","40222"
22739,"1907 Grantham Ct","Louisville","KY","40222"
22740,"1906 Crossgate Ln","Louisville","KY","40222"
22741,"2109 Newmarket Dr","Louisville","KY","40222"
22742,"6108 Hunting Rd","Louisville","KY","40222"
22743,"9814 Chambers Cir","Louisville","KY","40299"
22744,"4313 Chambers Way","Louisville","KY","40299"
22745,"3915 Billtown Rd","Louisville","KY","40299"
22746,"4115 Billtown Rd","Louisville","KY","40299"
22747,"4201 Billtown Rd","Louisville","KY","40299"
22748,"4209 Billtown Rd","Louisville","KY","40299"
22749,"137 Wood Valley Ct","Louisville","KY","40299"
22750,"571 Wood Valley Ln","Louisville","KY","40299"
22751,"1260 Wood Valley Ln","Louisville","KY","40299"
22752,"548 Wood Valley Ln","Louisville","KY","40299"
22753,"737 Wood Valley Ln","Louisville","KY","40299"
22754,"642 Wood Valley Ln","Louisville","KY","40299"
22755,"612 Wood Valley Ln","Louisville","KY","40299"
22756,"671 Wood Valley Ln","Louisville","KY","40299"
22757,"705 Wood Valley Ln","Louisville","KY","40299"
22758,"694 Wood Valley Ln","Louisville","KY","40299"
22759,"655 Wood Valley Ln","Louisville","KY","40299"
22760,"607 Wood Valley Ln","Louisville","KY","40299"
22761,"6020 Chenoweth Run Rd","Louisville","KY","40299"
22762,"6100 Chenoweth Run Rd","Louisville","KY","40299"
22763,"6010 Chenoweth Run Rd","Louisville","KY","40299"
22764,"6205 Chenoweth Run Rd","Louisville","KY","40299"
22765,"11301 Tarrence Rd","Louisville","KY","40299"
22766,"5407 Chenoweth Run Rd","Louisville","KY","40299"
22767,"2700 Shelley Ave","Louisville","KY","40205"
22768,"2012 Gladstone Ave","Louisville","KY","40205"
22769,"2016 Gladstone Ave","Louisville","KY","40205"
22770,"2021 Tyler Ln","Louisville","KY","40205"
22771,"1912 Dillon Dr","Louisville","KY","40205"
22772,"2905 Falmouth Dr","Louisville","KY","40205"
22773,"2902 Falmouth Dr","Louisville","KY","40205"
22774,"2901 Falmouth Dr","Louisville","KY","40205"
22775,"2824 Tremont Dr","Louisville","KY","40205"
22776,"2018 Tyler Ln","Louisville","KY","40205"
22777,"1909 Dillon Dr","Louisville","KY","40205"
22778,"1827 Tyler Ln","Louisville","KY","40205"
22779,"1902 Tyler Ln","Louisville","KY","40205"
22780,"2037 Tyler Ln","Louisville","KY","40205"
22781,"2033 Tyler Ln","Louisville","KY","40205"
22782,"2039 Tyler Ln","Louisville","KY","40205"
22783,"3000 Piedmont Dr","Louisville","KY","40205"
22784,"3004 Piedmont Dr","Louisville","KY","40205"
22785,"3003 Falmouth Dr","Louisville","KY","40205"
22786,"46 Osage Trl","Louisville","KY","40245"
22787,"23 Eagle Trace Ct","Louisville","KY","40245"
22788,"149 Whispering Pines Cir","Louisville","KY","40245"
22789,"103 Whispering Pines Cir","Louisville","KY","40245"
22790,"188 Persimmon Ridge Dr","Louisville","KY","40245"
22791,"25 Eagle Trace Ct","Louisville","KY","40245"
22792,"257 Persimmon Ridge Dr","Louisville","KY","40245"
22793,"308 Arthur Hills Way","Louisville","KY","40245"
22794,"18 Oak Tree Ln","Louisville","KY","40245"
22795,"17 Oak Tree Ln","Louisville","KY","40245"
22796,"15 Oak Tree Ln","Louisville","KY","40245"
22797,"19 Oak Tree Ln","Louisville","KY","40245"
22798,"96 Persimmon Ridge Dr","Louisville","KY","40245"
22799,"8 Oak Tree Ln","Louisville","KY","40245"
22800,"11 Oak Tree Ln","Louisville","KY","40245"
22801,"13 Oak Tree Ln","Louisville","KY","40245"
22802,"4 Oak Tree Ln","Louisville","KY","40245"
22803,"3 Oak Tree Ln","Louisville","KY","40245"
22804,"1441 Highland Ave","Louisville","KY","40204"
22805,"12333 Springmeadow Dr","Louisville","KY","40229"
22806,"12330 Springmeadow Dr","Louisville","KY","40229"
22807,"4630 Springdale Ct","Louisville","KY","40229"
22808,"12337 Springmeadow Dr","Louisville","KY","40229"
22809,"4602 Springfield Ct","Louisville","KY","40229"
22810,"4632 Springdale Ct","Louisville","KY","40229"
22811,"12335 Springmeadow Dr","Louisville","KY","40229"
22812,"12339 Springmeadow Dr","Louisville","KY","40229"
22813,"4606 Springdale Ct","Louisville","KY","40229"
22814,"354 Old Preston Hwy N","Louisville","KY","40229"
22815,"3707 Essex Rd","Louisville","KY","40220"
22816,"3714 Essex Rd","Louisville","KY","40220"
22817,"2908 Arden Rd","Louisville","KY","40220"
22818,"2912 Arden Rd","Louisville","KY","40220"
22819,"2410 Tavener Dr","Louisville","KY","40242"
22820,"2407 Tavener Dr","Louisville","KY","40242"
22821,"2411 Tavener Dr","Louisville","KY","40242"
22822,"2413 Tavener Dr","Louisville","KY","40242"
22823,"2415 Tavener Dr","Louisville","KY","40242"
22824,"2411 Stayton Way","Louisville","KY","40242"
22825,"2400 Henley Ct","Louisville","KY","40242"
22826,"2403 Medbury Ct","Louisville","KY","40242"
22827,"2802 Arden Rd","Louisville","KY","40220"
22828,"2807 Thames Ave","Louisville","KY","40220"
22829,"2809 Thames Ave","Louisville","KY","40220"
22830,"2810 Thames Ave","Louisville","KY","40220"
22831,"2806 Thames Ave","Louisville","KY","40220"
22832,"303 Park View Dr","Louisville","KY","40245"
22833,"309 Park View Dr","Louisville","KY","40245"
22834,"305 Park View Dr","Louisville","KY","40245"
22835,"301 Park View Dr","Louisville","KY","40245"
22836,"310 Park View Dr","Louisville","KY","40245"
22837,"314 Park View Dr","Louisville","KY","40245"
22838,"1 Woodhill Rd","Louisville","KY","40207"
22839,"25 River Hill Rd","Louisville","KY","40207"
22840,"26 River Hill Rd","Louisville","KY","40207"
22841,"5 River Hill Rd","Louisville","KY","40207"
22842,"2 River Hill Rd","Louisville","KY","40207"
22843,"6 River Hill Rd","Louisville","KY","40207"
22844,"50 River Hill Rd","Louisville","KY","40207"
22845,"8 River Hill Rd","Louisville","KY","40207"
22846,"3 River Hill Rd","Louisville","KY","40207"
22847,"3 River Bluff Rd","Louisville","KY","40207"
22848,"2 River Bluff Rd","Louisville","KY","40207"
22849,"1 River Hill Rd","Louisville","KY","40207"
22850,"10 River Hill Rd","Louisville","KY","40207"
22851,"11 Rio Vista Dr","Louisville","KY","40207"
22852,"23 Rio Vista Dr","Louisville","KY","40207"
22853,"27 Rio Vista Dr","Louisville","KY","40207"
22854,"17 Rio Vista Dr","Louisville","KY","40207"
22855,"20 Rio Vista Dr","Louisville","KY","40207"
22856,"19 Rio Vista Dr","Louisville","KY","40207"
22857,"2121 Lonesome Hollow Rd","Louisville","KY","40272"
22858,"1905 Lonesome Hollow Rd","Louisville","KY","40272"
22859,"2003 Lonesome Hollow Rd","Louisville","KY","40272"
22860,"2000 Wildflower Hill Ln","Louisville","KY","40272"
22861,"2001 Lonesome Hollow Rd","Louisville","KY","40272"
22862,"16011 Plum Creek Trl","Louisville","KY","40299"
22863,"5003 Routt Rd","Louisville","KY","40299"
22864,"16211 Plum Creek Trl","Louisville","KY","40299"
22865,"16221 Plum Creek Trl","Louisville","KY","40299"
22866,"9206 Hassy Way","Louisville","KY","40299"
22867,"16223 Dry Ridge Rd","Louisville","KY","40299"
22868,"1715 Griffin Gate Rd","Louisville","KY","40205"
22869,"1503 Sylvan Way","Louisville","KY","40205"
22870,"1707 Griffin Gate Rd","Louisville","KY","40205"
22871,"1713 Griffin Gate Rd","Louisville","KY","40205"
22872,"1709 Griffin Gate Rd","Louisville","KY","40205"
22873,"1501 Sylvan Way","Louisville","KY","40205"
22874,"1501 Sylvan Wynde","Louisville","KY","40205"
22875,"1430 Sylvan Way","Louisville","KY","40205"
22876,"1432 Sylvan Way","Louisville","KY","40205"
22877,"1502 Sylvan Ct","Louisville","KY","40205"
22878,"1500 Sylvan Ct","Louisville","KY","40205"
22879,"1505 Sylvan Way","Louisville","KY","40205"
22880,"1312 Tycoon Way","Louisville","KY","40213"
22881,"1507 Sylvan Way","Louisville","KY","40205"
22882,"1318 Tycoon Way","Louisville","KY","40213"
22883,"1504 Sylvan Ct","Louisville","KY","40205"
22884,"1501 Sylvan Ct","Louisville","KY","40205"
22885,"1511 Sylvan Wynde","Louisville","KY","40205"
22886,"1509 Sylvan Wynde","Louisville","KY","40205"
22887,"2700 Newburg Rd","Louisville","KY","40205"
22888,"2600 1/2 Newburg Rd","Louisville","KY","40205"
22889,"1729 Griffin Gate Rd","Louisville","KY","40205"
22890,"3901 Bayswater Way","Louisville","KY","40205"
22891,"1716 Griffin Gate Rd","Louisville","KY","40205"
22892,"160 Joseph Ave","Louisville","KY","40229"
22893,"1950 Roanoke Ave","Louisville","KY","40205"
22894,"1900 Ivanhoe Ct","Louisville","KY","40205"
22895,"5601 Brinson Dr","Louisville","KY","40216"
22896,"5602 Brinson Dr","Louisville","KY","40216"
22897,"5511 Mcdeane Rd","Louisville","KY","40216"
22898,"5511 Brinson Dr","Louisville","KY","40216"
22899,"5509 Brinson Dr","Louisville","KY","40216"
22900,"10741 Hobbs Station Rd","Louisville","KY","40223"
22901,"8004 Glaser Ln","Louisville","KY","40291"
22902,"7301 S Watterson Trl","Louisville","KY","40291"
22903,"7914 Glaser Ln","Louisville","KY","40291"
22904,"8006 Glaser Ln","Louisville","KY","40291"
22905,"8000 Glaser Ln","Louisville","KY","40291"
22906,"8002 Glaser Ln","Louisville","KY","40291"
22907,"8009 Schroering Dr","Louisville","KY","40291"
22908,"8100 Glaser Ln","Louisville","KY","40291"
22909,"8102 Glaser Ln","Louisville","KY","40291"
22910,"7406 S Watterson Trl","Louisville","KY","40291"
22911,"7402 S Watterson Trl","Louisville","KY","40291"
22912,"7321 S Watterson Trl","Louisville","KY","40291"
22913,"7315 S Watterson Trl","Louisville","KY","40291"
22914,"7503 S Watterson Trl","Louisville","KY","40291"
22915,"7511 S Watterson Trl","Louisville","KY","40291"
22916,"8001 Huntsman Trl","Louisville","KY","40291"
22917,"8201 Farmwood Way","Louisville","KY","40291"
22918,"8010 Huntsman Trl","Louisville","KY","40291"
22919,"8004 Huntsman Trl","Louisville","KY","40291"
22920,"8011 Beulah Church Rd","Louisville","KY","40291"
22921,"8013 Beulah Church Rd","Louisville","KY","40291"
22922,"7503 Stone Brook Dr","Louisville","KY","40291"
22923,"7505 Stone Brook Dr","Louisville","KY","40291"
22924,"4321 Barbour Ln","Louisville","KY","40241"
22925,"4333 Ivy Crest Cir","Louisville","KY","40241"
22926,"4417 Ivy Crest Cir","Louisville","KY","40241"
22927,"4505 Ivy Crest Cir","Louisville","KY","40241"
22928,"4502 Ivy Crest Cir","Louisville","KY","40241"
22929,"4422 Ivy Crest Cir","Louisville","KY","40241"
22930,"4403 Ivy Crest Cir","Louisville","KY","40241"
22931,"4406 Ivy Crest Cir","Louisville","KY","40241"
22932,"4402 Ivy Crest Cir","Louisville","KY","40241"
22933,"7505 Deer View Ct","Louisville","KY","40241"
22934,"7381 Wolfspring Trce","Louisville","KY","40241"
22935,"7502 Deer View Ct","Louisville","KY","40241"
22936,"7504 Deer View Ct","Louisville","KY","40241"
22937,"7371 Wolfspring Trce","Louisville","KY","40241"
22938,"7364 Wolfspring Trce","Louisville","KY","40241"
22939,"7376 Wolfspring Trce","Louisville","KY","40241"
22940,"4519 Wolfcreek Pkwy","Louisville","KY","40241"
22941,"7622 Deer Meadow Dr","Louisville","KY","40241"
22942,"7618 Deer Meadow Dr","Louisville","KY","40241"
22943,"7628 Deer Meadow Dr","Louisville","KY","40241"
22944,"7613 Deer Meadow Dr","Louisville","KY","40241"
22945,"7612 Deer Meadow Dr","Louisville","KY","40241"
22946,"4510 Wolfspring Dr","Louisville","KY","40241"
22947,"7606 Deer Meadow Dr","Louisville","KY","40241"
22948,"3202 Raintree Pl","Louisville","KY","40211"
22949,"3204 Raintree Pl","Louisville","KY","40211"
22950,"3201 Raintree Pl","Louisville","KY","40211"
22951,"3200 Raintree Pl","Louisville","KY","40211"
22952,"2811 Yorkshire Blvd","Louisville","KY","40220"
22953,"2810 Yorkshire Blvd","Louisville","KY","40220"
22954,"2811 Esther Blvd","Louisville","KY","40220"
22955,"2804 Rockhaven Ave","Louisville","KY","40220"
22956,"2802 Rockhaven Ave","Louisville","KY","40220"
22957,"2803 Richland Ave","Louisville","KY","40220"
22958,"4104 Hillbrook Dr","Louisville","KY","40220"
22959,"2801 Yorkshire Blvd","Louisville","KY","40220"
22960,"4003 Hillbrook Dr","Louisville","KY","40220"
22961,"2816 Esther Blvd","Louisville","KY","40220"
22962,"2818 Esther Blvd","Louisville","KY","40220"
22963,"2805 Esther Blvd","Louisville","KY","40220"
22964,"2803 Esther Blvd","Louisville","KY","40220"
22965,"2801 Esther Blvd","Louisville","KY","40220"
22966,"4002 Hillbrook Dr","Louisville","KY","40220"
22967,"4004 Hillbrook Dr","Louisville","KY","40220"
22968,"2805 Yorkshire Blvd","Louisville","KY","40220"
22969,"2807 Yorkshire Blvd","Louisville","KY","40220"
22970,"4065 Elmwood Ave","Louisville","KY","40207"
22971,"414 Cherrywood Rd","Louisville","KY","40207"
22972,"4026 Brookfield Ave","Louisville","KY","40207"
22973,"4029 Brookfield Ave","Louisville","KY","40207"
22974,"4031 Brookfield Ave","Louisville","KY","40207"
22975,"4032 Leland Rd","Louisville","KY","40207"
22976,"4037 Brookfield Ave","Louisville","KY","40207"
22977,"4024 Leland Rd","Louisville","KY","40207"
22978,"4023 Leland Rd","Louisville","KY","40207"
22979,"4018 Leland Rd","Louisville","KY","40207"
22980,"4013 Brookfield Ave","Louisville","KY","40207"
22981,"4009 Brookfield Ave","Louisville","KY","40207"
22982,"4028 Elmwood Ave","Louisville","KY","40207"
22983,"4030 Elmwood Ave","Louisville","KY","40207"
22984,"4024 Elmwood Ave","Louisville","KY","40207"
22985,"4022 Elmwood Ave","Louisville","KY","40207"
22986,"415 Clover Ln","Louisville","KY","40207"
22987,"4021 Gilman Ave","Louisville","KY","40207"
22988,"420 Clover Ln","Louisville","KY","40207"
22989,"4003 Flint Rd","Louisville","KY","40207"
22990,"4703 Glenna Way","Louisville","KY","40219"
22991,"4708 Mile Of Sunshine Dr","Louisville","KY","40219"
22992,"1052 Alta Vista Rd","Louisville","KY","40205"
22993,"208 Alreva Rd","Louisville","KY","40216"
22994,"212 Alreva Rd","Louisville","KY","40216"
22995,"7215 Alameter Ct","Louisville","KY","40258"
22996,"7211 Alameter Ct","Louisville","KY","40258"
22997,"3802 Alameter Dr","Louisville","KY","40258"
22998,"7207 Alameter Ct","Louisville","KY","40258"
22999,"3800 Alameter Dr","Louisville","KY","40258"
23000,"7203 Alameter Ct","Louisville","KY","40258"
23001,"3713 Alameter Dr","Louisville","KY","40258"
23002,"3802 Baymeadow Dr","Louisville","KY","40258"
23003,"3816 Baymeadow Dr","Louisville","KY","40258"
23004,"7219 Alameter Ct","Louisville","KY","40258"
23005,"3907 Baymeadow Dr","Louisville","KY","40258"
23006,"3911 Baymeadow Dr","Louisville","KY","40258"
23007,"3606 Westmeadow Ct","Louisville","KY","40258"
23008,"3604 Westmeadow Ct","Louisville","KY","40258"
23009,"6904 Birnamwood Dr","Louisville","KY","40258"
23010,"3707 Baymeadow Dr","Louisville","KY","40258"
23011,"209 Redding Rd","Louisville","KY","40218"
23012,"217 Redding Rd","Louisville","KY","40218"
23013,"213 Redding Rd","Louisville","KY","40218"
23014,"216 Welburn Dr","Louisville","KY","40218"
23015,"4006 Breckenridge Ln","Louisville","KY","40218"
23016,"4099 Breckenridge Ln","Louisville","KY","40218"
23017,"4101 Breckenridge Ln","Louisville","KY","40218"
23018,"7105 Kromer Dr","Louisville","KY","40218"
23019,"8518 Watterson Trl","Louisville","KY","40299"
23020,"8516 Bronzewing Ct","Louisville","KY","40299"
23021,"8510 Bronzewing Ct","Louisville","KY","40299"
23022,"8505 Bronzewing Ct","Louisville","KY","40299"
23023,"221 El Conquistador Pl","Louisville","KY","40220"
23024,"273 El Conquistador Pl","Louisville","KY","40220"
23025,"366 El Conquistador Pl","Louisville","KY","40220"
23026,"218 Casa Bella Ct","Louisville","KY","40220"
23027,"3030 Breckenridge Ln","Apt 119","Louisville",
23028,"3030 Breckenridge Ln","Apt 206","Louisville",
23029,"238 El Conquistador Pl","Louisville","KY","40220"
23030,"240 El Conquistador Pl","Louisville","KY","40220"
23031,"3030 Breckenridge Ln","Apt 335","Louisville",
23032,"339 El Conquistador Pl","Louisville","KY","40220"
23033,"208 Casa Bella Ct","Louisville","KY","40220"
23034,"279 El Conquistador Pl","Louisville","KY","40220"
23035,"116 Casa Bella Ct","Louisville","KY","40220"
23036,"220 El Conquistador Pl","Louisville","KY","40220"
23037,"3030 Breckenridge Ln","Apt 331","Louisville",
23038,"10600 Hume Ct","Louisville","KY","40272"
23039,"4304 Southridge Dr","Louisville","KY","40272"
23040,"4400 Southridge Dr","Louisville","KY","40272"
23041,"4201 Silvercreek Rd","Louisville","KY","40272"
23042,"10416 S Dodge Ln","Louisville","KY","40272"
23043,"10234 Dodge Ln","Louisville","KY","40272"
23044,"4415 Southridge Dr","Louisville","KY","40272"
23045,"4205 Silvercreek Rd","Louisville","KY","40272"
23046,"4403 Southridge Dr","Louisville","KY","40272"
23047,"4220 Mada Way","Louisville","KY","40272"
23048,"10309 S Dodge Ln","Louisville","KY","40272"
23049,"10229 Dodge Ln","Louisville","KY","40272"
23050,"10232 Dodge Ln","Louisville","KY","40272"
23051,"4207 Silvercreek Rd","Louisville","KY","40272"
23052,"8217 Poinsettia Dr","Louisville","KY","40258"
23053,"8212 Poinsettia Dr","Louisville","KY","40258"
23054,"8302 Poinsettia Dr","Louisville","KY","40258"
23055,"8209 Aspen Ave","Louisville","KY","40258"
23056,"8303 Aspen Ave","Louisville","KY","40258"
23057,"5706 Mockernut Ln","Louisville","KY","40258"
23058,"5612 Mockernut Ln","Louisville","KY","40258"
23059,"8213 Aspen Ave","Louisville","KY","40258"
23060,"5710 Mockernut Ln","Louisville","KY","40258"
23061,"5690 Dorinda Dr","Louisville","KY","40258"
23062,"5809 Hornbeam Ln","Louisville","KY","40258"
23063,"5806 Hornbeam Ln","Louisville","KY","40258"
23064,"5811 Benny Rd","Louisville","KY","40258"
23065,"5704 Mockernut Ln","Louisville","KY","40258"
23066,"5647 Dorinda Dr","Louisville","KY","40258"
23067,"8306 Aspen Ave","Louisville","KY","40258"
23068,"10024 Chenoweth Vista Way","Louisville","KY","40299"
23069,"9902 Chenoweth Vista Way","Louisville","KY","40299"
23070,"9906 Chenoweth Vista Way","Louisville","KY","40299"
23071,"10007 Chenoweth Vista Way","Louisville","KY","40299"
23072,"10015 Chenoweth Vista Way","Louisville","KY","40299"
23073,"5406 Chenoweth Park Ln","Louisville","KY","40291"
23074,"9925 Chenoweth Vista Way","Louisville","KY","40299"
23075,"10002 Mary Dell Ln","Louisville","KY","40291"
23076,"5600 Lovers Ln","Louisville","KY","40299"
23077,"10008 Chenoweth Vista Way","Louisville","KY","40299"
23078,"9915 Chenoweth Vista Way","Louisville","KY","40299"
23079,"5408 Billtown Rd","Louisville","KY","40299"
23080,"9905 Chenoweth Vista Way","Louisville","KY","40299"
23081,"10011 Chenoweth Vista Way","Louisville","KY","40299"
23082,"5411 Chenoweth Park Ln","Louisville","KY","40291"
23083,"10021 Chenoweth Vista Way","Louisville","KY","40299"
23084,"10030 Chenoweth Vista Way","Louisville","KY","40299"
23085,"10014 Chenoweth Vista Way","Louisville","KY","40299"
23086,"9900 Chenoweth Vista Way","Louisville","KY","40299"
23087,"9901 Chenoweth Vista Way","Louisville","KY","40299"
23088,"5409 Wethe Ct","Louisville","KY","40291"
23089,"9419 Farmstead Ln","Louisville","KY","40291"
23090,"9611 Seatonville Rd","Louisville","KY","40291"
23091,"9522 Farmstead Ln","Louisville","KY","40291"
23092,"6301 Farmhill Ct","Louisville","KY","40291"
23093,"6405 Farmstead Ct","Louisville","KY","40291"
23094,"9523 Farmstead Ln","Louisville","KY","40291"
23095,"9611 Seaton Brooke Ln","Louisville","KY","40291"
23096,"5015 Long Knife Run","Louisville","KY","40207"
23097,"5103 Long Knife Run","Louisville","KY","40207"
23098,"5112 Long Knife Run","Louisville","KY","40207"
23099,"2109 Croghan Cross","Louisville","KY","40207"
23100,"2102 Croghan Cross","Louisville","KY","40207"
23101,"2001 Long Knife Ct","Louisville","KY","40207"
23102,"414 Blankenbaker Ln","Louisville","KY","40207"
23103,"226 Sequoya Rd","Louisville","KY","40207"
23104,"2111 Croghan Cross","Louisville","KY","40207"
23105,"2104 Indian Chute","Louisville","KY","40207"
23106,"5110 Long Knife Run","Louisville","KY","40207"
23107,"4909 Clovernook Rd","Louisville","KY","40207"
23108,"5101 Long Knife Run","Louisville","KY","40207"
23109,"2112 Indian Chute","Louisville","KY","40207"
23110,"2100 Indian Chute","Louisville","KY","40207"
23111,"5007 Long Knife Run","Louisville","KY","40207"
23112,"2107 Croghan Cross","Louisville","KY","40207"
23113,"2004 Indian Chute","Louisville","KY","40207"
23114,"4910 Crofton Rd","Louisville","KY","40207"
23115,"2113 Indian Chute","Louisville","KY","40207"
23116,"11607 Winding Stream Way","Louisville","KY","40272"
23117,"11812 Mahogany Dr","Louisville","KY","40272"
23118,"11816 Mahogany Dr","Louisville","KY","40272"
23119,"4519 Shenandoah Dr","Louisville","KY","40241"
23120,"4526 Shenandoah Dr","Louisville","KY","40241"
23121,"4602 Middleburg Ct","Louisville","KY","40241"
23122,"4615 Middleburg Ct","Louisville","KY","40241"
23123,"7030 Black Walnut Cir","Louisville","KY","40229"
23124,"105 Treslyn Way","Louisville","KY","40245"
23125,"14414 Lake Forest Dr","Louisville","KY","40245"
23126,"4649 Cliff Ave","Louisville","KY","40215"
23127,"910 Livingston Ave","Louisville","KY","40215"
23128,"820 W Ashland Ave","Louisville","KY","40215"
23129,"4525 Bellevue Ave","Louisville","KY","40215"
23130,"4639 Cliff Ave","Louisville","KY","40215"
23131,"718 W Ashland Ave","Louisville","KY","40215"
23132,"906 Livingston Ave","Louisville","KY","40215"
23133,"4605 N Rutland Ave","Louisville","KY","40215"
23134,"911 W Ashland Ave","Louisville","KY","40215"
23135,"4517 Picadilly Ave","Louisville","KY","40215"
23136,"4624 Southcrest Dr","Louisville","KY","40215"
23137,"912 Livingston Ave","Louisville","KY","40215"
23138,"4644 Cliff Ave","Louisville","KY","40215"
23139,"4608 Southcrest Dr","Louisville","KY","40215"
23140,"4519 Picadilly Ave","Louisville","KY","40215"
23141,"4524 Southcrest Dr","Louisville","KY","40215"
23142,"4625 Bellevue Ave","Louisville","KY","40215"
23143,"4633 Bellevue Ave","Louisville","KY","40215"
23144,"4612 Southcrest Dr","Louisville","KY","40215"
23145,"4643 Cliff Ave","Louisville","KY","40215"
23146,"109 S 30th St","Louisville","KY","40212"
23147,"3016 Rowan St","Louisville","KY","40212"
23148,"2804 W Main St","Louisville","KY","40212"
23149,"111 S 30th St","Louisville","KY","40212"
23150,"18408 Shallowford Ln","Louisville","KY","40245"
23151,"18520 Longview Park Ln","Louisville","KY","40245"
23152,"18501 Locust Creek Pl","Louisville","KY","40245"
23153,"6807 Green Manor Dr","Louisville","KY","40228"
23154,"6900 Norlynn Dr","Louisville","KY","40228"
23155,"6705 Shareith Dr","Louisville","KY","40228"
23156,"6706 Fernbush Dr","Louisville","KY","40228"
23157,"7113 Welchire Falls Dr","Louisville","KY","40228"
23158,"6804 Moorhaven Dr","Louisville","KY","40228"
23159,"6803 Shareith Dr","Louisville","KY","40228"
23160,"6700 Green Manor Dr","Louisville","KY","40228"
23161,"6712 Fernbush Dr","Louisville","KY","40228"
23162,"6714 Fernbush Dr","Louisville","KY","40228"
23163,"4625 Garland Ave","Louisville","KY","40211"
23164,"4529 Riverview Ave","Louisville","KY","40211"
23165,"4615 Riverview Ave","Louisville","KY","40211"
23166,"800 Southwestern Pkwy","Louisville","KY","40211"
23167,"4626 Riverview Ave","Louisville","KY","40211"
23168,"4635 Garland Ave","Louisville","KY","40211"
23169,"4702 Varble Ave","Louisville","KY","40211"
23170,"4516 Brewster Ave","Louisville","KY","40211"
23171,"4701 Brewster Ave","Louisville","KY","40211"
23172,"4623 Westchester Ave","Louisville","KY","40211"
23173,"908 Southwestern Pkwy","Louisville","KY","40211"
23174,"4517 Varble Ave","Louisville","KY","40211"
23175,"736 Southwestern Pkwy","Louisville","KY","40211"
23176,"4610 Riverview Ave","Louisville","KY","40211"
23177,"4521 Garland Ave","Louisville","KY","40211"
23178,"906 S 45th St","Louisville","KY","40211"
23179,"4627 Varble Ave","Louisville","KY","40211"
23180,"4620 W Broadway","Louisville","KY","40211"
23181,"4533 Riverview Ave","Louisville","KY","40211"
23182,"808 Southwestern Pkwy","Louisville","KY","40211"
23183,"4523 Riverview Ave","Louisville","KY","40211"
23184,"4514 Brewster Ave","Louisville","KY","40211"
23185,"902 Southwestern Pkwy","Louisville","KY","40211"
23186,"919 Southwestern Pkwy","Louisville","KY","40211"
23187,"904 Southwestern Pkwy","Louisville","KY","40211"
23188,"4621 Brewster Ave","Louisville","KY","40211"
23189,"801 Southwestern Pkwy","Louisville","KY","40211"
23190,"4618 W Broadway","Louisville","KY","40211"
23191,"3007 Cleveland Blvd","Louisville","KY","40206"
23192,"3009 Cleveland Blvd","Louisville","KY","40206"
23193,"3206 University Rd","Louisville","KY","40206"
23194,"640 Zorn Ave","Apt 11C","Louisville",
23195,"3038 University Rd","Louisville","KY","40206"
23196,"3212 University Rd","Louisville","KY","40206"
23197,"1540 S Shelby St","Louisville","KY","40217"
23198,"1020 Morgan St","Louisville","KY","40217"
23199,"1492 S Shelby St","Apt 2","Louisville",
23200,"817 Sylvia St","Louisville","KY","40217"
23201,"1009 E Burnett Ave","Louisville","KY","40217"
23202,"1488 Bland St","Apt 2","Louisville",
23203,"1016 Milton St","Louisville","KY","40217"
23204,"733 Morgan St","Louisville","KY","40217"
23205,"1491 Bland St","# 1","Louisville",
23206,"1533 S Shelby St","Louisville","KY","40217"
23207,"1499 1/2 Bland St","# 2","Louisville",
23208,"732 E Burnett Ave","Louisville","KY","40217"
23209,"1023 E Burnett Ave","Louisville","KY","40217"
23210,"1004 Morgan St","Louisville","KY","40217"
23211,"1530 S Shelby St","Louisville","KY","40217"
23212,"2708 Audley Dr","Louisville","KY","40206"
23213,"49 Lake Ave","Louisville","KY","40206"
23214,"2845 Coleen Ct","Louisville","KY","40206"
23215,"2839 Bexley Ct","Louisville","KY","40206"
23216,"74 Winifrede Ln","Louisville","KY","40206"
23217,"2804 Bexley Ct","Louisville","KY","40206"
23218,"2824 Coleen Ct","Louisville","KY","40206"
23219,"21 Kenil Ct","Louisville","KY","40206"
23220,"2711 Audley Dr","Louisville","KY","40206"
23221,"519 Kenilworth Rd","Louisville","KY","40206"
23222,"513 Kenilworth Rd","Louisville","KY","40206"
23223,"25 Kenil Ct","Louisville","KY","40206"
23224,"4424 S 8th St","Louisville","KY","40215"
23225,"824 Camden Ave","Louisville","KY","40215"
23226,"549 Camden Ave","Louisville","KY","40215"
23227,"534 W Whitney Ave","Louisville","KY","40215"
23228,"819 1/2 Beecher St","Louisville","KY","40215"
23229,"514 Beecher St","Louisville","KY","40215"
23230,"528 Beecher St","Louisville","KY","40215"
23231,"4436 S 6th St","Louisville","KY","40214"
23232,"718 W Whitney Ave","Louisville","KY","40215"
23233,"524 Beecher St","Louisville","KY","40215"
23234,"547 Camden Ave","Louisville","KY","40215"
23235,"4132 S 5th St","Louisville","KY","40214"
23236,"618 Beecher St","Louisville","KY","40215"
23237,"4401 S 8th St","Louisville","KY","40215"
23238,"813 Camden Ave","Louisville","KY","40215"
23239,"522 Beecher St","Louisville","KY","40215"
23240,"817 Beecher St","Louisville","KY","40215"
23241,"826 Camden Ave","Louisville","KY","40215"
23242,"503 Beecher St","Louisville","KY","40215"
23243,"4410 Bellevue Ave","Louisville","KY","40215"
23244,"719 W Whitney Ave","Louisville","KY","40215"
23245,"3403 Goose Creek Rd","Louisville","KY","40241"
23246,"3400 Cross Pointe Rd","Louisville","KY","40241"
23247,"3209 Goose Creek Rd","Louisville","KY","40241"
23248,"8708 Eton Rd","Louisville","KY","40241"
23249,"3203 Goose Creek Rd","Louisville","KY","40241"
23250,"3313 Broeck Pointe Cir","Louisville","KY","40241"
23251,"3205 Limerick Ln","Louisville","KY","40242"
23252,"8702 Noll Ct","Louisville","KY","40241"
23253,"8708 Banbridge Rd","Louisville","KY","40242"
23254,"8703 Glen Pointe Rd","Louisville","KY","40241"
23255,"8703 Eton Rd","Louisville","KY","40241"
23256,"3315 Goose Creek Rd","Louisville","KY","40241"
23257,"8702 Glen Pointe Rd","Louisville","KY","40241"
23258,"3113 Limerick Ln","Louisville","KY","40242"
23259,"3300 Broeck Pointe Ct","Louisville","KY","40241"
23260,"8706 Eton Rd","Louisville","KY","40241"
23261,"3203 Broeck Pointe Cir","Louisville","KY","40241"
23262,"8705 Banbridge Rd","Louisville","KY","40242"
23263,"3101 Galway Ln","Louisville","KY","40242"
23264,"3116 Goose Creek Rd","Louisville","KY","40241"
23265,"3311 Broeck Pointe Cir","Louisville","KY","40241"
23266,"8703 Noll Ct","Louisville","KY","40241"
23267,"3208 Goose Creek Rd","Louisville","KY","40241"
23268,"3204 Goose Creek Rd","Louisville","KY","40241"
23269,"8901 Middle Pointe Rd","Louisville","KY","40241"
23270,"302 N 34th St","Louisville","KY","40212"
23271,"228 N 34th St","Louisville","KY","40212"
23272,"401 N 34th St","Louisville","KY","40212"
23273,"317 N 36th St","Louisville","KY","40212"
23274,"315 N 35th St","Louisville","KY","40212"
23275,"226 N 34th St","Louisville","KY","40212"
23276,"5706 Undine Dr","Louisville","KY","40216"
23277,"5614 Undine Dr","Louisville","KY","40216"
23278,"5602 Undine Dr","Louisville","KY","40216"
23279,"4618 Idle Hour Dr","Louisville","KY","40216"
23280,"5612 Undine Dr","Louisville","KY","40216"
23281,"4624 Idle Hour Dr","Louisville","KY","40216"
23282,"5502 Nally Ct","Louisville","KY","40216"
23283,"5703 Nally Ct","Louisville","KY","40216"
23284,"7204 Harborton Way","Louisville","KY","40228"
23285,"7105 E Manslick Rd","Louisville","KY","40228"
23286,"7106 E Manslick Rd","Louisville","KY","40228"
23287,"7107 E Manslick Rd","Louisville","KY","40228"
23288,"7206 Harborton Way","Louisville","KY","40228"
23289,"8415 Pennsylvania Run Rd","Louisville","KY","40228"
23290,"1609 Night Hawk Ct","Louisville","KY","40223"
23291,"1509 Alpha Ave","Louisville","KY","40223"
23292,"1603 Alpha Ave","Louisville","KY","40223"
23293,"7600 Maria Ave","Louisville","KY","40222"
23294,"2301 Tavener Dr","Louisville","KY","40242"
23295,"7510 Maria Ave","Louisville","KY","40222"
23296,"7513 Maria Ave","Louisville","KY","40222"
23297,"7606 Old Orchard Cir","Louisville","KY","40222"
23298,"7407 Glen Arbor Rd","Louisville","KY","40222"
23299,"2305 Tavener Dr","Louisville","KY","40242"
23300,"7412 Glen Arbor Rd","Louisville","KY","40222"
23301,"305 S 38th St","Louisville","KY","40212"
23302,"3610 W Jefferson St","Louisville","KY","40212"
23303,"3608 W Jefferson St","Louisville","KY","40212"
23304,"127 S 39th St","Louisville","KY","40212"
23305,"216 S 38th St","Louisville","KY","40212"
23306,"4003 Stone Lakes Dr","Louisville","KY","40299"
23307,"4019 Pleasant Glen Dr","Louisville","KY","40299"
23308,"4102 Durham Ridge Rd","Louisville","KY","40299"
23309,"13602 Kalmia Ct","Louisville","KY","40299"
23310,"8906 Collingwood Rd","Louisville","KY","40299"
23311,"8902 Collingwood Rd","Louisville","KY","40299"
23312,"4208 Cottagehill Rd","Louisville","KY","40299"
23313,"4205 Stony Brook Dr","Louisville","KY","40299"
23314,"4110 Cottagehill Rd","Louisville","KY","40299"
23315,"8520 Watterson Trl","Louisville","KY","40299"
23316,"4406 Stony Brook Dr","Louisville","KY","40299"
23317,"3908 Kirby Ln","Louisville","KY","40299"
23318,"4012 Stony Brook Dr","Louisville","KY","40299"
23319,"4100 Kirby Ln","Louisville","KY","40299"
23320,"8706 Bristol Oaks Ct","Louisville","KY","40299"
23321,"8700 Bristol Oaks Ct","Louisville","KY","40299"
23322,"8709 Bristol Oaks Ct","Louisville","KY","40299"
23323,"8713 Bristol Oaks Ct","Louisville","KY","40299"
23324,"8516 Watterson Trl","Louisville","KY","40299"
23325,"4204 Brook Farm Pl","Louisville","KY","40299"
23326,"4213 Brook Farm Pl","Louisville","KY","40299"
23327,"4218 Brook Farm Pl","Louisville","KY","40299"
23328,"4212 Brook Farm Pl","Louisville","KY","40299"
23329,"8800 Brook Willow Dr","Louisville","KY","40299"
23330,"8804 Brook Willow Dr","Louisville","KY","40299"
23331,"8802 Brook Willow Dr","Louisville","KY","40299"
23332,"4202 Brook Farm Pl","Louisville","KY","40299"
23333,"8803 Brook Willow Dr","Louisville","KY","40299"
23334,"4104 Brook Farm Pl","Louisville","KY","40299"
23335,"4108 Brook Farm Pl","Louisville","KY","40299"
23336,"3111 Debera Way","Louisville","KY","40220"
23337,"3116 Debera Way","Louisville","KY","40220"
23338,"4105 Sunrise Way","Louisville","KY","40220"
23339,"4106 Sunrise Way","Louisville","KY","40220"
23340,"3112 Debera Way","Louisville","KY","40220"
23341,"7715 Bella Woods Ct","Louisville","KY","40214"
23342,"8014 Wooded Ridge Dr","Louisville","KY","40214"
23343,"8002 Wooded Ridge Dr","Louisville","KY","40214"
23344,"7942 Wooded Ridge Dr","Louisville","KY","40214"
23345,"8008 Saint Andrews Village Dr","Louisville","KY","40241"
23346,"8014 Saint Andrews Village Dr","Louisville","KY","40241"
23347,"8022 Saint Andrews Village Dr","Louisville","KY","40241"
23348,"8024 Saint Andrews Village Dr","Louisville","KY","40241"
23349,"8020 Saint Andrews Village Dr","Louisville","KY","40241"
23350,"8028 Saint Andrews Village Dr","Louisville","KY","40241"
23351,"8027 Saint Andrews Village Dr","Louisville","KY","40241"
23352,"3311 Barbour Ln","Louisville","KY","40241"
23353,"3401 Barbour Ln","Louisville","KY","40241"
23354,"3408 Flinthaven Rd","Louisville","KY","40241"
23355,"3404 Flinthaven Rd","Louisville","KY","40241"
23356,"3410 Flinthaven Rd","Louisville","KY","40241"
23357,"3406 Flinthaven Rd","Louisville","KY","40241"
23358,"3105 Townsend Ter","Louisville","KY","40241"
23359,"3100 Springcrest Dr","Louisville","KY","40241"
23360,"7811 Circle Crest Rd","Louisville","KY","40241"
23361,"7800 Crown Top Rd","Louisville","KY","40241"
23362,"3400 Flinthaven Rd","Louisville","KY","40241"
23363,"7807 Crown Top Rd","Louisville","KY","40241"
23364,"7814 Crown Top Rd","Louisville","KY","40241"
23365,"3303 Hillvale Rd","Louisville","KY","40241"
23366,"3309 Hillvale Rd","Louisville","KY","40241"
23367,"3310 Barbour Ln","Louisville","KY","40241"
23368,"7907 Circle Crest Rd","Louisville","KY","40241"
23369,"7909 Circle Crest Rd","Louisville","KY","40241"
23370,"7901 Brownsboro Rd","Louisville","KY","40241"
23371,"7805 Brownsboro Rd","Louisville","KY","40241"
23372,"7807 Brownsboro Rd","Louisville","KY","40241"
23373,"7804 Circle Crest Rd","Louisville","KY","40241"
23374,"7801 Circle Crest Rd","Louisville","KY","40241"
23375,"7707 Circle Crest Rd","Louisville","KY","40241"
23376,"3017 Springcrest Dr","Louisville","KY","40241"
23377,"3104 Townsend Ter","Louisville","KY","40241"
23378,"7701 Circle Crest Rd","Louisville","KY","40241"
23379,"7708 Circle Crest Rd","Louisville","KY","40241"
23380,"7700 Circle Crest Rd","Louisville","KY","40241"
23381,"3105 Brownhurst Cove Rd","Louisville","KY","40241"
23382,"7704 Circle Crest Rd","Louisville","KY","40241"
23383,"3107 Brownhurst Cove Rd","Louisville","KY","40241"
23384,"7603 Brownsboro Rd","Louisville","KY","40241"
23385,"3415 Hillvale Rd","Louisville","KY","40241"
23386,"3413 Hillvale Rd","Louisville","KY","40241"
23387,"3408 Barbour Ln","Louisville","KY","40241"
23388,"3405 Barbour Ln","Louisville","KY","40241"
23389,"7901 Barbourmeade Rd","Louisville","KY","40241"
23390,"3403 Hillvale Rd","Louisville","KY","40241"
23391,"7806 Pine Ridge Rd","Louisville","KY","40241"
23392,"7809 Pine Ridge Rd","Louisville","KY","40241"
23393,"7812 Pine Ridge Rd","Louisville","KY","40241"
23394,"7814 Pine Ridge Rd","Louisville","KY","40241"
23395,"7815 Pine Ridge Rd","Louisville","KY","40241"
23396,"7813 Pine Ridge Rd","Louisville","KY","40241"
23397,"7803 Pine Ridge Rd","Louisville","KY","40241"
23398,"7805 Pine Ridge Rd","Louisville","KY","40241"
23399,"7800 Pine Ridge Rd","Louisville","KY","40241"
23400,"3009 Springcrest Dr","Louisville","KY","40241"
23401,"3005 Springcrest Dr","Louisville","KY","40241"
23402,"3014 Springcrest Dr","Louisville","KY","40241"
23403,"3106 Dorilton Ct","Louisville","KY","40241"
23404,"3200 Springcrest Dr","Louisville","KY","40241"
23405,"10019 Silverwood Ln","Louisville","KY","40272"
23406,"10004 Silverwood Ln","Louisville","KY","40272"
23407,"10012 Silverwood Ln","Louisville","KY","40272"
23408,"10010 Northridge Dr","Louisville","KY","40272"
23409,"9911 Gateway Dr","Louisville","KY","40299"
23410,"2100 Old Hickory Rd","Louisville","KY","40299"
23411,"4919 Wheatley Ct","Louisville","KY","40218"
23412,"4926 Wheatley Ct","Louisville","KY","40218"
23413,"4904 Exeter Ave","Louisville","KY","40218"
23414,"4926 Shasta Trl","Louisville","KY","40218"
23415,"4913 Shasta Trl","Louisville","KY","40218"
23416,"4920 Shasta Trl","Louisville","KY","40218"
23417,"4903 Abstain Ct","Louisville","KY","40218"
23418,"4911 Bethune Ct","Louisville","KY","40218"
23419,"4902 Abstain Ct","Louisville","KY","40218"
23420,"4906 Abstain Ct","Louisville","KY","40218"
23421,"4913 De Priest Ct","Louisville","KY","40218"
23422,"4905 Bethune Ct","Louisville","KY","40218"
23423,"4908 Bethune Ct","Louisville","KY","40218"
23424,"4804 Bold Ct","Louisville","KY","40218"
23425,"4925 Shasta Trl","Louisville","KY","40218"
23426,"4927 Shasta Trl","Louisville","KY","40218"
23427,"4703 Lacey Ct","Louisville","KY","40218"
23428,"4702 Lacey Ct","Louisville","KY","40218"
23429,"4708 Tivis Ct","Louisville","KY","40218"
23430,"4711 Tivis Ct","Louisville","KY","40218"
23431,"4802 Simpson Dr","Louisville","KY","40218"
23432,"4803 Bold Ct","Louisville","KY","40218"
23433,"4707 Tivis Ct","Louisville","KY","40218"
23434,"4706 Tivis Ct","Louisville","KY","40218"
23435,"4709 Unseld Blvd","Louisville","KY","40218"
23436,"4710 Unseld Blvd","Louisville","KY","40218"
23437,"4706 Unseld Blvd","Louisville","KY","40218"
23438,"811 Flat Rock Rd","Louisville","KY","40245"
23439,"17526 Popedale Rd","Louisville","KY","40245"
23440,"17401 Creek Run Dr","Louisville","KY","40245"
23441,"17400 Creek Run Dr","Louisville","KY","40245"
23442,"17402 Creek Run Dr","Louisville","KY","40245"
23443,"17518 Popedale Rd","Louisville","KY","40245"
23444,"17512 Popedale Rd","Louisville","KY","40245"
23445,"17200 Creek Ridge Rd","Louisville","KY","40245"
23446,"17411 Creek Run Dr","Louisville","KY","40245"
23447,"17204 Creek Ridge Rd","Louisville","KY","40245"
23448,"17414 Creek Run Dr","Louisville","KY","40245"
23449,"200 Dorchester Rd","Louisville","KY","40223"
23450,"202 Dorchester Rd","Louisville","KY","40223"
23451,"3230 Broeck Pointe Cir","Louisville","KY","40241"
23452,"3305 Cross Pointe Rd","Louisville","KY","40241"
23453,"3001 Goose Creek Rd","Louisville","KY","40241"
23454,"213 Locust Park Pl","Louisville","KY","40245"
23455,"306 Long Run Rd","Louisville","KY","40245"
23456,"200 Long Run Rd","Louisville","KY","40245"
23457,"17416 Creek Run Dr","Louisville","KY","40245"
23458,"500 Earthwood Ct","Louisville","KY","40245"
23459,"401 Persimmon Ridge Dr","Louisville","KY","40245"
23460,"321 Persimmon Ridge Dr","Louisville","KY","40245"
23461,"323 Persimmon Ridge Dr","Louisville","KY","40245"
23462,"55 Hackberry Ct","Louisville","KY","40245"
23463,"61 Hackberry Ct","Louisville","KY","40245"
23464,"301 Persimmon Ridge Dr","Louisville","KY","40245"
23465,"303 Persimmon Ridge Dr","Louisville","KY","40245"
23466,"299 Persimmon Ridge Dr","Louisville","KY","40245"
23467,"286 Persimmon Ridge Dr","Louisville","KY","40245"
23468,"305 Persimmon Ridge Dr","Louisville","KY","40245"
23469,"307 Persimmon Ridge Dr","Louisville","KY","40245"
23470,"300 Persimmon Ridge Dr","Louisville","KY","40245"
23471,"60 Osage Trl","Louisville","KY","40245"
23472,"62 Osage Trl","Louisville","KY","40245"
23473,"48 Osage Trl","Louisville","KY","40245"
23474,"45 Osage Trl","Louisville","KY","40245"
23475,"47 Osage Trl","Louisville","KY","40245"
23476,"53 Osage Trl","Louisville","KY","40245"
23477,"276 Persimmon Ridge Dr","Louisville","KY","40245"
23478,"274 Persimmon Ridge Dr","Louisville","KY","40245"
23479,"281 Persimmon Ridge Dr","Louisville","KY","40245"
23480,"277 Persimmon Ridge Dr","Louisville","KY","40245"
23481,"41 Osage Trl","Louisville","KY","40245"
23482,"273 Persimmon Ridge Dr","Louisville","KY","40245"
23483,"271 Persimmon Ridge Dr","Louisville","KY","40245"
23484,"3404 Maple Rd","Louisville","KY","40299"
23485,"3213 College Dr","Louisville","KY","40299"
23486,"3100 Evon Ct","Louisville","KY","40299"
23487,"3211 College Dr","Louisville","KY","40299"
23488,"10208 Barkley Dr","Louisville","KY","40299"
23489,"3018 Valley Dr","Louisville","KY","40299"
23490,"3010 Valley Dr","Louisville","KY","40299"
23491,"3015 Valley Dr","Louisville","KY","40299"
23492,"3113 Pelham Ct","Louisville","KY","40299"
23493,"3013 Valley Dr","Louisville","KY","40299"
23494,"3415 Dell Rd","Louisville","KY","40299"
23495,"3510 Dell Rd","Louisville","KY","40299"
23496,"3508 Dell Rd","Louisville","KY","40299"
23497,"3502 Dell Rd","Louisville","KY","40299"
23498,"3514 Dell Rd","Louisville","KY","40299"
23499,"3501 Maple Rd","Louisville","KY","40299"
23500,"3409 College Dr","Louisville","KY","40299"
23501,"3520 Maple Rd","Louisville","KY","40299"
23502,"1235 Bates Ave","Louisville","KY","40219"
23503,"1216 Huntington Ln","Louisville","KY","40219"
23504,"7801 Carol Ave","Louisville","KY","40219"
23505,"5509 Schooler Ave","Louisville","KY","40219"
23506,"11919 Old Shelbyville Rd","Louisville","KY","40243"
23507,"302 S Evergreen Rd","Louisville","KY","40243"
23508,"239 Tucker Station Rd","Louisville","KY","40243"
23509,"233 Tucker Station Rd","Louisville","KY","40243"
23510,"303 S Evergreen Rd","Louisville","KY","40243"
23511,"302 Summit Ct","Louisville","KY","40243"
23512,"301 Summit Ct","Louisville","KY","40243"
23513,"230 Clarland Dr","Louisville","KY","40243"
23514,"300 Caroldale Ln","Louisville","KY","40243"
23515,"220 Clarland Dr","Louisville","KY","40243"
23516,"300 Summit Ct","Louisville","KY","40243"
23517,"303 Summit Ct","Louisville","KY","40243"
23518,"308 Willowbrook Rd","Louisville","KY","40243"
23519,"403 Willowbrook Rd","Louisville","KY","40243"
23520,"309 Summit Ct","Louisville","KY","40243"
23521,"12202 Meadow Ln","Louisville","KY","40243"
23522,"12200 Meadow Ln","Louisville","KY","40243"
23523,"12109 Meadow Ln","Louisville","KY","40243"
23524,"404 Westwood Dr","Louisville","KY","40243"
23525,"303 Tucker Station Rd","Louisville","KY","40243"
23526,"305 Tucker Station Rd","Louisville","KY","40243"
23527,"311 Tucker Station Rd","Louisville","KY","40243"
23528,"12200 Old Shelbyville Rd","Louisville","KY","40243"
23529,"12121 Old Shelbyville Rd","Louisville","KY","40243"
23530,"111 Evergreen Rd","Louisville","KY","40243"
23531,"12214 Meadow Ln","Louisville","KY","40243"
23532,"12210 Meadow Ln","Louisville","KY","40243"
23533,"12206 Meadow Ln","Louisville","KY","40243"
23534,"12205 Meadow Ln","Louisville","KY","40243"
23535,"12211 Meadow Ln","Louisville","KY","40243"
23536,"405 Marengo Dr","Louisville","KY","40243"
23537,"302 Marengo Dr","Louisville","KY","40243"
23538,"310 Marengo Dr","Louisville","KY","40243"
23539,"318 Caroldale Ln","Louisville","KY","40243"
23540,"308 Caroldale Ln","Louisville","KY","40243"
23541,"307 Caroldale Ln","Louisville","KY","40243"
23542,"309 Caroldale Ln","Louisville","KY","40243"
23543,"211 S Evergreen Rd","Louisville","KY","40243"
23544,"218 S Evergreen Rd","Louisville","KY","40243"
23545,"202 S Evergreen Rd","Louisville","KY","40243"
23546,"412 Westwood Dr","Louisville","KY","40243"
23547,"106 Ambling Way","Louisville","KY","40243"
23548,"12207 Ridge Crest Dr","Louisville","KY","40243"
23549,"12210 Davidson Dr","Louisville","KY","40243"
23550,"12208 Davidson Dr","Louisville","KY","40243"
23551,"1110 Broadfields Dr","Louisville","KY","40207"
23552,"1104 Broadfields Dr","Louisville","KY","40207"
23553,"1106 Broadfields Dr","Louisville","KY","40207"
23554,"3409 Hanover Ct","Louisville","KY","40207"
23555,"1012 Broadfields Dr","Louisville","KY","40207"
23556,"3401 Hanover Ct","Louisville","KY","40207"
23557,"3413 Hanover Ct","Louisville","KY","40207"
23558,"1002 Broadfields Dr","Louisville","KY","40207"
23559,"3500 Winchester Rd","Louisville","KY","40207"
23560,"1009 Broadfields Dr","Louisville","KY","40207"
23561,"3500 Hanover Rd","Louisville","KY","40207"
23562,"3408 Winchester Rd","Louisville","KY","40207"
23563,"3502 Winchester Rd","Louisville","KY","40207"
23564,"3503 Hughes Rd","Louisville","KY","40207"
23565,"3502 Hughes Rd","Louisville","KY","40207"
23566,"11321 Arbor Wood Dr","Louisville","KY","40299"
23567,"6416 Shaffer Ln","Louisville","KY","40291"
23568,"11310 Arbor Wood Dr","Louisville","KY","40299"
23569,"11323 Jefferson Trace Blvd","Louisville","KY","40291"
23570,"11314 Arbor Wood Dr","Louisville","KY","40299"
23571,"11320 Arbor Wood Dr","Louisville","KY","40299"
23572,"11335 Arbor Wood Dr","Louisville","KY","40299"
23573,"11331 Arbor Wood Dr","Louisville","KY","40299"
23574,"11334 Arbor Wood Dr","Louisville","KY","40299"
23575,"11326 Arbor Wood Dr","Louisville","KY","40299"
23576,"6609 Poplar Forest Ln","Louisville","KY","40291"
23577,"11328 Arbor Wood Dr","Louisville","KY","40299"
23578,"606 Windsor Keep Dr","Louisville","KY","40222"
23579,"600 Windsor Keep Dr","Louisville","KY","40222"
23580,"7500 Springhill Farm Rd","Louisville","KY","40299"
23581,"2711 Parklawn Dr","Louisville","KY","40217"
23582,"2801 Parklawn Dr","Louisville","KY","40217"
23583,"2718 Delor Ave","Louisville","KY","40217"
23584,"2701 Parklawn Dr","Louisville","KY","40217"
23585,"2700 Delor Ave","Louisville","KY","40217"
23586,"2707 Parklawn Dr","Louisville","KY","40217"
23587,"2703 Parklawn Dr","Louisville","KY","40217"
23588,"2705 Parklawn Dr","Louisville","KY","40217"
23589,"841 Reading Rd","Louisville","KY","40217"
23590,"849 Reading Rd","Louisville","KY","40217"
23591,"843 Reading Rd","Louisville","KY","40217"
23592,"2623 Delor Ave","Louisville","KY","40217"
23593,"2619 Parklawn Dr","Louisville","KY","40217"
23594,"2733 Preston Hwy","Apt 1","Louisville",
23595,"2807 Parklawn Dr","Louisville","KY","40217"
23596,"2809 Parklawn Dr","Louisville","KY","40217"
23597,"2607 Fordyce Ln","Louisville","KY","40205"
23598,"2603 Fordyce Ln","Louisville","KY","40205"
23599,"1710 Dundee Way","Louisville","KY","40205"
23600,"1707 Dundee Way","Louisville","KY","40205"
23601,"1708 Clayton Rd","Louisville","KY","40205"
23602,"2020 Winston Ave","Louisville","KY","40205"
23603,"1718 Clayton Rd","Louisville","KY","40205"
23604,"1720 Clayton Rd","Louisville","KY","40205"
23605,"3003 Dundee Rd","Louisville","KY","40205"
23606,"3009 Dundee Rd","Louisville","KY","40205"
23607,"3103 Dundee Rd","Louisville","KY","40205"
23608,"1714 Clayton Rd","Louisville","KY","40205"
23609,"1825 Woodfill Way","Louisville","KY","40205"
23610,"1703 Gresham Rd","Louisville","KY","40205"
23611,"1808 Woodfill Way","Louisville","KY","40205"
23612,"1808 Aberdeen Dr","Louisville","KY","40205"
23613,"7304 Home Park Dr","Louisville","KY","40258"
23614,"7306 Home Park Dr","Louisville","KY","40258"
23615,"7228 Lazy Acres St","Louisville","KY","40258"
23616,"7302 Lazy Acres St","Louisville","KY","40258"
23617,"7233 Home Park Dr","Louisville","KY","40258"
23618,"7309 Home Park Dr","Louisville","KY","40258"
23619,"7304 Lazy Acres St","Louisville","KY","40258"
23620,"7232 Lazy Acres St","Louisville","KY","40258"
23621,"7311 Home Park Dr","Louisville","KY","40258"
23622,"7303 Home Park Dr","Louisville","KY","40258"
23623,"7307 Home Park Dr","Louisville","KY","40258"
23624,"7219 Lazy Acres St","Louisville","KY","40258"
23625,"7225 Lazy Acres St","Louisville","KY","40258"
23626,"5523 Lazy Acres Ct","Louisville","KY","40258"
23627,"7227 Lazy Acres St","Louisville","KY","40258"
23628,"7223 Lazy Acres St","Louisville","KY","40258"
23629,"7224 Lazy Acres St","Louisville","KY","40258"
23630,"5525 Lazy Acres Ct","Louisville","KY","40258"
23631,"5528 Lazy Acres Ct","Louisville","KY","40258"
23632,"5521 Lazy Acres Ct","Louisville","KY","40258"
23633,"7221 Lazy Acres St","Louisville","KY","40258"
23634,"7231 Lazy Acres St","Louisville","KY","40258"
23635,"7309 Lazy Acres St","Louisville","KY","40258"
23636,"5520 Lazy Acres Ct","Louisville","KY","40258"
23637,"7305 Lazy Acres St","Louisville","KY","40258"
23638,"7307 Lazy Acres St","Louisville","KY","40258"
23639,"5517 Lazy Acres Ct","Louisville","KY","40258"
23640,"5516 Lazy Acres Ct","Louisville","KY","40258"
23641,"5518 Lazy Acres Ct","Louisville","KY","40258"
23642,"5512 Lazy Acres Ct","Louisville","KY","40258"
23643,"5522 Lazy Acres Ct","Louisville","KY","40258"
23644,"5514 Lazy Acres Ct","Louisville","KY","40258"
23645,"5513 Lazy Acres Ct","Louisville","KY","40258"
23646,"5511 Lazy Acres Ct","Louisville","KY","40258"
23647,"5519 Lazy Acres Ct","Louisville","KY","40258"
23648,"5515 Lazy Acres Ct","Louisville","KY","40258"
23649,"5509 Lazy Acres Ct","Louisville","KY","40258"
23650,"5502 Lazy Acres Ct","Louisville","KY","40258"
23651,"5505 Lazy Acres Ct","Louisville","KY","40258"
23652,"5501 Lazy Acres Ct","Louisville","KY","40258"
23653,"5503 Lazy Acres Ct","Louisville","KY","40258"
23654,"5508 Lazy Acres Ct","Louisville","KY","40258"
23655,"5500 Lazy Acres Ct","Louisville","KY","40258"
23656,"5510 Lazy Acres Ct","Louisville","KY","40258"
23657,"5506 Lazy Acres Ct","Louisville","KY","40258"
23658,"7313 Lazy Acres St","Louisville","KY","40258"
23659,"7321 Lazy Acres St","Louisville","KY","40258"
23660,"7315 Lazy Acres St","Louisville","KY","40258"
23661,"7319 Lazy Acres St","Louisville","KY","40258"
23662,"7317 Lazy Acres St","Louisville","KY","40258"
23663,"7312 Lazy Acres St","Louisville","KY","40258"
23664,"7308 Lazy Acres St","Louisville","KY","40258"
23665,"7324 Lazy Acres St","Louisville","KY","40258"
23666,"7322 Lazy Acres St","Louisville","KY","40258"
23667,"7319 Home Park Dr","Louisville","KY","40258"
23668,"7323 Jan Place St","Louisville","KY","40258"
23669,"7310 Home Park Dr","Louisville","KY","40258"
23670,"7313 Home Park Dr","Louisville","KY","40258"
23671,"7317 Jan Place St","Louisville","KY","40258"
23672,"7313 Jan Place St","Louisville","KY","40258"
23673,"7317 Home Park Dr","Louisville","KY","40258"
23674,"7314 Home Park Dr","Louisville","KY","40258"
23675,"7312 Home Park Dr","Louisville","KY","40258"
23676,"7309 Jan Place St","Louisville","KY","40258"
23677,"7316 Home Park Dr","Louisville","KY","40258"
23678,"7315 Home Park Dr","Louisville","KY","40258"
23679,"7307 Jan Place St","Louisville","KY","40258"
23680,"7311 Jan Place St","Louisville","KY","40258"
23681,"7318 Jan Place St","Louisville","KY","40258"
23682,"7324 Jan Place St","Louisville","KY","40258"
23683,"7320 Jan Place St","Louisville","KY","40258"
23684,"7316 Jan Place St","Louisville","KY","40258"
23685,"7321 Jan Place St","Louisville","KY","40258"
23686,"7310 Jan Place St","Louisville","KY","40258"
23687,"7312 Jan Place St","Louisville","KY","40258"
23688,"7306 Jan Place St","Louisville","KY","40258"
23689,"7308 Jan Place St","Louisville","KY","40258"
23690,"7304 Jan Place St","Louisville","KY","40258"
23691,"5704 Feywood St","Louisville","KY","40258"
23692,"5706 Feywood St","Louisville","KY","40258"
23693,"7200 Night Acres Ln","Louisville","KY","40258"
23694,"7202 Night Acres Ln","Louisville","KY","40258"
23695,"7210 Night Acres Ln","Louisville","KY","40258"
23696,"7214 Night Acres Ln","Louisville","KY","40258"
23697,"7200 Jan Place St","Louisville","KY","40258"
23698,"7207 Night Acres Ln","Louisville","KY","40258"
23699,"7203 Night Acres Ln","Louisville","KY","40258"
23700,"7212 Night Acres Ln","Louisville","KY","40258"
23701,"7202 Jan Place St","Louisville","KY","40258"
23702,"7204 Night Acres Ln","Louisville","KY","40258"
23703,"7206 Night Acres Ln","Louisville","KY","40258"
23704,"7201 Night Acres Ln","Louisville","KY","40258"
23705,"7208 Night Acres Ln","Louisville","KY","40258"
23706,"7218 Night Acres Ln","Louisville","KY","40258"
23707,"7216 Night Acres Ln","Louisville","KY","40258"
23708,"7228 Night Acres Ln","Louisville","KY","40258"
23709,"7224 Night Acres Ln","Louisville","KY","40258"
23710,"7232 Night Acres Ln","Louisville","KY","40258"
23711,"7230 Night Acres Ln","Louisville","KY","40258"
23712,"7234 Night Acres Ln","Louisville","KY","40258"
23713,"7223 Night Acres Ln","Louisville","KY","40258"
23714,"7219 Night Acres Ln","Louisville","KY","40258"
23715,"7220 Night Acres Ln","Louisville","KY","40258"
23716,"7215 Night Acres Ln","Louisville","KY","40258"
23717,"7221 Night Acres Ln","Louisville","KY","40258"
23718,"7217 Night Acres Ln","Louisville","KY","40258"
23719,"7222 Night Acres Ln","Louisville","KY","40258"
23720,"7210 Jan Place St","Louisville","KY","40258"
23721,"7206 Jan Place St","Louisville","KY","40258"
23722,"7212 Jan Place St","Louisville","KY","40258"
23723,"7213 Jan Place St","Louisville","KY","40258"
23724,"7220 Jan Place St","Louisville","KY","40258"
23725,"7216 Jan Place St","Louisville","KY","40258"
23726,"7227 Night Acres Ln","Louisville","KY","40258"
23727,"7229 Night Acres Ln","Louisville","KY","40258"
23728,"7238 Night Acres Ln","Louisville","KY","40258"
23729,"7222 Jan Place St","Louisville","KY","40258"
23730,"7233 Night Acres Ln","Louisville","KY","40258"
23731,"7225 Jan Place St","Louisville","KY","40258"
23732,"7230 Jan Place St","Louisville","KY","40258"
23733,"7227 Jan Place St","Louisville","KY","40258"
23734,"7224 Jan Place St","Louisville","KY","40258"
23735,"7226 Jan Place St","Louisville","KY","40258"
23736,"7228 Jan Place St","Louisville","KY","40258"
23737,"7303 Jan Place St","Louisville","KY","40258"
23738,"7301 Jan Place St","Louisville","KY","40258"
23739,"7300 Jan Place St","Louisville","KY","40258"
23740,"7231 Jan Place St","Louisville","KY","40258"
23741,"7220 Home Park Dr","Louisville","KY","40258"
23742,"7229 Jan Place St","Louisville","KY","40258"
23743,"7224 Home Park Dr","Louisville","KY","40258"
23744,"7233 Jan Place St","Louisville","KY","40258"
23745,"7218 Home Park Dr","Louisville","KY","40258"
23746,"7223 Jan Place St","Louisville","KY","40258"
23747,"7221 Jan Place St","Louisville","KY","40258"
23748,"7212 Home Park Dr","Louisville","KY","40258"
23749,"7214 Home Park Dr","Louisville","KY","40258"
23750,"7206 Home Park Dr","Louisville","KY","40258"
23751,"7210 Home Park Dr","Louisville","KY","40258"
23752,"7205 Jan Place St","Louisville","KY","40258"
23753,"7215 Home Park Dr","Louisville","KY","40258"
23754,"7218 Lazy Acres St","Louisville","KY","40258"
23755,"7227 Home Park Dr","Louisville","KY","40258"
23756,"7209 Home Park Dr","Louisville","KY","40258"
23757,"7222 Lazy Acres St","Louisville","KY","40258"
23758,"7220 Lazy Acres St","Louisville","KY","40258"
23759,"7230 Home Park Dr","Louisville","KY","40258"
23760,"7226 Home Park Dr","Louisville","KY","40258"
23761,"7302 Home Park Dr","Louisville","KY","40258"
23762,"7305 Jan Place St","Louisville","KY","40258"
23763,"7228 Home Park Dr","Louisville","KY","40258"
23764,"11310 Cedar Creek Rd","Louisville","KY","40229"
23765,"1744 Cedar Creek Rd","Louisville","KY","40229"
23766,"428 Lightfoot Rd","Louisville","KY","40207"
23767,"10907 Falkirk Rd","Louisville","KY","40243"
23768,"803 Sandness Ct","Louisville","KY","40243"
23769,"807 Sandness Ct","Louisville","KY","40243"
23770,"6607 Falls Creek Rd","Louisville","KY","40241"
23771,"6603 Falls Creek Rd","Louisville","KY","40241"
23772,"7412 Beechspring Farm Blvd","Louisville","KY","40241"
23773,"7410 Beechspring Farm Blvd","Louisville","KY","40241"
23774,"7500 Beechspring Farm Blvd","Louisville","KY","40241"
23775,"3708 Trail Ridge Rd","Louisville","KY","40241"
23776,"6704 Falls Creek Rd","Louisville","KY","40241"
23777,"3712 Trail Ridge Rd","Louisville","KY","40241"
23778,"3709 Trail Ridge Rd","Louisville","KY","40241"
23779,"3800 Stockridge Rd","Louisville","KY","40241"
23780,"3707 Trail Ridge Rd","Louisville","KY","40241"
23781,"3805 Stockridge Rd","Louisville","KY","40241"
23782,"3807 Stockridge Rd","Louisville","KY","40241"
23783,"7002 Hampton Creek Ct","Louisville","KY","40241"
23784,"6804 Wind Ridge Ct","Louisville","KY","40241"
23785,"3610 Trail Ridge Rd","Louisville","KY","40241"
23786,"3612 Trail Ridge Rd","Louisville","KY","40241"
23787,"3611 Trail Ridge Rd","Louisville","KY","40241"
23788,"6417 Fern Crest Rd","Louisville","KY","40291"
23789,"6415 Fern Crest Rd","Louisville","KY","40291"
23790,"6414 Fern Crest Rd","Louisville","KY","40291"
23791,"6418 Fern Crest Rd","Louisville","KY","40291"
23792,"7909 Waterfern Way","Louisville","KY","40291"
23793,"8910 Reinhart Way","Louisville","KY","40220"
23794,"8903 Lantern Lite Pkwy","Louisville","KY","40220"
23795,"8900 Reinhart Way","Louisville","KY","40220"
23796,"2605 Stony Brook Dr","Louisville","KY","40220"
23797,"2602 Erst Ct","Louisville","KY","40220"
23798,"8904 Pine Lake Dr","Louisville","KY","40220"
23799,"8909 Reinhart Way","Louisville","KY","40220"
23800,"9310 Pine Lake Dr","Unit 102","Louisville",
23801,"8804 Wooded Glen Rd","Louisville","KY","40220"
23802,"8802 Wooded Glen Rd","Louisville","KY","40220"
23803,"9205 Pine Lake Dr","Unit 201","Louisville",
23804,"2603 Stony Brook Dr","Louisville","KY","40220"
23805,"8803 Pine Lake Dr","Louisville","KY","40220"
23806,"8711 Wooded Glen Rd","Louisville","KY","40220"
23807,"8701 Lantern Lite Pkwy","Louisville","KY","40220"
23808,"2512 Stony Brook Dr","Louisville","KY","40220"
23809,"2510 Stony Brook Dr","Louisville","KY","40220"
23810,"2509 Stony Brook Dr","Louisville","KY","40220"
23811,"8907 Thelma Ln","Louisville","KY","40220"
23812,"8906 Thelma Ln","Louisville","KY","40220"
23813,"8904 Wooded Glen Rd","Louisville","KY","40220"
23814,"8903 Wooded Glen Rd","Louisville","KY","40220"
23815,"2401 Nopper Ct","Louisville","KY","40220"
23816,"8913 Thelma Ln","Louisville","KY","40220"
23817,"8915 Thelma Ln","Louisville","KY","40220"
23818,"9019 Thelma Ln","Louisville","KY","40220"
23819,"9021 Thelma Ln","Louisville","KY","40220"
23820,"9004 Thelma Ln","Louisville","KY","40220"
23821,"2401 Ruth Haven Ct","Louisville","KY","40220"
23822,"2402 Ruth Haven Ct","Louisville","KY","40220"
23823,"2403 Rousseau Ct","Louisville","KY","40220"
23824,"9001 Wooded Glen Rd","Louisville","KY","40220"
23825,"9005 Pine Lake Dr","Louisville","KY","40220"
23826,"9004 Wooded Glen Rd","Louisville","KY","40220"
23827,"9002 Wooded Glen Rd","Louisville","KY","40220"
23828,"8917 Pine Lake Dr","Louisville","KY","40220"
23829,"8912 Wooded Glen Rd","Louisville","KY","40220"
23830,"8906 Pine Lake Dr","Louisville","KY","40220"
23831,"8910 Wooded Glen Rd","Louisville","KY","40220"
23832,"8915 Pine Lake Dr","Louisville","KY","40220"
23833,"8914 Pine Lake Dr","Louisville","KY","40220"
23834,"2650 Six Mile Ln","Louisville","KY","40220"
23835,"2603 Erst Ct","Louisville","KY","40220"
23836,"8917 Reinhart Way","Louisville","KY","40220"
23837,"8916 Reinhart Way","Louisville","KY","40220"
23838,"8925 Reinhart Way","Louisville","KY","40220"
23839,"5020 Old Heady Rd","Louisville","KY","40299"
23840,"6611 Chenoweth Run Rd","Louisville","KY","40299"
23841,"6609 Chenoweth Run Rd","Louisville","KY","40299"
23842,"6614 Chenoweth Run Rd","Louisville","KY","40299"
23843,"2405 Greten Ln","Louisville","KY","40223"
23844,"2006 Stone Gate Rd","Louisville","KY","40223"
23845,"2207 Homewood Dr","Louisville","KY","40223"
23846,"12900 Osage Rd","Louisville","KY","40223"
23847,"12806 Osage Rd","Louisville","KY","40223"
23848,"12808 Osage Rd","Louisville","KY","40223"
23849,"2401 Greten Ln","Louisville","KY","40223"
23850,"13004 Osage Rd","Louisville","KY","40223"
23851,"13006 Osage Rd","Louisville","KY","40223"
23852,"2505 Nutwood Dr","Louisville","KY","40223"
23853,"2301 Homewood Dr","Louisville","KY","40223"
23854,"2601 Bushwood Rd","Louisville","KY","40223"
23855,"11425 Nutwood Rd","Louisville","KY","40223"
23856,"2509 Nutwood Dr","Louisville","KY","40223"
23857,"13008 Osage Rd","Louisville","KY","40223"
23858,"906 Colonel Anderson Pkwy","Louisville","KY","40222"
23859,"912 Colonel Anderson Pkwy","Louisville","KY","40222"
23860,"8708 Oldbury Pl","Louisville","KY","40222"
23861,"6200 Glen Hill Rd","Louisville","KY","40222"
23862,"1002 Colonel Anderson Pkwy","Louisville","KY","40222"
23863,"5000 Dunvegan Rd","Louisville","KY","40222"
23864,"6201 Glen Hill Rd","Louisville","KY","40222"
23865,"8712 Stockport Rd","Louisville","KY","40222"
23866,"6207 Glen Hill Rd","Louisville","KY","40222"
23867,"1315 Leighton Cir","Louisville","KY","40222"
23868,"6018 Innes Trace Rd","Louisville","KY","40222"
23869,"5009 Dunvegan Rd","Louisville","KY","40222"
23870,"1317 Leighton Cir","Louisville","KY","40222"
23871,"5915 Brittany Valley Rd","Louisville","KY","40222"
23872,"1312 Leighton Cir","Louisville","KY","40222"
23873,"1308 Leighton Cir","Louisville","KY","40222"
23874,"1316 Leighton Cir","Louisville","KY","40222"
23875,"1320 Leighton Cir","Louisville","KY","40222"
23876,"1326 Leighton Cir","Louisville","KY","40222"
23877,"1327 Leighton Cir","Louisville","KY","40222"
23878,"1302 Leighton Cir","Louisville","KY","40222"
23879,"6010 Innes Trace Rd","Louisville","KY","40222"
23880,"6000 Innes Trace Rd","Louisville","KY","40222"
23881,"5828 Brittany Woods Cir","Louisville","KY","40222"
23882,"8816 Linn Station Rd","Louisville","KY","40222"
23883,"8810 Linn Station Rd","Louisville","KY","40222"
23884,"8716 Linn Station Rd","Louisville","KY","40222"
23885,"8807 Linn Station Rd","Louisville","KY","40222"
23886,"1325 Leighton Cir","Louisville","KY","40222"
23887,"8803 Linn Station Rd","Louisville","KY","40222"
23888,"5814 Brittany Woods Cir","Louisville","KY","40222"
23889,"8700 Stockport Rd","Louisville","KY","40222"
23890,"8604 Cheffield Dr","Louisville","KY","40222"
23891,"8516 Cheffield Dr","Louisville","KY","40222"
23892,"1408 Oxmoor Woods Pkwy","Louisville","KY","40222"
23893,"1108 Oxmoor Woods Pkwy","Louisville","KY","40222"
23894,"8508 Cheffield Dr","Louisville","KY","40222"
23895,"1205 Oxmoor Woods Pkwy","Louisville","KY","40222"
23896,"8610 Blackpool Dr","Louisville","KY","40222"
23897,"1303 Oxmoor Woods Pkwy","Louisville","KY","40222"
23898,"8707 Oldbury Pl","Louisville","KY","40222"
23899,"8704 Oldbury Pl","Louisville","KY","40222"
23900,"8706 Oldbury Pl","Louisville","KY","40222"
23901,"8614 Blackpool Dr","Louisville","KY","40222"
23902,"8618 Blackpool Dr","Louisville","KY","40222"
23903,"8709 Oldbury Pl","Louisville","KY","40222"
23904,"8619 Blackpool Dr","Louisville","KY","40222"
23905,"8613 Blackpool Dr","Louisville","KY","40222"
23906,"8617 Blackpool Dr","Louisville","KY","40222"
23907,"8610 Herefordshire Dr","Louisville","KY","40222"
23908,"1101 Oxmoor Woods Pkwy","Louisville","KY","40222"
23909,"1105 Oxmoor Woods Pkwy","Louisville","KY","40222"
23910,"8604 Herefordshire Dr","Louisville","KY","40222"
23911,"1106 Oxmoor Woods Pkwy","Louisville","KY","40222"
23912,"1104 Oxmoor Woods Pkwy","Louisville","KY","40222"
23913,"3308 Springcrest Dr","Louisville","KY","40241"
23914,"7804 Saint Anthony Woods Ct","Louisville","KY","40214"
23915,"7605 Hill Top Manor Rd","Louisville","KY","40214"
23916,"7604 Heights Dr","Louisville","KY","40291"
23917,"7608 Sailor Rd","Louisville","KY","40291"
23918,"7601 Sailor Rd","Louisville","KY","40291"
23919,"9616 Barb Ct","Louisville","KY","40291"
23920,"9606 Barb Ct","Louisville","KY","40291"
23921,"9615 Coin Rd","Louisville","KY","40291"
23922,"9609 Coin Rd","Louisville","KY","40291"
23923,"9607 Coin Rd","Louisville","KY","40291"
23924,"7625 Heights Dr","Louisville","KY","40291"
23925,"9606 Coin Rd","Louisville","KY","40291"
23926,"7713 Heights Dr","Louisville","KY","40291"
23927,"7617 Sailor Rd","Louisville","KY","40291"
23928,"7607 Sailor Rd","Louisville","KY","40291"
23929,"7620 Sailor Rd","Louisville","KY","40291"
23930,"7719 Heights Dr","Louisville","KY","40291"
23931,"9605 Cedar Heights Ct","Louisville","KY","40291"
23932,"7715 Heights Dr","Louisville","KY","40291"
23933,"9901 Adair Creek Dr","Louisville","KY","40291"
23934,"7708 Heights Dr","Louisville","KY","40291"
23935,"7702 Heights Dr","Louisville","KY","40291"
23936,"7700 Heights Dr","Louisville","KY","40291"
23937,"7630 Heights Dr","Louisville","KY","40291"
23938,"7626 Heights Dr","Louisville","KY","40291"
23939,"9902 Adair Creek Dr","Louisville","KY","40291"
23940,"7615 Heights Dr","Louisville","KY","40291"
23941,"7613 Heights Dr","Louisville","KY","40291"
23942,"7609 Heights Dr","Louisville","KY","40291"
23943,"7732 Heights Dr","Louisville","KY","40291"
23944,"7106 Meadow Ridge Dr","Louisville","KY","40218"
23945,"6903 Heavrin Ave","Louisville","KY","40218"
23946,"3903 Meadow Ridge Pl","Louisville","KY","40218"
23947,"10413 Edgewater Rd","Louisville","KY","40223"
23948,"1105 Marquis Trce","Louisville","KY","40223"
23949,"10408 Edgewater Rd","Louisville","KY","40223"
23950,"10410 Edgewater Rd","Louisville","KY","40223"
23951,"10114 Timberwood Cir","Louisville","KY","40223"
23952,"10405 Edgewater Rd","Louisville","KY","40223"
23953,"10308 Edgewater Rd","Louisville","KY","40223"
23954,"10402 Grazing Trce","Louisville","KY","40223"
23955,"1015 Brookhill Rd","Louisville","KY","40223"
23956,"10409 Edgewater Rd","Louisville","KY","40223"
23957,"10411 Edgewater Rd","Louisville","KY","40223"
23958,"808 Brookhill Rd","Louisville","KY","40223"
23959,"810 Brookhill Rd","Louisville","KY","40223"
23960,"900 Brookhill Rd","Louisville","KY","40223"
23961,"10507 Larkhall Ct","Louisville","KY","40223"
23962,"909 Brookhill Rd","Louisville","KY","40223"
23963,"901 Stoneykirk Dr","Louisville","KY","40223"
23964,"907 Stoneykirk Dr","Louisville","KY","40223"
23965,"900 Moser Rd","Louisville","KY","40223"
23966,"813 Stoneykirk Dr","Louisville","KY","40223"
23967,"811 Stoneykirk Dr","Louisville","KY","40223"
23968,"10601 Edgewater Rd","Louisville","KY","40223"
23969,"906 Stoneykirk Dr","Louisville","KY","40223"
23970,"910 Stoneykirk Dr","Louisville","KY","40223"
23971,"10503 Larkhall Ct","Louisville","KY","40223"
23972,"10411 Grazing Trce","Louisville","KY","40223"
23973,"10414 Grazing Ct","Louisville","KY","40223"
23974,"10615 Edgewater Rd","Louisville","KY","40223"
23975,"10423 Edgewater Rd","Louisville","KY","40223"
23976,"10415 Edgewater Rd","Louisville","KY","40223"
23977,"10210 Timberwood Cir","Louisville","KY","40223"
23978,"10206 Timberwood Cir","Louisville","KY","40223"
23979,"10305 Edgewater Rd","Louisville","KY","40223"
23980,"1419 Payne St","Louisville","KY","40206"
23981,"1005 Brookhill Rd","Louisville","KY","40223"
23982,"1000 Brookhill Rd","Louisville","KY","40223"
23983,"1001 Brookhill Rd","Louisville","KY","40223"
23984,"10404 Livingston Gilbert Ct","Louisville","KY","40223"
23985,"10400 Livingston Gilbert Ct","Louisville","KY","40223"
23986,"10403 Croswell Trce","Louisville","KY","40223"
23987,"10405 Livingston Gilbert Ct","Louisville","KY","40223"
23988,"908 Brookhill Rd","Louisville","KY","40223"
23989,"2806 Chestnut Ridge Pl","Louisville","KY","40245"
23990,"15115 Meadow Farms Ct","Louisville","KY","40245"
23991,"2807 Chestnut Ridge Pl","Louisville","KY","40245"
23992,"2805 Chestnut Ridge Pl","Louisville","KY","40245"
23993,"2901 Meadow Farms Pl","Louisville","KY","40245"
23994,"15122 Meadow Farms Ct","Louisville","KY","40245"
23995,"2908 Meadow Farms Pl","Louisville","KY","40245"
23996,"15306 Champion Lakes Pl","Louisville","KY","40245"
23997,"15310 Champion Lakes Pl","Louisville","KY","40245"
23998,"15315 Champion Lakes Pl","Louisville","KY","40245"
23999,"15321 Champion Lakes Pl","Louisville","KY","40245"
24000,"3018 Meadow Farms Pl","Louisville","KY","40245"
24001,"3016 Meadow Farms Pl","Louisville","KY","40245"
24002,"3014 Meadow Farms Pl","Louisville","KY","40245"
24003,"3000 Meadow Farms Pl","Louisville","KY","40245"
24004,"15127 Meadow Farms Ct","Louisville","KY","40245"
24005,"15328 Champion Lakes Pl","Louisville","KY","40245"
24006,"15309 Champion Lakes Pl","Louisville","KY","40245"
24007,"2602 Locust Hill Pl","Louisville","KY","40245"
24008,"15230 Champion Lakes Pl","Louisville","KY","40245"
24009,"15133 Chestnut Ridge Cir","Louisville","KY","40245"
24010,"2802 Chestnut Ridge Pl","Louisville","KY","40245"
24011,"15123 Chestnut Ridge Cir","Louisville","KY","40245"
24012,"2801 Chestnut Ridge Pl","Louisville","KY","40245"
24013,"15200 Chestnut Ridge Cir","Louisville","KY","40245"
24014,"15305 Timmons Way","Louisville","KY","40245"
24015,"15303 Timmons Way","Louisville","KY","40245"
24016,"3510 Sasse Way","Louisville","KY","40245"
24017,"3600 Sasse Way","Louisville","KY","40245"
24018,"3534 Sasse Way","Louisville","KY","40245"
24019,"3244 Ridge Brook Cir","Louisville","KY","40245"
24020,"3246 Ridge Brook Cir","Louisville","KY","40245"
24021,"3240 Ridge Brook Cir","Louisville","KY","40245"
24022,"3242 Ridge Brook Cir","Louisville","KY","40245"
24023,"3232 Ridge Brook Cir","Louisville","KY","40245"
24024,"3317 Ridge Brook Cir","Louisville","KY","40245"
24025,"3315 Ridge Brook Cir","Louisville","KY","40245"
24026,"3231 Ridge Brook Cir","Louisville","KY","40245"
24027,"3305 Ridge Brook Cir","Louisville","KY","40245"
24028,"3309 Ridge Brook Cir","Louisville","KY","40245"
24029,"3301 Ridge Brook Cir","Louisville","KY","40245"
24030,"1155 Saint Michael St","Louisville","KY","40204"
24031,"1141 Saint Michael St","Louisville","KY","40204"
24032,"1114 Saint Michael St","Louisville","KY","40204"
24033,"1120 Saint Michael St","Louisville","KY","40204"
24034,"1122 Saint Michael St","Louisville","KY","40204"
24035,"1108 Saint Michael St","Louisville","KY","40204"
24036,"1100 Saint Michael St","Louisville","KY","40204"
24037,"1102 Saint Michael St","Louisville","KY","40204"
24038,"1956 Richmond Dr","Louisville","KY","40205"
24039,"1861 Yale Dr","Louisville","KY","40205"
24040,"1856 Harvard Dr","Louisville","KY","40205"
24041,"7602 Deer Meadow Dr","Louisville","KY","40241"
24042,"8012 Albrecht Cir","Louisville","KY","40241"
24043,"7808 Wolfcreek Ct","Louisville","KY","40241"
24044,"7811 Wolfcreek Ct","Louisville","KY","40241"
24045,"4802 Albrecht Ct","Louisville","KY","40241"
24046,"4804 Albrecht Ct","Louisville","KY","40241"
24047,"7805 Wolfcreek Ct","Louisville","KY","40241"
24048,"4718 Wolfcreek Pkwy","Louisville","KY","40241"
24049,"7612 Wolfspring Ct","Louisville","KY","40241"
24050,"4720 Wolfcreek Pkwy","Louisville","KY","40241"
24051,"7801 Wolfcreek Ct","Louisville","KY","40241"
24052,"4405 Wolfspring Dr","Louisville","KY","40241"
24053,"4502 Wolfspring Dr","Louisville","KY","40241"
24054,"4503 Wolfspring Dr","Louisville","KY","40241"
24055,"7600 Deer Meadow Dr","Louisville","KY","40241"
24056,"7522 Clipping Cross Rd","Louisville","KY","40241"
24057,"7502 Springdale Rd","Louisville","KY","40241"
24058,"7526 Clipping Cross Rd","Louisville","KY","40241"
24059,"7524 Clipping Cross Rd","Louisville","KY","40241"
24060,"7608 Wolfspring Ct","Louisville","KY","40241"
24061,"4805 Albrecht Ct","Louisville","KY","40241"
24062,"16001 Leeland Farm Ln","Louisville","KY","40299"
24063,"8713 Avondale Ct","Louisville","KY","40299"
24064,"8709 Avondale Ct","Louisville","KY","40299"
24065,"8707 Avondale Ct","Louisville","KY","40299"
24066,"8710 Avondale Ct","Louisville","KY","40299"
24067,"3907 Kirby Ln","Louisville","KY","40299"
24068,"4010 Stony Brook Dr","Louisville","KY","40299"
24069,"3909 Kirby Ln","Louisville","KY","40299"
24070,"8804 Avondale Ct","Louisville","KY","40299"
24071,"3901 Kirby Ln","Louisville","KY","40299"
24072,"40 Calumet Rd","Louisville","KY","40207"
24073,"6947 Woodhaven Place Dr","Louisville","KY","40228"
24074,"6024 Haven Manor Way","Louisville","KY","40228"
24075,"6944 Woodhaven Place Dr","Louisville","KY","40228"
24076,"4022 Gilman Ave","Louisville","KY","40207"
24077,"3424 Olive Rd","Louisville","KY","40219"
24078,"3428 Olive Rd","Louisville","KY","40219"
24079,"3414 Olive Rd","Louisville","KY","40219"
24080,"7107 Deanna Dr","Louisville","KY","40219"
24081,"3308 Bowie Dr","Louisville","KY","40219"
24082,"3221 Bowie Dr","Louisville","KY","40219"
24083,"3223 Bowie Dr","Louisville","KY","40219"
24084,"3218 Bowie Dr","Louisville","KY","40219"
24085,"7103 Bowie Ct","Louisville","KY","40219"
24086,"3200 Bowie Dr","Louisville","KY","40219"
24087,"3203 Bowie Dr","Louisville","KY","40219"
24088,"3205 Bowie Dr","Louisville","KY","40219"
24089,"3207 Bowie Dr","Louisville","KY","40219"
24090,"3211 Bowie Dr","Louisville","KY","40219"
24091,"3217 Bowie Dr","Louisville","KY","40219"
24092,"3213 Bowie Dr","Louisville","KY","40219"
24093,"2000 Keeneland Blvd","Louisville","KY","40223"
24094,"10119 Whipps Mill Rd","Louisville","KY","40223"
24095,"10105 Whipps Mill Rd","Louisville","KY","40223"
24096,"10116 Futurity Way","Louisville","KY","40223"
24097,"10114 Futurity Way","Louisville","KY","40223"
24098,"2001 Challedon Way","Louisville","KY","40223"
24099,"2007 Ben Ali Rd","Louisville","KY","40223"
24100,"2101 Ben Ali Rd","Louisville","KY","40223"
24101,"2102 Hounz Ln","Louisville","KY","40223"
24102,"2100 Ben Ali Rd","Louisville","KY","40223"
24103,"2101 Challedon Way","Louisville","KY","40223"
24104,"2106 Ben Ali Rd","Louisville","KY","40223"
24105,"2006 Challedon Way","Louisville","KY","40223"
24106,"9201 Visser Dr","Louisville","KY","40299"
24107,"195 County Line Rd","Louisville","KY","40229"
24108,"263 County Line Rd","Louisville","KY","40229"
24109,"213 County Line Rd","Louisville","KY","40229"
24110,"800 N Lakeview Dr","Louisville","KY","40229"
24111,"768 N Lakeview Dr","Louisville","KY","40229"
24112,"738 N Lakeview Dr","Louisville","KY","40229"
24113,"712 N Lakeview Dr","Louisville","KY","40229"
24114,"176 Sandy Hill Rd","Louisville","KY","40229"
24115,"177 Sandy Hill Rd","Louisville","KY","40229"
24116,"570 N Lakeview Dr","Louisville","KY","40229"
24117,"594 N Lakeview Dr","Louisville","KY","40229"
24118,"628 N Lakeview Dr","Louisville","KY","40229"
24119,"651 N Lakeview Dr","Louisville","KY","40229"
24120,"120 Sandy Hill Rd","Louisville","KY","40229"
24121,"551 N Lakeview Dr","Louisville","KY","40229"
24122,"922 N Lakeview Dr","Louisville","KY","40229"
24123,"5820 Orion Rd","Louisville","KY","40222"
24124,"5810 Glen Park Rd","Louisville","KY","40222"
24125,"3303 Innes Trace Ct","Louisville","KY","40222"
24126,"6202 Innes Trace Rd","Louisville","KY","40222"
24127,"6206 Innes Trace Rd","Louisville","KY","40222"
24128,"5105 Dunvegan Rd","Louisville","KY","40222"
24129,"5115 Dunvegan Rd","Louisville","KY","40222"
24130,"6208 Innes Trace Rd","Louisville","KY","40222"
24131,"5808 Glen Park Rd","Louisville","KY","40222"
24132,"6007 Innes Trace Rd","Louisville","KY","40222"
24133,"6305 Glen Hill Rd","Louisville","KY","40222"
24134,"6206 Glen Hill Rd","Louisville","KY","40222"
24135,"5010 Dunvegan Rd","Louisville","KY","40222"
24136,"5100 Dunvegan Rd","Louisville","KY","40222"
24137,"5015 Dunvegan Rd","Louisville","KY","40222"
24138,"6102 Innes Trace Rd","Louisville","KY","40222"
24139,"6017 Innes Trace Rd","Louisville","KY","40222"
24140,"6009 Innes Trace Rd","Louisville","KY","40222"
24141,"5119 Dunvegan Rd","Louisville","KY","40222"
24142,"4612 Estate Dr","Louisville","KY","40216"
24143,"820 Gagel Ave","Louisville","KY","40216"
24144,"826 Gagel Ave","Louisville","KY","40216"
24145,"1006 Gagel Ave","Louisville","KY","40216"
24146,"1018 Gagel Ave","Louisville","KY","40216"
24147,"10108 Timberwood Cir","Louisville","KY","40223"
24148,"10209 Falling Tree Way","Louisville","KY","40223"
24149,"1104 Marquis Trce","Louisville","KY","40223"
24150,"10110 Timberwood Cir","Louisville","KY","40223"
24151,"1305 Bentwood Way","Louisville","KY","40223"
24152,"1313 Bentwood Way","Louisville","KY","40223"
24153,"1311 Bentwood Way","Louisville","KY","40223"
24154,"9705 Grandin Woods Rd","Louisville","KY","40299"
24155,"10704 Linn Station Rd","Louisville","KY","40223"
24156,"10500 Edgewater Rd","Louisville","KY","40223"
24157,"10416 Edgewater Rd","Louisville","KY","40223"
24158,"10613 Bracken Branch Ct","Louisville","KY","40223"
24159,"1101 Timber Oak Dr","Louisville","KY","40223"
24160,"1104 Woodcroft Ct","Louisville","KY","40223"
24161,"1105 Timber Oak Dr","Louisville","KY","40223"
24162,"10700 Linn Station Rd","Louisville","KY","40223"
24163,"10705 Banyan Ct","Louisville","KY","40223"
24164,"10612 Linn Station Rd","Louisville","KY","40223"
24165,"10703 Banyan Ct","Louisville","KY","40223"
24166,"10608 Linn Station Rd","Louisville","KY","40223"
24167,"1203 Bentwood Way","Louisville","KY","40223"
24168,"1205 Bentwood Way","Louisville","KY","40223"
24169,"10610 Bracken Branch Ct","Louisville","KY","40223"
24170,"10604 Bracken Branch Ct","Louisville","KY","40223"
24171,"10601 Bracken Branch Ct","Louisville","KY","40223"
24172,"1306 Pollitt Ct","Louisville","KY","40223"
24173,"1306 Bentwood Way","Louisville","KY","40223"
24174,"7102 S Watterson Trl","Louisville","KY","40291"
24175,"7104 S Watterson Trl","Louisville","KY","40291"
24176,"7802 Glaser Ln","Louisville","KY","40228"
24177,"7704 Saint Bernard Ct","Louisville","KY","40291"
24178,"7708 Saint Bernard Ct","Louisville","KY","40291"
24179,"7712 Saint Bernard Ct","Louisville","KY","40291"
24180,"7705 Saint Bernard Ct","Louisville","KY","40291"
24181,"7700 Cedar Hollow Dr","Louisville","KY","40291"
24182,"6908 Oakview Ct","Louisville","KY","40291"
24183,"7615 Cedar Hollow Dr","Louisville","KY","40291"
24184,"7617 Cedar Hollow Dr","Louisville","KY","40291"
24185,"7612 Cedar Hollow Dr","Louisville","KY","40291"
24186,"7711 Glaser Ln","Louisville","KY","40228"
24187,"1714 Kensington Place Ln","Louisville","KY","40205"
24188,"1712 Kensington Place Ln","Louisville","KY","40205"
24189,"1715 Kensington Place Ln","Louisville","KY","40205"
24190,"1719 Kensington Place Ln","Louisville","KY","40205"
24191,"1734 Kensington Place Ln","Louisville","KY","40205"
24192,"1729 Kensington Place Ln","Louisville","KY","40205"
24193,"1873 Allgeier Ct","Louisville","KY","40213"
24194,"1876 Allgeier Ct","Louisville","KY","40213"
24195,"1872 Allgeier Ct","Louisville","KY","40213"
24196,"4307 Annshire Ave","Louisville","KY","40213"
24197,"4303 Annshire Ave","Louisville","KY","40213"
24198,"4302 Conaem Dr","Louisville","KY","40213"
24199,"4305 Annshire Ave","Louisville","KY","40213"
24200,"4304 Conaem Dr","Louisville","KY","40213"
24201,"1384 Gardiner Ln","Louisville","KY","40213"
24202,"1382 Gardiner Ln","Louisville","KY","40213"
24203,"1400 Gardiner Ln","Louisville","KY","40213"
24204,"4307 Conaem Dr","Louisville","KY","40213"
24205,"4305 Conaem Dr","Louisville","KY","40213"
24206,"4311 Conaem Dr","Louisville","KY","40213"
24207,"4309 Conaem Dr","Louisville","KY","40213"
24208,"1708 Griffin Gate Rd","Louisville","KY","40205"
24209,"3112 Hunsinger Blvd","Louisville","KY","40220"
24210,"3111 Michael Dr","Louisville","KY","40220"
24211,"3107 Hunsinger Blvd","Louisville","KY","40220"
24212,"3106 Hunsinger Blvd","Louisville","KY","40220"
24213,"3113 Marlin Rd","Louisville","KY","40220"
24214,"3111 Hunsinger Blvd","Louisville","KY","40220"
24215,"3108 Marlin Rd","Louisville","KY","40220"
24216,"3112 Marlin Rd","Louisville","KY","40220"
24217,"3116 Marlin Rd","Louisville","KY","40220"
24218,"3120 Marlin Rd","Louisville","KY","40220"
24219,"3117 Marlin Rd","Louisville","KY","40220"
24220,"3121 Marlin Rd","Louisville","KY","40220"
24221,"3123 Marlin Rd","Louisville","KY","40220"
24222,"3100 Marlin Rd","Louisville","KY","40220"
24223,"3127 Marlin Rd","Louisville","KY","40220"
24224,"3125 Marlin Rd","Louisville","KY","40220"
24225,"3126 Marlin Rd","Louisville","KY","40220"
24226,"3130 Marlin Rd","Louisville","KY","40220"
24227,"3128 Marlin Rd","Louisville","KY","40220"
24228,"3137 Marlin Rd","Louisville","KY","40220"
24229,"4215 Hewitt Ave","Louisville","KY","40220"
24230,"3128 Hunsinger Blvd","Louisville","KY","40220"
24231,"3132 Hunsinger Blvd","Louisville","KY","40220"
24232,"3123 Hewitt Ave","Louisville","KY","40220"
24233,"3124 Houston Blvd","Louisville","KY","40220"
24234,"4212 Hewitt Ave","Louisville","KY","40220"
24235,"4302 Martha Ave","Louisville","KY","40220"
24236,"3102 Hunsinger Blvd","Louisville","KY","40220"
24237,"7705 Coral Bells Ct","Louisville","KY","40220"
24238,"3121 Mcmahan Blvd","Louisville","KY","40220"
24239,"3119 Mcmahan Blvd","Louisville","KY","40220"
24240,"3111 Mcmahan Blvd","Louisville","KY","40220"
24241,"8109 Springlake Dr","Louisville","KY","40241"
24242,"501 Leyton Ave","Louisville","KY","40222"
24243,"2624 Longview Ave","Unit 2","Louisville",
24244,"1820 Greenwood Ave","Unit Sfh","Louisville",
24245,"811 S Park Rd","Louisville","KY","40118"
24246,"12108 Sentimental Ct","Louisville","KY","40229"
24247,"653 Lynn St","Apt B","Louisville",
24248,"2505 Brownsboro Rd","Louisville","KY","40206"
24249,"633 E Main St","Unit 1014626P","Louisville",
24250,"2027-2029 S 41st St","Louisville","KY","40214"
24251,"5416 Sir Barton Rd","Louisville","KY","40272"
24252,"1236 Cherokee Ch Rd","Unit 4B","Louisville",
24253,"8510 Ambrosse Ln","Louisville","KY","40299"
24254,"9502 Farmers Ln","Louisville","KY","40118"
24255,"315 M St","# 101","Louisville",
24256,"106 E Florence Ave","Louisville","KY","40214"
24257,"114 E Florence Ave","Louisville","KY","40214"
24258,"Oak Rock Dr","Lot 208","Louisville",
24259,"5605 Mount Washington Rd","Louisville","KY","40229"
24260,"7404 Hassock Dr","Louisville","KY","40258"
24261,"7402 Hassock Dr","Louisville","KY","40258"
24262,"5202 Clint Way","Louisville","KY","40258"
24263,"5207 Hassock Ct","Louisville","KY","40258"
24264,"5204 Clint Way","Louisville","KY","40258"
24265,"7300 Hassock Dr","Louisville","KY","40258"
24266,"7305 Hassock Dr","Louisville","KY","40258"
24267,"5202 Hassock Ct","Louisville","KY","40258"
24268,"7306 Hassock Dr","Louisville","KY","40258"
24269,"5212 Hassock Ct","Louisville","KY","40258"
24270,"513 Winyan Ln","Louisville","KY","40223"
24271,"515 Winyan Ln","Louisville","KY","40223"
24272,"3903 Kennison Ave","Unit 2","Louisville",
24273,"4119 Glen Hill Manor Dr","Unit 4119-10","Louisville",
24274,"2027-2029 S 41st St","Louisville","KY","40211"
24275,"116 Rosebank Ct","Louisville","KY","40118"
24276,"6801 Oak Rock Dr","Louisville","KY","40291"
24277,"12501 Lower River Rd","Louisville","KY","40272"
24278,"8311 Damascus Cir","Louisville","KY","40228"
24279,"6675 Rutledge Rd","Louisville","KY","40258"
24280,"6906 Rutledge Rd","Louisville","KY","40258"
24281,"7002 Wood Rd","Louisville","KY","40258"
24282,"6514 Wood Rd","Louisville","KY","40258"
24283,"6912 Rutledge Rd","Louisville","KY","40258"
24284,"7003 Dale Rd","Louisville","KY","40258"
24285,"6903 Rutledge Rd","Louisville","KY","40258"
24286,"6802 Rutledge Rd","Louisville","KY","40258"
24287,"6815 Rutledge Rd","Louisville","KY","40258"
24288,"6805 Rutledge Rd","Louisville","KY","40258"
24289,"6715 Rutledge Rd","Louisville","KY","40258"
24290,"6803 Rutledge Rd","Louisville","KY","40258"
24291,"6710 Rutledge Rd","Louisville","KY","40258"
24292,"6902 Sylvania 4 Rd","Louisville","KY","40258"
24293,"6812 Sylvania 4 Rd","Louisville","KY","40258"
24294,"6708 Sylvania 4 Rd","Louisville","KY","40258"
24295,"6612 Sylvania 4 Rd","Louisville","KY","40258"
24296,"6689 Rutledge Rd","Louisville","KY","40258"
24297,"6686 Rutledge Rd","Louisville","KY","40258"
24298,"6713 Sylvania 6 Rd","Louisville","KY","40258"
24299,"6715 Sylvania 6 Rd","Louisville","KY","40258"
24300,"6705 Sylvania 6 Rd","Louisville","KY","40258"
24301,"6701 Sylvania 4 Rd","Louisville","KY","40258"
24302,"6703 Sylvania 4 Rd","Louisville","KY","40258"
24303,"6643 Sylvania Rd","Louisville","KY","40258"
24304,"6713 Sylvania 4 Rd","Louisville","KY","40258"
24305,"5415 Laureltree Pl","Louisville","KY","40229"
24306,"10204 Closterwood Dr","Louisville","KY","40229"
24307,"10125 Closterwood Dr","Louisville","KY","40229"
24308,"5407 Durhamtree Pl","Louisville","KY","40229"
24309,"5406 Crosstree Pl","Louisville","KY","40229"
24310,"5402 Crosstree Pl","Louisville","KY","40229"
24311,"5400 Durhamtree Pl","Louisville","KY","40229"
24312,"5405 Durhamtree Pl","Louisville","KY","40229"
24313,"5403 Durhamtree Pl","Louisville","KY","40229"
24314,"5401 Durhamtree Pl","Louisville","KY","40229"
24315,"5404 Durhamtree Pl","Louisville","KY","40229"
24316,"5406 Durhamtree Pl","Louisville","KY","40229"
24317,"5410 Durhamtree Pl","Louisville","KY","40229"
24318,"5414 Durhamtree Pl","Louisville","KY","40229"
24319,"10220 Closterwood Dr","Louisville","KY","40229"
24320,"5416 Durhamtree Pl","Louisville","KY","40229"
24321,"5411 Durhamtree Pl","Louisville","KY","40229"
24322,"10407 Charleswood Rd","Louisville","KY","40229"
24323,"5312 Chathamwood Dr","Louisville","KY","40229"
24324,"5318 Chathamwood Dr","Louisville","KY","40229"
24325,"10303 Charleswood Rd","Louisville","KY","40229"
24326,"10305 Charleswood Rd","Louisville","KY","40229"
24327,"10102 Coralwood Dr","Louisville","KY","40229"
24328,"5010 Pasafino Ct","Louisville","KY","40299"
24329,"2803 Antone Pkwy","Louisville","KY","40220"
24330,"2902 Antone Pkwy","Louisville","KY","40220"
24331,"8618 Wooded Glen Rd","Louisville","KY","40220"
24332,"2729 Antone Pkwy","Louisville","KY","40220"
24333,"8621 Wooded Glen Rd","Louisville","KY","40220"
24334,"8322 Lacevine Rd","Louisville","KY","40220"
24335,"8503 Wooded Glen Ct","Louisville","KY","40220"
24336,"2705 Antone Pkwy","Louisville","KY","40220"
24337,"8718 Lantern Lite Pkwy","Louisville","KY","40220"
24338,"8627 Wooded Glen Rd","Louisville","KY","40220"
24339,"8625 Wooded Glen Rd","Louisville","KY","40220"
24340,"8724 Lantern Lite Pkwy","Louisville","KY","40220"
24341,"8720 Lantern Lite Pkwy","Louisville","KY","40220"
24342,"8700 Wooded Glen Rd","Louisville","KY","40220"
24343,"2702 Costigan Way","Louisville","KY","40220"
24344,"8708 Wooded Glen Rd","Louisville","KY","40220"
24345,"8607 Wooded Glen Rd","Louisville","KY","40220"
24346,"8611 Wooded Glen Rd","Louisville","KY","40220"
24347,"8708 Lantern Lite Pkwy","Louisville","KY","40220"
24348,"8706 Lantern Lite Pkwy","Louisville","KY","40220"
24349,"8712 Lantern Lite Pkwy","Louisville","KY","40220"
24350,"8613 Wooded Glen Rd","Louisville","KY","40220"
24351,"617 E Ormsby Ave","Unit 1","Louisville",
24352,"412 Woodcreek Dr","Louisville","KY","40160"
24353,"1511 Herr Ln","Louisville","KY","40222"
24354,"1604 Clearview Dr","Louisville","KY","40222"
24355,"10702 Northington Ln","Louisville","KY","40241"
24356,"2514 S 4th St","# 1F","Louisville",
24357,"4450 Dixie Hwy","Louisville","KY","40216"
24358,"2514 S 4th St","# 2F","Louisville",
24359,"2228 W Madison St","Unit 2","Louisville",
24360,"1428 S Floyd St","Unit 1","Louisville",
24361,"2300 Long Run Rd","Louisville","KY","40245"
24362,"4421 Lochridge Pkwy","Louisville","KY","40299"
24363,"8503 Lysander Dr","Louisville","KY","40214"
24364,"203 Chadwick Glen Pl","Unit 11","Louisville",
24365,"9802 Independence School Rd","Louisville","KY","40291"
24366,"9916 Moore Hill Pl","Unit 9916-204","Louisville",
24367,"5160 Keegan Way","Unit 1","Louisville",
24368,"222 S Peterson Ave","Louisville","KY","40206"
24369,"16800 Asher Ct","Louisville","KY","40245"
24370,"2518/2520 Rowan St","Louisville","KY","40212"
24371,"6905 Sylvania Rd","Louisville","KY","40258"
24372,"8392 Aiken Rd","Louisville","KY","40245"
24373,"2100 Forest Pointe Ln","Louisville","KY","40245"
24374,"2011 Forest Pointe Ln","Louisville","KY","40245"
24375,"1001 Thruston Dr","Louisville","KY","40217"
24376,"957 Thruston Dr","Louisville","KY","40217"
24377,"955 Thruston Dr","Louisville","KY","40217"
24378,"3000 Quarry Rd","Louisville","KY","40059"
24379,"3206 Wellingmoor Ave","Louisville","KY","40218"
24380,"2506 Fureen Dr","Louisville","KY","40218"
24381,"3207 Stratford Ave","Louisville","KY","40218"
24382,"2508 Gardiner Ln","Louisville","KY","40205"
24383,"2514 Gardiner Ln","Louisville","KY","40205"
24384,"2387 Clarendon Ave","Louisville","KY","40205"
24385,"2392 Hawthorne Ave","Louisville","KY","40205"
24386,"2381 Hawthorne Ave","Louisville","KY","40205"
24387,"2389 Hawthorne Ave","Louisville","KY","40205"
24388,"2409 Hawthorne Ave","Louisville","KY","40205"
24389,"2417 Hawthorne Ave","Louisville","KY","40205"
24390,"8412 Hollis View Way","Louisville","KY","40214"
24391,"4821 Dover Rd","# R","Louisville",
24392,"423 S Wenzel St","Unit B","Louisville",
24393,"1838 Bardstown Rd","Unit B02","Louisville",
24394,"15900 Shadowalk Dr","Louisville","KY","40245"
24395,"8117 St Andrews Church Rd","Louisville","KY","40258"
24396,"7731 Third Street Rd","Louisville","KY","40214"
24397,"4508 Westport Woods Ln","Unit 201B","Louisville",
24398,"4315 Northwood Dr","Louisville","KY","40220"
24399,"148 Breckenridge Ln","Unit D","Louisville",
24400,"602 E Burnett Ave Unit A","Louisville","KY","40217"
24401,"8605 Shelbyville Rd","Unit 222224","Louisville",
24402,"12501 Railcar Rd","Louisville","KY","40272"
24403,"10917 Brookley Dr","Louisville","KY","40229"
24404,"4232 Stilger Cir","Louisville","KY","40299"
24405,"9006 Lantern Lite Pkwy","Louisville","KY","40220"
24406,"4111 Pecunnie Way","Louisville","KY","40218"
24407,"4109 Pecunnie Way","Louisville","KY","40218"
24408,"7112 Kromer Dr","Louisville","KY","40218"
24409,"7114 Kromer Dr","Louisville","KY","40218"
24410,"4207 Breckenridge Ln","Louisville","KY","40218"
24411,"7113 Kromer Dr","Louisville","KY","40218"
24412,"7108 Meadow Ridge Dr","Louisville","KY","40218"
24413,"16954 Aiken Ridge Cir","Louisville","KY","40245"
24414,"9402 Clubview Dr","Louisville","KY","40291"
24415,"2902 Megan Thompson Way","Louisville","KY","40220"
24416,"729 S 39th St","Apt 3","Louisville",
24417,"404 N Hite Ave","Unit B1","Louisville",
24418,"240 Breckenridge Ln","Louisville","KY","40207"
24419,"500 E Ormsby Ave","Apt 1","Louisville",
24420,"10111 Wingfield Rd","Louisville","KY","40291"
24421,"3211 Beals Branch Rd","Louisville","KY","40206"
24422,"2923 Cambridge Rd","Louisville","KY","40220"
24423,"2917 Cambridge Rd","Louisville","KY","40220"
24424,"2911 Cambridge Rd","Louisville","KY","40220"
24425,"2913 Cambridge Rd","Louisville","KY","40220"
24426,"2912 Cambridge Rd","Louisville","KY","40220"
24427,"2925 Cambridge Rd","Louisville","KY","40220"
24428,"4219 Taylorsville Rd","Louisville","KY","40220"
24429,"4209 Taylorsville Rd","Louisville","KY","40220"
24430,"3007 Michael Dr","Louisville","KY","40220"
24431,"3009 Michael Dr","Louisville","KY","40220"
24432,"3103 Marlin Rd","Louisville","KY","40220"
24433,"3101 Marlin Rd","Louisville","KY","40220"
24434,"4305 Martha Ave","Louisville","KY","40220"
24435,"4309 Martha Ave","Louisville","KY","40220"
24436,"4311 Martha Ave","Louisville","KY","40220"
24437,"15215 Abington Ridge Pl","Louisville","KY","40245"
24438,"2850 Fair Ln","Louisville","KY","40291"
24439,"2424 Tyler Ln","Louisville","KY","40205"
24440,"2404 Tyler Ln","Louisville","KY","40205"
24441,"2621 Montrose Ave","Louisville","KY","40205"
24442,"2564 Taylorsville Rd","Louisville","KY","40205"
24443,"2562 Taylorsville Rd","Louisville","KY","40205"
24444,"2619 Valletta Rd","Louisville","KY","40205"
24445,"2622 Valletta Rd","Louisville","KY","40205"
24446,"2553 Kings Hwy","Louisville","KY","40205"
24447,"2384 Sydney Ave","Louisville","KY","40205"
24448,"2393 Tyler Ln","Louisville","KY","40205"
24449,"2387 Tyler Ln","Louisville","KY","40205"
24450,"10704 Colonial Woods Way","Louisville","KY","40223"
24451,"10705 Colonial Woods Way","Louisville","KY","40223"
24452,"10701 Colonial Woods Way","Louisville","KY","40223"
24453,"10777 Colonial Woods Way","Louisville","KY","40223"
24454,"10789 Colonial Woods Way","Louisville","KY","40223"
24455,"10787 Colonial Woods Way","Louisville","KY","40223"
24456,"10785 Colonial Woods Way","Louisville","KY","40223"
24457,"10729 Colonial Woods Way","Louisville","KY","40223"
24458,"10761 Colonial Woods Way","Louisville","KY","40223"
24459,"10739 Colonial Woods Way","Louisville","KY","40223"
24460,"10731 Colonial Woods Way","Louisville","KY","40223"
24461,"10713 Colonial Woods Way","Louisville","KY","40223"
24462,"897 Parkway Dr","Louisville","KY","40217"
24463,"8513 Cheltenham Cir","Louisville","KY","40222"
24464,"112 Dorchester Rd","Louisville","KY","40223"
24465,"114 Dorchester Rd","Louisville","KY","40223"
24466,"121 Dorchester Rd","Louisville","KY","40223"
24467,"122 Dorchester Rd","Louisville","KY","40223"
24468,"120 Dorchester Rd","Louisville","KY","40223"
24469,"8605 Loftingham Ct","Louisville","KY","40222"
24470,"4614 Beechbrook Rd","Louisville","KY","40218"
24471,"118 W Ormsby Ave","Unit A1","Louisville",
24472,"3712 Klondike Ln","Louisville","KY","40218"
24473,"3810 Vermont Ave","Unit 2","Louisville",
24474,"9107 Kentucky Ave","Louisville","KY","40291"
24475,"9105 Kentucky Ave","Louisville","KY","40291"
24476,"8918 Wimsatt Way","Louisville","KY","40291"
24477,"6008 Shean Ct","Louisville","KY","40291"
24478,"6012 Shean Ct","Louisville","KY","40291"
24479,"8921 Wimsatt Way","Louisville","KY","40291"
24480,"8913 Wimsatt Way","Louisville","KY","40291"
24481,"2424 Glenmary Ave","Unit 2424GLE6","Louisville",
24482,"8804 Fairmount Cove Pl","Louisville","KY","40291"
24483,"3420 W Muhammad Ali Blvd","Unit F","Louisville",
24484,"4143 W Market St","Unit 2","Louisville",
24485,"1618 Ellwood Ave","Louisville","KY","40204"
24486,"116 W Burnett Ave","Louisville","KY","40208"
24487,"1618 Ellwood Ave","Unit 1618ELL","Louisville",
24488,"1156 S Brook St","Louisville","KY","40203"
24489,"9901 Fern Creek Rd","Louisville","KY","40291"
24490,"409 W Gaulbert Ave","Apt 301","Louisville",
24491,"3216 Chenoweth Run Rd","Louisville","KY","40299"
24492,"1303 Swan Pointe Blvd","Louisville","KY","40243"
24493,"3512 Woodmont Park Ln","Louisville","KY","40245"
24494,"1009 Gateshead Ct","Louisville","KY","40222"
24495,"1003 Colonel Anderson Pkwy","Louisville","KY","40222"
24496,"1012 Fulham Ct","Louisville","KY","40222"
24497,"8817 Linn Station Rd","Louisville","KY","40222"
24498,"1404 Hadleigh Pl","Louisville","KY","40222"
24499,"1402 Hadleigh Pl","Louisville","KY","40222"
24500,"909 Colonel Anderson Pkwy","Louisville","KY","40222"
24501,"8800 Denington Dr","Louisville","KY","40222"
24502,"13610 Stoneridge Manor Dr","Louisville","KY","40272"
24503,"6825 Stone Valley Dr","Louisville","KY","40272"
24504,"6827 Stone Valley Dr","Louisville","KY","40272"
24505,"13602 Stoneridge Manor Dr","Louisville","KY","40272"
24506,"6900 Stone Valley Dr","Louisville","KY","40272"
24507,"409 W Gaulbert Ave","Apt 201","Louisville",
24508,"8104 Cedar Pointe Dr","Louisville","KY","40229"
24509,"16937 Aiken Ridge Cir","Louisville","KY","40245"
24510,"16935 Aiken Ridge Cir","Louisville","KY","40245"
24511,"9728 Alexandra Woods Ct","Louisville","KY","40291"
24512,"6514 Hackel Dr","Louisville","KY","40258"
24513,"8909 Independence School Rd","Louisville","KY","40228"
24514,"7301 Austinwood Rd","Louisville","KY","40214"
24515,"1805 Grand Ridge Rd","Louisville","KY","40214"
24516,"1805 Austinwood Pl","Louisville","KY","40214"
24517,"1802 Timberhaven Trce","Louisville","KY","40214"
24518,"7110 Austinwood Rd","Louisville","KY","40214"
24519,"7108 Austinwood Rd","Louisville","KY","40214"
24520,"2000 Hillcircle Rd","Louisville","KY","40214"
24521,"5511 W Pages Ln","Louisville","KY","40258"
24522,"6303 Overton Rd","Louisville","KY","40228"
24523,"6301 Ocho Rios Ct","Louisville","KY","40228"
24524,"6303 Ocho Rios Ct","Louisville","KY","40228"
24525,"6310 Linstead Rd","Louisville","KY","40228"
24526,"6306 Linstead Rd","Louisville","KY","40228"
24527,"6402 Linstead Rd","Louisville","KY","40228"
24528,"6217 Port Antonio Rd","Louisville","KY","40228"
24529,"6219 Port Antonio Rd","Louisville","KY","40228"
24530,"6604 Moorhampton Dr","Louisville","KY","40228"
24531,"9307 Fern Bluff Ln","Louisville","KY","40229"
24532,"9301 Fern Bluff Ln","Louisville","KY","40229"
24533,"9317 Lantana Dr","Louisville","KY","40229"
24534,"9313 Fern Bluff Ln","Louisville","KY","40229"
24535,"620 Iroquois Ave # D","Louisville","KY","40214"
24536,"9701 Mcneely Lake Dr","Louisville","KY","40229"
24537,"8502 Masters Ct","Louisville","KY","40291"
24538,"8500 Masters Ct","Louisville","KY","40291"
24539,"8516 Glendale Trce","Louisville","KY","40291"
24540,"8717 Running Fox Cir","Louisville","KY","40291"
24541,"8719 Running Fox Cir","Louisville","KY","40291"
24542,"5538 Bruce Ave","Louisville","KY","40214"
24543,"3313 Mcclain Ct","Louisville","KY","40299"
24544,"9201 Wakulla Ct","Louisville","KY","40299"
24545,"9209 Sue Helen Dr","Louisville","KY","40299"
24546,"9206 Wakulla Ct","Louisville","KY","40299"
24547,"9204 Wakulla Ct","Louisville","KY","40299"
24548,"9202 Wakulla Ct","Louisville","KY","40299"
24549,"9201 N Pirogue Ct","Louisville","KY","40299"
24550,"9205 N Pirogue Ct","Louisville","KY","40299"
24551,"3505 Pirogue Rd","Louisville","KY","40299"
24552,"3507 Pirogue Rd","Louisville","KY","40299"
24553,"3600 Ethelwood Dr","Louisville","KY","40299"
24554,"3601 Ethelwood Dr","Louisville","KY","40299"
24555,"3603 Ethelwood Dr","Louisville","KY","40299"
24556,"3711 Bigelow Dr","Louisville","KY","40299"
24557,"9210 S Pirogue Ct","Louisville","KY","40299"
24558,"9208 S Pirogue Ct","Louisville","KY","40299"
24559,"9211 S Pirogue Ct","Louisville","KY","40299"
24560,"9201 S Pirogue Ct","Louisville","KY","40299"
24561,"3604 Cedarwood Way","Louisville","KY","40299"
24562,"3602 Cedarwood Way","Louisville","KY","40299"
24563,"9403 Shanna Dr","Louisville","KY","40299"
24564,"9401 Shanna Dr","Louisville","KY","40299"
24565,"9402 Garden Dr","Louisville","KY","40299"
24566,"9402 Shanna Dr","Louisville","KY","40299"
24567,"9401 Garden Dr","Louisville","KY","40299"
24568,"3601 Pirogue Rd","Louisville","KY","40299"
24569,"3603 Pirogue Rd","Louisville","KY","40299"
24570,"9401 Willowwood Way","Louisville","KY","40299"
24571,"3611 Lisa Ln","Louisville","KY","40299"
24572,"3613 Lisa Ln","Louisville","KY","40299"
24573,"3105 Northland Dr","Louisville","KY","40216"
24574,"3106 Northland Dr","Louisville","KY","40216"
24575,"4204 Southern Farm Blvd","Louisville","KY","40216"
24576,"3810 Billtown Rd","Louisville","KY","40299"
24577,"3902 Billtown Rd","Louisville","KY","40299"
24578,"10013 Belltower Ct","Louisville","KY","40299"
24579,"3904 Billtown Rd","Louisville","KY","40299"
24580,"7412 Edenroc Ln","Louisville","KY","40258"
24581,"7405 Rutledge Rd","Louisville","KY","40258"
24582,"7407 Rutledge Rd","Louisville","KY","40258"
24583,"7506 Edenroc Ln","Louisville","KY","40258"
24584,"7409 Rutledge Rd","Louisville","KY","40258"
24585,"7500 Edenroc Ln","Louisville","KY","40258"
24586,"7208 Rutledge Rd","Louisville","KY","40258"
24587,"7210 Rutledge Rd","Louisville","KY","40258"
24588,"7406 Edenroc Ln","Louisville","KY","40258"
24589,"4930 Wheatley Ct","Louisville","KY","40218"
24590,"3206 Penhurst Dr","Louisville","KY","40216"
24591,"3200 Hampstead Ct","Louisville","KY","40216"
24592,"3202 Hampstead Ct","Louisville","KY","40216"
24593,"3201 Penhurst Dr","Louisville","KY","40216"
24594,"2706 Jenlee Ln","Louisville","KY","40216"
24595,"3021 Kingswood Way","Louisville","KY","40216"
24596,"2505 Jenlee Ln","Louisville","KY","40216"
24597,"2447 Ralph Ave","Louisville","KY","40216"
24598,"2507 Ralph Ave","Louisville","KY","40216"
24599,"2604 Ralph Ave","Louisville","KY","40216"
24600,"2612 Neblett Ave","Louisville","KY","40216"
24601,"2615 Neblett Ave","Louisville","KY","40216"
24602,"2605 Neblett Ave","Louisville","KY","40216"
24603,"2604 Neblett Ave","Louisville","KY","40216"
24604,"2600 Neblett Ave","Louisville","KY","40216"
24605,"2518 Neblett Ave","Louisville","KY","40216"
24606,"2514 Jenlee Ln","Louisville","KY","40216"
24607,"2517 Jenlee Ln","Louisville","KY","40216"
24608,"2515 Jenlee Ln","Louisville","KY","40216"
24609,"2520 Hampstead Dr","Louisville","KY","40216"
24610,"2521 Jenlee Ln","Louisville","KY","40216"
24611,"2525 Jenlee Ln","Louisville","KY","40216"
24612,"2531 Jenlee Ln","Louisville","KY","40216"
24613,"2540 Jenlee Ln","Louisville","KY","40216"
24614,"3022 Kingswood Way","Louisville","KY","40216"
24615,"3018 Kingswood Way","Louisville","KY","40216"
24616,"4245 E Blue Lick Rd","Louisville","KY","40229"
24617,"4207 E Blue Lick Rd","Louisville","KY","40229"
24618,"148 Velva Dr","Louisville","KY","40229"
24619,"187 Wild Way","Louisville","KY","40229"
24620,"182 Wooded Way","Louisville","KY","40229"
24621,"339 Bucky Burton Dr","Louisville","KY","40229"
24622,"122 Toy Ct","Louisville","KY","40229"
24623,"144 Toy Ct","Louisville","KY","40229"
24624,"349 Bucky Burton Dr","Louisville","KY","40229"
24625,"112 Toy Ct","Louisville","KY","40229"
24626,"154 Wild Way","Louisville","KY","40229"
24627,"142 Wild Way","Louisville","KY","40229"
24628,"153 Wild Way","Louisville","KY","40229"
24629,"165 Wild Way","Louisville","KY","40229"
24630,"249 Bucky Burton Dr","Louisville","KY","40229"
24631,"227 Bucky Burton Dr","Louisville","KY","40229"
24632,"217 Bucky Burton Dr","Louisville","KY","40229"
24633,"704 Jennymac Dr","Louisville","KY","40229"
24634,"710 Jennymac Dr","Louisville","KY","40229"
24635,"696 Jennymac Dr","Louisville","KY","40229"
24636,"688 Jennymac Dr","Louisville","KY","40229"
24637,"292 Velva Dr","Louisville","KY","40229"
24638,"326 Bucky Burton Dr","Louisville","KY","40229"
24639,"246 Bucky Burton Dr","Louisville","KY","40229"
24640,"261 Bucky Burton Dr","Louisville","KY","40229"
24641,"290 Bucky Burton Dr","Louisville","KY","40229"
24642,"280 Bucky Burton Dr","Louisville","KY","40229"
24643,"293 Bucky Burton Dr","Louisville","KY","40229"
24644,"283 Bucky Burton Dr","Louisville","KY","40229"
24645,"317 Bucky Burton Dr","Louisville","KY","40229"
24646,"6511 Norway Dr","Louisville","KY","40214"
24647,"1601 Tunisian Way","Louisville","KY","40214"
24648,"3006 Melbourne Ave","Louisville","KY","40220"
24649,"1935 Manor House Dr","Louisville","KY","40220"
24650,"1928 Manor House Dr","Louisville","KY","40220"
24651,"1919 Manor House Dr","Louisville","KY","40220"
24652,"1915 Manor House Dr","Louisville","KY","40220"
24653,"1913 Manor House Dr","Louisville","KY","40220"
24654,"1911 Manor House Dr","Louisville","KY","40220"
24655,"1939 Manor House Dr","Louisville","KY","40220"
24656,"1925 Manor House Dr","Louisville","KY","40220"
24657,"1903 Manor House Dr","Louisville","KY","40220"
24658,"1702 S 2nd St","Louisville","KY","40208"
24659,"2717 Slevin St","Unit 1A","Louisville",
24660,"6510 Daverman Ct","Louisville","KY","40228"
24661,"750 Zorn Ave","Unit 52-6","Louisville",
24662,"223 Sequoya Rd","Louisville","KY","40207"
24663,"10405 Perwinkle Ct","Louisville","KY","40291"
24664,"1202 E Breckinridge St","Louisville","KY","40204"
24665,"11311 Breeze Cir","Unit 11311-206","Louisville",
24666,"3726 Chevy Chase Rd","Louisville","KY","40218"
24667,"3716 Chevy Chase Rd","Louisville","KY","40218"
24668,"3705 Youngwood Rd","Louisville","KY","40218"
24669,"3710 Youngwood Rd","Louisville","KY","40218"
24670,"3709 Youngwood Rd","Louisville","KY","40218"
24671,"3711 Youngwood Rd","Louisville","KY","40218"
24672,"3713 Youngwood Rd","Louisville","KY","40218"
24673,"3718 Chevy Chase Rd","Louisville","KY","40218"
24674,"3720 Chevy Chase Rd","Louisville","KY","40218"
24675,"3723 Youngwood Rd","Louisville","KY","40218"
24676,"3721 Bardstown Rd","Apt 102","Louisville",
24677,"3721 Bardstown Rd","Apt 411","Louisville",
24678,"3721 Bardstown Rd","Apt 208","Louisville",
24679,"3721 Bardstown Rd","Apt 310","Louisville",
24680,"3721 Bardstown Rd","Apt 403","Louisville",
24681,"3721 Bardstown Rd","Apt 504","Louisville",
24682,"3721 Bardstown Rd","Apt 605","Louisville",
24683,"8907 Cedar Creek Rd","Louisville","KY","40291"
24684,"9709 Long Rifle Ln","Louisville","KY","40291"
24685,"9711 Long Rifle Ln","Louisville","KY","40291"
24686,"9715 Long Rifle Ln","Louisville","KY","40291"
24687,"9719 Long Rifle Ln","Louisville","KY","40291"
24688,"8901 Cedar Creek Rd","Louisville","KY","40291"
24689,"8505 Long Bow Ln","Louisville","KY","40291"
24690,"9819 Collier Ln","Louisville","KY","40291"
24691,"9811 Long Rifle Ln","Louisville","KY","40291"
24692,"8501 Bucking Trail Ct","Louisville","KY","40291"
24693,"8508 Hunting Stock Pl","Louisville","KY","40291"
24694,"8512 Hunting Stock Pl","Louisville","KY","40291"
24695,"8510 Bucking Trail Ct","Louisville","KY","40291"
24696,"8516 Hunting Stock Pl","Louisville","KY","40291"
24697,"8518 Hunting Stock Pl","Louisville","KY","40291"
24698,"8524 Hunting Stock Pl","Louisville","KY","40291"
24699,"8521 Hunting Stock Pl","Louisville","KY","40291"
24700,"8523 Hunting Stock Pl","Louisville","KY","40291"
24701,"8509 Hunting Stock Pl","Louisville","KY","40291"
24702,"8503 Hunting Stock Pl","Louisville","KY","40291"
24703,"8945 Eli Dr","Louisville","KY","40291"
24704,"9001 Eli Dr","Louisville","KY","40291"
24705,"9003 Eli Dr","Louisville","KY","40291"
24706,"9858 Collier Ln","Louisville","KY","40291"
24707,"9855 Collier Ln","Louisville","KY","40291"
24708,"9853 Collier Ln","Louisville","KY","40291"
24709,"9839 Collier Ln","Louisville","KY","40291"
24710,"9842 Collier Ln","Louisville","KY","40291"
24711,"9829 Collier Ln","Louisville","KY","40291"
24712,"8900 Eli Dr","Louisville","KY","40291"
24713,"8921 Eli Dr","Louisville","KY","40291"
24714,"8903 Eli Dr","Louisville","KY","40291"
24715,"9800 Eli Ct","Louisville","KY","40291"
24716,"9809 Eli Ct","Louisville","KY","40291"
24717,"8934 Eli Dr","Louisville","KY","40291"
24718,"8935 Eli Dr","Louisville","KY","40291"
24719,"16925 Aiken Ridge Cir","Louisville","KY","40245"
24720,"16932 Aiken Ridge Cir","Louisville","KY","40245"
24721,"6803 Oak Rock Dr","Louisville","KY","40291"
24722,"818 W St Catherine St","Louisville","KY","40203"
24723,"2631 W Madison St","Unit 1","Louisville",
24724,"4702 Unseld Blvd","Louisville","KY","40218"
24725,"4406 S Brook St","Louisville","KY","40214"
24726,"7602 Fair Ln","Louisville","KY","40291"
24727,"2020 Midland Ave","Louisville","KY","40204"
24728,"8922 Tribute Dr","Louisville","KY","40229"
24729,"4300 Lake Dreamland Dr","Louisville","KY","40216"
24730,"4208 Senn Rd","Louisville","KY","40216"
24731,"4204 Senn Rd","Louisville","KY","40216"
24732,"4136 Senn Rd","Louisville","KY","40216"
24733,"4112 Bubbling Over Dr","Louisville","KY","40216"
24734,"4116 Bubbling Over Dr","Louisville","KY","40216"
24735,"4202 Bubbling Over Dr","Louisville","KY","40216"
24736,"4109 Bubbling Over Dr","Louisville","KY","40216"
24737,"4914 Camp Ground Rd","Louisville","KY","40216"
24738,"4810 Camp Ground Rd","Louisville","KY","40216"
24739,"4113 Lake Dreamland Dr","Louisville","KY","40216"
24740,"4119 Lake Dreamland Dr","Louisville","KY","40216"
24741,"4121 Lake Dreamland Dr","Louisville","KY","40216"
24742,"4123 Lake Dreamland Dr","Louisville","KY","40216"
24743,"4201 Lake Dreamland Dr","Louisville","KY","40216"
24744,"4132 Senn Rd","Louisville","KY","40216"
24745,"4205 Lake Dreamland Dr","Louisville","KY","40216"
24746,"4124 Lake Dreamland Dr","Louisville","KY","40216"
24747,"4200 Lake Dreamland Dr","Louisville","KY","40216"
24748,"4118 Lake Dreamland Dr","Louisville","KY","40216"
24749,"4116 Lake Dreamland Dr","Louisville","KY","40216"
24750,"7305 Outer Loop","Louisville","KY","40228"
24751,"7509 Stickler Pl","Louisville","KY","40228"
24752,"7346 Fox Hollow Way","Louisville","KY","40228"
24753,"7347 Fox Hollow Way","Louisville","KY","40228"
24754,"7345 Fox Hollow Way","Louisville","KY","40228"
24755,"7337 Fox Hollow Way","Louisville","KY","40228"
24756,"7343 Fox Hollow Way","Louisville","KY","40228"
24757,"7341 Fox Hollow Way","Louisville","KY","40228"
24758,"7331 Fox Hollow Way","Louisville","KY","40228"
24759,"7335 Fox Hollow Way","Louisville","KY","40228"
24760,"7301 Fox Hollow Way","Louisville","KY","40228"
24761,"7329 Fox Hollow Way","Louisville","KY","40228"
24762,"7325 Fox Hollow Way","Louisville","KY","40228"
24763,"7313 Fox Hollow Way","Louisville","KY","40228"
24764,"7307 Fox Hollow Way","Louisville","KY","40228"
24765,"7305 Fox Hollow Way","Louisville","KY","40228"
24766,"7303 Fox Hollow Way","Louisville","KY","40228"
24767,"7407 Vaughn Mill Rd","Louisville","KY","40228"
24768,"7411 Vaughn Mill Rd","Louisville","KY","40228"
24769,"7410 Highview Dr","Louisville","KY","40228"
24770,"7404 Highview Dr","Louisville","KY","40228"
24771,"7408 Michael Dr","Louisville","KY","40228"
24772,"7409 Michael Dr","Louisville","KY","40228"
24773,"7505 Michael Dr","Louisville","KY","40228"
24774,"7500 Michael Dr","Louisville","KY","40228"
24775,"7610 Michael Dr","Louisville","KY","40228"
24776,"7405 Outer Loop","Louisville","KY","40228"
24777,"2731 Preston Hwy","Apt 1","Louisville",
24778,"16811 Aiken Rdg Cir","Louisville","KY","40245"
24779,"8800 Fairmount Cove Pl","Louisville","KY","40291"
24780,"8800 Amaranth Dr","Louisville","KY","40291"
24781,"8412 Hollis Vw Way","Louisville","KY","40214"
24782,"5409 Mt Holyoke Dr","Louisville","KY","40216"
24783,"316 Plaza Ave","Louisville","KY","40218"
24784,"4213 Progress Blvd","Louisville","KY","40218"
24785,"2121 Buechel Bank Rd","Louisville","KY","40218"
24786,"310 Anderson Ave","Louisville","KY","40218"
24787,"312 Anderson Ave","Louisville","KY","40218"
24788,"304 Anderson Ave","Louisville","KY","40218"
24789,"2024 Bruce Ave","Louisville","KY","40218"
24790,"2029 Bruce Ave","Louisville","KY","40218"
24791,"317 Plaza Ave","Louisville","KY","40218"
24792,"333 Plaza Ave","Louisville","KY","40218"
24793,"345 Plaza Ave","Louisville","KY","40218"
24794,"343 Plaza Ave","Louisville","KY","40218"
24795,"2022 Bruce Ave","Louisville","KY","40218"
24796,"300 Anderson Ave","Louisville","KY","40218"
24797,"2115 Buechel Bank Rd","Louisville","KY","40218"
24798,"2113 Buechel Bank Rd","Louisville","KY","40218"
24799,"349 Plaza Ave","Louisville","KY","40218"
24800,"102 Liverton Ln","Louisville","KY","40222"
24801,"101 S Lyndon Ln","Louisville","KY","40222"
24802,"8510 Cheltenham Cir","Louisville","KY","40222"
24803,"11409 Deham Dr","Louisville","KY","40241"
24804,"10200 Deer Vista Dr","Louisville","KY","40291"
24805,"909 Ash St","Apt 2","Louisville",
24806,"1968 Goldsmith Ln","Louisville","KY","40218"
24807,"Castlebrook Dr","Lot 203","Louisville",
24808,"Castlebrook Dr","Lot 230","Louisville",
24809,"218 And 220 S Clay St","Louisville","KY","40202"
24810,"8200 Cedar Pointe Dr","Louisville","KY","40229"
24811,"540 S 4th St","Unit 401","Louisville",
24812,"11702 Herrick Ln","Louisville","KY","40243"
24813,"11705 Herrick Ln","Louisville","KY","40243"
24814,"11704 Kings Ln","Louisville","KY","40243"
24815,"11903 Bragg Ave","Louisville","KY","40243"
24816,"11905 Bragg Ave","Louisville","KY","40243"
24817,"126 N Watterson Trl","Louisville","KY","40243"
24818,"303 Christian Village Cir","Louisville","KY","40243"
24819,"11600 Kings Ln","Louisville","KY","40243"
24820,"11607 Bragg Ave","Louisville","KY","40243"
24821,"11610 Herrick Ln","Louisville","KY","40243"
24822,"11611 Herrick Ln","Louisville","KY","40243"
24823,"11609 Herrick Ln","Louisville","KY","40243"
24824,"201 N Watterson Trl","Louisville","KY","40243"
24825,"11145 Castlebrook Dr","Louisville","KY","40291"
24826,"16940 Aiken Rdg Cir","Louisville","KY","40245"
24827,"11142 Castlebrook Dr","Louisville","KY","40291"
24828,"16802 Asher Ct","Louisville","KY","40245"
24829,"4214 Foreman Ln","Louisville","KY","40219"
24830,"704-706 Roselane St","Unit 704-1","Louisville",
24831,"1122 Larchmont Ave Unit B","Louisville","KY","40215"
24832,"11413 Deham Dr","Louisville","KY","40241"
24833,"1507 E Breckinridge St","Louisville","KY","40204"
24834,"1610 Cherry Ln","Louisville","KY","40118"
24835,"8906 Kaprun Ct","Louisville","KY","40220"
24836,"7802 Greenway Dr","Louisville","KY","40222"
24837,"7804 Greenway Dr","Louisville","KY","40222"
24838,"8009 Greenway Dr","Louisville","KY","40222"
24839,"7909 Osborne Dr","Louisville","KY","40222"
24840,"7915 Osborne Dr","Louisville","KY","40222"
24841,"7902 Osborne Dr","Louisville","KY","40222"
24842,"801 Girard Dr","Louisville","KY","40222"
24843,"7803 Greenway Dr","Louisville","KY","40222"
24844,"7902 Greenway Dr","Louisville","KY","40222"
24845,"7906 Greenway Dr","Louisville","KY","40222"
24846,"7907 Greenway Dr","Louisville","KY","40222"
24847,"7602 Camelot Ct","Louisville","KY","40222"
24848,"3702 Arcadia Ct","Louisville","KY","40229"
24849,"3717 Arcadia Ct","Louisville","KY","40229"
24850,"3706 Hillview Blvd","Louisville","KY","40229"
24851,"3710 Hillview Blvd","Louisville","KY","40229"
24852,"3712 Hillview Blvd","Louisville","KY","40229"
24853,"3709 Arcadia Ct","Louisville","KY","40229"
24854,"111 Jennymac Dr","Louisville","KY","40229"
24855,"363 Majestic Blvd","Louisville","KY","40229"
24856,"377 Majestic Blvd","Louisville","KY","40229"
24857,"134 Wild Way","Louisville","KY","40229"
24858,"11304 Angelina Rd","Louisville","KY","40229"
24859,"11301 Angelina Rd","Louisville","KY","40229"
24860,"1496 Hillview Blvd","Louisville","KY","40229"
24861,"804 E Broadway","Unit 3","Louisville",
24862,"2906 Montgomery St","Unit B","Louisville",
24863,"8101 Wendamoor Dr","Unit 19-1","Louisville",
24864,"3440 3442 Heatherfield","Louisville","KY","40216"
24865,"3600-3602 W Market St","Louisville","KY","40212"
24866,"421 Poplar Level Ct","# 402","Louisville",
24867,"5716 Barrett Ln","Louisville","KY","40272"
24868,"1424 Saint James Ct","Louisville","KY","40208"
24869,"11921 Bragg Ave","Louisville","KY","40243"
24870,"308 Tucker Station Rd","Louisville","KY","40243"
24871,"11710 Kings Ln","Louisville","KY","40243"
24872,"11716 Kings Ln","Louisville","KY","40243"
24873,"11715 Kings Ln","Louisville","KY","40243"
24874,"11711 Kings Ln","Louisville","KY","40243"
24875,"11909 Bragg Ave","Louisville","KY","40243"
24876,"11915 Bragg Ave","Louisville","KY","40243"
24877,"1483 St James Ct","Unit A","Louisville",
24878,"11 Springhouse Creek Ln","Louisville","KY","40245"
24879,"4332 S Louisville Ave","Louisville","KY","40209"
24880,"Oak Rock Dr","Lot 225","Louisville",
24881,"9711 White Blossom Blvd","Louisville","KY","40241"
24882,"9804 Flowering Grove Pl","Louisville","KY","40241"
24883,"7113 Alma June Way","Louisville","KY","40228"
24884,"9404 Balance Ln","Louisville","KY","40118"
24885,"1723 W Kentucky St","Louisville","KY","40210"
24886,"601 E Main St","Louisville","KY","40202"
24887,"7010 Wildwood Cir","Louisville","KY","40291"
24888,"3707 Tuscany Village Dr","Louisville","KY","40219"
24889,"4015 St Francis Ln","Louisville","KY","40218"
24890,"7805 Copper Drift Way","Louisville","KY","40291"
24891,"7816 Firescale Ct","Louisville","KY","40291"
24892,"7826 Copper Drift Way","Louisville","KY","40291"
24893,"9101 Kessler Ln","Louisville","KY","40272"
24894,"9103 Kessler Ln","Louisville","KY","40272"
24895,"9119 W Manslick Rd","Louisville","KY","40272"
24896,"7713 Westport Rd","Louisville","KY","40222"
24897,"1706 Devondale Dr","Louisville","KY","40222"
24898,"1704 Devondale Dr","Louisville","KY","40222"
24899,"7516 Westdale Rd","Louisville","KY","40222"
24900,"1710 Devondale Dr","Louisville","KY","40222"
24901,"7501 Tudor Ct","Louisville","KY","40222"
24902,"7701 Westport Rd","Louisville","KY","40222"
24903,"1719 Devondale Dr","Louisville","KY","40222"
24904,"11010 Garden Trace Dr","Louisville","KY","40229"
24905,"1209 Central Ave","Apt 2","Louisville",
24906,"2510 Portland Ave","Unit 206","Louisville",
24907,"7922 Copper Drift Way","Louisville","KY","40291"
24908,"10805 Pine Bellow Ln","Louisville","KY","40291"
24909,"16940 Aiken Ridge Cir","Louisville","KY","40245"
24910,"Castlebrook Dr","Lot 204","Louisville",
24911,"Jacks Lndg","Lot 36","Louisville",
24912,"162 Thierman Ln","Louisville","KY","40207"
24913,"8218 St Anthony Church Rd","Louisville","KY","40214"
24914,"3907 Chenoweth Run Rd","Louisville","KY","40299"
24915,"9709 Secretariat Dr","Louisville","KY","40214"
24916,"4103 Bold Ruler Way","Louisville","KY","40214"
24917,"9702 Secretariat Dr","Louisville","KY","40214"
24918,"4001 Bold Ruler Way","Louisville","KY","40214"
24919,"3418 Hardwood Forest Dr","Louisville","KY","40214"
24920,"3412 Hardwood Forest Dr","Louisville","KY","40214"
24921,"8803 Riley Ave","Unit 1","Louisville",
24922,"3217 Broeck Pointe Cir","Louisville","KY","40241"
24923,"8105 Cedar Pointe Dr","Louisville","KY","40229"
24924,"7219 Jacks Lndg","Louisville","KY","40291"
24925,"4811 New Cut Rd","Louisville","KY","40214"
24926,"5725 Southland Blvd","Louisville","KY","40214"
24927,"3245 Orchard Manor Cir","Louisville","KY","40220"
24928,"1661 Story Ave","Unit 1","Louisville",
24929,"1661 Story Ave","Unit 2","Louisville",
24930,"2614 W Jefferson St","Louisville","KY","40212"
24931,"421 Poplar Level Ct","# 112","Louisville",
24932,"15309 Tradition Dr","Louisville","KY","40245"
24933,"11143 Castlebrook Dr","Louisville","KY","40291"
24934,"14105 Halden Ridge Way","Louisville","KY","40245"
24935,"14045 Halden Ridge Way","Louisville","KY","40245"
24936,"1875 Princeton Dr","Louisville","KY","40205"
24937,"1816 Warrington Way","Louisville","KY","40222"
24938,"1907 Warrington Way","Louisville","KY","40222"
24939,"1902 Warrington Way","Louisville","KY","40222"
24940,"6415 Regency Ln","Louisville","KY","40207"
24941,"6418 Regency Ln","Louisville","KY","40207"
24942,"6421 Regency Ln","Louisville","KY","40207"
24943,"6406 Regency Ln","Louisville","KY","40207"
24944,"6405 Regency Ln","Louisville","KY","40207"
24945,"6424 Regency Ln","Louisville","KY","40207"
24946,"6430 Regency Ln","Louisville","KY","40207"
24947,"3305 Silverthorn Ln","Apt 101","Louisville",
24948,"4046 Tylor Blvd","Unit 4","Louisville",
24949,"16913 Aiken Ridge Cir","Louisville","KY","40245"
24950,"4501 S 6th St","Unit 70-3","Louisville",
24951,"421 Poplar Level Ct","# 302","Louisville",
24952,"221 S Hancock St","Unit B","Louisville",
24953,"2122 Speed Ave","Louisville","KY","40205"
24954,"1403 Painted Stone Pl","Louisville","KY","40245"
24955,"2515 Brownsboro Rd","Louisville","KY","40206"
24956,"3612 Ringing Bell Ln","Louisville","KY","40245"
24957,"1314 Christy Ave","Unit 1","Louisville",
24958,"16901 Aiken Rdg Cir","Louisville","KY","40245"
24959,"1306 Autumn Ridge Rd","Louisville","KY","40242"
24960,"8610 Autumn Ridge Ct","Louisville","KY","40242"
24961,"1304 Limestone Trce","Louisville","KY","40223"
24962,"10112 Falling Tree Way","Louisville","KY","40223"
24963,"10108 Falling Tree Way","Louisville","KY","40223"
24964,"10111 Falling Tree Way","Louisville","KY","40223"
24965,"10010 Timberwood Cir","Louisville","KY","40223"
24966,"1203 Falls Trce","Louisville","KY","40223"
24967,"1205 Falls Trce","Louisville","KY","40223"
24968,"10100 Falling Tree Way","Louisville","KY","40223"
24969,"10200 Bluffsprings Trce","Louisville","KY","40223"
24970,"10203 Falling Tree Way","Louisville","KY","40223"
24971,"8103 Cedar Pointe Dr","Louisville","KY","40229"
24972,"7923 Copper Drift Way","Louisville","KY","40291"
24973,"7921 Copper Drift Way","Louisville","KY","40291"
24974,"707 Johnson Rd","Louisville","KY","40245"
24975,"512 W Oak St","Unit 1","Louisville",
24976,"512 W Oak St","Unit 2","Louisville",
24977,"4708 Quinn Dr","Louisville","KY","40216"
24978,"5012 Southside Dr","Louisville","KY","40214"
24979,"12508 Orell Crossing Cir","Unit 12508-102","Louisville",
24980,"8410 Hollis Vw Way","Louisville","KY","40214"
24981,"Hollis View Way","Lot 74","Louisville",
24982,"1116 E Saint Catherine St","Unit 1","Louisville",
24983,"322 24th St","Louisville","KY","40212"
24984,"301 Maple Valley Rd","Louisville","KY","40245"
24985,"10211 Lark Meadow Dr","Louisville","KY","40291"
24986,"13991 Poplar Ln","Louisville","KY","40299"
24987,"6413 Bethany Ln","Louisville","KY","40272"
24988,"18109 Catalpa Hills Way","Louisville","KY","40023"
24989,"Utica Rd","Lot 46","Louisville",
24990,"8101 Cedar Pointe Dr","Louisville","KY","40229"
24991,"17507 Serenity Ridge Ct","Louisville","KY","40023"
24992,"3405 Hastings Cir","Louisville","KY","40241"
24993,"17300 Shakes Creek Dr","Louisville","KY","40023"
24994,"10011 Windcrest Farms Ln","Unit 93B","Louisville",
24995,"10809 Pine Bellow Ln","Louisville","KY","40291"
24996,"9518 Thixton Ln","Louisville","KY","40291"
24997,"960 French Ave","Louisville","KY","40217"
24998,"10011 Windcrest Farms Ln","# 93B","Louisville",
24999,"10009 Windcrest Farms Ln","# 93A","Louisville",
25000,"6645 Sylvania Rd","Louisville","KY","40258"
25001,"3120 Bank St","Unit B","Louisville",
25002,"7025 Train Station Way","Louisville","KY","40272"
25003,"10807 Pine Bellow Ln","Louisville","KY","40291"
25004,"651 Louis Coleman Junior Dr","Louisville","KY","40211"
25005,"17307 White Oak Ct","Louisville","KY","40023"
25006,"7620 Glaser Ln","Louisville","KY","40228"
25007,"2611 W Market St","Louisville","KY","40212"
25008,"8908 Kaprun Ct","Louisville","KY","40220"
25009,"2914 Raven Ct","Louisville","KY","40220"
25010,"2818 Antone Pkwy","Louisville","KY","40220"
25011,"8518 Mingo Ct","Louisville","KY","40220"
25012,"8701 Wildon Pl","Louisville","KY","40220"
25013,"8705 Wildon Pl","Louisville","KY","40220"
25014,"8703 Wildon Pl","Louisville","KY","40220"
25015,"Oak Rock Dr","Lot 227","Louisville",
25016,"2044 Midland Ave","Louisville","KY","40204"
25017,"3306 Bridwell Dr","Louisville","KY","40216"
25018,"4228 Stilger Cir","Louisville","KY","40299"
25019,"12111 Dixon Park Blvd","Louisville","KY","40299"
25020,"4208 Dove Park Blvd","Louisville","KY","40299"
25021,"4210 Dove Park Blvd","Louisville","KY","40299"
25022,"4000 Carrington Greene Dr","Louisville","KY","40299"
25023,"12807 Dewsbury Way","Louisville","KY","40299"
25024,"12811 Dewsbury Way","Louisville","KY","40299"
25025,"12909 Dewsbury Way","Louisville","KY","40299"
25026,"12904 Sheringham Ln","Louisville","KY","40299"
25027,"3904 Camborne Ln","Louisville","KY","40299"
25028,"4007 Carrington Greene Dr","Louisville","KY","40299"
25029,"3906 Camborne Ln","Louisville","KY","40299"
25030,"4408 Dove Park Blvd","Louisville","KY","40299"
25031,"12113 Dixon Park Blvd","Louisville","KY","40299"
25032,"4501 Dove Park Blvd","Louisville","KY","40299"
25033,"4506 Dove Park Blvd","Louisville","KY","40299"
25034,"4507 Dove Park Blvd","Louisville","KY","40299"
25035,"4510 Dove Park Blvd","Louisville","KY","40299"
25036,"608 Tin Dor Way","Louisville","KY","40118"
25037,"3016 Bluebird Ln","Louisville","KY","40299"
25038,"3009 Pelham Ct","Louisville","KY","40299"
25039,"3101 Pelham Ct","Louisville","KY","40299"
25040,"10403 Prescott Ct","Louisville","KY","40299"
25041,"10400 Prescott Ct","Louisville","KY","40299"
25042,"10406 Prescott Ct","Louisville","KY","40299"
25043,"800 E Madison St","Louisville","KY","40204"
25044,"315 Barricks Rd","Louisville","KY","40229"
25045,"8409 Fairmount Rd","Louisville","KY","40291"
25046,"8305 Fairmount Rd","Louisville","KY","40291"
25047,"7518 Fair Ln","Louisville","KY","40291"
25048,"7520 Fair Ln","Louisville","KY","40291"
25049,"10930 Brookley Dr","Louisville","KY","40229"
25050,"10924 Brookley Dr","Louisville","KY","40229"
25051,"8126 St Andrews Village Dr","Louisville","KY","40241"
25052,"3609 Saint Edwards Dr","Louisville","KY","40299"
25053,"3804 Pecanwood Way","Louisville","KY","40299"
25054,"421 Poplar Level Ct","# 415","Louisville",
25055,"603 E Hill St","Unit A","Louisville",
25056,"528 E Kentucky St","Louisville","KY","40203"
25057,"2002 Evergreen Rd","Louisville","KY","40223"
25058,"601 E Hill St","Unit A","Louisville",
25059,"11206 Breezeway St","Unit 67A","Louisville",
25060,"2549 Glenmary Ave","Apts 6 & 2","Louisville",
25061,"421 Poplar Level Ct","# 409","Louisville",
25062,"14717 Stable Gate Pl","Louisville","KY","40299"
25063,"17026 Farrier Dr","Louisville","KY","40245"
25064,"11632 Reality Trl","Louisville","KY","40229"
25065,"8700 William Penn Way","Louisville","KY","40228"
25066,"6709 Fegenbush Ln","Louisville","KY","40228"
25067,"120 E Oak St","Unit B","Louisville",
25068,"9900 Creek View Dr","Louisville","KY","40291"
25069,"125 S 37th St","Louisville","KY","40212"
25070,"14713 Stable Gate Pl","Louisville","KY","40299"
25071,"14719 Stable Gate Pl","Louisville","KY","40299"
25072,"7803 Copper Drift Way","Louisville","KY","40291"
25073,"14715 Stable Gate Pl","Louisville","KY","40299"
25074,"7620 Beech Spring Farm Blvd","Louisville","KY","40241"
25075,"4532 Meadowlark Manor Ln","Unit 3","Louisville",
25076,"14721 Stable Gate Pl","Louisville","KY","40299"
25077,"11312 Deham Dr","Louisville","KY","40241"
25078,"11208 Deham Dr","Louisville","KY","40241"
25079,"11306 Deham Dr","Louisville","KY","40241"
25080,"5505 Windy Willow Dr","Louisville","KY","40241"
25081,"912 Girard Dr","Louisville","KY","40222"
25082,"915 Fenley Ave","Louisville","KY","40222"
25083,"913 Fenley Ave","Louisville","KY","40222"
25084,"904 Fenley Ave","Louisville","KY","40222"
25085,"4602 Arroyo Trl","Louisville","KY","40229"
25086,"4600 Arroyo Trl","Louisville","KY","40229"
25087,"11203 Taco Ct","Louisville","KY","40229"
25088,"4410 Mud Ln","Louisville","KY","40229"
25089,"4400 Mud Ln","Louisville","KY","40229"
25090,"4409 Arroyo Trl","Louisville","KY","40229"
25091,"4410 Arroyo Trl","Louisville","KY","40229"
25092,"4507 Mesa Ct","Louisville","KY","40229"
25093,"4503 Mesa Ct","Louisville","KY","40229"
25094,"2900 Megan Thompson Way","Louisville","KY","40220"
25095,"10802 Brick Forge Pass","Louisville","KY","40291"
25096,"7814 Firescale Ct","Louisville","KY","40291"
25097,"10919 Blacksmith Rd","Louisville","KY","40291"
25098,"1229 S 4th St","Louisville","KY","40203"
25099,"5120 Pasafino Ct","Louisville","KY","40299"
25100,"4409 Norene Ln","Apt 13","Louisville",
25101,"8201 Derbyshire Ct","Louisville","KY","40222"
25102,"8326 Croydon Cir","Louisville","KY","40222"
25103,"503 Colonel Anderson Pkwy","Louisville","KY","40222"
25104,"502 Colonel Anderson Pkwy","Louisville","KY","40222"
25105,"500 Colonel Anderson Pkwy","Louisville","KY","40222"
25106,"505 Bedfordshire Rd","Louisville","KY","40222"
25107,"504 Colonel Anderson Pkwy","Louisville","KY","40222"
25108,"704 Oxmoor Woods Pkwy","Louisville","KY","40222"
25109,"700 Oxmoor Woods Pkwy","Louisville","KY","40222"
25110,"8314 Croydon Cir","Louisville","KY","40222"
25111,"3411 Barbour Ln","Louisville","KY","40241"
25112,"Jacks Lndg","Lot 39","Louisville",
25113,"12504 Button Willow Ln","Louisville","KY","40299"
25114,"11213 Bearcamp Rd","Louisville","KY","40272"
25115,"11014 Bearcamp Rd","Louisville","KY","40272"
25116,"11016 Bearcamp Rd","Louisville","KY","40272"
25117,"11100 Bearcamp Rd","Louisville","KY","40272"
25118,"11210 Bearcamp Rd","Louisville","KY","40272"
25119,"11214 Bearcamp Rd","Louisville","KY","40272"
25120,"11350 Bearcamp Rd","Louisville","KY","40272"
25121,"11300 Bearcamp Rd","Louisville","KY","40272"
25122,"11425 Bearcamp Rd","Louisville","KY","40272"
25123,"2706 Hale Ave","Unit 2","Louisville",
25124,"2706 Hale Ave","Unit 1","Louisville",
25125,"421 Poplar Level Ct","Unit 310","Louisville",
25126,"6400 Meadow Creek Ct","Louisville","KY","40229"
25127,"10300 Southern Meadows Dr","Louisville","KY","40241"
25128,"10804 Brick Forge Pass","Louisville","KY","40291"
25129,"10914 Blacksmith Rd","Louisville","KY","40291"
25130,"13917 Reamers Rd","Louisville","KY","40245"
25131,"9713 Grandin Woods Rd","Louisville","KY","40299"
25132,"7008 Wildwood Cir","Unit 60-3","Louisville",
25133,"3231 Chinquapin Ln","Unit E16","Louisville",
25134,"3224 Twin Oak Ln","Unit G24","Louisville",
25135,"421 Poplar Level Ct","# 310","Louisville",
25136,"7058 Train Station Way","Louisville","KY","40272"
25137,"2824 Clark Run Rd","Louisville","KY","40216"
25138,"2810 Clark Run Rd","Louisville","KY","40216"
25139,"2802 Clark Run Rd","Louisville","KY","40216"
25140,"3023 Jessie Rd","Louisville","KY","40216"
25141,"2907 Clark Run Rd","Louisville","KY","40216"
25142,"3111 Jessie Rd","Louisville","KY","40216"
25143,"3322 Woodland Dr","Louisville","KY","40216"
25144,"3326 Woodland Dr","Louisville","KY","40216"
25145,"3307 Woodland Dr","Louisville","KY","40216"
25146,"3305 Woodland Dr","Louisville","KY","40216"
25147,"3224 Dover Ave","Louisville","KY","40216"
25148,"3310 Barbers Ln","Louisville","KY","40216"
25149,"2711 Brownsboro Rd","Louisville","KY","40206"
25150,"2614 Virginia Ave","Unit 3","Louisville",
25151,"2614 Virginia Ave","Unit 4","Louisville",
25152,"17303 White Oak Ct","Louisville","KY","40023"
25153,"Castlebrook Dr","Lot 201","Louisville",
25154,"Castlebrook Dr","Lot 202","Louisville",
25155,"3503 Pinecone Cir","Louisville","KY","40241"
25156,"415 Hancock Green Pl","Unit 101-201","Louisville",
25157,"1031 Queen Ave","Louisville","KY","40215"
25158,"1269 S Preston St","Louisville","KY","40203"
25159,"1710 Gagel Ave","Louisville","KY","40216"
25160,"11147 Castlebrook Dr","Louisville","KY","40291"
25161,"11149 Castlebrook Dr","Louisville","KY","40291"
25162,"2310 Evergreen Rd","Louisville","KY","40223"
25163,"9310 Hi View Ln","Louisville","KY","40272"
25164,"409 Marret Ave","Louisville","KY","40208"
25165,"5008 Belmont Ave","Louisville","KY","40258"
25166,"1810 Sils Ave","Apt 205","Louisville",
25167,"2400 Burwell Ave","Unit 1","Louisville",
25168,"666 Eastlawn Ave","Unit 1","Louisville",
25169,"846 Clarks Ln","Louisville","KY","40217"
25170,"853 Parkway Dr","Louisville","KY","40217"
25171,"856 Parkway Dr","Louisville","KY","40217"
25172,"854 Parkway Dr","Louisville","KY","40217"
25173,"2505 Alexander Ave","Louisville","KY","40217"
25174,"2507 Alexander Ave","Louisville","KY","40217"
25175,"876 Minoma Ave","Louisville","KY","40217"
25176,"899 Eastern Pkwy","Louisville","KY","40217"
25177,"870 Clarks Ln","Louisville","KY","40217"
25178,"2607 Parklawn Dr","Louisville","KY","40217"
25179,"2609 Parklawn Dr","Louisville","KY","40217"
25180,"2614 Delor Ave","Louisville","KY","40217"
25181,"2613 Delor Ave","Louisville","KY","40217"
25182,"2608 Pindell Ave","Louisville","KY","40217"
25183,"2603 Colin Ave","Louisville","KY","40217"
25184,"885 Parkway Dr","Louisville","KY","40217"
25185,"887 Parkway Dr","Louisville","KY","40217"
25186,"889 Parkway Dr","Louisville","KY","40217"
25187,"2601 Colin Ave","Louisville","KY","40217"
25188,"881 Parkway Dr","Louisville","KY","40217"
25189,"882 Clarks Ln","Louisville","KY","40217"
25190,"2408 Keswick Blvd","Louisville","KY","40217"
25191,"2345 Delor Ave","Louisville","KY","40217"
25192,"910 Clarks Ln","Louisville","KY","40217"
25193,"917 Parkway Dr","Louisville","KY","40217"
25194,"13601 Dickens Ct","Louisville","KY","40299"
25195,"13601 Kalmia Ct","Louisville","KY","40299"
25196,"13603 Kalmia Ct","Louisville","KY","40299"
25197,"6605 Hollow Tree Rd","Louisville","KY","40228"
25198,"6709 Hollow Tree Rd","Louisville","KY","40228"
25199,"6607 Hollow Tree Rd","Louisville","KY","40228"
25200,"7410 Cross Creek Blvd","Louisville","KY","40228"
25201,"6713 Watch Hill Rd","Louisville","KY","40228"
25202,"6607 Watch Hill Rd","Louisville","KY","40228"
25203,"6535 Villa Spring Dr","Louisville","KY","40291"
25204,"6613 Hollow Tree Rd","Louisville","KY","40228"
25205,"7412 Switch Bark Rd","Louisville","KY","40228"
25206,"6703 Hollow Tree Rd","Louisville","KY","40228"
25207,"6714 Watch Hill Rd","Louisville","KY","40228"
25208,"6612 Casey Springs Way","Louisville","KY","40291"
25209,"6721 Fordham Ln","Louisville","KY","40291"
25210,"6614 Casey Springs Way","Louisville","KY","40291"
25211,"6801 Riggs Dr","Louisville","KY","40291"
25212,"3813 Old Brownsboro Hills Rd","Louisville","KY","40241"
25213,"3811 Ashridge Dr","Louisville","KY","40241"
25214,"3808 Burning Bush Rd","Louisville","KY","40241"
25215,"3807 Old Brownsboro Hills Rd","Louisville","KY","40241"
25216,"3815 Ashridge Dr","Louisville","KY","40241"
25217,"3707 Fallen Timber Dr","Louisville","KY","40241"
25218,"3806 Fallen Timber Dr","Louisville","KY","40241"
25219,"3707 Old Brownsboro Hills Rd","Louisville","KY","40241"
25220,"3805 Ashridge Dr","Louisville","KY","40241"
25221,"3805 Old Brownsboro Hills Rd","Louisville","KY","40241"
25222,"3809 Burning Bush Rd","Louisville","KY","40241"
25223,"8207 Old Gate Rd","Louisville","KY","40241"
25224,"8105 Springlake Ct","Louisville","KY","40241"
25225,"3803 Fallen Timber Dr","Louisville","KY","40241"
25226,"3705 Fallen Timber Dr","Louisville","KY","40241"
25227,"3819 Ashridge Dr","Louisville","KY","40241"
25228,"3601 Breeland Ave","Louisville","KY","40241"
25229,"3814 Burning Bush Rd","Louisville","KY","40241"
25230,"8206 Old Gate Rd","Louisville","KY","40241"
25231,"3803 Ashridge Dr","Louisville","KY","40241"
25232,"3906 Fallen Timber Dr","Louisville","KY","40241"
25233,"3813 Burning Bush Rd","Louisville","KY","40241"
25234,"3708 Fallen Timber Dr","Louisville","KY","40241"
25235,"3910 Fallen Timber Dr","Louisville","KY","40241"
25236,"3708 Old Brownsboro Hills Rd","Louisville","KY","40241"
25237,"3603 Breeland Ave","Louisville","KY","40241"
25238,"3808 Fallen Timber Dr","Louisville","KY","40241"
25239,"8201 Old Gate Rd","Louisville","KY","40241"
25240,"8204 Old Gate Rd","Louisville","KY","40241"
25241,"3801 Old Brownsboro Hills Rd","Louisville","KY","40241"
25242,"3802 Broadland Trl","Louisville","KY","40241"
25243,"3810 Burning Bush Rd","Louisville","KY","40241"
25244,"3714 Fallen Timber Dr","Louisville","KY","40241"
25245,"3909 Fallen Timber Dr","Louisville","KY","40241"
25246,"3810 Ashridge Dr","Louisville","KY","40241"
25247,"3812 Old Brownsboro Hills Rd","Louisville","KY","40241"
25248,"3609 Breeland Ave","Louisville","KY","40241"
25249,"3908 Fallen Timber Dr","Louisville","KY","40241"
25250,"3804 Ashridge Dr","Louisville","KY","40241"
25251,"8100 Springlake Ct","Louisville","KY","40241"
25252,"3808 Ashridge Dr","Louisville","KY","40241"
25253,"3806 Little Bend Rd","Louisville","KY","40241"
25254,"3801 Ashridge Dr","Louisville","KY","40241"
25255,"3806 Ashridge Dr","Louisville","KY","40241"
25256,"3809 Old Brownsboro Hills Rd","Louisville","KY","40241"
25257,"7911 Columbine Dr","Louisville","KY","40258"
25258,"8017 Canna Dr","Louisville","KY","40258"
25259,"8004 Trillium Dr","Louisville","KY","40258"
25260,"8016 Canna Dr","Louisville","KY","40258"
25261,"8006 Columbine Dr","Louisville","KY","40258"
25262,"5803 Morning Glory Ln","Louisville","KY","40258"
25263,"5812 Teakwood Ln","Louisville","KY","40258"
25264,"8013 Columbine Dr","Louisville","KY","40258"
25265,"8012 Poinsettia Dr","Louisville","KY","40258"
25266,"7909 Canna Dr","Louisville","KY","40258"
25267,"5801 Teakwood Ln","Louisville","KY","40258"
25268,"8004 Jonquil Dr","Louisville","KY","40258"
25269,"8015 Canna Dr","Louisville","KY","40258"
25270,"5801 Morning Glory Ln","Louisville","KY","40258"
25271,"8011 Canna Dr","Louisville","KY","40258"
25272,"6003 Morning Glory Ln","Louisville","KY","40258"
25273,"5810 Teakwood Ln","Louisville","KY","40258"
25274,"7917 Columbine Dr","Louisville","KY","40258"
25275,"8014 Trillium Dr","Louisville","KY","40258"
25276,"8002 Canna Dr","Louisville","KY","40258"
25277,"5808 Teakwood Ln","Louisville","KY","40258"
25278,"7916 Canna Dr","Louisville","KY","40258"
25279,"7912 Trillium Dr","Louisville","KY","40258"
25280,"8108 Madrone Ave","Louisville","KY","40258"
25281,"9622 Fairmount Rd","Louisville","KY","40291"
25282,"8804 Gentry Ln","Louisville","KY","40291"
25283,"9618 Fairmount Rd","Louisville","KY","40291"
25284,"9642 Fairmount Rd","Louisville","KY","40291"
25285,"9620 Fairmount Rd","Louisville","KY","40291"
25286,"9640 Fairmount Rd","Louisville","KY","40291"
25287,"5104 Reed Ave","Louisville","KY","40214"
25288,"5021 Reed Ave","Louisville","KY","40214"
25289,"5126 Laughlin Ave","Louisville","KY","40214"
25290,"719 Lyman Ave","Louisville","KY","40214"
25291,"5120 Emery Ave","Louisville","KY","40214"
25292,"5128 Fay Ave","Louisville","KY","40214"
25293,"6603 Putman Ave","Louisville","KY","40216"
25294,"6516 Lucerne Ave","Louisville","KY","40216"
25295,"4209 Lees Ln","Louisville","KY","40216"
25296,"4319 Lees Ln","Louisville","KY","40216"
25297,"4416 Wilshire Ave","Louisville","KY","40216"
25298,"4317 Wilmoth Ave","Louisville","KY","40216"
25299,"4423 Wilshire Ave","Louisville","KY","40216"
25300,"4413 Lees Ln","Louisville","KY","40216"
25301,"4304 Wilmoth Ave","Louisville","KY","40216"
25302,"6506 Lucerne Ave","Louisville","KY","40216"
25303,"4311 Wilmoth Ave","Louisville","KY","40216"
25304,"6512 Kenmore Ave","Louisville","KY","40216"
25305,"4432 Wilshire Ave","Louisville","KY","40216"
25306,"4403 Lees Ln","Louisville","KY","40216"
25307,"1620 Rosewood Ave","Louisville","KY","40204"
25308,"1715 Rosewood Ave","Louisville","KY","40204"
25309,"1312 Bellwood Ave","Louisville","KY","40204"
25310,"1522 Rosewood Ave","Apt 2","Louisville",
25311,"1528 Goddard Ave","Louisville","KY","40204"
25312,"1810 Rosewood Ave","Louisville","KY","40204"
25313,"1721 Rosewood Ave","Louisville","KY","40204"
25314,"1634 Windsor Pl","Louisville","KY","40204"
25315,"1805 Rosewood Ave","Louisville","KY","40204"
25316,"1617 Windsor Pl","Louisville","KY","40204"
25317,"1642 Tyler Pkwy","Louisville","KY","40204"
25318,"1717 Windsor Pl","Louisville","KY","40204"
25319,"1522 Rosewood Ave","Apt 3","Louisville",
25320,"1636 Tyler Pkwy","Louisville","KY","40204"
25321,"1718 Windsor Pl","Louisville","KY","40204"
25322,"1522 Rosewood Ave","Apt 1","Louisville",
25323,"1617 Johnson Rd","Louisville","KY","40245"
25324,"3909 W Market St","Louisville","KY","40212"
25325,"3905 W Market St","Louisville","KY","40212"
25326,"119 N 39th St","Louisville","KY","40212"
25327,"124 S 39th St","Louisville","KY","40212"
25328,"100 N 39th St","Louisville","KY","40212"
25329,"3907 W Market St","Louisville","KY","40212"
25330,"122 S 39th St","Louisville","KY","40212"
25331,"108 N 39th St","Louisville","KY","40212"
25332,"134 N 38th St","Louisville","KY","40212"
25333,"3118 Widgeon Ave","Louisville","KY","40213"
25334,"3006 Ashview Ter","Louisville","KY","40217"
25335,"3119 Teal Ave","Louisville","KY","40213"
25336,"3105 Chickadee Rd","Louisville","KY","40213"
25337,"3001 Greenup Rd","Louisville","KY","40217"
25338,"1211 Hess Ln","Louisville","KY","40217"
25339,"3115 Teal Ave","Louisville","KY","40213"
25340,"3003 Meade Ave","Louisville","KY","40217"
25341,"1013 English Ave","Louisville","KY","40217"
25342,"2917 Pindell Ave","Louisville","KY","40217"
25343,"3000 1/2 Greenup Rd","Louisville","KY","40217"
25344,"3105 Oriole Dr","Louisville","KY","40213"
25345,"3000 Greenup Rd","Louisville","KY","40217"
25346,"1101 Hess Ln","Louisville","KY","40217"
25347,"3013 Meade Ave","Louisville","KY","40217"
25348,"3002 Meade Ave","Louisville","KY","40217"
25349,"3109 Widgeon Ave","Louisville","KY","40213"
25350,"1106 English Ave","Louisville","KY","40217"
25351,"3106 Widgeon Ave","Louisville","KY","40213"
25352,"3102 Meadowlark Ave","Louisville","KY","40213"
25353,"1117 Hess Ln","Louisville","KY","40217"
25354,"936 Mckinley Ave","Louisville","KY","40217"
25355,"3035 Meade Ave","Louisville","KY","40217"
25356,"1700 Southlake Dr","Louisville","KY","40223"
25357,"10926 Old Harrods Woods Cir","Louisville","KY","40223"
25358,"10918 Old Harrods Woods Cir","Louisville","KY","40223"
25359,"10912 Hobbs Station Rd","Louisville","KY","40223"
25360,"3308 Indian Lake Dr","Louisville","KY","40241"
25361,"10917 Lake Vista Ct","Louisville","KY","40241"
25362,"869 S 25th St","Louisville","KY","40211"
25363,"856 S 22nd St","Louisville","KY","40211"
25364,"2216 Garland Ave","Louisville","KY","40211"
25365,"106 Saunders Ct","Louisville","KY","40211"
25366,"861 Humler St","Louisville","KY","40211"
25367,"2320 Garland Ave","Louisville","KY","40211"
25368,"2411 Garland Ave","Louisville","KY","40211"
25369,"2403 Garland Ave","Louisville","KY","40211"
25370,"2206 Garland Ave","Louisville","KY","40211"
25371,"2417 Garland Ave","Louisville","KY","40211"
25372,"2304 W Kentucky St","Louisville","KY","40210"
25373,"2325 Garland Ave","Louisville","KY","40211"
25374,"863 S 23rd St","Louisville","KY","40211"
25375,"2312 Howard St","Louisville","KY","40211"
25376,"2125 Date St","Louisville","KY","40210"
25377,"3608 Brendenwood Rd","Louisville","KY","40272"
25378,"9905 Northridge Dr","Louisville","KY","40272"
25379,"3616 Brendenwood Rd","Louisville","KY","40272"
25380,"9715 Holiday Dr","Louisville","KY","40272"
25381,"9818 Northridge Dr","Louisville","KY","40272"
25382,"3614 Brendenwood Rd","Louisville","KY","40272"
25383,"3605 Brendenwood Rd","Louisville","KY","40272"
25384,"3607 Brendenwood Rd","Louisville","KY","40272"
25385,"2916 Portland Ave","Apt 4","Louisville",
25386,"472 N 29th St","Louisville","KY","40212"
25387,"2909 Griffiths Ave","Louisville","KY","40212"
25388,"2910 Portland Ave","Louisville","KY","40212"
25389,"554 Brentwood Ave","Louisville","KY","40215"
25390,"507 Camden Ave","Louisville","KY","40215"
25391,"804 Brentwood Ave","Louisville","KY","40215"
25392,"526 Brentwood Ave","Louisville","KY","40215"
25393,"810 Brentwood Ave","Louisville","KY","40215"
25394,"521 W Whitney Ave","Louisville","KY","40215"
25395,"514 Brentwood Ave","Louisville","KY","40215"
25396,"422 N 43rd St","Louisville","KY","40212"
25397,"4433 Parker Ave","Louisville","KY","40212"
25398,"353 N 43rd St","Louisville","KY","40212"
25399,"537 N 44th St","Louisville","KY","40212"
25400,"327 N 43rd St","Louisville","KY","40212"
25401,"321 N 44th St","Louisville","KY","40212"
25402,"327 N 44th St","Louisville","KY","40212"
25403,"4400 Bank St","Louisville","KY","40212"
25404,"4204 Bank St","Louisville","KY","40212"
25405,"550 N 44th St","Louisville","KY","40212"
25406,"432 N 43rd St","Louisville","KY","40212"
25407,"4432 Parker Ave","Louisville","KY","40212"
25408,"4501 Jewell Ave","Louisville","KY","40212"
25409,"326 N 43rd St","Louisville","KY","40212"
25410,"551 N 44th St","Louisville","KY","40212"
25411,"553 N 44th St","Louisville","KY","40212"
25412,"402 N 42nd St","Louisville","KY","40212"
25413,"422 N 42nd St","Louisville","KY","40212"
25414,"453 N 43rd St","Louisville","KY","40212"
25415,"4425 Parker Ave","Louisville","KY","40212"
25416,"441 N 43rd St","Louisville","KY","40212"
25417,"4413 Jewell Ave","Louisville","KY","40212"
25418,"4418 Parker Ave","Louisville","KY","40212"
25419,"403 N 43rd St","Louisville","KY","40212"
25420,"4242 Northwestern Pkwy","Louisville","KY","40212"
25421,"4211 Bank St","Louisville","KY","40212"
25422,"511 N 44th St","Louisville","KY","40212"
25423,"553 Northwestern Pkwy","Louisville","KY","40212"
25424,"358 N 43rd St","Louisville","KY","40212"
25425,"4112 Wimpole Rd","Louisville","KY","40218"
25426,"4018 Wimpole Rd","Louisville","KY","40218"
25427,"2908 Wallingford Ct","Louisville","KY","40218"
25428,"2923 White Plains Rd","Louisville","KY","40218"
25429,"3934 Graf Dr","Louisville","KY","40220"
25430,"2912 Wimpole Ct","Louisville","KY","40218"
25431,"2917 Pomeroy Dr","Louisville","KY","40218"
25432,"4113 Wimpole Rd","Louisville","KY","40218"
25433,"4015 Mamaroneck Rd","Louisville","KY","40218"
25434,"2907 Wimpole Ct","Louisville","KY","40218"
25435,"4107 Mamaroneck Rd","Louisville","KY","40218"
25436,"4121 Pomeroy Ct","Louisville","KY","40218"
25437,"4105 Wallingford Ln","Louisville","KY","40218"
25438,"4122 Pomeroy Ct","Louisville","KY","40218"
25439,"4012 Graf Dr","Louisville","KY","40220"
25440,"2911 Wimpole Ct","Louisville","KY","40218"
25441,"4017 Wimpole Rd","Louisville","KY","40218"
25442,"2930 Pomeroy Dr","Louisville","KY","40218"
25443,"4117 Wimpole Rd","Louisville","KY","40218"
25444,"4014 Graf Dr","Louisville","KY","40220"
25445,"4103 Wallingford Ln","Louisville","KY","40218"
25446,"4122 Wallingford Ln","Louisville","KY","40218"
25447,"4008 Graf Dr","Louisville","KY","40220"
25448,"4016 Wimpole Rd","Louisville","KY","40218"
25449,"4114 Wallingford Ln","Louisville","KY","40218"
25450,"4010 Graf Dr","Louisville","KY","40220"
25451,"2906 Wimpole Ct","Louisville","KY","40218"
25452,"2908 White Plains Rd","Louisville","KY","40218"
25453,"4006 Wimpole Rd","Louisville","KY","40218"
25454,"5702 Spicewood Ln","Louisville","KY","40219"
25455,"3619 Tarragon Rd","Louisville","KY","40219"
25456,"5600 Spicewood Ln","Louisville","KY","40219"
25457,"3615 Twin Oak Ln","Louisville","KY","40219"
25458,"5507 Tupelo Pass","Louisville","KY","40219"
25459,"5609 Spicewood Ln","Louisville","KY","40219"
25460,"3704 E Indian Trl","Louisville","KY","40213"
25461,"3613 Twin Oak Ln","Louisville","KY","40219"
25462,"5701 Spicewood Ln","Louisville","KY","40219"
25463,"3624 Twin Oak Ln","Louisville","KY","40219"
25464,"3616 Nutmeg Ct","Louisville","KY","40219"
25465,"3611 E Indian Trl","Louisville","KY","40213"
25466,"5413 Tupelo Pass","Louisville","KY","40213"
25467,"3605 Susanna Dr","Louisville","KY","40213"
25468,"1822 Heaton Rd","Louisville","KY","40216"
25469,"1838 Kendall Ln","Apt 11","Louisville",
25470,"1835 Heaton Rd","Louisville","KY","40216"
25471,"4427 Heather Ln","Louisville","KY","40216"
25472,"4425 Heather Ln","Louisville","KY","40216"
25473,"1840 Kendall Ln","Apt 26","Louisville",
25474,"1840 Kendall Ln","Apt 25","Louisville",
25475,"9808 Colonnades Pl","Louisville","KY","40299"
25476,"11807 Oriole Slough Ln","Louisville","KY","40229"
25477,"11809 Oriole Slough Ln","Louisville","KY","40229"
25478,"11713 Oriole Slough Ln","Louisville","KY","40229"
25479,"11715 Oriole Slough Ln","Louisville","KY","40229"
25480,"7300 Rutledge Rd","Louisville","KY","40258"
25481,"4406 Rockwood Dr","Unit 1","Louisville",
25482,"203 S Dorsey Ln","Unit 0","Louisville",
25483,"17902 Curreys Bend Ln","Louisville","KY","40023"
25484,"17925 Curreys Bend Ln","Louisville","KY","40023"
25485,"13409 Hollows Ln","Louisville","KY","40299"
25486,"603 Colonel Anderson Pkwy","Louisville","KY","40222"
25487,"Jacks Lndg","Lot 37","Louisville",
25488,"16813 Aiken Rdg Cir","Louisville","KY","40245"
25489,"18683 Mila Marie Dr","Louisville","KY","40245"
25490,"3613 Coronado Dr","Louisville","KY","40241"
25491,"8000 Manslick Rd","Louisville","KY","40214"
25492,"11206 Breezeway St","# 67A","Louisville",
25493,"3520 Foxglove Ln","Louisville","KY","40241"
25494,"8920 Tribute Dr","Louisville","KY","40229"
25495,"4704 Southern Pkwy","Unit A1","Louisville",
25496,"7902 Wagon Trail Ct","Louisville","KY","40291"
25497,"1314 Highland Ave","Louisville","KY","40204"
25498,"8407 Brownsboro Rd","Louisville","KY","40241"
25499,"6306 Labor Ln","Unit 1","Louisville",
25500,"6805 Oak Rock Dr","Louisville","KY","40291"
25501,"8509 Long Rifle Ct","Louisville","KY","40228"
25502,"9109 Fairmount Rd","Louisville","KY","40291"
25503,"9105 Fairmount Rd","Louisville","KY","40291"
25504,"10004 Cedar Park Ct","Louisville","KY","40291"
25505,"8510 Long Bow Ln","Louisville","KY","40291"
25506,"9508 Hunters Trail Ct","Louisville","KY","40228"
25507,"5206 Rollingwood Trl","Louisville","KY","40214"
25508,"9808 Chambers Cir","Louisville","KY","40299"
25509,"8512 Roseborough Rd","Louisville","KY","40228"
25510,"8308 Science Hill Ct","Louisville","KY","40228"
25511,"8315 Daverman Dr","Louisville","KY","40228"
25512,"8319 Daverman Dr","Louisville","KY","40228"
25513,"6504 Daverman Ct","Louisville","KY","40228"
25514,"8205 Rochelle Rd","Louisville","KY","40228"
25515,"8303 Millington Ct","Louisville","KY","40228"
25516,"8305 Millington Ct","Louisville","KY","40228"
25517,"8309 Millington Ct","Louisville","KY","40228"
25518,"8406 Cloverport Dr","Louisville","KY","40228"
25519,"6517 Daverman Ct","Louisville","KY","40228"
25520,"8307 Science Hill Ct","Louisville","KY","40228"
25521,"8405 Cloverport Dr","Louisville","KY","40228"
25522,"8414 Cloverport Dr","Louisville","KY","40228"
25523,"6313 Outer Loop","Louisville","KY","40219"
25524,"6705 Tamarind Ct","Louisville","KY","40219"
25525,"4713 Sunday Dr","Louisville","KY","40219"
25526,"3607 Pinecroft Dr","Louisville","KY","40219"
25527,"7907 Waterfern Way","Louisville","KY","40291"
25528,"6503 S Watterson Trl","Louisville","KY","40291"
25529,"5308 Ronwood Dr","Louisville","KY","40219"
25530,"5312 Ronwood Dr","Louisville","KY","40219"
25531,"5314 Ronwood Dr","Louisville","KY","40219"
25532,"5406 Ronwood Dr","Louisville","KY","40219"
25533,"7307 Shepherdsville Rd","Louisville","KY","40219"
25534,"7313 Shepherdsville Rd","Louisville","KY","40219"
25535,"7314 Shepherdsville Rd","Louisville","KY","40219"
25536,"102 Winston Ct","Louisville","KY","40229"
25537,"103 Winston Ct","Louisville","KY","40229"
25538,"109 Winston Ct","Louisville","KY","40229"
25539,"8907 Beulah Church Rd","Louisville","KY","40291"
25540,"8818 Beulah Church Rd","Louisville","KY","40291"
25541,"6906 Sky Blue Ave","Louisville","KY","40258"
25542,"7026 Linton Ct","Louisville","KY","40258"
25543,"7023 Linton Ct","Louisville","KY","40258"
25544,"6905 Sky Blue Ave","Louisville","KY","40258"
25545,"5205 Pluto Dr","Louisville","KY","40258"
25546,"7024 Linton Ct","Louisville","KY","40258"
25547,"6810 Sky Blue Ave","Louisville","KY","40258"
25548,"6804 Sky Blue Ave","Louisville","KY","40258"
25549,"8607 Amerivan Dr","Louisville","KY","40299"
25550,"4403 Stony Brook Dr","Louisville","KY","40299"
25551,"8603 Wayfield Ct","Louisville","KY","40299"
25552,"4407 Stony Brook Dr","Louisville","KY","40299"
25553,"8602 Wayfield Ct","Louisville","KY","40299"
25554,"8601 Amerivan Dr","Louisville","KY","40299"
25555,"4117 Samoset Ct","Louisville","KY","40299"
25556,"4114 Samoset Ct","Louisville","KY","40299"
25557,"8806 Watterson Trl","Louisville","KY","40299"
25558,"8804 Watterson Trl","Louisville","KY","40299"
25559,"8910 Collingwood Rd","Louisville","KY","40299"
25560,"8705 Watterson Trl","Louisville","KY","40299"
25561,"9006 Collingwood Rd","Louisville","KY","40299"
25562,"9012 Collingwood Rd","Louisville","KY","40299"
25563,"8715 Watterson Trl","Louisville","KY","40299"
25564,"4303 San Marcos Rd","Louisville","KY","40299"
25565,"9001 Collingwood Rd","Louisville","KY","40299"
25566,"9004 Collingwood Rd","Louisville","KY","40299"
25567,"8703 Watterson Trl","Louisville","KY","40299"
25568,"6590 Larry Ln","Louisville","KY","40219"
25569,"1580 Raydale Dr","Louisville","KY","40219"
25570,"6595 Larry Ln","Louisville","KY","40219"
25571,"6593 Larry Ln","Louisville","KY","40219"
25572,"1594 Cooper Ave","Louisville","KY","40219"
25573,"1596 Cooper Ave","Louisville","KY","40219"
25574,"6638 Sylvania Rd","Louisville","KY","40258"
25575,"6642 Sylvania Rd","Louisville","KY","40258"
25576,"6654 Sylvania Rd","Louisville","KY","40258"
25577,"6658 Sylvania Rd","Louisville","KY","40258"
25578,"6633 Sylvania Rd","Louisville","KY","40258"
25579,"3308 Wellingmoor Ave","Louisville","KY","40218"
25580,"3306 Wellingmoor Ave","Louisville","KY","40218"
25581,"3311 Wellingmoor Ave","Louisville","KY","40218"
25582,"3307 Stratford Ave","Louisville","KY","40218"
25583,"3323 Wellingmoor Ave","Louisville","KY","40218"
25584,"3327 Bon Air Ave","Louisville","KY","40220"
25585,"3322 Cornelia Dr","Louisville","KY","40220"
25586,"3319 Bon Air Ave","Louisville","KY","40220"
25587,"3316 Bon Air Ave","Louisville","KY","40220"
25588,"7408 Tangelo Dr","Louisville","KY","40228"
25589,"7413 Lorenzo Ln","Louisville","KY","40228"
25590,"8905 Kaprun Ct","Louisville","KY","40220"
25591,"8902 Lantern Lite Pkwy","Louisville","KY","40220"
25592,"8900 Lantern Lite Pkwy","Louisville","KY","40220"
25593,"9205 Pine Lake Dr","Unit 102","Louisville",
25594,"9101 Marian Ct","Louisville","KY","40299"
25595,"9102 Marian Ct","Louisville","KY","40299"
25596,"9314 Pine Lake Dr","Unit 101","Louisville",
25597,"9318 Pine Lake Dr","Unit 101","Louisville",
25598,"9106 Old Six Mile Ln","Louisville","KY","40299"
25599,"9300 Pine Lake Dr","# 102","Louisville",
25600,"9312 Pine Lake Dr","Unit 201","Louisville",
25601,"9009 Lantern Lite Pkwy","Louisville","KY","40220"
25602,"9011 Lantern Lite Pkwy","Louisville","KY","40220"
25603,"2802 Six Mile Ln","Louisville","KY","40220"
25604,"9015 Admont Ct","Louisville","KY","40220"
25605,"9003 Lantern Lite Pkwy","Louisville","KY","40220"
25606,"8803 Lantern Lite Pkwy","Louisville","KY","40220"
25607,"2611 Stony Brook Dr","Louisville","KY","40220"
25608,"3808 Oakleaf Ln","Louisville","KY","40219"
25609,"3806 Tuesday Way","Louisville","KY","40219"
25610,"3802 Tuesday Way","Louisville","KY","40219"
25611,"8602 Image Way","Louisville","KY","40299"
25612,"4515 Stony Brook Dr","Louisville","KY","40299"
25613,"8600 Amerivan Dr","Louisville","KY","40299"
25614,"4503 Stony Brook Dr","Louisville","KY","40299"
25615,"8605 Image Way","Louisville","KY","40299"
25616,"8602 Amerivan Dr","Louisville","KY","40299"
25617,"5721 Southern Pkwy","Louisville","KY","40214"
25618,"5710 Southern Pkwy","Louisville","KY","40214"
25619,"5711 Southern Pkwy","Louisville","KY","40214"
25620,"5707 Southern Pkwy","Louisville","KY","40214"
25621,"8203 Roseborough Rd","Louisville","KY","40228"
25622,"8206 Roseborough Rd","Louisville","KY","40228"
25623,"3635 Romania Dr","Louisville","KY","40216"
25624,"4000 Maynard Ave","Louisville","KY","40229"
25625,"9401 Blue Lick Rd","Louisville","KY","40229"
25626,"9420 Titan Dr","Louisville","KY","40229"
25627,"7014 Haunz Ln","Louisville","KY","40241"
25628,"5606 Windy Willow Dr","Louisville","KY","40241"
25629,"7208 Hassock Dr","Louisville","KY","40258"
25630,"7215 Hassock Dr","Louisville","KY","40258"
25631,"5210 Pluto Dr","Louisville","KY","40258"
25632,"1863 Washington Blvd","Louisville","KY","40242"
25633,"1912 Manor House Dr","Louisville","KY","40220"
25634,"1800 Manor House Dr","Apt 100","Louisville",
25635,"1800 Manor House Dr","Apt 102","Louisville",
25636,"1800 Manor House Dr","Apt 111","Louisville",
25637,"1800 Manor House Dr","Apt 203","Louisville",
25638,"1920 Manor House Dr","Louisville","KY","40220"
25639,"2337 Lansdowne Ave","Louisville","KY","40217"
25640,"2352 Lansdowne Ave","Louisville","KY","40217"
25641,"2347 Alexander Ave","Louisville","KY","40217"
25642,"832 Eastern Pkwy","Louisville","KY","40217"
25643,"2615 Delor Ave","Louisville","KY","40217"
25644,"4402 Statton Rd","Louisville","KY","40220"
25645,"4501 Statton Rd","Louisville","KY","40220"
25646,"4505 Statton Rd","Louisville","KY","40220"
25647,"2805 Woodward Dr","Louisville","KY","40220"
25648,"4508 Statton Rd","Louisville","KY","40220"
25649,"4510 Statton Rd","Louisville","KY","40220"
25650,"4514 Statton Rd","Louisville","KY","40220"
25651,"2808 Milburn Ave","Louisville","KY","40220"
25652,"2809 Woodward Dr","Louisville","KY","40220"
25653,"2813 Woodward Dr","Louisville","KY","40220"
25654,"2820 Milburn Ave","Louisville","KY","40220"
25655,"2816 Woodward Dr","Louisville","KY","40220"
25656,"2810 Woodward Dr","Louisville","KY","40220"
25657,"2812 Woodward Dr","Louisville","KY","40220"
25658,"2809 Woodmont Dr","Louisville","KY","40220"
25659,"2803 Woodmont Dr","Louisville","KY","40220"
25660,"4431 Lowe Rd","Louisville","KY","40220"
25661,"4429 Lowe Rd","Louisville","KY","40220"
25662,"4433 Lowe Rd","Louisville","KY","40220"
25663,"4435 Lowe Rd","Louisville","KY","40220"
25664,"2832 Ashfield Ln","Louisville","KY","40220"
25665,"7803 Stonewood Ct","Louisville","KY","40220"
25666,"4503 Lowe Rd","Louisville","KY","40220"
25667,"2825 Milburn Ave","Louisville","KY","40220"
25668,"2823 Milburn Ave","Louisville","KY","40220"
25669,"4416 Saint Regis Ln","Louisville","KY","40220"
25670,"4515 Statton Rd","Louisville","KY","40220"
25671,"4517 Statton Rd","Louisville","KY","40220"
25672,"2800 Milburn Ave","Louisville","KY","40220"
25673,"4507 Statton Rd","Louisville","KY","40220"
25674,"2904 Cambridge Rd","Louisville","KY","40220"
25675,"4316 Lowe Rd","Louisville","KY","40220"
25676,"2901 Cambridge Rd","Louisville","KY","40220"
25677,"1706 Ashfield Ln","Louisville","KY","40220"
25678,"12227 Ledges Dr","Louisville","KY","40243"
25679,"12225 Ledges Dr","Louisville","KY","40243"
25680,"12204 Brightfield Dr","Louisville","KY","40243"
25681,"12202 Brightfield Dr","Louisville","KY","40243"
25682,"12200 Brightfield Dr","Louisville","KY","40243"
25683,"12212 Hardwick Rd","Louisville","KY","40243"
25684,"12211 Brightfield Dr","Louisville","KY","40243"
25685,"12209 Brightfield Dr","Louisville","KY","40243"
25686,"504 Marengo Dr","Louisville","KY","40243"
25687,"510 Westwood Dr","Louisville","KY","40243"
25688,"6600 Falling Star Dr","Louisville","KY","40272"
25689,"4700 Unseld Blvd","Louisville","KY","40218"
25690,"4412 Cosby Ct","Louisville","KY","40218"
25691,"4618 Unseld Blvd","Louisville","KY","40218"
25692,"4407 Cosby Ct","Louisville","KY","40218"
25693,"4804 Simpson Dr","Louisville","KY","40218"
25694,"4806 Simpson Dr","Louisville","KY","40218"
25695,"4803 Simpson Dr","Louisville","KY","40218"
25696,"4801 Simpson Dr","Louisville","KY","40218"
25697,"4619 Unseld Blvd","Louisville","KY","40218"
25698,"4615 Unseld Blvd","Louisville","KY","40218"
25699,"4617 Unseld Blvd","Louisville","KY","40218"
25700,"4621 Unseld Blvd","Louisville","KY","40218"
25701,"4613 Unseld Blvd","Louisville","KY","40218"
25702,"3506 Olive Rd","Louisville","KY","40219"
25703,"3505 Olive Rd","Louisville","KY","40219"
25704,"216 W Burnett Ave","Unit 216A","Louisville",
25705,"216 W Burnett Ave","Unit 226B","Louisville",
25706,"715 S 41st St","Unit 1","Louisville",
25707,"449 Mt Holly Ave","Unit 2","Louisville",
25708,"2120 Payne Hall 211 St","Unit Cedar","Louisville",
25709,"5120 Maryview Dr","Louisville","KY","40216"
25710,"1449 S 4th St","Louisville","KY","40208"
25711,"2235 1/2 S Shelby St","Unit 3","Louisville",
25712,"3607 Carillon Ridge Way","Louisville","KY","40245"
25713,"1315 Garden Hill Pl","Louisville","KY","40245"
25714,"15127 Old Taylorsville Rd","Louisville","KY","40023"
25715,"4319 Milldaun Rd","Louisville","KY","40213"
25716,"116 Bauer Ave","Unit 201","Louisville",
25717,"116 Bauer Ave","Unit 202","Louisville",
25718,"8212 Roseborough Rd","Louisville","KY","40228"
25719,"14203 Wakefield Pl","Louisville","KY","40245"
25720,"4301 Wooded Way Ct","Unit 16","Louisville",
25721,"2514 Pennacock Dr","Apt 4","Louisville",
25722,"2512 Pennacock Dr","Apt 4","Louisville",
25723,"10315 Oak Grove Rd","Louisville","KY","40291"
25724,"Jacks Lndg","Lot 43","Louisville",
25725,"8108 Cedar Pointe Dr","Louisville","KY","40229"
25726,"2706 Chickasaw Ave","Apt 20","Louisville",
25727,"303 Inverness Ave","Unit 303","Louisville",
25728,"10109 Fossil Ct","Louisville","KY","40223"
25729,"10210 Whipps Mill Rd","Louisville","KY","40223"
25730,"10308 Whipps Mill Rd","Louisville","KY","40223"
25731,"10300 Whipps Mill Rd","Louisville","KY","40223"
25732,"1916 Milburt Dr","Louisville","KY","40223"
25733,"10304 Whipps Mill Rd","Louisville","KY","40223"
25734,"10306 Whipps Mill Rd","Louisville","KY","40223"
25735,"10314 Whipps Mill Rd","Louisville","KY","40223"
25736,"10316 Whipps Mill Rd","Louisville","KY","40223"
25737,"1920 Milburt Dr","Louisville","KY","40223"
25738,"1924 Milburt Dr","Louisville","KY","40223"
25739,"1922 Milburt Dr","Louisville","KY","40223"
25740,"1914 Milburt Dr","Louisville","KY","40223"
25741,"1909 Milburt Dr","Louisville","KY","40223"
25742,"125 Dorchester Rd","Louisville","KY","40223"
25743,"1137 Schiller Ave","Louisville","KY","40204"
25744,"118 W Ormsby Ave","Unit A3","Louisville",
25745,"5118 Nancy Ave","Louisville","KY","40216"
25746,"421 Poplar Level Ct","Unit 101","Louisville",
25747,"421 Poplar Level Ct","# 217","Louisville",
25748,"8413 Hollis View Way","Louisville","KY","40214"
25749,"10921 Brookley Dr","Louisville","KY","40229"
25750,"3765 Taylorsville Rd","Louisville","KY","40220"
25751,"2901 Meadowview Cir","Louisville","KY","40220"
25752,"8210 Roseborough Rd","Louisville","KY","40228"
25753,"8913 Fox Chase Pl","Louisville","KY","40228"
25754,"8914 Fox Chase Pl","Louisville","KY","40228"
25755,"8916 Fox Chase Pl","Louisville","KY","40228"
25756,"8912 Fox Chase Pl","Louisville","KY","40228"
25757,"8216 Adams Run Rd","Louisville","KY","40228"
25758,"8215 Adams Run Rd","Louisville","KY","40228"
25759,"8221 Adams Run Rd","Louisville","KY","40228"
25760,"8219 Adams Run Rd","Louisville","KY","40228"
25761,"9612 Hunting Ground Ct","Louisville","KY","40228"
25762,"8309 Adams Run Rd","Louisville","KY","40228"
25763,"9604 Long Rifle Ln","Louisville","KY","40228"
25764,"8200 Adams Run Rd","Louisville","KY","40228"
25765,"8902 Fox Chase Pl","Louisville","KY","40228"
25766,"8805 Fox Chase Pl","Louisville","KY","40228"
25767,"8911 Fox Chase Pl","Louisville","KY","40228"
25768,"7315 1/2 Mayrow Dr","Louisville","KY","40291"
25769,"9102 Fox Chase Rd","Louisville","KY","40228"
25770,"9106 Fox Chase Rd","Louisville","KY","40228"
25771,"9108 Fox Chase Rd","Louisville","KY","40228"
25772,"8900 Cedar Creek Rd","Louisville","KY","40291"
25773,"9505 Hunters Trail Ct","Louisville","KY","40228"
25774,"9500 Hunters Trail Ct","Louisville","KY","40228"
25775,"8319 Adams Run Rd","Louisville","KY","40228"
25776,"9510 Deer Trail Pl","Louisville","KY","40228"
25777,"8401 Adams Run Rd","Louisville","KY","40228"
25778,"8201 Adams Run Rd","Louisville","KY","40228"
25779,"8203 Adams Run Rd","Louisville","KY","40228"
25780,"8105 Adams Run Rd","Louisville","KY","40228"
25781,"8101 Adams Run Rd","Louisville","KY","40228"
25782,"8211 Adams Run Rd","Louisville","KY","40228"
25783,"4610 Poplar Level Rd","Louisville","KY","40213"
25784,"1321 Dahl Rd","Louisville","KY","40213"
25785,"1324 Dahl Rd","Louisville","KY","40213"
25786,"3006 Indian Lake Dr","Louisville","KY","40241"
25787,"3101 Indian Lake Dr","Louisville","KY","40241"
25788,"5806 Cabin Way","Louisville","KY","40222"
25789,"4141 W Market St","Unit 1","Louisville",
25790,"421 Poplar Level Ct","# 101","Louisville",
25791,"1102 Queen Ave","# 2","Louisville",
25792,"1719 Sutherland Dr","Louisville","KY","40205"
25793,"1079 Cherokee Rd","Louisville","KY","40204"
25794,"8104 Cedar Meadows Ln","Louisville","KY","40229"
25795,"2510 Portland Ave","Apt 203","Louisville",
25796,"1206 S Preston-1206 S Preston St","Unit 3","Louisville",
25797,"2515 Aiken Ridge Dr","Louisville","KY","40245"
25798,"3547 Bluegrass Park Dr","Louisville","KY","40218"
25799,"3553 Bluegrass Park Dr","Louisville","KY","40218"
25800,"3557 Bluegrass Park Dr","Louisville","KY","40218"
25801,"3545 Bluegrass Park Dr","Louisville","KY","40218"
25802,"3531 Bluegrass Park Dr","Louisville","KY","40218"
25803,"3524 Bluegrass Park Dr","Louisville","KY","40218"
25804,"3212 Stratford Ave","Louisville","KY","40218"
25805,"3217 Stratford Ave","Louisville","KY","40218"
25806,"3216 Stratford Ave","Louisville","KY","40218"
25807,"2242 Dundee Rd","Apt 103","Louisville",
25808,"14809 Hedgewick Way","Louisville","KY","40245"
25809,"14801 Hedgewick Way","Louisville","KY","40245"
25810,"3532 Hedgewick Pl","Louisville","KY","40245"
25811,"3530 Hedgewick Pl","Louisville","KY","40245"
25812,"3520 Hedgewick Pl","Louisville","KY","40245"
25813,"3527 Hedgewick Pl","Louisville","KY","40245"
25814,"3501 Broadwell Pl","Louisville","KY","40245"
25815,"3515 Hedgewick Pl","Louisville","KY","40245"
25816,"3506 Hedgewick Pl","Louisville","KY","40245"
25817,"12935 Wooded Forest Rd","Louisville","KY","40243"
25818,"12938 Wooded Forest Rd","Louisville","KY","40243"
25819,"12928 Wooded Forest Rd","Louisville","KY","40243"
25820,"45 Mockingbird Valley Dr","Louisville","KY","40207"
25821,"47 Mockingbird Valley Dr","Louisville","KY","40207"
25822,"1903 Saddlewood Trl","Louisville","KY","40245"
25823,"8716 Summit Ridge Dr","Louisville","KY","40241"
25824,"9910 Moore Hill Pl","Unit 9910-202","Louisville",
25825,"935 Franklin St","Apt 103","Louisville",
25826,"2700 Montana Ave","# 1","Louisville",
25827,"1210 Longfield Ave","# 1","Louisville",
25828,"421 Poplar Level Ct","# 206","Louisville",
25829,"Brookley Pl","Lot 59","Louisville",
25830,"16926 Aiken Ridge Cir","Louisville","KY","40245"
25831,"421 Poplar Level Ct","Unit 409","Louisville",
25832,"205 W Breckinridge St","Apt 4","Louisville",
25833,"205 W Breckinridge St","Apt 5","Louisville",
25834,"205 W Breckinridge St","Apt 8","Louisville",
25835,"815 S 6th St","Louisville","KY","40203"
25836,"12003 Rock Spring Dr","Louisville","KY","40245"
25837,"11906 Rock Spring Dr","Louisville","KY","40245"
25838,"11901 Rock Spring Dr","Louisville","KY","40245"
25839,"4902 Lunenburg Dr","Louisville","KY","40245"
25840,"11803 Olde Spring Rd","Louisville","KY","40245"
25841,"11805 Olde Spring Rd","Louisville","KY","40245"
25842,"4810 Lunenburg Dr","Louisville","KY","40245"
25843,"11833 Olde Spring Rd","Louisville","KY","40245"
25844,"11904 Rock Spring Dr","Louisville","KY","40245"
25845,"11900 Rock Spring Dr","Louisville","KY","40245"
25846,"11806 Olde Spring Rd","Louisville","KY","40245"
25847,"1206 1206 S Preston-1206 S Preston St","Unit 3","Louisville",
25848,"3627 3627 Parthenia Ave-3627 Parthenia Ave","Louisville","KY","40215"
25849,"124 W College St","Unit 3","Louisville",
25850,"124 W College St","Unit 7","Louisville",
25851,"421 Poplar Level Ct","# 308","Louisville",
25852,"124 W College St","Unit 5","Louisville",
25853,"124 W College St","Unit 6","Louisville",
25854,"124 W College St","Unit 8","Louisville",
25855,"124 W College St","Unit 1","Louisville",
25856,"8209 Roseborough Rd","Louisville","KY","40228"
25857,"4036 Pleasant Glen Dr","Louisville","KY","40299"
25858,"25 Poplar Hill Rd","Louisville","KY","40207"
25859,"2108 Meadow Lane Ct","Louisville","KY","40223"
25860,"2107 Meadow Lane Ct","Louisville","KY","40223"
25861,"12102 Log Cabin Ln","Louisville","KY","40223"
25862,"12007 Log Cabin Ln","Louisville","KY","40223"
25863,"12008 Log Cabin Ln","Louisville","KY","40223"
25864,"421 Poplar Level Ct","Unit 211","Louisville",
25865,"12211 Waterford Pl","Louisville","KY","40291"
25866,"9200 Dawson Hill Rd","Apt 3","Louisville",
25867,"3605 Marlin Dr","Louisville","KY","40299"
25868,"11110 Sandwood Pl","Unit 1","Louisville",
25869,"12 1/2 College Ct","Louisville","KY","40203"
25870,"6907 Oak Rock Dr","Louisville","KY","40291"
25871,"9800 Chambers Cir","Louisville","KY","40299"
25872,"4033 Mulberry Row Way","Louisville","KY","40299"
25873,"1814 Grand Ridge Rd","Louisville","KY","40214"
25874,"1827 Grand Ridge Rd","Louisville","KY","40214"
25875,"1819 Grand Ridge Rd","Louisville","KY","40214"
25876,"1815 Grand Ridge Rd","Louisville","KY","40214"
25877,"1807 Austinwood Pl","Louisville","KY","40214"
25878,"2006 Timberhaven Trce","Louisville","KY","40214"
25879,"7106 Austinwood Rd","Louisville","KY","40214"
25880,"421 Poplar Level Ct","# 211","Louisville",
25881,"886 Eastern Pkwy","Louisville","KY","40217"
25882,"1011 Thruston Dr","Louisville","KY","40217"
25883,"1014 Ardmore Dr","Louisville","KY","40217"
25884,"1017 Thruston Dr","Louisville","KY","40217"
25885,"1035 Thruston Dr","Louisville","KY","40217"
25886,"1027 Thruston Dr","Louisville","KY","40217"
25887,"925 Ardmore Dr","Louisville","KY","40217"
25888,"936 Parkway Dr","Louisville","KY","40217"
25889,"938 Parkway Dr","Louisville","KY","40217"
25890,"944 Parkway Dr","Louisville","KY","40217"
25891,"940 Parkway Dr","Louisville","KY","40217"
25892,"937 Ardmore Dr","Louisville","KY","40217"
25893,"1004 Ardmore Dr","Louisville","KY","40217"
25894,"931 Ardmore Dr","Louisville","KY","40217"
25895,"936 Ardmore Dr","Louisville","KY","40217"
25896,"914 Ardmore Dr","Louisville","KY","40217"
25897,"918 Ardmore Dr","Louisville","KY","40217"
25898,"12401 Hedgeapple Way","Louisville","KY","40272"
25899,"6713 Black Locust Way","Louisville","KY","40272"
25900,"6409 Bethany Ln","Louisville","KY","40272"
25901,"6415 Bethany Ln","Louisville","KY","40272"
25902,"2020 Marilee Dr","Louisville","KY","40272"
25903,"2027 Marilee Dr","Louisville","KY","40272"
25904,"9618 Janna Dr","Louisville","KY","40272"
25905,"9614 Janna Dr","Louisville","KY","40272"
25906,"1110 Baxter Ave","Louisville","KY","40204"
25907,"208 Ottawa Ave","# 1","Louisville",
25908,"1106 Euclid Ave","# 1","Louisville",
25909,"1416 Sale Ave","# 1","Louisville",
25910,"4219 Alton Ave","Louisville","KY","40206"
25911,"3700 Canterbury Dr","Louisville","KY","40299"
25912,"3611 Marlin Dr","Louisville","KY","40299"
25913,"3610 Marlin Dr","Louisville","KY","40299"
25914,"3519 Marlin Dr","Louisville","KY","40299"
25915,"3513 Charlane Pkwy","Louisville","KY","40299"
25916,"3522 Marlin Dr","Louisville","KY","40299"
25917,"3511 Saint Edwards Dr","Louisville","KY","40299"
25918,"3502 Saint Edwards Dr","Louisville","KY","40299"
25919,"3506 Saint Edwards Dr","Louisville","KY","40299"
25920,"3502 Barclay Dr","Louisville","KY","40299"
25921,"3506 Barclay Dr","Louisville","KY","40299"
25922,"3508 Barclay Dr","Louisville","KY","40299"
25923,"3514 Barclay Dr","Louisville","KY","40299"
25924,"3508 Charlane Pkwy","Louisville","KY","40299"
25925,"3609 Locust Ave","Louisville","KY","40299"
25926,"3609 Canterbury Dr","Louisville","KY","40299"
25927,"3403 Charlane Pkwy","Louisville","KY","40299"
25928,"3402 Dell Rd","Louisville","KY","40299"
25929,"3511 Barclay Dr","Louisville","KY","40299"
25930,"9722 Sue Helen Dr","Louisville","KY","40299"
25931,"3503 Barclay Dr","Louisville","KY","40299"
25932,"8518 Bronzewing Ct","Louisville","KY","40299"
25933,"4500 Stony Brook Dr","Louisville","KY","40299"
25934,"1236 Cherokee Ch Rd","Unit 4A","Louisville",
25935,"1301 Tennessee Ave","# 1","Louisville",
25936,"1210 Longfield Ave","# 2","Louisville",
25937,"1842 Bolling Ave","# 1","Louisville",
25938,"7101 Alma June Way","Louisville","KY","40228"
25939,"4207 Taylor Cv Ct","Louisville","KY","40220"
25940,"12419 Kingsley Dr","Louisville","KY","40229"
25941,"3505 Park Row Dr","Louisville","KY","40216"
25942,"2209 Pikes Peak Blvd","Louisville","KY","40214"
25943,"5659 Mark Dr","Louisville","KY","40258"
25944,"290 Overdale Dr","Louisville","KY","40229"
25945,"3204 Judy Ln","Louisville","KY","40216"
25946,"242 Greenbriar Ln","Louisville","KY","40229"
25947,"123 Sweetbriar Ln","Louisville","KY","40207"
25948,"8000 Osborne Dr","Louisville","KY","40222"
25949,"1426 Rosewood Ave","Louisville","KY","40204"
25950,"129 Steedland Ct","Louisville","KY","40229"
25951,"7101 Woodhaven Rd","Louisville","KY","40291"
25952,"285 Winston Ct","Louisville","KY","40229"
25953,"811 Flicker Rd","Louisville","KY","40214"
25954,"63 Winifrede Ln","Louisville","KY","40206"
25955,"219 Linney Ave","Louisville","KY","40243"
25956,"16299 Eastwood Cut Off Rd","Louisville","KY","40245"
25957,"2528 Clarendon Ave","Louisville","KY","40205"
25958,"4407 Old Manslick Rd","Louisville","KY","40216"
25959,"8207 Pennsylvania Run Rd","Louisville","KY","40228"
25960,"4810 Cova Dr","Louisville","KY","40216"
25961,"3710 Arcadia Ct","Louisville","KY","40229"
25962,"4817 Determine Ln","Louisville","KY","40216"
25963,"4107 Sunset Ave","Louisville","KY","40211"
25964,"4310 Shady Villa Dr","Louisville","KY","40219"
25965,"428 N 20th St","Louisville","KY","40203"
25966,"6124 Overhill Dr","Louisville","KY","40229"
25967,"121 Arterburn Dr","Louisville","KY","40222"
25968,"2313 Oregon Ave","Louisville","KY","40210"
25969,"1224 Holsworth Ln","Louisville","KY","40222"
25970,"622 S 39th St","Louisville","KY","40211"
25971,"2324 W Burnett Ave","Louisville","KY","40210"
25972,"5315 Westhall Ave","Louisville","KY","40214"
25973,"1519 Thackeray Dr","Louisville","KY","40205"
25974,"895 Overdale Dr","Louisville","KY","40229"
25975,"1512 S 28th St","Louisville","KY","40211"
25976,"312 Moser Rd","Louisville","KY","40223"
25977,"4509 Rita Mary Ct","Louisville","KY","40229"
25978,"883 Overdale Dr","Louisville","KY","40229"
25979,"3200 Dublin Ln","Louisville","KY","40206"
25980,"2127 Douglass Blvd","Louisville","KY","40205"
25981,"118 Clover Rd","Louisville","KY","40229"
25982,"7705 New La Grange Rd","Louisville","KY","40222"
25983,"3813 Hopewell Rd","Louisville","KY","40299"
25984,"197 Melody Ln","Louisville","KY","40229"
25985,"805 Fountain Ave","Louisville","KY","40222"
25986,"807 Fountain Ave","Louisville","KY","40222"
25987,"803 Fountain Ave","Louisville","KY","40222"
25988,"1415 Quincy St","Louisville","KY","40206"
25989,"315 N 26th St","Louisville","KY","40212"
25990,"820 S 41st St","Louisville","KY","40211"
25991,"2329 Brookside Dr","Louisville","KY","40205"
25992,"6805 Melon Ct","Louisville","KY","40219"
25993,"9109 Pine Lake Dr","Louisville","KY","40220"
25994,"208 Lyndon Ln","Louisville","KY","40222"
25995,"2603 Gardiner Ln","Louisville","KY","40205"
25996,"533 N 20th St","Louisville","KY","40203"
25997,"8501 Wooded Glen Ct","Louisville","KY","40220"
25998,"2324 W Oak St","Louisville","KY","40210"
25999,"408 Meridian Ave","Louisville","KY","40207"
26000,"2917 Gudgel Rd","Louisville","KY","40211"
26001,"4718 Southern Pkwy","Louisville","KY","40214"
26002,"3666 Lentz Ave","Louisville","KY","40215"
26003,"4509 Borney Cir","Louisville","KY","40299"
26004,"811 Exmoor Ave","Louisville","KY","40223"
26005,"2903 Aspendale Ct","Louisville","KY","40241"
26006,"402 N 28th St","Louisville","KY","40212"
26007,"2230 Thistledawn Dr","Louisville","KY","40216"
26008,"697 Madelon Ct","Louisville","KY","40211"
26009,"4013 Brownlee Rd","Louisville","KY","40207"
26010,"4713 Lunenburg Dr","Louisville","KY","40245"
26011,"5201 Chenoweth Run Rd","Louisville","KY","40299"
26012,"2911 Arlington Rd","Louisville","KY","40220"
26013,"602 Rothbury Ln","Louisville","KY","40243"
26014,"4200 Wooded Way","Louisville","KY","40219"
26015,"2708 Narragansett Dr","Louisville","KY","40210"
26016,"3601 Colmar Dr","Louisville","KY","40211"
26017,"314 Alcott Rd","Louisville","KY","40207"
26018,"5215 Garden Green Way","Louisville","KY","40218"
26019,"110 Claremont Ave","Louisville","KY","40206"
26020,"2011 Sherwood Ave","Louisville","KY","40205"
26021,"10715 Sunderland Rd","Louisville","KY","40243"
26022,"1329 Trinity Park Dr","Louisville","KY","40213"
26023,"5709 Southern Pkwy","Louisville","KY","40214"
26024,"9004 Hudson Ln","Louisville","KY","40291"
26025,"649 N 26th St","Louisville","KY","40212"
26026,"1333 Lydia St","Louisville","KY","40217"
26027,"2413 Howard St","Louisville","KY","40211"
26028,"7605 Johnson School Rd","Louisville","KY","40291"
26029,"3718 Downing Way","Louisville","KY","40218"
26030,"168 Mills Dr","Louisville","KY","40216"
26031,"1635 S Preston St","Louisville","KY","40217"
26032,"5010 Runic Way","Louisville","KY","40218"
26033,"1012 Mulberry St","Louisville","KY","40217"
26034,"4312 Oboe Dr","Louisville","KY","40216"
26035,"2128 W Chestnut St","Louisville","KY","40211"
26036,"205 Gibson Rd","Louisville","KY","40207"
26037,"4519 Glenna Way","Louisville","KY","40219"
26038,"1043 Mary St","Louisville","KY","40204"
26039,"1510 S 28th St","Louisville","KY","40211"
26040,"109 N Birchwood Ave","Louisville","KY","40206"
26041,"1808 Lincoln Ave","Louisville","KY","40213"
26042,"6707 Watch Hill Rd","Louisville","KY","40228"
26043,"7507 Mount Washington Rd","Louisville","KY","40229"
26044,"4547 Southern Pkwy","Louisville","KY","40214"
26045,"6207 Fox Ave","Louisville","KY","40272"
26046,"1619 Huntoon Ave","Louisville","KY","40215"
26047,"9303 Pagoda Dr","Louisville","KY","40229"
26048,"1212 Holsworth Ln","Louisville","KY","40222"
26049,"5514 Branston Dr","Louisville","KY","40216"
26050,"312 Shawnee Dr","Louisville","KY","40212"
26051,"2314 Old Hickory Rd","Louisville","KY","40299"
26052,"7616 E Manslick Rd","Louisville","KY","40228"
26053,"4801 Lawrie Ln","Louisville","KY","40214"
26054,"9705 Gateway Dr","Louisville","KY","40299"
26055,"813 S Shelby St","Louisville","KY","40203"
26056,"3703 Eastside Dr","Louisville","KY","40220"
26057,"10702 Blue Lick Rd","Louisville","KY","40229"
26058,"408 Turnstile Trce","Louisville","KY","40223"
26059,"934 S Shelby St","Louisville","KY","40203"
26060,"9205 Star Rest Cir","Louisville","KY","40272"
26061,"3803 Bank St","Louisville","KY","40212"
26062,"3615 Brownsboro Rd","Louisville","KY","40207"
26063,"1004 Rogers St","Louisville","KY","40204"
26064,"13503 Kinross Blvd","Louisville","KY","40272"
26065,"1220 Falcon Dr","Louisville","KY","40213"
26066,"5007 S 3rd St","Louisville","KY","40214"
26067,"4203 Shady Villa Dr","Louisville","KY","40219"
26068,"10604 Grassy Ct","Louisville","KY","40241"
26069,"4402 Petersburg Rd","Louisville","KY","40218"
26070,"5507 Dea Dea Dr","Louisville","KY","40291"
26071,"6312 Kenyon Dr","Louisville","KY","40272"
26072,"213 Hillcrest Ave","Louisville","KY","40206"
26073,"2930 Garey Ln","Louisville","KY","40216"
26074,"5003 Fury Way","Louisville","KY","40258"
26075,"16319 Eastwood Cut Off Rd","Louisville","KY","40245"
26076,"4114 Gingerwood Dr","Louisville","KY","40220"
26077,"3309 Pacific Ct","Louisville","KY","40211"
26078,"214 Tyne Rd","Louisville","KY","40207"
26079,"4019 Hillbrook Dr","Louisville","KY","40220"
26080,"3504 Algonquin Pkwy","Louisville","KY","40211"
26081,"7213 Uranus Dr","Louisville","KY","40258"
26082,"1701 Model Rd","Louisville","KY","40216"
26083,"6801 James Madison Way","Louisville","KY","40272"
26084,"2327 Strotman Rd","Louisville","KY","40216"
26085,"6601 Morocco Dr","Louisville","KY","40214"
26086,"2009 Nocturne Dr","Louisville","KY","40272"
26087,"2619 Lindsay Ave","Louisville","KY","40206"
26088,"9719 Mary Dell Ln","Louisville","KY","40291"
26089,"9808 Anita Blvd","Louisville","KY","40272"
26090,"4206 Woodgate Ln","Louisville","KY","40220"
26091,"1768 W Oak St","Louisville","KY","40210"
26092,"5800 Apache Rd","Louisville","KY","40207"
26093,"3920 Layside Dr","Louisville","KY","40220"
26094,"8217 Joyce Dr","Louisville","KY","40219"
26095,"9214 Maple Rd","Louisville","KY","40229"
26096,"6304 Triplett Dr","Louisville","KY","40258"
26097,"2646 Taylorsville Rd","Louisville","KY","40205"
26098,"3810 W Kentucky St","Louisville","KY","40211"
26099,"6510 Hollow Tree Rd","Louisville","KY","40228"
26100,"3800 Shannon Run Trl","Louisville","KY","40299"
26101,"1633 Ehrler Dr","Louisville","KY","40213"
26102,"14003 Beeston Blvd","Louisville","KY","40272"
26103,"1706 Tyler Pkwy","Louisville","KY","40204"
26104,"1215 Keswick Blvd","Louisville","KY","40217"
26105,"4102 Pirate Ct","Louisville","KY","40229"
26106,"11701 Brackenberry Ct","Louisville","KY","40272"
26107,"1776 Wathen Ln","Louisville","KY","40216"
26108,"2235 Emerson Ave","Louisville","KY","40205"
26109,"9921 Vega Ln","Louisville","KY","40272"
26110,"1323 Arcade Ave","Louisville","KY","40215"
26111,"8703 Storrington Ct","Louisville","KY","40222"
26112,"9006 Lyneve Dr","Louisville","KY","40272"
26113,"3410 Pflanz Ave","Louisville","KY","40212"
26114,"4409 Culpepper Cir","Louisville","KY","40241"
26115,"2917 Valley Dr","Louisville","KY","40299"
26116,"1700 Saint Louis Ave","Louisville","KY","40210"
26117,"902 Beechwood Rd","Louisville","KY","40207"
26118,"319 Jarvis Ln","Louisville","KY","40207"
26119,"9910 Hofelich Ln","Louisville","KY","40291"
26120,"3000 Don Dee Dr","Louisville","KY","40220"
26121,"1604 Rangeland Rd","Louisville","KY","40219"
26122,"1534 Longfield Ave","Louisville","KY","40215"
26123,"2009 Columbia St","Louisville","KY","40203"
26124,"4417 Campobello St","Louisville","KY","40213"
26125,"4812 Fister Ct","Louisville","KY","40258"
26126,"8403 Berea Dr","Louisville","KY","40228"
26127,"2504 Brighton Dr","Louisville","KY","40205"
26128,"10506 Chenny Ct","Louisville","KY","40299"
26129,"4436 Malcolm Rd","Louisville","KY","40216"
26130,"3307 Mcclain Ct","Louisville","KY","40299"
26131,"4412 Lincoln Rd","Louisville","KY","40220"
26132,"8502 Smyrna Pkwy","Louisville","KY","40228"
26133,"2627 Alanmede Rd","Louisville","KY","40205"
26134,"727 E Ormsby Ave","Louisville","KY","40203"
26135,"2301 W Oak St","Louisville","KY","40210"
26136,"2916 English Ave","Louisville","KY","40206"
26137,"322 S Ewing Ave","Louisville","KY","40206"
26138,"216 Glendora Ave","Louisville","KY","40212"
26139,"4303 Rockwood Dr","Louisville","KY","40220"
26140,"11105 Rothbury Ct","Louisville","KY","40243"
26141,"3673 Wheeler Ave","Louisville","KY","40215"
26142,"3010 S Melrose Dr","Louisville","KY","40299"
26143,"2512 Legene Ct","Louisville","KY","40216"
26144,"656 S 41st St","Louisville","KY","40211"
26145,"7113 Greenwich Rd","Louisville","KY","40218"
26146,"3614 Windward Way","Louisville","KY","40220"
26147,"724 Elsmere Cir","Louisville","KY","40223"
26148,"2410 Dumesnil St","Louisville","KY","40210"
26149,"909 S 42nd St","Louisville","KY","40211"
26150,"2941 Alford Ave","Louisville","KY","40212"
26151,"2428 Parkdale Ave","Louisville","KY","40220"
26152,"2308 Fust Ave","Louisville","KY","40216"
26153,"3414 Richmont Rd","Louisville","KY","40216"
26154,"4418 Signal Hill Rd","Louisville","KY","40207"
26155,"319 Franck Ave","Louisville","KY","40206"
26156,"7545 Justan Ave","Louisville","KY","40214"
26157,"1204 Fruitful Ct","Louisville","KY","40214"
26158,"159 N Jane St","Louisville","KY","40206"
26159,"11907 Heathsville Ct","Louisville","KY","40245"
26160,"1923 Lowell Ave","Louisville","KY","40205"
26161,"11814 Mondamon Dr","Louisville","KY","40272"
26162,"3507 W Market St","Louisville","KY","40212"
26163,"139 E Ashland Ave","Louisville","KY","40214"
26164,"8503 Cheltenham Cir","Louisville","KY","40222"
26165,"2211 Eastview Ave","Louisville","KY","40205"
26166,"10218 Timberwood Cir","Louisville","KY","40223"
26167,"1541 Gallagher St","Louisville","KY","40210"
26168,"9802 Longwood Cir","Louisville","KY","40223"
26169,"328 S Birchwood Ave","Louisville","KY","40206"
26170,"722 S 32nd St","Louisville","KY","40211"
26171,"132 S 42nd St","Louisville","KY","40212"
26172,"7224 Heatherly Sq","Louisville","KY","40242"
26173,"9100 Lyneve Dr","Louisville","KY","40272"
26174,"10509 Millers Ln","Louisville","KY","40272"
26175,"518 Compton St","Louisville","KY","40208"
26176,"7310 Kentucky Ave","Louisville","KY","40258"
26177,"10005 Shirewick Way","Louisville","KY","40272"
26178,"3517 Forest Brook Dr","Louisville","KY","40207"
26179,"1223 Larchmont Ave","Louisville","KY","40215"
26180,"8007 Amity Ln","Louisville","KY","40220"
26181,"10409 Meadowview Dr","Louisville","KY","40272"
26182,"2823 Northwestern Pkwy","Louisville","KY","40212"
26183,"1500 Cherokee Rd","Louisville","KY","40205"
26184,"7107 Chippenham Rd","Louisville","KY","40222"
26185,"2618 Benoch Ave","Louisville","KY","40216"
26186,"2010 Tyler Ln","Louisville","KY","40205"
26187,"1023 S Shelby St","Louisville","KY","40203"
26188,"2537 Jenlee Ln","Louisville","KY","40216"
26189,"2435 Bank St","Louisville","KY","40212"
26190,"2229 Grand Ave","Louisville","KY","40210"
26191,"4303 Northwood Dr","Louisville","KY","40220"
26192,"9804 Sunkist Way","Louisville","KY","40272"
26193,"4927 Wheatley Ct","Louisville","KY","40218"
26194,"4717 Clarion Ct","Louisville","KY","40216"
26195,"11307 Corston Ct","Louisville","KY","40241"
26196,"274 Claremont Ave","Louisville","KY","40206"
26197,"8300 Casualwood Way","Louisville","KY","40291"
26198,"922 E Oak St","Louisville","KY","40204"
26199,"9217 Matilda Ct","Louisville","KY","40229"
26200,"4008 Valley Station Rd","Louisville","KY","40272"
26201,"500 E Oak St","Louisville","KY","40203"
26202,"3704 Bristol Oaks Dr","Louisville","KY","40299"
26203,"1726 Bonnycastle Ave","Louisville","KY","40205"
26204,"3811 Bigelow Dr","Louisville","KY","40299"
26205,"1202 Mcbroom Ct","Louisville","KY","40214"
26206,"2505 Carolina Ave","Louisville","KY","40205"
26207,"505 Moser Rd","Louisville","KY","40223"
26208,"1038 Wetterau Ave","Louisville","KY","40217"
26209,"2802 Colin Ave","Louisville","KY","40217"
26210,"1522 Indiana Ave","Louisville","KY","40213"
26211,"1323 Lexington Rd","Louisville","KY","40204"
26212,"8002 Weather Ct","Louisville","KY","40220"
26213,"1219 Summit Ave","Louisville","KY","40204"
26214,"3001 Gudgel Rd","Louisville","KY","40211"
26215,"3308 Oriole Dr","Louisville","KY","40213"
26216,"418 Evergreen Rd","Louisville","KY","40223"
26217,"3924 Rankin St","Louisville","KY","40214"
26218,"2140 Bonnycastle Ave","Apt 3B","Louisville",
26219,"2922 Delor Ave","Louisville","KY","40217"
26220,"9812 Boxford Way","Louisville","KY","40242"
26221,"7802 Sunbury Ln","Louisville","KY","40220"
26222,"4523 Sandhill Rd","Louisville","KY","40219"
26223,"320 S 39th St","Louisville","KY","40212"
26224,"1651 Bernheim Ln","Louisville","KY","40210"
26225,"1041 Barret Ave","Louisville","KY","40204"
26226,"6801 Starcross Ct","Louisville","KY","40207"
26227,"7510 Six Mile Ln","Louisville","KY","40220"
26228,"3410 Clarinet Dr","Louisville","KY","40216"
26229,"746 S 43rd St","Louisville","KY","40211"
26230,"6809 Taxham Ct","Louisville","KY","40207"
26231,"360 Ridgeway Ave","Louisville","KY","40207"
26232,"1842 Deer Park Ave","Louisville","KY","40205"
26233,"2605 Welsford Way","Louisville","KY","40242"
26234,"2000 Bainbridge Row Dr","Louisville","KY","40207"
26235,"2554 Carolina Ave","Louisville","KY","40205"
26236,"7510 Glen Arbor Rd","Louisville","KY","40222"
26237,"3210 Cross Bill Rd","Louisville","KY","40213"
26238,"5518 Lagoona Dr","Louisville","KY","40219"
26239,"1422 Winter Ave","Louisville","KY","40204"
26240,"10511 Sedalia Ct","Louisville","KY","40272"
26241,"1456 Olive St","Louisville","KY","40210"
26242,"1301 Stonewall Way","Louisville","KY","40242"
26243,"3111 Tremont Dr","Louisville","KY","40205"
26244,"441 N 28th St","Louisville","KY","40212"
26245,"650 S 36th St","Louisville","KY","40211"
26246,"1120 E Breckinridge St","Louisville","KY","40204"
26247,"1142 Franelm Rd","Louisville","KY","40214"
26248,"4205 Riveroaks Ln","Louisville","KY","40241"
26249,"715 Victoria Pl","Louisville","KY","40207"
26250,"8213 Vaughn Mill Rd","Louisville","KY","40228"
26251,"1866 Overlook Ter","Louisville","KY","40205"
26252,"1236 Payne St","Louisville","KY","40204"
26253,"5620 Stansbury Ln","Louisville","KY","40291"
26254,"3707 Shannon Run Trl","Louisville","KY","40299"
26255,"1466 Oakwood Ave","Louisville","KY","40215"
26256,"3804 Tuesday Way","Louisville","KY","40219"
26257,"9302 Le Beau Ct","Louisville","KY","40299"
26258,"4112 Samoset Ct","Louisville","KY","40299"
26259,"2510 Bagby Way","Louisville","KY","40216"
26260,"4900 Darnton Ln","Louisville","KY","40216"
26261,"10214 Westwego Pl","Louisville","KY","40299"
26262,"3808 Norbourne Blvd","Louisville","KY","40207"
26263,"6209 Port Antonio Rd","Louisville","KY","40228"
26264,"2314 Lakeland Rd","Louisville","KY","40223"
26265,"3219 Linnet Rd","Louisville","KY","40213"
26266,"616 Jordan Ave","Louisville","KY","40208"
26267,"8008 Afterglow Dr","Louisville","KY","40214"
26268,"2502 Hayward Rd","Louisville","KY","40242"
26269,"2705 Oregon Ave","Louisville","KY","40210"
26270,"2520 Windsor Forest Dr","Louisville","KY","40272"
26271,"119 Woodmore Ave","Louisville","KY","40214"
26272,"8303 Tolls Ln","Louisville","KY","40214"
26273,"1540 Gallagher St","Louisville","KY","40210"
26274,"3016 Falmouth Dr","Louisville","KY","40205"
26275,"814 Keswick Blvd","Louisville","KY","40217"
26276,"8108 Red Cedar Way","Louisville","KY","40219"
26277,"8507 Davelee Ct","Louisville","KY","40291"
26278,"4201 Wooded Way","Louisville","KY","40219"
26279,"3508 Burrell Dr","Louisville","KY","40216"
26280,"804 Fountain Ave","Louisville","KY","40222"
26281,"10404 Coachouse Pl","Louisville","KY","40223"
26282,"3306 Fernheather Dr","Louisville","KY","40216"
26283,"3427 Powell Ave","Louisville","KY","40215"
26284,"4408 Chenwood Ln","Louisville","KY","40299"
26285,"1837 W Ormsby Ave","Louisville","KY","40210"
26286,"3812 Craig Ave","Louisville","KY","40215"
26287,"617 E Burnett Ave","Louisville","KY","40217"
26288,"3518 Pirogue Rd","Louisville","KY","40299"
26289,"997 Vine St","Louisville","KY","40204"
26290,"7102 Bowie Ct","Louisville","KY","40219"
26291,"1419 Walter Ave","Louisville","KY","40215"
26292,"8900 Annlou Dr","Louisville","KY","40272"
26293,"5415 Robinwood Rd","Louisville","KY","40218"
26294,"6703 Windhurst Rd","Louisville","KY","40207"
26295,"4620 Spen Lea Rd","Louisville","KY","40216"
26296,"8702 Cottingham Way","Louisville","KY","40258"
26297,"1382 S 3rd St","Louisville","KY","40208"
26298,"6403 Price Lane Rd","Louisville","KY","40229"
26299,"4106 Brentler Rd","Louisville","KY","40241"
26300,"2419 W Jefferson St","Louisville","KY","40212"
26301,"2128 Strathmoor Blvd","Louisville","KY","40205"
26302,"13200 Meadowlawn Dr","Louisville","KY","40272"
26303,"1820 Speed Ave","Louisville","KY","40205"
26304,"2702 Maxey Ln","Louisville","KY","40245"
26305,"7109 Birnamwood Dr","Louisville","KY","40258"
26306,"5407 Hess Dr","Louisville","KY","40258"
26307,"7324 Ticonderoga Dr","Louisville","KY","40214"
26308,"2829 Brownsboro Rd","Louisville","KY","40206"
26309,"2921 Bowman Ave","Louisville","KY","40205"
26310,"6802 Vandre Ave","Louisville","KY","40228"
26311,"1214 Blue Vale Way","Louisville","KY","40222"
26312,"1406 Northwind Rd","Louisville","KY","40207"
26313,"419 Macon Ave","Louisville","KY","40207"
26314,"4333 Accomack Dr","Louisville","KY","40241"
26315,"421 Eline Ave","Louisville","KY","40207"
26316,"7918 Barbour Manor Dr","Louisville","KY","40241"
26317,"1426 S 7th St","Louisville","KY","40208"
26318,"2315 Ecton Ln","Louisville","KY","40216"
26319,"6407 Mercury Dr","Louisville","KY","40291"
26320,"703 Nottingham Pkwy","Louisville","KY","40222"
26321,"8006 Carnation Dr","Louisville","KY","40258"
26322,"3124 Horton Ave","Louisville","KY","40220"
26323,"1907 Venetian Ct","Louisville","KY","40214"
26324,"4910 D Lue Ct","Louisville","KY","40216"
26325,"11832 Olde Spring Rd","Louisville","KY","40245"
26326,"2329 Rausch Dr","Louisville","KY","40216"
26327,"2305 Deveron Dr","Louisville","KY","40216"
26328,"2916 Chimney Rock Ln","Louisville","KY","40220"
26329,"2106 Burwell Ave","Louisville","KY","40210"
26330,"2525 Neblett Ave","Louisville","KY","40216"
26331,"9507 Michael Edward Dr","Louisville","KY","40291"
26332,"6855 Green Meadow Cir","Louisville","KY","40207"
26333,"4527 S 1st St","Louisville","KY","40214"
26334,"2919 White Plains Rd","Louisville","KY","40218"
26335,"3207 Hikes Ln","Louisville","KY","40220"
26336,"3515 Marlin Dr","Louisville","KY","40299"
26337,"5506 Fran Ct","Louisville","KY","40291"
26338,"6108 Toebbe Ln","Louisville","KY","40229"
26339,"4619 S 2nd St","Louisville","KY","40214"
26340,"3529 W Market St","Louisville","KY","40212"
26341,"8807 Ferndale Rd","Louisville","KY","40291"
26342,"1014 S Brook St","Louisville","KY","40203"
26343,"9905 Stonestreet Rd","Louisville","KY","40272"
26344,"1430 Cherokee Rd","Louisville","KY","40204"
26345,"2408 Ridgeview Ave","Louisville","KY","40220"
26346,"2729 Fleming Ave","Louisville","KY","40206"
26347,"6807 Shareith Dr","Louisville","KY","40228"
26348,"865 S 24th St","Louisville","KY","40211"
26349,"10513 Torrington Rd","Louisville","KY","40272"
26350,"3108 Eagle Pass","Louisville","KY","40213"
26351,"5800 Celina Ct","Louisville","KY","40213"
26352,"5223 Pluto Dr","Louisville","KY","40258"
26353,"2720 Colin Ave","Louisville","KY","40217"
26354,"2122 Wrocklage Ave","Louisville","KY","40205"
26355,"11108 Thunder Dr","Louisville","KY","40272"
26356,"4510 Lincoln Rd","Louisville","KY","40220"
26357,"11010 Bearcamp Rd","Louisville","KY","40272"
26358,"2820 Marigold Ave","Louisville","KY","40213"
26359,"9501 Candywood Ln","Louisville","KY","40291"
26360,"2423 Meadow Rd","Louisville","KY","40205"
26361,"1707 Adelia Ave","Louisville","KY","40210"
26362,"3917 Manner Dale Dr","Louisville","KY","40220"
26363,"12213 Ledges Dr","Louisville","KY","40243"
26364,"3801 Greenwich Rd","Louisville","KY","40218"
26365,"4526 Southcrest Dr","Louisville","KY","40215"
26366,"628 Lynn St","Louisville","KY","40217"
26367,"4425 Mount Vernon Rd","Louisville","KY","40220"
26368,"905 W Evelyn Ave","Louisville","KY","40215"
26369,"11212 Rannoch Ln","Louisville","KY","40243"
26370,"2118 Lancashire Ave","Louisville","KY","40205"
26371,"4507 Southwestern Pkwy","Louisville","KY","40212"
26372,"3528 Autumn Way","Louisville","KY","40218"
26373,"2812 Pomeroy Dr","Louisville","KY","40218"
26374,"2702 Kennersley Dr","Louisville","KY","40242"
26375,"522 Kentucky Ave","Louisville","KY","40222"
26376,"2503 Concord Dr","Louisville","KY","40217"
26377,"2514 Cottonwood Dr","Louisville","KY","40242"
26378,"6608 Vandre Ave","Louisville","KY","40228"
26379,"4121 Browns Ln","Unit C17","Louisville",
26380,"8705 Jen Ct","Louisville","KY","40299"
26381,"10410 Sunlight Ln","Louisville","KY","40272"
26382,"138 Prairie Ct","Louisville","KY","40229"
26383,"10113 Dorsey Hill Rd","Louisville","KY","40223"
26384,"9220 Cornflower Rd","Louisville","KY","40272"
26385,"5911 Arvis Dr","Louisville","KY","40258"
26386,"1856 Princeton Dr","Louisville","KY","40205"
26387,"9005 Thompson Ln","Louisville","KY","40258"
26388,"230 S Shawnee Ter","Louisville","KY","40212"
26389,"2548 Seneca Dr","Louisville","KY","40205"
26390,"9805 Fairground Rd","Louisville","KY","40291"
26391,"5409 Waltlee Ct","Louisville","KY","40291"
26392,"328 Mac Brae Rd","Louisville","KY","40214"
26393,"1061 Runell Rd","Louisville","KY","40214"
26394,"1888 Rutherford Ave","Louisville","KY","40205"
26395,"127 Sycamore Dr","Louisville","KY","40223"
26396,"3531 Saint Germaine Ct","Louisville","KY","40207"
26397,"2008 Baringer Ave","Louisville","KY","40204"
26398,"9011 Trentham Ln","Louisville","KY","40242"
26399,"4105 Sunflower Ave","Louisville","KY","40216"
26400,"2308 Janlyn Rd","Louisville","KY","40299"
26401,"4108 Pirate Ct","Louisville","KY","40229"
26402,"9001 Thelma Ln","Louisville","KY","40220"
26403,"2951 Arlington Rd","Louisville","KY","40220"
26404,"3418 Heatherfield Dr","Louisville","KY","40216"
26405,"9010 Westport Rd","Louisville","KY","40242"
26406,"3805 Newburg Rd","Louisville","KY","40218"
26407,"3808 Modesto Rd","Louisville","KY","40299"
26408,"3723 Bristol Oaks Dr","Louisville","KY","40299"
26409,"6911 Greenwood Rd","Louisville","KY","40258"
26410,"1880 Douglass Blvd","Louisville","KY","40205"
26411,"8212 Gloxinia Dr","Louisville","KY","40258"
26412,"4503 Mud Ln","Louisville","KY","40229"
26413,"1213 Old Cannons Ln","Louisville","KY","40207"
26414,"1636 Algonquin Pkwy","Louisville","KY","40210"
26415,"3203 Mildred Dr","Louisville","KY","40216"
26416,"3111 Houston Blvd","Louisville","KY","40220"
26417,"1800 Oakcrest Ct","Louisville","KY","40214"
26418,"4904 Lesabre Dr","Louisville","KY","40216"
26419,"5013 Tumeric Ln","Louisville","KY","40258"
26420,"9405 Cedar Creek Rd","Louisville","KY","40228"
26421,"2018 Lowell Ave","Louisville","KY","40205"
26422,"7310 Boxwood Rd","Louisville","KY","40222"
26423,"4500 Lincoln Rd","Louisville","KY","40220"
26424,"1005 Ash St","Louisville","KY","40217"
26425,"3012 Colonial Hill Rd","Louisville","KY","40205"
26426,"5219 Benson Ct","Louisville","KY","40272"
26427,"8720 Lakeridge Dr","Louisville","KY","40272"
26428,"4500 Greenwood Ave","Louisville","KY","40211"
26429,"8814 Bost Ln","Louisville","KY","40219"
26430,"2326 Alice Kay Dr","Louisville","KY","40214"
26431,"2336 Embassy Ln","Louisville","KY","40216"
26432,"1842 Shady Ln","Louisville","KY","40205"
26433,"4633 Southcrest Dr","Louisville","KY","40215"
26434,"1116 Larchmont Ave","Louisville","KY","40215"
26435,"5616 Revere Dr","Louisville","KY","40218"
26436,"7012 Graymoor Rd","Louisville","KY","40222"
26437,"8120 Clematis Ln","Louisville","KY","40228"
26438,"2204 Wynnewood Cir","Louisville","KY","40222"
26439,"3118 Osprey Rd","Louisville","KY","40213"
26440,"6808 Dartmoor Dr","Louisville","KY","40222"
26441,"4526 Lincoln Rd","Louisville","KY","40220"
26442,"1512 Sylvan Wynde","Louisville","KY","40205"
26443,"11702 Leemont Dr","Louisville","KY","40272"
26444,"3103 Wilson Ave","Louisville","KY","40211"
26445,"6615 Gabriel Dr","Louisville","KY","40258"
26446,"2111 Appleton Ln","Louisville","KY","40216"
26447,"5219 Galaxie Dr","Louisville","KY","40258"
26448,"417 Mayfair Ln","Louisville","KY","40207"
26449,"3010 Bobolink Rd","Louisville","KY","40217"
26450,"2011 Ben Ali Rd","Louisville","KY","40223"
26451,"5108 Harvest Dr","Louisville","KY","40216"
26452,"5812 Crockett Dr","Louisville","KY","40258"
26453,"8804 Cotswold Dr","Louisville","KY","40258"
26454,"2525 Saratoga Dr","Louisville","KY","40205"
26455,"5011 Woodsend Rd","Louisville","KY","40229"
26456,"2215 Janlyn Rd","Louisville","KY","40299"
26457,"2127 Crittenden Dr","Louisville","KY","40217"
26458,"4014 Cutlass Ct","Louisville","KY","40229"
26459,"1411 Mccoy Ave","Louisville","KY","40215"
26460,"9305 James Hill Rd","Louisville","KY","40272"
26461,"4404 Chenwood Ln","Louisville","KY","40299"
26462,"5813 Medtree Pl","Louisville","KY","40229"
26463,"1823 Grand Ave","Louisville","KY","40210"
26464,"514 Lymington Ct","Louisville","KY","40243"
26465,"16 Sterling Rd","Louisville","KY","40220"
26466,"519 Morningside Dr","Louisville","KY","40206"
26467,"9110 Tiverton Way","Louisville","KY","40242"
26468,"10210 Bluffsprings Trce","Louisville","KY","40223"
26469,"2222 Patterson Ave","Louisville","KY","40204"
26470,"1431 Belmar Dr","Louisville","KY","40213"
26471,"1009 Whetstone Way","Louisville","KY","40223"
26472,"4506 Sunflower Ave","Louisville","KY","40216"
26473,"1323 Winter Ave","Louisville","KY","40204"
26474,"1012 W Indian Trl","Louisville","KY","40213"
26475,"4152 Roosevelt Ave","Louisville","KY","40213"
26476,"10107 Charleswood Rd","Louisville","KY","40229"
26477,"766 Greenridge Ln","Louisville","KY","40207"
26478,"3615 Dell Rd","Louisville","KY","40299"
26479,"505 Marret Ave","Louisville","KY","40208"
26480,"7000 Briscoe Ln","Louisville","KY","40228"
26481,"3200 Abshire Ln","Louisville","KY","40220"
26482,"1801 Bonnycastle Ave","Louisville","KY","40205"
26483,"8118 Ardenia Ln","Louisville","KY","40228"
26484,"3610 Tarragon Rd","Louisville","KY","40219"
26485,"3725 Glenmeade Rd","Louisville","KY","40218"
26486,"1435 Wurtele Ave","Louisville","KY","40208"
26487,"7504 Revolutionary Ct","Louisville","KY","40214"
26488,"3810 Hycliffe Ave","Louisville","KY","40207"
26489,"9908 Scrim Ave","Louisville","KY","40272"
26490,"8210 Candelabrum Pl","Louisville","KY","40214"
26491,"1608 Bank St","Louisville","KY","40203"
26492,"2062 Eastern Pkwy","Louisville","KY","40204"
26493,"9208 Sue Helen Dr","Louisville","KY","40299"
26494,"926 E Saint Catherine St","Louisville","KY","40204"
26495,"10214 Hartley Dr","Louisville","KY","40223"
26496,"5720 Prince William St","Louisville","KY","40207"
26497,"4005 Mamaroneck Rd","Louisville","KY","40218"
26498,"2727 Wendell Ave","Louisville","KY","40205"
26499,"2724 Alford Ave","Louisville","KY","40212"
26500,"106 N Galt Ave","Louisville","KY","40206"
26501,"410 Clover Ln","Louisville","KY","40207"
26502,"11 Ridge Rd","Louisville","KY","40205"
26503,"8906 Bilsim Ct","Louisville","KY","40291"
26504,"2815 Alice Ave","Louisville","KY","40220"
26505,"3513 Historic Dr","Louisville","KY","40299"
26506,"232 E Wampum Ave","Louisville","KY","40209"
26507,"3006 Cromarty Way","Louisville","KY","40220"
26508,"11512 Brookley Dr","Louisville","KY","40229"
26509,"632 S 40th St","Louisville","KY","40211"
26510,"9710 Ranger Rd","Louisville","KY","40229"
26511,"7510 Greenlawn Rd","Louisville","KY","40242"
26512,"3402 Winnland Dr","Louisville","KY","40219"
26513,"3632 Kelly Way","Louisville","KY","40220"
26514,"1622 Shady Ln","Louisville","KY","40205"
26515,"4306 Darbrook Rd","Louisville","KY","40207"
26516,"4205 Searcy Dr","Louisville","KY","40216"
26517,"1824 Osage Ave","Louisville","KY","40210"
26518,"202 Whippoorwill Dr","Louisville","KY","40222"
26519,"8809 Swan Hill Rd","Louisville","KY","40241"
26520,"3222 Five Oaks Pl","Louisville","KY","40207"
26521,"4849 Brenda Dr","Louisville","KY","40219"
26522,"3251 Lexington Rd","Louisville","KY","40206"
26523,"4200 Jim Hawkins Dr","Louisville","KY","40229"
26524,"4602 Dannywood Rd","Louisville","KY","40220"
26525,"416 Macon Ave","Louisville","KY","40207"
26526,"100 Chariot Ct","Louisville","KY","40219"
26527,"1324 Winter Ave","Louisville","KY","40204"
26528,"5122 Doyle Dr","Louisville","KY","40216"
26529,"5501 Mosswood Ln","Louisville","KY","40291"
26530,"1866 Princeton Dr","Louisville","KY","40205"
26531,"8802 Swan Hill Rd","Louisville","KY","40241"
26532,"306 Westwood Dr","Louisville","KY","40243"
26533,"1489 Belmar Dr","Louisville","KY","40213"
26534,"523 N Watterson Trl","Louisville","KY","40243"
26535,"2301 Steeplechase Dr","Louisville","KY","40299"
26536,"8707 Blossom Ln","Louisville","KY","40242"
26537,"4033 Massie Ave","Louisville","KY","40207"
26538,"949 Cherokee Rd","Louisville","KY","40204"
26539,"411 Kentucky Ave","Louisville","KY","40222"
26540,"1400 Girard Dr","Louisville","KY","40222"
26541,"406 Hidden Oak Way","Louisville","KY","40222"
26542,"1907 Millgate Rd","Louisville","KY","40223"
26543,"8709 Cottingham Way","Louisville","KY","40258"
26544,"3200 Marion Ct","Louisville","KY","40206"
26545,"4120 Craig Ave","Louisville","KY","40215"
26546,"1280 Everett Ave","Louisville","KY","40204"
26547,"4705 Dohn Rd","Louisville","KY","40216"
26548,"4022 Crawford Ave","Louisville","KY","40218"
26549,"1800 Manor House Dr","Apt 211","Louisville",
26550,"10504 Sedalia Ct","Louisville","KY","40272"
26551,"903 Old Harrods Creek Rd","Louisville","KY","40223"
26552,"3010 Derington Ct","Louisville","KY","40241"
26553,"7546 Merlyn Cir","Louisville","KY","40214"
26554,"3300 Cawein Way","Louisville","KY","40220"
26555,"5307 Alicante Ln","Louisville","KY","40272"
26556,"3706 Susan Ln","Louisville","KY","40229"
26557,"2911 Koster Pl","Louisville","KY","40241"
26558,"6417 Triplett Dr","Louisville","KY","40258"
26559,"3431 Warner Ave","Louisville","KY","40207"
26560,"1609 Deerwood Ave","Louisville","KY","40205"
26561,"4108 Hispanyola Ct","Louisville","KY","40229"
26562,"3316 Breaux Dr","Louisville","KY","40220"
26563,"201 N 32nd St","Louisville","KY","40212"
26564,"4606 W Market St","Louisville","KY","40212"
26565,"6206 Dewitt Dr","Louisville","KY","40258"
26566,"2627 Neblett Ave","Louisville","KY","40216"
26567,"305 Chanel Ct","Apt 1","Louisville",
26568,"8610 Longborough Way","Louisville","KY","40299"
26569,"10118 Foxboro Dr","Louisville","KY","40223"
26570,"3936 Kennison Ave","Louisville","KY","40207"
26571,"9407 Cavalcade Ave","Louisville","KY","40272"
26572,"7316 Switch Bark Rd","Louisville","KY","40228"
26573,"10306 Waycross Ave","Louisville","KY","40229"
26574,"8905 Manatee Rd","Louisville","KY","40299"
26575,"8325 Roseborough Rd","Louisville","KY","40228"
26576,"1114 Hull St","Louisville","KY","40204"
26577,"1028 Franelm Rd","Louisville","KY","40214"
26578,"8115 Michael Ray Dr","Louisville","KY","40219"
26579,"11700 Cherry Point Cir","Louisville","KY","40243"
26580,"1315 Earl Ave","Louisville","KY","40215"
26581,"830 Perennial Dr","Louisville","KY","40217"
26582,"2824 W Kentucky St","Louisville","KY","40211"
26583,"1967 Trevilian Way","Louisville","KY","40205"
26584,"8709 Best Ct","Louisville","KY","40242"
26585,"422 Oxford Pl","Louisville","KY","40207"
26586,"7903 Nancy Ln","Louisville","KY","40258"
26587,"9210 Tangley Ln","Louisville","KY","40242"
26588,"8516 Perry Rd","Louisville","KY","40222"
26589,"1015 E Burnett Ave","Louisville","KY","40217"
26590,"9320 Loch Lea Ln","Louisville","KY","40291"
26591,"1118 Carlimar Ln","Louisville","KY","40222"
26592,"12016 Donohue Ave","Louisville","KY","40243"
26593,"11308 Corston Ct","Louisville","KY","40241"
26594,"2317 W Ormsby Ave","Louisville","KY","40210"
26595,"1022 Greenleaf Rd","Louisville","KY","40213"
26596,"7900 Arnoldtown Rd","Louisville","KY","40214"
26597,"714 Lydgate Cv","Louisville","KY","40222"
26598,"1115 Carlimar Ln","Louisville","KY","40222"
26599,"2302 Osage Ave","Louisville","KY","40210"
26600,"1327 Lance Dr","Louisville","KY","40216"
26601,"9512 Titan Dr","Louisville","KY","40229"
26602,"8903 Reinhart Way","Louisville","KY","40220"
26603,"8605 Cool Brook Ct","Louisville","KY","40291"
26604,"1419 Flat Rock Rd","Louisville","KY","40245"
26605,"6406 Mercury Dr","Louisville","KY","40291"
26606,"6930 Norlynn Dr","Louisville","KY","40228"
26607,"4602 Deepwood Ct","Louisville","KY","40241"
26608,"828 Huntington Rd","Louisville","KY","40207"
26609,"2829 Petty Jay Rd","Louisville","KY","40220"
26610,"4503 Winnrose Way","Louisville","KY","40211"
26611,"1909 Farrington Dr","Louisville","KY","40216"
26612,"4417 Malcolm Rd","Louisville","KY","40216"
26613,"7307 Outer Loop","Louisville","KY","40228"
26614,"5102 S Watterson Trl","Louisville","KY","40291"
26615,"8807 Lantana Dr","Louisville","KY","40229"
26616,"1432 Hemlock St","Louisville","KY","40211"
26617,"3119 Creekside Dr","Louisville","KY","40241"
26618,"1621 Rosewood Ave","Louisville","KY","40204"
26619,"3910 Olympic Ave","Louisville","KY","40207"
26620,"4404 Hobart Ct","Louisville","KY","40216"
26621,"730 Hardy Ave","Louisville","KY","40208"
26622,"5410 Greenwood Rd","Louisville","KY","40258"
26623,"5205 Alpine Way","Louisville","KY","40214"
26624,"8606 Nottingham Pkwy","Louisville","KY","40222"
26625,"7733 3rd Street Rd","Louisville","KY","40214"
26626,"4109 Neagli Ct","Louisville","KY","40229"
26627,"4603 Lincoln Rd","Louisville","KY","40220"
26628,"8508 Fernview Dr","Louisville","KY","40291"
26629,"1800 S 23rd St","Louisville","KY","40210"
26630,"1808 Algonquin Pkwy","Louisville","KY","40210"
26631,"617 S 18th St","Louisville","KY","40203"
26632,"9011 Annlou Dr","Louisville","KY","40272"
26633,"5209 Skylight Dr","Louisville","KY","40258"
26634,"2421 Paddock Ln","Louisville","KY","40216"
26635,"2725 Lindsay Ave","Louisville","KY","40206"
26636,"5509 Decker Rd","Louisville","KY","40258"
26637,"602 Upland Rd","Louisville","KY","40206"
26638,"5002 Firwood Ln","Louisville","KY","40291"
26639,"735 S 38th St","Louisville","KY","40211"
26640,"4217 Reservoir Ave","Louisville","KY","40213"
26641,"904 Lone Tree Ct","Louisville","KY","40223"
26642,"3114 Faywood Way","Louisville","KY","40215"
26643,"3106 Vogue Ave","Louisville","KY","40220"
26644,"3003 Weather Way","Louisville","KY","40220"
26645,"1560 Twin Dr","Louisville","KY","40213"
26646,"2319 Rausch Dr","Louisville","KY","40216"
26647,"2315 Broadmeade Rd","Louisville","KY","40205"
26648,"3019 Eagle Pass","Louisville","KY","40217"
26649,"225 S Hite Ave","Louisville","KY","40206"
26650,"109 Eastwood Fisherville Rd","Louisville","KY","40245"
26651,"2521 Saratoga Dr","Louisville","KY","40205"
26652,"4807 Fister Ct","Louisville","KY","40258"
26653,"2015 Trevilian Way","Louisville","KY","40205"
26654,"659 S 39th St","Louisville","KY","40211"
26655,"2914 Riedling Dr","Louisville","KY","40206"
26656,"1334 Hemlock St","Louisville","KY","40211"
26657,"9007 Billingsgate Pl","Louisville","KY","40242"
26658,"1653 Dixdale Ave","Louisville","KY","40210"
26659,"4522 Westchester Ave","Louisville","KY","40211"
26660,"1031 Runell Rd","Louisville","KY","40214"
26661,"2600 Mount Vernon Ct","Louisville","KY","40220"
26662,"1130 Saint Michael Pl","Louisville","KY","40204"
26663,"4431 Wilshire Ave","Louisville","KY","40216"
26664,"3800 Goldstein Ln","Louisville","KY","40272"
26665,"1130 Saint Michael St","Louisville","KY","40204"
26666,"2133 Garrs Ln","Louisville","KY","40216"
26667,"207 S Chadwick Rd","Louisville","KY","40222"
26668,"9615 Lancewood Rd","Louisville","KY","40229"
26669,"11705 Maple Way","Louisville","KY","40229"
26670,"3009 Piedmont Dr","Louisville","KY","40205"
26671,"7604 Cedar Hollow Dr","Louisville","KY","40291"
26672,"1703 W Kentucky St","Louisville","KY","40210"
26673,"2315 Wilson Ave","Louisville","KY","40210"
26674,"2509 Catawba Ln","Louisville","KY","40217"
26675,"731 S 43rd St","Louisville","KY","40211"
26676,"1326 Winter Ave","Louisville","KY","40204"
26677,"1520 Belmar Dr","Louisville","KY","40213"
26678,"8502 Saberdee Dr","Louisville","KY","40242"
26679,"3711 Shannon Run Trl","Louisville","KY","40299"
26680,"4111 Pomeroy Ct","Louisville","KY","40218"
26681,"4802 Mike Ct","Louisville","KY","40291"
26682,"4305 Sunflower Ave","Louisville","KY","40216"
26683,"3613 Alameter Dr","Louisville","KY","40258"
26684,"4002 Stony Brook Dr","Louisville","KY","40299"
26685,"708 E Breckinridge St","Louisville","KY","40203"
26686,"4511 Dannywood Rd","Louisville","KY","40220"
26687,"6702 Crossmoor Ln","Louisville","KY","40222"
26688,"1165 Castlevale Dr","Louisville","KY","40217"
26689,"5406 Speedway Ave","Louisville","KY","40272"
26690,"9413 Chambers Way","Louisville","KY","40229"
26691,"3219 Murray Hill Pike","Louisville","KY","40241"
26692,"7815 Conifer Dr","Louisville","KY","40258"
26693,"1302 Dahl Rd","Louisville","KY","40213"
26694,"1700 Spring Dr","Louisville","KY","40205"
26695,"6509 Don Bon Ct","Louisville","KY","40258"
26696,"3533 Lisbon Ln","Louisville","KY","40218"
26697,"6701 Elmwood St","Louisville","KY","40216"
26698,"6621 Holly Lake Dr","Louisville","KY","40291"
26699,"6205 Rocky Mountain Dr","Louisville","KY","40228"
26700,"3425 W Jefferson St","Louisville","KY","40212"
26701,"4125 Handley Ave","Louisville","KY","40218"
26702,"4521 Swako Ln","Louisville","KY","40216"
26703,"10811 Cherry Grove Ct","Louisville","KY","40299"
26704,"300 S Beckley Station Rd","Louisville","KY","40245"
26705,"9033 Old Whipps Mill Rd","Louisville","KY","40242"
26706,"8009 Harrod Wood Ct","Louisville","KY","40291"
26707,"306 Appomattox Rd","Louisville","KY","40214"
26708,"1224 Pindell Ave","Louisville","KY","40217"
26709,"12107 Winding Spring Ct","Louisville","KY","40245"
26710,"736 S 35th St","Louisville","KY","40211"
26711,"2709 Alps Rd","Louisville","KY","40216"
26712,"7409 Feyhurst Dr","Louisville","KY","40258"
26713,"4306 Lowe Rd","Louisville","KY","40220"
26714,"109 Daryl Ct","Louisville","KY","40214"
26715,"6014 Seaforth Way","Louisville","KY","40258"
26716,"2515 Martin Ave","Louisville","KY","40216"
26717,"6300 Chadron Dr","Louisville","KY","40258"
26718,"9713 Cedar Lake Dr","Louisville","KY","40291"
26719,"4225 Northwestern Pkwy","Louisville","KY","40212"
26720,"7304 Chestnut Tree Ln","Louisville","KY","40291"
26721,"9904 Northridge Dr","Louisville","KY","40272"
26722,"4209 Greenwell Ln","Louisville","KY","40216"
26723,"6615 Holly Lake Ct","Louisville","KY","40291"
26724,"1411 Rufer Ave","Louisville","KY","40204"
26725,"2721 Foxy Poise Rd","Louisville","KY","40220"
26726,"2806 Lytle St","Louisville","KY","40212"
26727,"8012 Celestial Way","Louisville","KY","40291"
26728,"7714 Mango Dr","Louisville","KY","40258"
26729,"3408 Ethelwood Dr","Louisville","KY","40299"
26730,"102 S 39th St","Louisville","KY","40212"
26731,"4123 Hillbrook Dr","Louisville","KY","40220"
26732,"1317 Christy Ave","Louisville","KY","40204"
26733,"8814 Roman Ct","Louisville","KY","40291"
26734,"927 Greenleaf Rd","Louisville","KY","40213"
26735,"3802 Pramany Ct","Louisville","KY","40299"
26736,"7120 Daisy Ave","Louisville","KY","40258"
26737,"2704 Colonel Dr","Louisville","KY","40242"
26738,"4128 Riedley Rd","Louisville","KY","40216"
26739,"5406 Hubbards Ct","Louisville","KY","40207"
26740,"1222 Afterglow Ct","Louisville","KY","40214"
26741,"4301 Talahi Way","Louisville","KY","40207"
26742,"1244 Gilmore Ln","Louisville","KY","40213"
26743,"823 S 39th St","Louisville","KY","40211"
26744,"8403 Glenmore Dr","Louisville","KY","40258"
26745,"7309 Wesboro Rd","Louisville","KY","40222"
26746,"6516 Cady Dr","Louisville","KY","40258"
26747,"913 Mulberry St","Louisville","KY","40217"
26748,"1619 Prentice St","Louisville","KY","40210"
26749,"212 Travois Rd","Louisville","KY","40207"
26750,"148 Fenley Ave","Louisville","KY","40206"
26751,"3227 Garland Ave","Louisville","KY","40211"
26752,"3014 Weather Way","Louisville","KY","40220"
26753,"1806 Oakcrest Ct","Louisville","KY","40214"
26754,"408 Whiteheath Ln","Louisville","KY","40243"
26755,"2923 Montgomery St","Louisville","KY","40212"
26756,"6611 Holly Lake Ct","Louisville","KY","40291"
26757,"2432 Hawthorne Ave","Louisville","KY","40205"
26758,"2808 Thames Ave","Louisville","KY","40220"
26759,"276 Eldorado Ave","Louisville","KY","40218"
26760,"10801 Linn Station Rd","Louisville","KY","40223"
26761,"3707 Alameter Dr","Louisville","KY","40258"
26762,"6700 Melrose Ave","Louisville","KY","40216"
26763,"6504 Wood Rd","Louisville","KY","40258"
26764,"2105 Magazine St","Louisville","KY","40211"
26765,"115 Logsdon Ct","Louisville","KY","40243"
26766,"7806 Cedar Brook Dr","Louisville","KY","40219"
26767,"5303 Billtown Rd","Louisville","KY","40299"
26768,"7411 Grannel Rd","Louisville","KY","40214"
26769,"2715 Rockford Ln","Louisville","KY","40216"
26770,"1117 Everett Ave","Louisville","KY","40204"
26771,"3215 Marion Ct","Louisville","KY","40206"
26772,"3201 Cawein Way","Louisville","KY","40220"
26773,"1001 Cecil Ave","Louisville","KY","40211"
26774,"180 State St","Louisville","KY","40206"
26775,"5904 Mount Everest Dr","Louisville","KY","40216"
26776,"2825 W Madison St","Louisville","KY","40211"
26777,"7901 Canonero Way","Louisville","KY","40291"
26778,"3020 Dogwood Dr","Louisville","KY","40220"
26779,"4318 Dannywood Rd","Louisville","KY","40220"
26780,"515 Cheskirk Pl","Louisville","KY","40243"
26781,"8919 Cardiff Rd","Louisville","KY","40242"
26782,"2615 Grinstead Dr","Louisville","KY","40206"
26783,"1714 Harvard Dr","Louisville","KY","40205"
26784,"2412 Silverbrook Ave","Louisville","KY","40220"
26785,"3618 W Jefferson St","Louisville","KY","40212"
26786,"1431 S 32nd St","Louisville","KY","40211"
26787,"10710 Shelbyville Rd","Louisville","KY","40243"
26788,"4144 La Salle Ave","Louisville","KY","40215"
26789,"1004 Girard Ct","Louisville","KY","40222"
26790,"2623 Hale Ave","Louisville","KY","40211"
26791,"1709 Brentmoor Ln","Louisville","KY","40223"
26792,"3623 Locust Ave","Louisville","KY","40299"
26793,"2917 Spencer Ave","Louisville","KY","40205"
26794,"851 Parkway Dr","Louisville","KY","40217"
26795,"9207 Axminster Dr","Louisville","KY","40299"
26796,"10307 Watterson Trl","Louisville","KY","40299"
26797,"2704 Murray Hill Pike","Louisville","KY","40242"
26798,"2164 Baringer Ave","Louisville","KY","40204"
26799,"4638 Southcrest Dr","Louisville","KY","40215"
26800,"815 Chamberry Dr","Louisville","KY","40207"
26801,"802 S 36th St","Louisville","KY","40211"
26802,"3111 Dale Ann Dr","Louisville","KY","40220"
26803,"8006 Amity Ln","Louisville","KY","40220"
26804,"3300 Eastbourne Ave","Louisville","KY","40206"
26805,"8209 Gloxinia Dr","Louisville","KY","40258"
26806,"7413 Paiute Rd","Louisville","KY","40214"
26807,"2919 Bowman Ave","Louisville","KY","40205"
26808,"5917 Bardstown Rd","Louisville","KY","40291"
26809,"13916 Sassafras Tree Dr","Louisville","KY","40245"
26810,"5307 Oakcreek Ln","Louisville","KY","40291"
26811,"1814 Rowan St","Louisville","KY","40203"
26812,"503 Dorsey Way","Louisville","KY","40223"
26813,"4303 Oboe Dr","Louisville","KY","40216"
26814,"9815 Holiday Dr","Louisville","KY","40272"
26815,"1720 Eastern Pkwy","Louisville","KY","40204"
26816,"2710 New High St","Louisville","KY","40209"
26817,"12427 Kingsley Dr","Louisville","KY","40229"
26818,"2912 Richland Ave","Louisville","KY","40220"
26819,"2227 Bradford Dr","Louisville","KY","40218"
26820,"2437 Longest Ave","Louisville","KY","40204"
26821,"605 Stivers Rd","Louisville","KY","40207"
26822,"1636 Sutherland Dr","Louisville","KY","40205"
26823,"6803 Barbrook Rd","Louisville","KY","40258"
26824,"9717 Thor Ave","Louisville","KY","40229"
26825,"3105 Horton Ave","Louisville","KY","40220"
26826,"3303 Trinity Rd","Louisville","KY","40206"
26827,"7206 Aurora Dr","Louisville","KY","40214"
26828,"7408 Tom Joe Dr","Louisville","KY","40242"
26829,"8409 Windwood Ct","Louisville","KY","40219"
26830,"2120 Winston Ave","Louisville","KY","40205"
26831,"238 S Shawnee Ter","Louisville","KY","40212"
26832,"2101 Bainbridge Row Dr","Louisville","KY","40207"
26833,"10909 Torrington Rd","Louisville","KY","40272"
26834,"204 Thompson Ave","Louisville","KY","40206"
26835,"1404 Wills Ct","Louisville","KY","40211"
26836,"1622 Stafford Ave","Louisville","KY","40216"
26837,"4911 Feys Dr","Louisville","KY","40216"
26838,"7214 Watson Ln","Louisville","KY","40272"
26839,"4514 Southern Pkwy","Louisville","KY","40214"
26840,"12001 Hillrose Cir","Louisville","KY","40243"
26841,"2235 Thistledawn Dr","Louisville","KY","40216"
26842,"8811 Moody Rd","Louisville","KY","40219"
26843,"3513 Locust Ave","Louisville","KY","40299"
26844,"649 N 25th St","Louisville","KY","40212"
26845,"311 S 43rd St","Louisville","KY","40212"
26846,"9112 Hi View Ln","Louisville","KY","40272"
26847,"227 Kennedy Ct","Louisville","KY","40206"
26848,"9800 Fireside Dr","Louisville","KY","40272"
26849,"667 S 27th St","Louisville","KY","40211"
26850,"5 River Bluff Rd","Louisville","KY","40207"
26851,"6620 Sylvania Rd","Louisville","KY","40258"
26852,"6604 Holly Lake Dr","Louisville","KY","40291"
26853,"2107 Rudy Ln","Louisville","KY","40207"
26854,"2550 Saratoga Dr","Louisville","KY","40205"
26855,"2827 Richland Ave","Louisville","KY","40220"
26856,"10003 Mcneely Lake Dr","Louisville","KY","40229"
26857,"1926 Lowell Ave","Louisville","KY","40205"
26858,"7205 Gerber Ave","Louisville","KY","40214"
26859,"130 Harlan Ave","Louisville","KY","40214"
26860,"328 S 39th St","Louisville","KY","40212"
26861,"204 N 36th St","Louisville","KY","40212"
26862,"10761 Tarrytowne Rd","Louisville","KY","40272"
26863,"9008 Waltlee Rd","Louisville","KY","40291"
26864,"1611 W Oak St","Louisville","KY","40210"
26865,"5206 Mount Holyoke Dr","Louisville","KY","40216"
26866,"213 Dorshire Ct","Louisville","KY","40245"
26867,"1706 Dumesnil St","Louisville","KY","40210"
26868,"2909 Mary Rose Dr","Louisville","KY","40216"
26869,"2401 Wayne Rd","Louisville","KY","40216"
26870,"4404 Jonlyn Ct","Louisville","KY","40207"
26871,"8119 Clematis Ln","Louisville","KY","40228"
26872,"2123 Woodbourne Ave","Louisville","KY","40205"
26873,"4515 Accomack Dr","Louisville","KY","40241"
26874,"109 Wooded Falls Rd","Louisville","KY","40243"
26875,"3307 Colonial Manor Cir","Unit 2B","Louisville",
26876,"302 Castleview Dr","Louisville","KY","40207"
26877,"6802 Triangle Dr","Louisville","KY","40214"
26878,"2918 Saint Xavier St","Louisville","KY","40212"
26879,"4401 Stony Brook Dr","Louisville","KY","40299"
26880,"11314 Deering Rd","Louisville","KY","40272"
26881,"2706 Slevin St","Louisville","KY","40212"
26882,"8914 Old South Park Rd","Louisville","KY","40219"
26883,"1822 Boone Trl","Louisville","KY","40245"
26884,"10714 Blackwood Rd","Louisville","KY","40299"
26885,"6221 Helenjean Way","Louisville","KY","40272"
26886,"4500 Deepwood Dr","Louisville","KY","40241"
26887,"3809 Iron Horse Way","Louisville","KY","40272"
26888,"157 N Keats Ave","Louisville","KY","40206"
26889,"4034 Saint Germaine Ct","Louisville","KY","40207"
26890,"119 Staebler Ave","Louisville","KY","40207"
26891,"11823 Olde Spring Rd","Louisville","KY","40245"
26892,"1207 Goss Ave","Louisville","KY","40217"
26893,"9621 Yarmouth Ct","Louisville","KY","40272"
26894,"11001 Albion Dr","Louisville","KY","40272"
26895,"8304 Linda Rd","Louisville","KY","40219"
26896,"8901 Denington Dr","Louisville","KY","40222"
26897,"3516 Ramona Ave","Louisville","KY","40220"
26898,"4304 Milo Dr","Louisville","KY","40218"
26899,"309 Chanel Ct","Apt 3","Louisville",
26900,"1044 Eastern Pkwy","Louisville","KY","40217"
26901,"4403 Windy Oaks Rd","Louisville","KY","40241"
26902,"6003 Crockett Dr","Louisville","KY","40258"
26903,"2034 New Main St","Louisville","KY","40206"
26904,"402 Whiteheath Ln","Louisville","KY","40243"
26905,"4936 S 2nd St","Louisville","KY","40214"
26906,"1523 S 30th St","Louisville","KY","40211"
26907,"3021 Mcmahan Blvd","Louisville","KY","40220"
26908,"2134 Bank St","Louisville","KY","40212"
26909,"6013 Highplace Dr","Louisville","KY","40291"
26910,"7600 Appletree Way","Louisville","KY","40228"
26911,"9707 Scarborough Ave","Louisville","KY","40272"
26912,"517 N 38th St","Louisville","KY","40212"
26913,"1834 Eastern Pkwy","Louisville","KY","40204"
26914,"1110 Tallow Ln","Louisville","KY","40214"
26915,"1022 Reeves Rd","Louisville","KY","40219"
26916,"1815 Gardiner Ln","Apt F49","Louisville",
26917,"141 Harlan Ave","Louisville","KY","40214"
26918,"3224 Richard Ave","Louisville","KY","40206"
26919,"5917 Paul Revere Ct","Louisville","KY","40229"
26920,"2705 Marguerite Dr","Louisville","KY","40216"
26921,"3450 Glendale Ave","Louisville","KY","40215"
26922,"5816 Brandywyne Ct","Louisville","KY","40291"
26923,"10615 Taylorsville Rd","Louisville","KY","40299"
26924,"4010 Glen Valley Rd","Louisville","KY","40219"
26925,"1511 Sylvan Way","Louisville","KY","40205"
26926,"2713 Victor Pl","Louisville","KY","40206"
26927,"12202 Ledges Dr","Louisville","KY","40243"
26928,"2900 Lower Hunters Trce","Louisville","KY","40216"
26929,"2518 Mcgee Dr","Louisville","KY","40216"
26930,"4201 Nachand Ln","Louisville","KY","40218"
26931,"7913 Oswego Cir","Louisville","KY","40214"
26932,"4100 Mud Ln","Louisville","KY","40229"
26933,"9007 Wooded Glen Rd","Louisville","KY","40220"
26934,"2301 Strotman Rd","Louisville","KY","40216"
26935,"1317 Texas Ave","Louisville","KY","40217"
26936,"6611 Lunar Dr","Louisville","KY","40258"
26937,"8306 Nottingham Pkwy","Louisville","KY","40222"
26938,"301 N Bonner Ave","Louisville","KY","40207"
26939,"10205 Barkley Dr","Louisville","KY","40299"
26940,"9720 Sue Helen Dr","Louisville","KY","40299"
26941,"511 Oxford Pl","Louisville","KY","40207"
26942,"6507 Oak Valley Dr","Louisville","KY","40214"
26943,"2426 Parkdale Ave","Louisville","KY","40220"
26944,"2904 Cleveland Blvd","Louisville","KY","40206"
26945,"112 Cornell Pl","Louisville","KY","40207"
26946,"13215 Hinchbrook Blvd","Louisville","KY","40272"
26947,"10117 Normie Ln","Louisville","KY","40229"
26948,"4602 Edgebourne Ct","Louisville","KY","40299"
26949,"9111 Danby Ct","Louisville","KY","40291"
26950,"5201 Barnes Dr","Louisville","KY","40219"
26951,"6908 Hollow Creek Ct","Louisville","KY","40228"
26952,"1612 Sale Ave","Louisville","KY","40215"
26953,"12602 Rehl Rd","Louisville","KY","40299"
26954,"11610 Frank Ave","Louisville","KY","40243"
26955,"5433 Sir Barton Dr","Louisville","KY","40272"
26956,"945 Vine St","Louisville","KY","40204"
26957,"4912 Abstain Ct","Louisville","KY","40218"
26958,"7720 Nalan Dr","Louisville","KY","40291"
26959,"3033 Aubert Ave","Louisville","KY","40206"
26960,"1015 Rosemary Dr","Louisville","KY","40213"
26961,"2208 S Shelby St","Louisville","KY","40217"
26962,"1348 Huntoon Ave","Louisville","KY","40215"
26963,"804 Bowmore Pl","Louisville","KY","40243"
26964,"11502 Brookley Dr","Louisville","KY","40229"
26965,"117 Wildwood Ln","Louisville","KY","40223"
26966,"2104 Mammoth Way","Louisville","KY","40299"
26967,"9407 Michael Edward Dr","Louisville","KY","40291"
26968,"629 Breckenridge Ln","Louisville","KY","40207"
26969,"4007 Peachtree Ave","Louisville","KY","40215"
26970,"313 Kinnaird Ln","Louisville","KY","40243"
26971,"3676 Kahlert Ave","Louisville","KY","40215"
26972,"2610 Franklin Ave","Louisville","KY","40216"
26973,"4701 Kiefer Rd","Louisville","KY","40216"
26974,"4104 S Brook St","Louisville","KY","40214"
26975,"2226 Lytle St","Louisville","KY","40212"
26976,"878 Minoma Ave","Louisville","KY","40217"
26977,"621 Indian Ridge Rd","Louisville","KY","40207"
26978,"1027 Eastern Pkwy","Louisville","KY","40217"
26979,"4508 Jewell Ave","Louisville","KY","40212"
26980,"615 Wataga Dr","Louisville","KY","40206"
26981,"8013 Candleglow Ln","Louisville","KY","40214"
26982,"121 Crestwood Ave","Louisville","KY","40206"
26983,"8314 Arnoldtown Rd","Louisville","KY","40214"
26984,"1443 Longfield Ave","Louisville","KY","40215"
26985,"2614 Taylorsville Rd","Louisville","KY","40205"
26986,"4608 Deepwood Dr","Louisville","KY","40241"
26987,"6917 Bedford Ln","Louisville","KY","40222"
26988,"3720 Luken Dr","Louisville","KY","40216"
26989,"3427 Richmont Rd","Louisville","KY","40216"
26990,"10816 Ward Ave","Louisville","KY","40223"
26991,"8606 Wimborne Way","Louisville","KY","40222"
26992,"409 Moser Rd","Louisville","KY","40223"
26993,"2333 Gladstone Ave","Louisville","KY","40205"
26994,"1420 Trevilian Way","Louisville","KY","40213"
26995,"2224 S Shelby St","Louisville","KY","40217"
26996,"1203 Girard Dr","Louisville","KY","40222"
26997,"1905 Venetian Ct","Louisville","KY","40214"
26998,"9702 Kenmont Ln","Louisville","KY","40241"
26999,"1939 Alfresco Pl","Louisville","KY","40205"
27000,"9916 West Ave","Louisville","KY","40272"
27001,"4508 Sunflower Ave","Louisville","KY","40216"
27002,"409 N 42nd St","Louisville","KY","40212"
27003,"11003 Marbado Ct","Louisville","KY","40229"
27004,"923 Broadfields Dr","Louisville","KY","40207"
27005,"8300 Latania Dr","Louisville","KY","40258"
27006,"3713 Iron Horse Way","Louisville","KY","40272"
27007,"3201 Thorndell Ct","Louisville","KY","40241"
27008,"1725 Bolling Ave","Louisville","KY","40210"
27009,"828 Packard Ave","Louisville","KY","40217"
27010,"7401 Verona Way","Louisville","KY","40218"
27011,"1700 Stevens Ave","Louisville","KY","40205"
27012,"8503 Rhett Butler Dr","Louisville","KY","40242"
27013,"727 S 39th St","Louisville","KY","40211"
27014,"5504 Jeanine Dr","Louisville","KY","40219"
27015,"4433 Savage Dr","Louisville","KY","40216"
27016,"931 Vine St","Louisville","KY","40204"
27017,"2402 Chattesworth Ct","Louisville","KY","40242"
27018,"3404 Hanover Ct","Louisville","KY","40207"
27019,"1310 Mill Race Rd","Louisville","KY","40242"
27020,"2249 Wynnewood Cir","Louisville","KY","40222"
27021,"2971 Six Mile Ln","Louisville","KY","40220"
27022,"314 Merriman Rd","Louisville","KY","40207"
27023,"10318 Whipps Mill Rd","Louisville","KY","40223"
27024,"7210 Springdale Rd","Louisville","KY","40241"
27025,"4504 Meridale Ave","Louisville","KY","40214"
27026,"9117 New Maple Rd","Louisville","KY","40229"
27027,"409 N Hite Ave","Louisville","KY","40206"
27028,"417 Shelby Pkwy","Louisville","KY","40203"
27029,"11514 Flowervale Ln","Louisville","KY","40272"
27030,"1927 Rutherford Ave","Louisville","KY","40205"
27031,"1216 W Woodlawn Ave","Louisville","KY","40215"
27032,"7314 Keisler Way","Louisville","KY","40222"
27033,"6508 Mandeville Ct","Louisville","KY","40228"
27034,"857 Humler St","Louisville","KY","40211"
27035,"3107 Deibel Ct","Louisville","KY","40220"
27036,"2340 Dorma Ave","Louisville","KY","40217"
27037,"406 Kenny Blvd","Louisville","KY","40214"
27038,"3918 Staebler Ave","Louisville","KY","40207"
27039,"217 N 46th St","Louisville","KY","40212"
27040,"2207 Amboy Dr","Louisville","KY","40216"
27041,"1267 Farmdale Ave","Louisville","KY","40213"
27042,"5260 Southern Pkwy","Louisville","KY","40214"
27043,"1004 Chesley Dr","Louisville","KY","40219"
27044,"1803 Leawood Ct","Louisville","KY","40222"
27045,"2731 Garland Ave","Louisville","KY","40211"
27046,"8705 Mckenna Way","Louisville","KY","40291"
27047,"3 Eastover Ct","Louisville","KY","40206"
27048,"4122 Lake Dreamland Dr","Louisville","KY","40216"
27049,"6806 Terry Rd","Louisville","KY","40258"
27050,"4315 Westport Ter","Louisville","KY","40207"
27051,"4199 Norbrook Dr","Louisville","KY","40218"
27052,"7805 Rochelle Rd","Louisville","KY","40228"
27053,"4121 Kurtz Ave","Louisville","KY","40229"
27054,"6818 Vandre Ave","Louisville","KY","40228"
27055,"6419 Black Oak Ln","Louisville","KY","40216"
27056,"4107 San Marcos Rd","Louisville","KY","40299"
27057,"1465 S 2nd St","Louisville","KY","40208"
27058,"3615 Del Park Ter","Louisville","KY","40211"
27059,"948 Edward Ave","Louisville","KY","40204"
27060,"3312 Garland Ave","Louisville","KY","40211"
27061,"4123 Wenwood Dr","Louisville","KY","40218"
27062,"5502 Logwood Ave","Louisville","KY","40272"
27063,"4715 Cavalier Dr","Louisville","KY","40216"
27064,"2306 Manchester Rd","Louisville","KY","40205"
27065,"4036 Taylor Blvd","Louisville","KY","40215"
27066,"4578 S 1st St","Louisville","KY","40214"
27067,"6704 Scenic Trl","Louisville","KY","40272"
27068,"6618 Monty Ln","Louisville","KY","40291"
27069,"4907 Darnton Ln","Louisville","KY","40216"
27070,"4214 Machupe Dr","Louisville","KY","40241"
27071,"1824 Arlington Ave","Louisville","KY","40206"
27072,"3211 Linnet Rd","Louisville","KY","40213"
27073,"4108 Burrell Dr","Louisville","KY","40216"
27074,"6710 Windhurst Rd","Louisville","KY","40207"
27075,"2235 Hale Ave","Louisville","KY","40210"
27076,"1906 Ashmoor Ln","Louisville","KY","40223"
27077,"129 Ridgeway Ave","Louisville","KY","40207"
27078,"10311 Vista Hills Blvd","Louisville","KY","40291"
27079,"209 S Hubbards Ln","Louisville","KY","40207"
27080,"8802 Hudson Ln","Louisville","KY","40291"
27081,"2601 Wilburlook Ln","Louisville","KY","40220"
27082,"4503 Zeta Ct","Louisville","KY","40213"
27083,"2009 Youngland Ave","Louisville","KY","40216"
27084,"164 Arrowhead Rd","Louisville","KY","40207"
27085,"1145 S 15th St","Louisville","KY","40210"
27086,"3348 Grand Ave","Louisville","KY","40211"
27087,"4117 Lee Ave","Louisville","KY","40213"
27088,"1715 Gresham Rd","Louisville","KY","40205"
27089,"4031 Glenhurst Ave","Louisville","KY","40216"
27090,"8005 Zelma Fields Ave","Louisville","KY","40228"
27091,"7711 Johnson School Rd","Louisville","KY","40291"
27092,"3614 Locklee Rd","Louisville","KY","40214"
27093,"8400 Daverman Dr","Louisville","KY","40228"
27094,"6119 Gailbreath Ave","Louisville","KY","40219"
27095,"5405 Chenoweth Run Rd","Louisville","KY","40299"
27096,"407 E Southside Ct","Louisville","KY","40214"
27097,"2608 Rowan St","Louisville","KY","40212"
27098,"9809 Lakewood Dr","Louisville","KY","40272"
27099,"3303 Broeck Pointe Cir","Louisville","KY","40241"
27100,"5902 Pine Mountain Dr","Louisville","KY","40214"
27101,"1218 Burnwick Ct","Louisville","KY","40214"
27102,"827 Edward Ave","Louisville","KY","40204"
27103,"4302 Bayberry Dr","Louisville","KY","40216"
27104,"4523 Dannywood Rd","Louisville","KY","40220"
27105,"7501 Clipping Cross Rd","Louisville","KY","40241"
27106,"1262 Willow Ave","Louisville","KY","40204"
27107,"1617 Texas Ave","Louisville","KY","40217"
27108,"1846 Stevens Ave","Louisville","KY","40205"
27109,"5508 Brokers Tip Ln","Louisville","KY","40272"
27110,"5907 Azalea Ln","Louisville","KY","40258"
27111,"732 S 45th St","Louisville","KY","40211"
27112,"1513 Edgewood Pl","Louisville","KY","40205"
27113,"4331 Foeburn Ln","Louisville","KY","40207"
27114,"2722 Algonquin Pkwy","Louisville","KY","40210"
27115,"112 N 38th St","Louisville","KY","40212"
27116,"304 N 43rd St","Louisville","KY","40212"
27117,"1519 Texas Ave","Louisville","KY","40217"
27118,"4115 Brentler Rd","Louisville","KY","40241"
27119,"10801 Cod Ct","Louisville","KY","40272"
27120,"12017 Running Creek Rd","Louisville","KY","40243"
27121,"1201 Tennessee Ave","Louisville","KY","40208"
27122,"3405 Pemaquid Rd","Louisville","KY","40218"
27123,"7501 Zephyr Ct","Louisville","KY","40220"
27124,"8612 Devonshire Dr","Louisville","KY","40258"
27125,"10612 Sycamore Ct","Louisville","KY","40223"
27126,"4412 W Market St","Louisville","KY","40212"
27127,"4412 Charlotte Ann Dr","Louisville","KY","40216"
27128,"302 Gatehouse Ln","Louisville","KY","40243"
27129,"313 Tyne Rd","Louisville","KY","40207"
27130,"2801 Delor Ave","Louisville","KY","40217"
27131,"1274 Goss Ave","Louisville","KY","40217"
27132,"352 Norwood Way","Louisville","KY","40229"
27133,"2905 Valley Dr","Louisville","KY","40299"
27134,"9210 N Pirogue Ct","Louisville","KY","40299"
27135,"3008 Tremont Dr","Louisville","KY","40205"
27136,"1625 Jaeger Ave","Louisville","KY","40205"
27137,"1001 Colonel Anderson Pkwy","Louisville","KY","40222"
27138,"5016 Tolkien Ct","Louisville","KY","40229"
27139,"516 W Whitney Ave","Louisville","KY","40215"
27140,"1123 S 6th St","Louisville","KY","40203"
27141,"11827 Olde Spring Rd","Louisville","KY","40245"
27142,"6602 S 3rd St","Louisville","KY","40214"
27143,"8408 Denise Dr","Louisville","KY","40219"
27144,"1815 Westmoorland Way","Louisville","KY","40242"
27145,"3110 Summerfield Dr","Louisville","KY","40220"
27146,"805 Fenley Ave","Louisville","KY","40222"
27147,"1710 Harold Ave","Louisville","KY","40210"
27148,"507 S 32nd St","Louisville","KY","40211"
27149,"702 Exmoor Ave","Louisville","KY","40223"
27150,"604 Rawlings St","Louisville","KY","40217"
27151,"6904 Lake Storm Ct","Louisville","KY","40291"
27152,"4506 Greenwood Ave","Louisville","KY","40211"
27153,"7602 Six Mile Ln","Louisville","KY","40220"
27154,"2911 Falmouth Dr","Louisville","KY","40205"
27155,"3516 Pirogue Rd","Louisville","KY","40299"
27156,"2426 Concord Dr","Louisville","KY","40217"
27157,"4011 Weigela Dr","Louisville","KY","40219"
27158,"232 Franck Ave","Louisville","KY","40206"
27159,"8900 Swan Hill Rd","Louisville","KY","40241"
27160,"4207 S Brook St","Louisville","KY","40214"
27161,"7104 Manslick Rd","Louisville","KY","40214"
27162,"3022 Hendon Rd","Louisville","KY","40220"
27163,"4612 Stony Brook Dr","Louisville","KY","40299"
27164,"3321 Grandview Ave","Louisville","KY","40207"
27165,"314 N 23rd St","Louisville","KY","40212"
27166,"499 Penwood Rd","Louisville","KY","40206"
27167,"3610 Ethelwood Dr","Louisville","KY","40299"
27168,"317 Primrose Dr","Louisville","KY","40207"
27169,"306 Sprite Rd","Louisville","KY","40207"
27170,"6601 S Watterson Trl","Louisville","KY","40291"
27171,"4138 Virginia Ave","Louisville","KY","40211"
27172,"6886 Green Meadow Cir","Louisville","KY","40207"
27173,"1204 Lydia St","Louisville","KY","40217"
27174,"7801 Barbour Manor Dr","Louisville","KY","40241"
27175,"931 Texas Ave","Louisville","KY","40217"
27176,"9112 Willowwood Way","Louisville","KY","40299"
27177,"1226 Audubon Pkwy","Louisville","KY","40213"
27178,"2345 Village Dr","Louisville","KY","40205"
27179,"118 Old Towne Rd","Louisville","KY","40214"
27180,"923 Brierly Hill Ct","Louisville","KY","40299"
27181,"10004 Fern Creek Rd","Louisville","KY","40291"
27182,"2405 Rowan St","Louisville","KY","40212"
27183,"6706 Creston Dr","Louisville","KY","40258"
27184,"1394 S 1st St","Louisville","KY","40208"
27185,"2509 Standard Ave","Louisville","KY","40210"
27186,"3425 Rudd Ave","Louisville","KY","40212"
27187,"10201 El Coco Ct","Louisville","KY","40291"
27188,"4908 Granada Dr","Louisville","KY","40272"
27189,"311 Mccready Ave","Louisville","KY","40206"
27190,"314 N 42nd St","Louisville","KY","40212"
27191,"4073 Massie Ave","Louisville","KY","40207"
27192,"504 Southland Blvd","Louisville","KY","40214"
27193,"12208 Osage Rd","Louisville","KY","40223"
27194,"1820 Roanoke Ave","Louisville","KY","40205"
27195,"2522 Wendell Ave","Louisville","KY","40205"
27196,"5845 New Cut Rd","Louisville","KY","40214"
27197,"1558 Twin Dr","Louisville","KY","40213"
27198,"3507 Lodge Ln","Apt 213","Louisville",
27199,"8607 Charing Cross Rd","Louisville","KY","40222"
27200,"1823 Cypress St","Louisville","KY","40210"
27201,"7203 Columbia Ave","Louisville","KY","40222"
27202,"2906 S 5th St","Louisville","KY","40208"
27203,"7318 Glen Arbor Rd","Louisville","KY","40222"
27204,"1133 Loretta St","Louisville","KY","40213"
27205,"3470 Illinois Ave","Louisville","KY","40213"
27206,"4125 Browns Ln","Unit 113","Louisville",
27207,"321 N Hubbards Ln","Louisville","KY","40207"
27208,"1530 Catalpa St","Louisville","KY","40211"
27209,"6814 Rock Forest Dr","Louisville","KY","40219"
27210,"1619 Speed Ave","Louisville","KY","40205"
27211,"1922 Deerwood Ave","Louisville","KY","40205"
27212,"4109 Sweeney Ln","Louisville","KY","40299"
27213,"3000 River Park Dr","Louisville","KY","40211"
27214,"202 Fairmeade Rd","Louisville","KY","40207"
27215,"809 Farmingham Rd","Louisville","KY","40243"
27216,"4019 Riveroaks Cir","Louisville","KY","40241"
27217,"114 Gibson Rd","Louisville","KY","40207"
27218,"5104 Queens Castle Rd","Louisville","KY","40229"
27219,"6414 Gabriel Dr","Louisville","KY","40258"
27220,"2828 Klondike Ln","Louisville","KY","40218"
27221,"4739 S Rutland Ave","Louisville","KY","40215"
27222,"11317 Skyline Dr","Louisville","KY","40229"
27223,"205 N Chadwick Rd","Louisville","KY","40223"
27224,"2640 Woodland Ave","Louisville","KY","40211"
27225,"5803 Medtree Pl","Louisville","KY","40229"
27226,"1201 Falls Trce","Louisville","KY","40223"
27227,"435 N 29th St","Louisville","KY","40212"
27228,"3034 Carson Way","Louisville","KY","40205"
27229,"3121 Kingswood Way","Louisville","KY","40216"
27230,"207 Beckley Woods Dr","Louisville","KY","40245"
27231,"7713 Greenwood Rd","Louisville","KY","40258"
27232,"5404 Count Fleet Dr","Louisville","KY","40272"
27233,"2620 Lamborne Blvd","Louisville","KY","40272"
27234,"911 Central Ave","Louisville","KY","40208"
27235,"1922 Riva Ridge Rd","Louisville","KY","40214"
27236,"740 Sutcliffe Ave","Louisville","KY","40211"
27237,"1921 Heaton Rd","Louisville","KY","40216"
27238,"7258 Helen Ave","Louisville","KY","40258"
27239,"13716 S Blakely Ln","Louisville","KY","40272"
27240,"2215 Bonnycastle Ave","Louisville","KY","40205"
27241,"4400 Garland Ave","Louisville","KY","40211"
27242,"3309 Grand Ave","Louisville","KY","40211"
27243,"217 S Hampton Rd","Louisville","KY","40223"
27244,"1013 Everett Ave","Louisville","KY","40204"
27245,"1866 Kendall Ln","Louisville","KY","40216"
27246,"4613 Hedgerow Ct","Louisville","KY","40220"
27247,"9018 Lethborough Dr","Louisville","KY","40299"
27248,"7511 Aluma Ln","Louisville","KY","40214"
27249,"1806 Lynn Way","Louisville","KY","40222"
27250,"1952 Richmond Dr","Louisville","KY","40205"
27251,"812 Denmark St","Louisville","KY","40215"
27252,"1924 Nelson Ave","Louisville","KY","40216"
27253,"2909 Wurtele Ave","Louisville","KY","40216"
27254,"6720 Marian Dr","Louisville","KY","40216"
27255,"9916 Glenda Ct","Louisville","KY","40223"
27256,"6312 Goalby Dr","Louisville","KY","40258"
27257,"3901 River Park Dr","Louisville","KY","40211"
27258,"4405 Alton Rd","Louisville","KY","40207"
27259,"8615 Farmsfield Ct","Louisville","KY","40299"
27260,"7915 Broadfern Dr","Louisville","KY","40291"
27261,"7104 Creek Stone Blvd","Louisville","KY","40228"
27262,"1211 Fern St","Louisville","KY","40204"
27263,"8303 Autumnwood Way","Louisville","KY","40291"
27264,"12 Hawthorn Hl","Louisville","KY","40204"
27265,"2102 Ellerbe Ave","Louisville","KY","40205"
27266,"3821 Sedalia Trl","Louisville","KY","40272"
27267,"523 Nottingham Pkwy","Louisville","KY","40222"
27268,"4534 Lincoln Rd","Louisville","KY","40220"
27269,"5414 Cannonwood Ct","Louisville","KY","40229"
27270,"4712 Mud Ln","Louisville","KY","40229"
27271,"5512 Briscoe Ln","Louisville","KY","40219"
27272,"301 N Shawnee Ter","Louisville","KY","40212"
27273,"10311 Grafton Hall Rd","Louisville","KY","40272"
27274,"4604 Caspian Dr","Louisville","KY","40219"
27275,"9711 Harned Ave","Louisville","KY","40229"
27276,"2144 Eastview Ave","Louisville","KY","40205"
27277,"7620 Colson Dr","Louisville","KY","40220"
27278,"3817 Vermont Ave","Louisville","KY","40211"
27279,"4022 Blanton Ln","Louisville","KY","40216"
27280,"4300 Mae Ave","Louisville","KY","40216"
27281,"8111 Seaforth Dr","Louisville","KY","40258"
27282,"11007 Benson Ln","Louisville","KY","40272"
27283,"909 S 32nd St","Louisville","KY","40211"
27284,"159 Westwind Rd","Louisville","KY","40207"
27285,"2200 Garland Ave","Louisville","KY","40211"
27286,"1018 Runell Rd","Louisville","KY","40214"
27287,"2412 Rowan St","Louisville","KY","40212"
27288,"3633 Vermont Ave","Louisville","KY","40211"
27289,"1202 Bourbon Ave","Louisville","KY","40213"
27290,"8001 Cortland Dr","Louisville","KY","40228"
27291,"506 Kinglan Rd","Louisville","KY","40207"
27292,"3617 Goldsmith Ln","Louisville","KY","40220"
27293,"1814 Blanca Ct","Louisville","KY","40223"
27294,"2108 Dogoon Dr","Louisville","KY","40223"
27295,"2415 Wallace Ave","Louisville","KY","40205"
27296,"4515 Sunflower Ave","Louisville","KY","40216"
27297,"1804 Rosewood Ave","Louisville","KY","40204"
27298,"2011 Bashford Manor Ln","Louisville","KY","40218"
27299,"753 Greenridge Ln","Louisville","KY","40207"
27300,"7414 Paiute Rd","Louisville","KY","40214"
27301,"2108 Edgeland Ave","Louisville","KY","40204"
27302,"2015 Kenilworth Pl","Louisville","KY","40205"
27303,"1803 Wickland Ct","Louisville","KY","40205"
27304,"3518 Wexford Dr","Louisville","KY","40218"
27305,"1510 Taylor Ave","Louisville","KY","40213"
27306,"419 Flat Rock Rd","Louisville","KY","40245"
27307,"8537 Sally Dr","Louisville","KY","40258"
27308,"3035 Hendon Rd","Louisville","KY","40220"
27309,"227 Dorchester Rd","Louisville","KY","40223"
27310,"615 Rudy Ln","Louisville","KY","40207"
27311,"8320 Daverman Dr","Louisville","KY","40228"
27312,"2330 Saratoga Dr","Louisville","KY","40205"
27313,"845 Clarks Ln","Louisville","KY","40217"
27314,"2804 Alta Vista Ct","Louisville","KY","40206"
27315,"2902 Slevin St","Louisville","KY","40212"
27316,"5527 Maco Ln","Louisville","KY","40219"
27317,"8144 Afterglow Dr","Louisville","KY","40214"
27318,"1795 Bernheim Ln","Louisville","KY","40210"
27319,"1328 Morgan Ave","Louisville","KY","40213"
27320,"2906 Murray Hill Pike","Louisville","KY","40242"
27321,"2313 Saint Louis Ave","Louisville","KY","40210"
27322,"4515 Varble Ave","Louisville","KY","40211"
27323,"7915 Carnation Dr","Louisville","KY","40258"
27324,"3651 Kelly Way","Louisville","KY","40220"
27325,"2804 Montana Ave","Louisville","KY","40208"
27326,"633 Merwin Ave","Louisville","KY","40217"
27327,"1823 Kingsford Dr","Louisville","KY","40216"
27328,"1520 Thackeray Dr","Louisville","KY","40205"
27329,"10812 Marcitis Rd","Louisville","KY","40272"
27330,"616 W Ashland Ave","Louisville","KY","40215"
27331,"5600 Sterling Dr","Louisville","KY","40216"
27332,"2418 Westwood Ave","Louisville","KY","40220"
27333,"5004 Mile Of Sunshine Dr","Louisville","KY","40219"
27334,"313 Hemingway Rd","Louisville","KY","40207"
27335,"4706 Orange Dr","Louisville","KY","40213"
27336,"4209 S 1st St","Louisville","KY","40214"
27337,"3602 Graham Rd","Louisville","KY","40207"
27338,"3209 Dunlova Ct","Louisville","KY","40241"
27339,"9905 Hofelich Ln","Louisville","KY","40291"
27340,"8622 Running Fox Cir","Louisville","KY","40291"
27341,"111 Waverly Ct","Louisville","KY","40206"
27342,"8412 Roseborough Rd","Louisville","KY","40228"
27343,"1739 Model Rd","Louisville","KY","40216"
27344,"8905 Largo Ct","Louisville","KY","40299"
27345,"2611 Pindell Ave","Louisville","KY","40217"
27346,"3127 Lynnwood Way","Louisville","KY","40299"
27347,"3426 Olive Rd","Louisville","KY","40219"
27348,"6306 Mercury Dr","Louisville","KY","40291"
27349,"1429 Catalpa St","Louisville","KY","40211"
27350,"1632 S 2nd St","Louisville","KY","40208"
27351,"1621 Longfield Ave","Louisville","KY","40215"
27352,"3717 Alameter Dr","Louisville","KY","40258"
27353,"1812 Rutherford Ave","Louisville","KY","40205"
27354,"2109 Mammoth Way","Louisville","KY","40299"
27355,"3210 Kingswood Way","Louisville","KY","40216"
27356,"2603 Saddle Ct","Louisville","KY","40220"
27357,"4611 Tween Rd","Louisville","KY","40207"
27358,"1930 Ivanhoe Ct","Louisville","KY","40205"
27359,"5807 Norton Ave","Louisville","KY","40213"
27360,"6314 Big Ben Dr","Louisville","KY","40291"
27361,"2830 S 5th St","Louisville","KY","40208"
27362,"6403 Linstead Rd","Louisville","KY","40228"
27363,"1782 Wilart Dr","Louisville","KY","40210"
27364,"1829 Yale Dr","Louisville","KY","40205"
27365,"4418 Charlotte Ann Dr","Louisville","KY","40216"
27366,"6000 Dora Ct","Louisville","KY","40214"
27367,"8022 N Blake Ln","Louisville","KY","40258"
27368,"2601 Colonel Dr","Louisville","KY","40242"
27369,"1861 Alfresco Pl","Louisville","KY","40205"
27370,"1037 Mayer Ave","Louisville","KY","40217"
27371,"2520 Ashbrook Ave","Louisville","KY","40220"
27372,"2312 Quinn Dr","Louisville","KY","40216"
27373,"3702 Hanover Rd","Louisville","KY","40207"
27374,"1699 Cheak St","Louisville","KY","40213"
27375,"4107 Gingerwood Dr","Louisville","KY","40220"
27376,"4611 Glenna Way","Louisville","KY","40219"
27377,"2926 Sheldon Rd","Louisville","KY","40218"
27378,"1511 Indiana Ave","Louisville","KY","40213"
27379,"8805 Artis Way","Louisville","KY","40291"
27380,"4305 Saint Regis Ln","Louisville","KY","40220"
27381,"7912 Waterfern Way","Louisville","KY","40291"
27382,"3309 Broeck Pointe Cir","Louisville","KY","40241"
27383,"826 Louis Coleman Jr Dr","Louisville","KY","40211"
27384,"1534 Goddard Ave","Louisville","KY","40204"
27385,"3763 Union St","Louisville","KY","40213"
27386,"2306 Thistledawn Dr","Louisville","KY","40216"
27387,"2305 Carlton Ter","Louisville","KY","40205"
27388,"2111 Village Dr","Louisville","KY","40205"
27389,"1813 Alfresco Pl","Louisville","KY","40205"
27390,"1200 E Breckinridge St","Louisville","KY","40204"
27391,"211 Idlewylde Dr","Louisville","KY","40206"
27392,"11213 Finchley Rd","Louisville","KY","40243"
27393,"4906 Glenna Way","Louisville","KY","40219"
27394,"6802 Longlake Dr","Louisville","KY","40291"
27395,"11818 Robindale Rd","Louisville","KY","40243"
27396,"1770 W Ormsby Ave","Louisville","KY","40210"
27397,"4004 Longview Rd","Louisville","KY","40299"
27398,"7704 Jonquil Dr","Louisville","KY","40258"
27399,"12141 Gemini Way","Louisville","KY","40243"
27400,"2212 Medford Ln","Louisville","KY","40218"
27401,"1891 Ivanhoe Ct","Louisville","KY","40205"
27402,"8011 Watterson Trl","Louisville","KY","40291"
27403,"1886 Rutherford Ave","Louisville","KY","40205"
27404,"2003 Woodbourne Ave","Louisville","KY","40205"
27405,"1814 Claremoor Dr","Louisville","KY","40223"
27406,"4636 Hillside Dr","Louisville","KY","40216"
27407,"1612 Gardiner Ln","Apt 102","Louisville",
27408,"2350 Winston Ave","Louisville","KY","40205"
27409,"4322 Lynnbrook Dr","Louisville","KY","40220"
27410,"2201 Rowan St","Louisville","KY","40212"
27411,"1840 Frankfort Ave","Louisville","KY","40206"
27412,"2725 Fleming Ave","Louisville","KY","40206"
27413,"11203 Finchley Rd","Louisville","KY","40243"
27414,"6802 Taffy Ann Dr","Louisville","KY","40228"
27415,"13420 E Orell Rd","Louisville","KY","40272"
27416,"2667 Rowan St","Louisville","KY","40212"
27417,"5122 Mile Of Sunshine Dr","Louisville","KY","40219"
27418,"2020 S 23rd St","Louisville","KY","40210"
27419,"7905 Conifer Dr","Louisville","KY","40258"
27420,"5709 Spicewood Ln","Louisville","KY","40219"
27421,"2528 Jenlee Ln","Louisville","KY","40216"
27422,"403 Bruner Hill Rd","Louisville","KY","40243"
27423,"1629 Dixdale Ave","Louisville","KY","40210"
27424,"5906 Grayson Ct","Louisville","KY","40222"
27425,"1405 Goddard Ave","Louisville","KY","40204"
27426,"7319 Supremus Dr","Louisville","KY","40214"
27427,"2109 Bridlewood Dr","Louisville","KY","40299"
27428,"10704 Shelbyville Rd","Louisville","KY","40243"
27429,"3909 Ashridge Dr","Louisville","KY","40241"
27430,"7505 Beulah Church Rd","Louisville","KY","40228"
27431,"2140 Lakeside Dr","Louisville","KY","40205"
27432,"125 N Clifton Ave","Louisville","KY","40206"
27433,"534 Camp St","Louisville","KY","40203"
27434,"669 Curry Ct","Louisville","KY","40211"
27435,"10200 Windrow Ct","Louisville","KY","40223"
27436,"4227 Mud Ln","Louisville","KY","40229"
27437,"6002 Table Mountain Ave","Louisville","KY","40214"
27438,"9221 Auburn Ave","Louisville","KY","40299"
27439,"6402 Terry Rd","Louisville","KY","40258"
27440,"6615 Rebecca Ln","Louisville","KY","40258"
27441,"1813 Osage Ave","Louisville","KY","40210"
27442,"1535 Catalpa St","Louisville","KY","40211"
27443,"3148 Talisman Rd","Louisville","KY","40220"
27444,"9412 Cavalcade Ave","Louisville","KY","40272"
27445,"4713 Railroad Ave","Louisville","KY","40258"
27446,"2901 Chimney Rock Ln","Louisville","KY","40220"
27447,"5123 Poplar Level Rd","Louisville","KY","40219"
27448,"6009 Middlerose Cir","Louisville","KY","40272"
27449,"2314 Carolina Ave","Louisville","KY","40205"
27450,"507 Wainwright Ave","Louisville","KY","40217"
27451,"7403 Bluffington Rd","Louisville","KY","40291"
27452,"7205 Alameter Ct","Louisville","KY","40258"
27453,"3517 Del Park Ter","Louisville","KY","40211"
27454,"1046 Wetterau Ave","Louisville","KY","40217"
27455,"9900 Welshpool Ct","Louisville","KY","40299"
27456,"3710 Baymeadow Dr","Louisville","KY","40258"
27457,"2208 W Main St","Louisville","KY","40212"
27458,"530 Harris Pl","Louisville","KY","40222"
27459,"4112 Shady Villa Dr","Louisville","KY","40219"
27460,"2922 Rainbow Dr","Louisville","KY","40206"
27461,"300 Rannoch Ct","Louisville","KY","40243"
27462,"4311 Bank St","Louisville","KY","40212"
27463,"103 Northwestern Pkwy","Louisville","KY","40212"
27464,"11312 Corston Ct","Louisville","KY","40241"
27465,"1029 Alta Vista Rd","Louisville","KY","40205"
27466,"9922 Vega Ln","Louisville","KY","40272"
27467,"150 S Crestmoor Ave","Louisville","KY","40206"
27468,"404 Braemoor Pl","Louisville","KY","40243"
27469,"4184 Sherman Ave","Louisville","KY","40213"
27470,"1033 Wagner Ave","Louisville","KY","40217"
27471,"2505 Alanmede Rd","Louisville","KY","40205"
27472,"6113 Leonard Way","Louisville","KY","40229"
27473,"6201 Six Mile Ln","Louisville","KY","40218"
27474,"806 Dearborn Ave","Louisville","KY","40211"
27475,"1105 Charles St","Louisville","KY","40204"
27476,"11607 Chasewood Ct","Louisville","KY","40229"
27477,"1878 Rutherford Ave","Louisville","KY","40205"
27478,"3406 Farnsley Rd","Louisville","KY","40216"
27479,"2515 Hermitage Way","Louisville","KY","40242"
27480,"6306 Riverdale Rd","Louisville","KY","40272"
27481,"1 Rose Ct","Louisville","KY","40208"
27482,"9615 Glenawyn Cir","Louisville","KY","40299"
27483,"9705 Creekwood Rd","Louisville","KY","40223"
27484,"115 Travois Rd","Louisville","KY","40207"
27485,"902 Windhurst Ct","Louisville","KY","40207"
27486,"3310 Broeck Pointe Cir","Louisville","KY","40241"
27487,"1824 Deer Park Ave","Louisville","KY","40205"
27488,"6203 Green Manor Dr","Louisville","KY","40228"
27489,"321 Cannons Ln","Louisville","KY","40206"
27490,"3205 Mount Rainier Dr","Louisville","KY","40241"
27491,"9913 Cherry Ridge Dr","Louisville","KY","40291"
27492,"5420 Southview Dr","Louisville","KY","40214"
27493,"213 Willoughby Ct","Louisville","KY","40245"
27494,"364 N 27th St","Louisville","KY","40212"
27495,"119 N Galt Ave","Louisville","KY","40206"
27496,"4323 Rockwood Dr","Louisville","KY","40220"
27497,"2921 Beaumont Rd","Louisville","KY","40205"
27498,"4112 Lake Dreamland Dr","Louisville","KY","40216"
27499,"529 Country Ln","Louisville","KY","40207"
27500,"4026 Ormond Rd","Louisville","KY","40207"
27501,"2612 Algonquin Pkwy","Louisville","KY","40210"
27502,"4009 Gingerwood Dr","Louisville","KY","40220"
27503,"2621 Greenwood Ave","Louisville","KY","40211"
27504,"9728 Somerford Rd","Louisville","KY","40242"
27505,"1031 Sarah Dr","Louisville","KY","40219"
27506,"9602 Aylesbury Dr","Louisville","KY","40242"
27507,"2429 W Main St","Louisville","KY","40212"
27508,"4112 Ormond Rd","Louisville","KY","40207"
27509,"1404 Carlimar Ln","Louisville","KY","40222"
27510,"1212 E Burnett Ave","Louisville","KY","40217"
27511,"3620 Goldsmith Ln","Louisville","KY","40220"
27512,"1299 Springdale Dr","Louisville","KY","40213"
27513,"1808 Spring Dr","Louisville","KY","40205"
27514,"4307 Silverleaf Dr","Louisville","KY","40213"
27515,"9301 Tiverton Way","Louisville","KY","40242"
27516,"4431 Lynnview Dr","Louisville","KY","40216"
27517,"6312 Riverdale Rd","Louisville","KY","40272"
27518,"7611 Wesleyan Pl","Louisville","KY","40242"
27519,"5203 Michael Edward Ct","Louisville","KY","40291"
27520,"110 Fenley Ave","Louisville","KY","40206"
27521,"12115 Saint Clair Dr","Louisville","KY","40243"
27522,"9545 Wessex Pl","Louisville","KY","40222"
27523,"734 S 43rd St","Louisville","KY","40211"
27524,"1125 Ridge Line Dr","Louisville","KY","40207"
27525,"7120 Ethan Allen Way","Louisville","KY","40272"
27526,"168 Totem Rd","Louisville","KY","40207"
27527,"5619 Norton Ave","Louisville","KY","40213"
27528,"4627 Riverview Ave","Louisville","KY","40211"
27529,"1911 Meadowgate Ln","Louisville","KY","40223"
27530,"112 N 26th St","Louisville","KY","40212"
27531,"1305 Regatta Cir","Louisville","KY","40211"
27532,"5001 Unseld Blvd","Louisville","KY","40218"
27533,"4809 Lunenburg Dr","Louisville","KY","40245"
27534,"7309 Creekview Ct","Louisville","KY","40228"
27535,"2996 Meade Ave","Louisville","KY","40217"
27536,"7109 Green Spring Dr","Louisville","KY","40241"
27537,"1415 Oakwood Ave","Louisville","KY","40215"
27538,"310 Arbor Ave","Louisville","KY","40214"
27539,"3212 Marion Ct","Louisville","KY","40206"
27540,"9812 Grenfell Way","Louisville","KY","40242"
27541,"2010 Acorn Way","Louisville","KY","40216"
27542,"2603 Foxy Poise Rd","Louisville","KY","40220"
27543,"2546 Griffiths Ave","Louisville","KY","40212"
27544,"4122 W Muhammad Ali Blvd","Louisville","KY","40212"
27545,"1319 Everett Ave","Louisville","KY","40204"
27546,"216 Eline Ave","Louisville","KY","40207"
27547,"4706 Kiefer Rd","Louisville","KY","40216"
27548,"12204 Lucas Ln","Louisville","KY","40223"
27549,"9002 Henry Clay Dr","Louisville","KY","40242"
27550,"8311 Mckenna Way","Louisville","KY","40291"
27551,"8408 Bost Ln","Louisville","KY","40219"
27552,"1212 Schiller Ave","Louisville","KY","40204"
27553,"6809 Downs Branch Rd","Louisville","KY","40228"
27554,"6715 Copperfield Rd","Louisville","KY","40207"
27555,"1228 Goss Ave","Louisville","KY","40217"
27556,"2220 Lowell Ave","Louisville","KY","40205"
27557,"6106 Manse Dr","Louisville","KY","40258"
27558,"2520 Old Hickory Rd","Louisville","KY","40299"
27559,"2604 Hyannis Pl","Louisville","KY","40242"
27560,"3121 Dogwood Dr","Louisville","KY","40220"
27561,"3811 Rimonte Dr","Louisville","KY","40220"
27562,"2829 Shannon Dr","Louisville","KY","40220"
27563,"4208 Beechcrest Ave","Louisville","KY","40220"
27564,"6817 Stone Hill Rd","Louisville","KY","40214"
27565,"4512 Southcrest Dr","Louisville","KY","40215"
27566,"4903 Manslick Rd","Louisville","KY","40216"
27567,"10213 Eve Dr","Louisville","KY","40272"
27568,"9502 Plumwood Rd","Louisville","KY","40291"
27569,"4202 Lambert Ave","Louisville","KY","40218"
27570,"821 Linwood Ave","Louisville","KY","40217"
27571,"803 Exmoor Ave","Louisville","KY","40223"
27572,"9016 Lethborough Dr","Louisville","KY","40299"
27573,"3312 Hillvale Rd","Louisville","KY","40241"
27574,"10803 Emma Jean Way","Louisville","KY","40272"
27575,"4605 Edgebourne Ct","Louisville","KY","40299"
27576,"4910 Raven Rd","Louisville","KY","40213"
27577,"1100 Glenbrook Rd","Louisville","KY","40223"
27578,"329 Kenny Blvd","Louisville","KY","40214"
27579,"119 E Collins Ct","Louisville","KY","40214"
27580,"4106 Laurelwood Ave","Louisville","KY","40220"
27581,"2414 Old Hickory Rd","Louisville","KY","40299"
27582,"5702 Prince William St","Louisville","KY","40207"
27583,"6807 Sherry Ln","Louisville","KY","40291"
27584,"1542 S Shelby St","Louisville","KY","40217"
27585,"1017 Ellison Ave","Louisville","KY","40204"
27586,"6901 Deep Spring Ct","Louisville","KY","40228"
27587,"9814 Nordic Dr","Louisville","KY","40272"
27588,"2322 Donna Rd","Louisville","KY","40216"
27589,"405 Elmwood Ct","Louisville","KY","40207"
27590,"1021 Milton St","Louisville","KY","40217"
27591,"2609 Kings Hwy","Louisville","KY","40205"
27592,"3417 Larkwood Ave","Louisville","KY","40212"
27593,"5109 Baywood Dr","Louisville","KY","40241"
27594,"1800 Crossgate Ln","Louisville","KY","40222"
27595,"8497 Robbins Rd","Louisville","KY","40258"
27596,"3513 Barclay Dr","Louisville","KY","40299"
27597,"1918 Buttonwood Rd","Louisville","KY","40222"
27598,"1903 Dixie Garden Dr","Louisville","KY","40272"
27599,"851 S 32nd St","Louisville","KY","40211"
27600,"5503 Dea Dea Dr","Louisville","KY","40291"
27601,"609 Rawlings St","Louisville","KY","40217"
27602,"8700 Waltlee Rd","Louisville","KY","40291"
27603,"1111 Windsong Way","Louisville","KY","40207"
27604,"1517 Rosewood Ave","Louisville","KY","40204"
27605,"3024 Eagle Pass","Louisville","KY","40217"
27606,"1002 Fenley Ave","Louisville","KY","40222"
27607,"13109 Ashlawn Dr","Louisville","KY","40272"
27608,"6906 Manslick Rd","Louisville","KY","40214"
27609,"217 S 41st St","Louisville","KY","40212"
27610,"322 Glendora Ave","Louisville","KY","40212"
27611,"4016 Foreman Ln","Louisville","KY","40219"
27612,"305 Willow Stone Way","Louisville","KY","40223"
27613,"4227 Southern Pkwy","Louisville","KY","40214"
27614,"2813 Yorkshire Blvd","Louisville","KY","40220"
27615,"7317 Watson Ln","Louisville","KY","40272"
27616,"1220 Audubon Pkwy","Louisville","KY","40213"
27617,"3756 Bank St","Louisville","KY","40212"
27618,"2065 Douglass Blvd","Louisville","KY","40205"
27619,"10413 Saint Roche Dr","Louisville","KY","40299"
27620,"10 Pembroke Rd","Louisville","KY","40220"
27621,"1914 Lowell Ave","Louisville","KY","40205"
27622,"411 Highfield Rd","Louisville","KY","40207"
27623,"403 Mccready Ave","Louisville","KY","40206"
27624,"2807 Murray Hill Pike","Louisville","KY","40242"
27625,"901 Ramsgate Ct","Louisville","KY","40299"
27626,"3615 Vanguard Dr","Louisville","KY","40229"
27627,"6312 Applegate Ln","Louisville","KY","40219"
27628,"2221 W Burnett Ave","Louisville","KY","40210"
27629,"832 Dorsey Ln","Louisville","KY","40223"
27630,"2314 Meadow Rd","Louisville","KY","40205"
27631,"7503 Sunnyfield Ct","Louisville","KY","40220"
27632,"2216 Talbott Ave","Louisville","KY","40205"
27633,"5409 Robbs Ln","Louisville","KY","40219"
27634,"9702 Tiverton Way","Louisville","KY","40242"
27635,"604 Pennyroyal Way","Louisville","KY","40223"
27636,"219 E Oak St","Louisville","KY","40203"
27637,"128 Council Rd","Louisville","KY","40207"
27638,"1859 Farnsley Rd","Louisville","KY","40216"
27639,"11703 Montwood Ln","Louisville","KY","40272"
27640,"2627 Dixdale Ave","Louisville","KY","40210"
27641,"1945 Meadowcreek Dr","Louisville","KY","40218"
27642,"1481 Olive St","Louisville","KY","40210"
27643,"1406 Techny Ln","Louisville","KY","40222"
27644,"11805 Taylorsville Rd","Louisville","KY","40299"
27645,"1814 Burwell Ave","Louisville","KY","40210"
27646,"517 Cheskirk Pl","Louisville","KY","40243"
27647,"230 N Hite Ave","Louisville","KY","40206"
27648,"10414 Foxboro Dr","Louisville","KY","40223"
27649,"2394 Valley Vista Rd","Louisville","KY","40205"
27650,"727 Hazel St","Louisville","KY","40211"
27651,"1006 Ash St","Louisville","KY","40217"
27652,"3518 Northwestern Pkwy","Louisville","KY","40212"
27653,"7202 Harborton Way","Louisville","KY","40228"
27654,"3208 La Vel Ln","Louisville","KY","40216"
27655,"330 N Shawnee Ter","Louisville","KY","40212"
27656,"2805 Tyson Pl","Louisville","KY","40218"
27657,"3011 Cromarty Way","Louisville","KY","40220"
27658,"215 N 22nd St","Louisville","KY","40212"
27659,"4703 Haeringdon Ct","Louisville","KY","40299"
27660,"9000 Lantern Lite Pkwy","Louisville","KY","40220"
27661,"4020 W Broadway","Louisville","KY","40211"
27662,"209 Blankenbaker Ln","Louisville","KY","40207"
27663,"8410 Wimborne Way","Louisville","KY","40222"
27664,"710 Dorsey Ln","Louisville","KY","40223"
27665,"960 French St","Louisville","KY","40217"
27666,"6221 Cooper Chapel Rd","Louisville","KY","40229"
27667,"4001 Mapleton Ave","Louisville","KY","40215"
27668,"6023 Colebrooke Ln","Louisville","KY","40219"
27669,"9001 Cherriville Rd","Louisville","KY","40219"
27670,"9004 Whippoorwill Rd","Louisville","KY","40229"
27671,"6703 Green Meadow Ct","Louisville","KY","40207"
27672,"3717 Hillsboro Rd","Louisville","KY","40207"
27673,"625 Dresden Ave","Louisville","KY","40215"
27674,"2923 Arlington Rd","Louisville","KY","40220"
27675,"1830 Alfresco Pl","Louisville","KY","40205"
27676,"1116 Plato Ter","Louisville","KY","40211"
27677,"2414 Meadow Rd","Louisville","KY","40205"
27678,"950 Eastern Pkwy","Louisville","KY","40217"
27679,"1311 Howard St","Louisville","KY","40213"
27680,"2709 Grand Ave","Louisville","KY","40211"
27681,"1968 Trevilian Way","Louisville","KY","40205"
27682,"804 Exmoor Ave","Louisville","KY","40223"
27683,"3015 Wilkie Rd","Louisville","KY","40216"
27684,"2141 Edgehill Rd","Louisville","KY","40205"
27685,"5904 Hood Rd","Louisville","KY","40213"
27686,"8519 Mckenna Way","Louisville","KY","40291"
27687,"1621 Texas Ave","Louisville","KY","40217"
27688,"720 E Breckinridge St","Louisville","KY","40203"
27689,"523 Iowa Ave","Louisville","KY","40208"
27690,"2501 Legene Ct","Louisville","KY","40216"
27691,"3913 W Muhammad Ali Blvd","Louisville","KY","40212"
27692,"3126 Teal Ave","Louisville","KY","40213"
27693,"1820 Burwell Ave","Louisville","KY","40210"
27694,"1838 Heaton Rd","Louisville","KY","40216"
27695,"4121 W Muhammad Ali Blvd","Louisville","KY","40212"
27696,"3107 Weather Way","Louisville","KY","40220"
27697,"8713 Longborough Way","Louisville","KY","40299"
27698,"12407 Aquarius Rd","Louisville","KY","40243"
27699,"225 N Hubbards Ln","Louisville","KY","40207"
27700,"10808 Onandaga Ct","Louisville","KY","40229"
27701,"2817 Yorkshire Blvd","Louisville","KY","40220"
27702,"1209 Reutlinger Ave","Louisville","KY","40204"
27703,"3510 Ridge Top Ct","Louisville","KY","40241"
27704,"9 Bayside Ct","Louisville","KY","40216"
27705,"1710 Claremoor Dr","Louisville","KY","40223"
27706,"6503 Maravian Dr","Louisville","KY","40258"
27707,"1234 Pigeon Pass Rd","Louisville","KY","40213"
27708,"2324 Cross Hill Rd","Louisville","KY","40206"
27709,"6908 Greenlawn Rd","Louisville","KY","40222"
27710,"1821 Yale Dr","Louisville","KY","40205"
27711,"3103 Summerfield Dr","Louisville","KY","40220"
27712,"7907 Sunbury Ln","Louisville","KY","40220"
27713,"6120 Overhill Dr","Louisville","KY","40229"
27714,"4437 Rockwood Dr","Louisville","KY","40220"
27715,"9001 Catania Dr","Louisville","KY","40299"
27716,"2057 Sherwood Ave","Louisville","KY","40205"
27717,"9103 Royal Oak Dr","Louisville","KY","40272"
27718,"7019 Nathan Hale Way","Louisville","KY","40272"
27719,"4103 Jim Hawkins Dr","Louisville","KY","40229"
27720,"3025 Seneca Blvd","Louisville","KY","40205"
27721,"9401 Bates Rd","Louisville","KY","40228"
27722,"2048 Eastview Ave","Louisville","KY","40205"
27723,"47 Sterling Rd","Louisville","KY","40220"
27724,"5413 Ripple Ln","Louisville","KY","40218"
27725,"1224 S Brook St","Louisville","KY","40203"
27726,"515 Marquette Dr","Louisville","KY","40222"
27727,"1016 Wagner Ave","Louisville","KY","40217"
27728,"7511 Westbrook Rd","Louisville","KY","40258"
27729,"213 N Hite Ave","Louisville","KY","40206"
27730,"2006 High Ridge Rd","Louisville","KY","40207"
27731,"10604 Findon Ct","Louisville","KY","40243"
27732,"6905 Chippenham Rd","Louisville","KY","40222"
27733,"604 Stivers Rd","Louisville","KY","40207"
27734,"6715 Crossmoor Ln","Louisville","KY","40222"
27735,"2220 Highland Ave","Louisville","KY","40204"
27736,"3113 Grand Ave","Louisville","KY","40211"
27737,"2020 Bainbridge Row Dr","Louisville","KY","40207"
27738,"5908 Emmalee Dr","Louisville","KY","40219"
27739,"1662 Al Mara Cir","Louisville","KY","40205"
27740,"4300 Norbourne Blvd","Louisville","KY","40207"
27741,"4312 Churchill Rd","Louisville","KY","40207"
27742,"1454 S 12th St","Louisville","KY","40210"
27743,"4101 Elmwood Ave","Louisville","KY","40207"
27744,"111 Hemingway Rd","Louisville","KY","40207"
27745,"1125 Cristland Rd","Louisville","KY","40214"
27746,"6407 Regal Rd","Louisville","KY","40222"
27747,"7410 Nancy Ln","Louisville","KY","40258"
27748,"311 Fairmeade Rd","Louisville","KY","40207"
27749,"1025 Rogers St","Louisville","KY","40204"
27750,"2800 Creekside Dr","Louisville","KY","40241"
27751,"5106 Rural Way","Louisville","KY","40218"
27752,"8409 Manson Way","Louisville","KY","40258"
27753,"3604 Calais Dr","Louisville","KY","40299"
27754,"173 N Bellaire Ave","Louisville","KY","40206"
27755,"503 Lauder Pl","Louisville","KY","40243"
27756,"7911 Sunbury Ln","Louisville","KY","40220"
27757,"1408 Hepburn Ave","Louisville","KY","40204"
27758,"2911 Sheldon Rd","Louisville","KY","40218"
27759,"907 Thorpe Dr","Louisville","KY","40243"
27760,"3601 Dorset Rd","Louisville","KY","40214"
27761,"5117 Invicta Dr","Louisville","KY","40216"
27762,"9601 El Prado St","Louisville","KY","40272"
27763,"1800 Fernwood Ave","Louisville","KY","40205"
27764,"2137 Belmont Rd","Louisville","KY","40218"
27765,"626 Rawlings St","Louisville","KY","40217"
27766,"2013 Timberhaven Trce","Louisville","KY","40214"
27767,"116 N Hubbards Ln","Louisville","KY","40207"
27768,"4110 Eden Ln","Louisville","KY","40216"
27769,"514 Cornell Pl","Louisville","KY","40207"
27770,"10007 Mccrea Ln","Louisville","KY","40229"
27771,"125 Hillcrest Ave","Louisville","KY","40206"
27772,"904 Rosemary Dr","Louisville","KY","40213"
27773,"420 Club Ln","Louisville","KY","40207"
27774,"2201 Steeplechase Dr","Louisville","KY","40299"
27775,"510 S Beckley Station Rd","Louisville","KY","40245"
27776,"7708 Mary Sue Dr","Louisville","KY","40291"
27777,"4002 Gunn Ct","Louisville","KY","40229"
27778,"1132 Cecil Ave","Louisville","KY","40211"
27779,"7108 Nathan Hale Way","Louisville","KY","40272"
27780,"2259 Saratoga Dr","Louisville","KY","40205"
27781,"7509 Fort Sumter Ct","Louisville","KY","40214"
27782,"8115 Huntsman Trl","Louisville","KY","40291"
27783,"2517 Stony Brook Dr","Louisville","KY","40220"
27784,"703 Elsmere Cir","Louisville","KY","40223"
27785,"225 Hemingway Rd","Louisville","KY","40207"
27786,"5226 Moccasin Trl","Louisville","KY","40207"
27787,"9618 Dolphin Ct","Louisville","KY","40299"
27788,"810 Circle Hill Rd","Louisville","KY","40207"
27789,"5403 Navajo Rd","Louisville","KY","40207"
27790,"705 Kathleen Ave","Louisville","KY","40215"
27791,"5415 Zev Way","Louisville","KY","40272"
27792,"7411 Yorktown Rd","Louisville","KY","40214"
27793,"8703 Honor Ave","Louisville","KY","40219"
27794,"1415 Sylvan Way","Louisville","KY","40205"
27795,"325 N 32nd St","Louisville","KY","40212"
27796,"7606 Tempsclair Rd","Louisville","KY","40220"
27797,"45 Warren Rd","Louisville","KY","40206"
27798,"3712 Rouge Way","Louisville","KY","40218"
27799,"10711 Easum Rd","Louisville","KY","40299"
27800,"455 N 43rd St","Louisville","KY","40212"
27801,"211 Sage Rd","Louisville","KY","40207"
27802,"3236 Beals Branch Dr","Louisville","KY","40206"
27803,"4803 Southern Pkwy","Louisville","KY","40214"
27804,"13401 Hinchbrook Blvd","Louisville","KY","40272"
27805,"9105 Tangley Ln","Louisville","KY","40242"
27806,"4905 Kay Ave","Louisville","KY","40299"
27807,"4102 Parrot Ct","Louisville","KY","40229"
27808,"921 Brierly Hill Ct","Louisville","KY","40299"
27809,"1513 Sylvan Wynde","Louisville","KY","40205"
27810,"1726 Hale Ave","Louisville","KY","40210"
27811,"220 Cambridge Station Rd","Louisville","KY","40223"
27812,"3913 Brookfield Ave","Louisville","KY","40207"
27813,"2645 Alanmede Rd","Louisville","KY","40205"
27814,"611 Maryhill Ln","Louisville","KY","40207"
27815,"209 Holliswood Rd","Louisville","KY","40222"
27816,"9823 Farnham Dr","Louisville","KY","40223"
27817,"9817 Agena Dr","Louisville","KY","40229"
27818,"907 W Indian Trl","Louisville","KY","40213"
27819,"506 Cornell Pl","Louisville","KY","40207"
27820,"1834 W Hill St","Louisville","KY","40210"
27821,"4905 Ventura Ln","Louisville","KY","40272"
27822,"4411 Northwood Dr","Louisville","KY","40220"
27823,"414 Sprite Rd","Louisville","KY","40207"
27824,"1803 Dubourg Ave","Louisville","KY","40216"
27825,"8106 Poinsettia Dr","Louisville","KY","40258"
27826,"9003 Lantana Dr","Louisville","KY","40229"
27827,"4313 Winter Garden Ct","Louisville","KY","40218"
27828,"5352 Westhall Ave","Louisville","KY","40214"
27829,"7001 Fernhaven Rd","Louisville","KY","40228"
27830,"4405 Shasta Trl","Louisville","KY","40213"
27831,"5208 Stout Blvd","Louisville","KY","40291"
27832,"1052 Reasor Ave","Louisville","KY","40217"
27833,"5108 Queens Castle Rd","Louisville","KY","40229"
27834,"1221 Fischer Ave","Louisville","KY","40204"
27835,"8812 Fernview Dr","Louisville","KY","40291"
27836,"6404 Triplett Dr","Louisville","KY","40258"
27837,"9109 Wooddale Dr","Louisville","KY","40272"
27838,"1717 Nelson Ave","Louisville","KY","40216"
27839,"10 Eastover Ct","Louisville","KY","40206"
27840,"11104 Berwick Pl","Louisville","KY","40243"
27841,"315 N Birchwood Ave","Louisville","KY","40206"
27842,"727 Southwestern Pkwy","Louisville","KY","40211"
27843,"3802 Karma Way","Louisville","KY","40241"
27844,"4150 Wheeler Ave","Louisville","KY","40215"
27845,"202 Chattanooga Ave","Louisville","KY","40214"
27846,"33 Chamberry Cir","Louisville","KY","40207"
27847,"6849 Green Meadow Cir","Louisville","KY","40207"
27848,"5315 Georgia Ln","Louisville","KY","40219"
27849,"2300 Woodford Pl","Louisville","KY","40205"
27850,"2104 S 40th St","Louisville","KY","40211"
27851,"402 Oread Rd","Louisville","KY","40207"
27852,"5607 Robinwood Rd","Louisville","KY","40218"
27853,"1000 Holly Springs Dr","Louisville","KY","40242"
27854,"4021 Vermont Ave","Louisville","KY","40211"
27855,"4905 Granada Dr","Louisville","KY","40272"
27856,"1236 Cooper Ave","Louisville","KY","40219"
27857,"838 W Evelyn Ave","Louisville","KY","40215"
27858,"2611 Wendell Ave","Louisville","KY","40205"
27859,"1430 Christy Ave","Louisville","KY","40204"
27860,"6201 Aniwa Rd","Louisville","KY","40214"
27861,"9004 Catania Dr","Louisville","KY","40299"
27862,"9618 Glenawyn Cir","Louisville","KY","40299"
27863,"2724 Bank St","Louisville","KY","40212"
27864,"13515 Diane Rd","Louisville","KY","40272"
27865,"1101 Lavista Way","Louisville","KY","40219"
27866,"4215 Browns Ln","Louisville","KY","40220"
27867,"6906 Lake Storm Ct","Louisville","KY","40291"
27868,"1805 Wesley Ave","Louisville","KY","40220"
27869,"3139 W Broadway","Louisville","KY","40211"
27870,"3318 Dogwood Dr","Louisville","KY","40220"
27871,"2316 Stannye Dr","Louisville","KY","40222"
27872,"3517 Barclay Dr","Louisville","KY","40299"
27873,"800 Iroquois Ave","Louisville","KY","40214"
27874,"2125 Woodbourne Ave","Louisville","KY","40205"
27875,"1218 Bourbon Ave","Louisville","KY","40213"
27876,"719 S 39th St","Louisville","KY","40211"
27877,"3000 Rosedale Blvd","Louisville","KY","40220"
27878,"11021 Brechin Rd","Louisville","KY","40243"
27879,"3506 Ramblin Creek Rd","Louisville","KY","40299"
27880,"2034 Grasmere Dr","Louisville","KY","40205"
27881,"10608 Helmsdale Ln","Louisville","KY","40243"
27882,"1915 Lytle St","Louisville","KY","40203"
27883,"203 Blackburn Ave","Louisville","KY","40206"
27884,"9405 Dalton Dr","Louisville","KY","40272"
27885,"2354 Tyler Ln","Louisville","KY","40205"
27886,"1614 Beechwood Ave","Louisville","KY","40204"
27887,"5300 Hempstead Rd","Louisville","KY","40207"
27888,"1612 Greyling Dr","Louisville","KY","40272"
27889,"4906 Fielding Way","Louisville","KY","40216"
27890,"2903 Sheldon Rd","Louisville","KY","40218"
27891,"9415 Sue Helen Dr","Louisville","KY","40299"
27892,"3213 Ainslie Way","Louisville","KY","40220"
27893,"11208 New Stone Ct","Louisville","KY","40223"
27894,"3906 Benje Way","Louisville","KY","40241"
27895,"4301 Southern Pkwy","Louisville","KY","40214"
27896,"1202 Holsworth Ln","Louisville","KY","40222"
27897,"15917 Shelbyville Rd","Louisville","KY","40245"
27898,"130 Cannons Ln","Louisville","KY","40206"
27899,"5501 Delmaria Way","Louisville","KY","40291"
27900,"3813 Baymeadow Dr","Louisville","KY","40258"
27901,"10819 Grafton Hall Rd","Louisville","KY","40272"
27902,"3121 Likens Ave","Louisville","KY","40211"
27903,"1217 Lipps Ln","Louisville","KY","40219"
27904,"223 Granvil Dr","Louisville","KY","40218"
27905,"10113 Rolling Stone Dr","Louisville","KY","40229"
27906,"1606 W Breckinridge St","Louisville","KY","40210"
27907,"1604 W Breckinridge St","Louisville","KY","40210"
27908,"2902 N Melrose Dr","Louisville","KY","40299"
27909,"3117 Teal Ave","Louisville","KY","40213"
27910,"2305 Briargate Ave","Louisville","KY","40216"
27911,"1813 Mary Catherine Dr","Louisville","KY","40216"
27912,"9202 Weissinger Ct","Louisville","KY","40241"
27913,"1708 Loney Ln","Louisville","KY","40216"
27914,"5516 Rustic Way","Louisville","KY","40218"
27915,"5213 Planet Dr","Louisville","KY","40258"
27916,"3013 Thomas Ln","Louisville","KY","40299"
27917,"2505 Stonehurst Dr","Louisville","KY","40242"
27918,"2102 Millside Dr","Louisville","KY","40223"
27919,"2411 Douglass Blvd","Louisville","KY","40205"
27920,"4206 Retreat Rd","Louisville","KY","40219"
27921,"2541 Dell Rd","Louisville","KY","40205"
27922,"2803 Wingfield Ln","Louisville","KY","40210"
27923,"5615 Cynthia Dr","Louisville","KY","40291"
27924,"4117 Sunset Dr","Louisville","KY","40216"
27925,"1711 Larkmoor Ln","Louisville","KY","40218"
27926,"2726 Bank St","Louisville","KY","40212"
27927,"3200 Summerfield Dr","Louisville","KY","40220"
27928,"1727 Deerwood Ave","Louisville","KY","40205"
27929,"110 N Bayly Ave","Louisville","KY","40206"
27930,"2421 Sherry Rd","Louisville","KY","40217"
27931,"6315 Sherlock Way","Louisville","KY","40228"
27932,"1226 S 32nd St","Louisville","KY","40211"
27933,"3417 Fayette Ave","Louisville","KY","40213"
27934,"6701 Bedford Ln","Louisville","KY","40222"
27935,"4809 Clarmar Rd","Louisville","KY","40299"
27936,"3027 Mid Dale Ln","Louisville","KY","40220"
27937,"5314 Westhall Ave","Louisville","KY","40214"
27938,"2313 Strathmoor Blvd","Louisville","KY","40205"
27939,"3037 Nadina Dr","Louisville","KY","40220"
27940,"1208 S 6th St","Louisville","KY","40203"
27941,"5414 Winding Rd","Louisville","KY","40214"
27942,"2238 Strathmoor Blvd","Louisville","KY","40205"
27943,"7211 Rockwood Rd","Louisville","KY","40219"
27944,"6023 Six Mile Ln","Louisville","KY","40218"
27945,"5660 Dorinda Dr","Louisville","KY","40258"
27946,"329 Norbourne Blvd","Louisville","KY","40207"
27947,"1222 Hull St","Louisville","KY","40204"
27948,"4515 Micklenburg Ct","Louisville","KY","40245"
27949,"3917 Woodgate Ln","Louisville","KY","40220"
27950,"2420 Garrs Ln","Louisville","KY","40216"
27951,"2114 Old Hickory Rd","Louisville","KY","40299"
27952,"2805 Sharon Way","Louisville","KY","40220"
27953,"7008 John Paul Ln","Louisville","KY","40229"
27954,"1819 Westmoorland Way","Louisville","KY","40242"
27955,"9406 Burgoo King Rd","Louisville","KY","40272"
27956,"7106 Fegenbush Ln","Louisville","KY","40228"
27957,"203 Kenoak Dr","Louisville","KY","40214"
27958,"1205 Abbeywood Rd","Louisville","KY","40222"
27959,"3318 Garland Ave","Louisville","KY","40211"
27960,"7212 Brownsboro Rd","Louisville","KY","40241"
27961,"4007 Iron Horse Way","Louisville","KY","40272"
27962,"7704 Sierra Trl","Louisville","KY","40214"
27963,"1641 Beechwood Ave","Louisville","KY","40204"
27964,"503 Kinglan Rd","Louisville","KY","40207"
27965,"1713 Bolling Ave","Louisville","KY","40210"
27966,"1124 Everett Ave","Louisville","KY","40204"
27967,"810 Longfield Ave","Louisville","KY","40215"
27968,"7322 Wesboro Rd","Louisville","KY","40222"
27969,"4705 Arnold Ave","Louisville","KY","40219"
27970,"2729 Virginia Ave","Louisville","KY","40211"
27971,"819 Packard Ave","Louisville","KY","40217"
27972,"4400 Bradshaw Pl","Louisville","KY","40218"
27973,"2727 Gilligan St","Louisville","KY","40212"
27974,"12603 Hiawatha Ave","Louisville","KY","40223"
27975,"7112 Daisy Ave","Louisville","KY","40258"
27976,"402 Sprite Rd","Louisville","KY","40207"
27977,"3403 College Dr","Louisville","KY","40299"
27978,"335 S Bayly Ave","Louisville","KY","40206"
27979,"4208 Silvercreek Rd","Louisville","KY","40272"
27980,"2304 Janlyn Rd","Louisville","KY","40299"
27981,"909 Girard Dr","Louisville","KY","40222"
27982,"6202 W Pages Ln","Louisville","KY","40258"
27983,"1531 Arcade Ave","Louisville","KY","40215"
27984,"5207 Rookwood Ave","Louisville","KY","40218"
27985,"3104 Dorilton Ct","Louisville","KY","40241"
27986,"9704 Maple Rd","Louisville","KY","40229"
27987,"8440 Robbins Rd","Louisville","KY","40258"
27988,"4210 Silvercreek Rd","Louisville","KY","40272"
27989,"9116 Gayle Dr","Louisville","KY","40272"
27990,"4903 Seville Dr","Louisville","KY","40272"
27991,"6337 Doe Run Rd","Louisville","KY","40216"
27992,"3924 Druid Hills Rd","Louisville","KY","40207"
27993,"9907 Sheplet Ct","Louisville","KY","40241"
27994,"4703 Burkley Ave","Louisville","KY","40214"
27995,"1732 Deer Ln","Louisville","KY","40205"
27996,"7219 Applegate Ln","Louisville","KY","40228"
27997,"2101 Belmont Rd","Louisville","KY","40218"
27998,"2029 Boulevard","Napoleon","Louisville",
27999,"8804 Mount Eastes Ln","Louisville","KY","40291"
28000,"404 Whiteheath Ln","Louisville","KY","40243"
28001,"7005 Graymoor Rd","Louisville","KY","40222"
28002,"5345 Westhall Ave","Louisville","KY","40214"
28003,"11003 Lehr Rd","Louisville","KY","40272"
28004,"8103 La Fon Ave","Louisville","KY","40228"
28005,"405 Godfrey Ave","Louisville","KY","40206"
28006,"10509 Brentlinger Ln","Louisville","KY","40291"
28007,"1003 S 47th St","Louisville","KY","40211"
28008,"924 Exmoor Ave","Louisville","KY","40223"
28009,"1033 E Breckinridge St","Louisville","KY","40204"
28010,"7411 Switch Bark Rd","Louisville","KY","40228"
28011,"2803 Spring Bud Ct","Louisville","KY","40220"
28012,"14010 Beckley Trce","Louisville","KY","40245"
28013,"1329 Morton Ave","Louisville","KY","40204"
28014,"809 Creekvalley Rd","Louisville","KY","40243"
28015,"227 W Esplanade Ave","Louisville","KY","40214"
28016,"117 E Woodlawn Ave","Louisville","KY","40214"
28017,"1608 Gagel Ave","Louisville","KY","40216"
28018,"2535 Fureen Dr","Louisville","KY","40218"
28019,"1017 Clayborne Rd","Louisville","KY","40214"
28020,"2025 Winston Ave","Louisville","KY","40205"
28021,"1212 Rufer Ave","Louisville","KY","40204"
28022,"202 S Chadwick Rd","Louisville","KY","40222"
28023,"9811 Whipps Mill Rd","Louisville","KY","40223"
28024,"3002 Thomas Ln","Louisville","KY","40299"
28025,"3900 Brookfield Ave","Louisville","KY","40207"
28026,"924 Brierly Hill Ct","Louisville","KY","40299"
28027,"251 Pennsylvania Ave","Louisville","KY","40206"
28028,"2318 Village Dr","Louisville","KY","40205"
28029,"2901 Klondike Ln","Louisville","KY","40218"
28030,"3209 Verna Rd","Louisville","KY","40216"
28031,"7117 Nathan Hale Way","Louisville","KY","40272"
28032,"2919 Field Ave","Louisville","KY","40206"
28033,"314 Ring Rd","Louisville","KY","40207"
28034,"705 Cecil Ave","Louisville","KY","40211"
28035,"5526 Shorewood Dr","Louisville","KY","40214"
28036,"1919 Lynn Lea Rd","Louisville","KY","40216"
28037,"2908 Homewood Pl","Louisville","KY","40241"
28038,"2907 Koster Pl","Louisville","KY","40241"
28039,"3030 Wentworth Ave","Louisville","KY","40206"
28040,"2336 Farnsley Rd","Louisville","KY","40216"
28041,"2504 Hayward Rd","Louisville","KY","40242"
28042,"3008 Lightheart Rd","Louisville","KY","40222"
28043,"5404 Sprigwood Ln","Louisville","KY","40291"
28044,"3506 Locust Ave","Louisville","KY","40299"
28045,"3007 Pelham Ct","Louisville","KY","40299"
28046,"4425 Greenbriar Rd","Louisville","KY","40207"
28047,"5405 Nylon Ct","Louisville","KY","40219"
28048,"225 Franck Ave","Louisville","KY","40206"
28049,"12306 Ridge Crest Dr","Louisville","KY","40243"
28050,"2334 Farnsley Rd","Louisville","KY","40216"
28051,"10810 Onandaga Ct","Louisville","KY","40229"
28052,"2763 Montana Ave","Louisville","KY","40208"
28053,"6900 Link Way","Louisville","KY","40272"
28054,"744 Wicklow Rd","Louisville","KY","40207"
28055,"2925 Arlington Rd","Louisville","KY","40220"
28056,"5703 Kasey Way","Louisville","KY","40291"
28057,"8806 Mount Gerald Ct","Louisville","KY","40291"
28058,"3512 Gonewind Dr","Louisville","KY","40299"
28059,"3021 Kaye Lawn Dr","Louisville","KY","40220"
28060,"2134 Wrocklage Ave","Louisville","KY","40205"
28061,"3111 Doreen Way","Louisville","KY","40220"
28062,"1678 Harold Ave","Louisville","KY","40210"
28063,"3312 Bohannon Ave","Louisville","KY","40215"
28064,"6003 Alanadale Dr","Louisville","KY","40272"
28065,"4817 Bluebird Ave","Louisville","KY","40213"
28066,"620 Rudy Ln","Louisville","KY","40207"
28067,"221 Cecil Ave","Louisville","KY","40212"
28068,"1819 Tyler Pkwy","Louisville","KY","40204"
28069,"729 Compton St","Louisville","KY","40208"
28070,"2920 Pomeroy Dr","Louisville","KY","40218"
28071,"1410 Paul Ave","Louisville","KY","40215"
28072,"6217 Helenjean Way","Louisville","KY","40272"
28073,"7204 Shefford Ln","Louisville","KY","40242"
28074,"6601 Skyline Dr","Louisville","KY","40272"
28075,"4622 Haeringdon Dr","Louisville","KY","40299"
28076,"2316 Dumesnil St","Louisville","KY","40210"
28077,"8410 Bayou Way","Louisville","KY","40242"
28078,"1247 Texas Ave","Louisville","KY","40204"
28079,"3030 Dartmouth Ave","Louisville","KY","40205"
28080,"1189 Lincoln Ave","Louisville","KY","40208"
28081,"5414 Count Fleet Dr","Louisville","KY","40272"
28082,"200 Steedly Dr","Louisville","KY","40214"
28083,"10103 Afton Rd","Louisville","KY","40223"
28084,"10007 Robsion Rd","Louisville","KY","40299"
28085,"106 Pennsylvania Ave","Louisville","KY","40206"
28086,"304 Canton Ct","Louisville","KY","40222"
28087,"5501 Decker Rd","Louisville","KY","40258"
28088,"9010 Willow Springs Dr","Louisville","KY","40242"
28089,"4421 Brookhaven Ave","Louisville","KY","40220"
28090,"1235 Central Ave","Louisville","KY","40208"
28091,"4004 Plymouth Rd","Louisville","KY","40207"
28092,"7210 E Manslick Rd","Louisville","KY","40228"
28093,"17 Hawthorn Hl","Louisville","KY","40204"
28094,"9706 Cedar Lake Dr","Louisville","KY","40291"
28095,"1109 Fenley Ave","Louisville","KY","40222"
28096,"8605 Wayfield Ct","Louisville","KY","40299"
28097,"11505 Windy Willow Ct","Louisville","KY","40241"
28098,"3114 Auburn Cir","Louisville","KY","40299"
28099,"3 Rebel Rd","Louisville","KY","40206"
28100,"3015 Wayne Rd","Louisville","KY","40216"
28101,"5203 Nettie Way","Louisville","KY","40258"
28102,"2007 Balfour Dr","Louisville","KY","40242"
28103,"8812 Royal Oak Dr","Louisville","KY","40272"
28104,"3515 Park Row Dr","Louisville","KY","40216"
28105,"2236 Mary Catherine Dr","Louisville","KY","40216"
28106,"4704 Fox Den Ct","Louisville","KY","40241"
28107,"8517 Peggy Dr","Louisville","KY","40219"
28108,"3407 Colson Ct","Louisville","KY","40220"
28109,"7003 Uranus Dr","Louisville","KY","40258"
28110,"1252 Cooper Ave","Louisville","KY","40219"
28111,"9701 Sue Helen Dr","Louisville","KY","40299"
28112,"408 Gatehouse Ln","Louisville","KY","40243"
28113,"910 Ormsby Ln","Louisville","KY","40242"
28114,"1743 Wilson Ave","Louisville","KY","40210"
28115,"4620 Southcrest Dr","Louisville","KY","40215"
28116,"3608 Foreman Ln","Louisville","KY","40219"
28117,"3027 Saint Dennis Ave","Louisville","KY","40216"
28118,"1267 Springdale Dr","Louisville","KY","40213"
28119,"4111 Dienes Way","Louisville","KY","40216"
28120,"7612 Rosemary Ln","Louisville","KY","40214"
28121,"328 N 43rd St","Louisville","KY","40212"
28122,"212 Oxford Pl","Louisville","KY","40207"
28123,"1614 Sutherland Dr","Louisville","KY","40205"
28124,"5306 Cherita Rd","Louisville","KY","40219"
28125,"322 Downes Ln","Louisville","KY","40214"
28126,"113 Wood Rd","Louisville","KY","40222"
28127,"6506 Cady Dr","Louisville","KY","40258"
28128,"8105 Nancy Ln","Louisville","KY","40258"
28129,"310 Redding Rd","Louisville","KY","40218"
28130,"10712 Shelbyville Rd","Louisville","KY","40243"
28131,"219 Amy Ave","Louisville","KY","40212"
28132,"118 Bonnie Ln","Louisville","KY","40218"
28133,"2801 Carrington Ct","Louisville","KY","40242"
28134,"1301 Audubon Pkwy","Louisville","KY","40213"
28135,"5102 Mount Marcy Rd","Louisville","KY","40216"
28136,"3407 Lenoir Ave","Louisville","KY","40216"
28137,"503 Grand Vista Pl","Louisville","KY","40243"
28138,"8314 Daverman Dr","Louisville","KY","40228"
28139,"241 Kenoak Dr","Louisville","KY","40214"
28140,"219 Lillian Way","Louisville","KY","40214"
28141,"12011 Ancient Spring Dr","Louisville","KY","40245"
28142,"1702 Model Rd","Louisville","KY","40216"
28143,"4507 Swako Ln","Louisville","KY","40216"
28144,"7914 Daffodil Dr","Louisville","KY","40258"
28145,"2307 Pikes Peak Blvd","Louisville","KY","40214"
28146,"7605 Lancelot Ct","Louisville","KY","40222"
28147,"12422 Kingsley Dr","Louisville","KY","40229"
28148,"3031 Rosedale Blvd","Louisville","KY","40220"
28149,"1928 Duker Ave","Louisville","KY","40205"
28150,"1007 Audubon Pkwy","Louisville","KY","40213"
28151,"10395 Lower River Rd","Louisville","KY","40272"
28152,"1705 Adelia Ave","Louisville","KY","40210"
28153,"3704 Glenwillow Way","Louisville","KY","40299"
28154,"2201 W Oak St","Louisville","KY","40210"
28155,"825 Vannah Ave","Louisville","KY","40223"
28156,"2511 Ballad Blvd","Louisville","KY","40299"
28157,"2407 Woodbourne Ave","Louisville","KY","40205"
28158,"4315 S Park Rd","Louisville","KY","40219"
28159,"3104 Gambriel Ct","Louisville","KY","40205"
28160,"6005 Lewis Way","Louisville","KY","40272"
28161,"4211 Leo Ln","Louisville","KY","40299"
28162,"12912 Wooded Forest Rd","Louisville","KY","40243"
28163,"4000 Norene Ln","Louisville","KY","40219"
28164,"2407 Stayton Way","Louisville","KY","40242"
28165,"1771 Wilart Dr","Louisville","KY","40210"
28166,"7507 Mcintosh Way","Louisville","KY","40228"
28167,"3600 Henry Ave","Louisville","KY","40215"
28168,"2560 Cherosen Rd","Louisville","KY","40205"
28169,"8304 Latania Dr","Louisville","KY","40258"
28170,"117 Blue Fields Rd","Louisville","KY","40223"
28171,"6207 Manse Dr","Louisville","KY","40258"
28172,"710 Antrim Rd","Louisville","KY","40207"
28173,"8006 Greenway Dr","Louisville","KY","40222"
28174,"1534 Belmar Dr","Louisville","KY","40213"
28175,"1517 Quadrant Ave","Louisville","KY","40205"
28176,"2110 Mammoth Way","Louisville","KY","40299"
28177,"7020 Chippenham Rd","Louisville","KY","40222"
28178,"416 Beechland Rd","Louisville","KY","40229"
28179,"5206 Jenny June Dr","Louisville","KY","40213"
28180,"820 Palatka Rd","Louisville","KY","40214"
28181,"5318 Ronwood Dr","Louisville","KY","40219"
28182,"1900 Mary Catherine Dr","Louisville","KY","40216"
28183,"105 Dorchester Rd","Louisville","KY","40223"
28184,"316 Ring Rd","Louisville","KY","40207"
28185,"3200 Wilkie Rd","Louisville","KY","40216"
28186,"2807 Celina Dr","Louisville","KY","40213"
28187,"1421 Goddard Ave","Louisville","KY","40204"
28188,"3007 Nepperhan Rd","Louisville","KY","40220"
28189,"834 Dorsey Ln","Louisville","KY","40223"
28190,"300 Cambridge Station Rd","Louisville","KY","40223"
28191,"13106 Medora Rd","Louisville","KY","40272"
28192,"3002 Piedmont Dr","Louisville","KY","40205"
28193,"11113 Brookstone Ct","Louisville","KY","40223"
28194,"1891 Douglass Blvd","Louisville","KY","40205"
28195,"302 S 41st St","Louisville","KY","40212"
28196,"7413 Yorktown Rd","Louisville","KY","40214"
28197,"7906 Sunbury Ln","Louisville","KY","40220"
28198,"8710 Windsor View Dr","Louisville","KY","40272"
28199,"5106 Mediterranean Ct","Louisville","KY","40219"
28200,"7904 Gainsborough Ct","Louisville","KY","40291"
28201,"1605 Whippoorwill Rd","Louisville","KY","40213"
28202,"1608 W Breckinridge St","Louisville","KY","40210"
28203,"7707 Rochelle Rd","Louisville","KY","40228"
28204,"518 Grand Vista Pl","Louisville","KY","40243"
28205,"126 E Southern Heights Ave","Louisville","KY","40214"
28206,"2214 Hale Ave","Louisville","KY","40210"
28207,"1544 Quadrant Ave","Louisville","KY","40205"
28208,"4406 Arroyo Trl","Louisville","KY","40229"
28209,"1120 Julia Ave","Louisville","KY","40204"
28210,"2238 Valley Vista Rd","Louisville","KY","40205"
28211,"8022 Arnoldtown Rd","Louisville","KY","40214"
28212,"6206 Goalby Dr","Louisville","KY","40258"
28213,"3109 Mid Dale Ln","Louisville","KY","40220"
28214,"302 Mcarthur Dr","Louisville","KY","40207"
28215,"9606 Mary Dell Ln","Louisville","KY","40291"
28216,"8705 Michael Ray Dr","Louisville","KY","40219"
28217,"1900 Round Ridge Rd","Louisville","KY","40207"
28218,"206 Spring Garden Dr","Louisville","KY","40218"
28219,"4426 Dannywood Rd","Louisville","KY","40220"
28220,"10768 Tarrytowne Rd","Louisville","KY","40272"
28221,"5902 Rocky Mountain Dr","Louisville","KY","40219"
28222,"5209 Ronwood Dr","Louisville","KY","40219"
28223,"9310 Walhampton Dr","Louisville","KY","40242"
28224,"1546 Glenrock Rd","Louisville","KY","40216"
28225,"202 Bonner Ave","Louisville","KY","40207"
28226,"2517 Talbott Ave","Louisville","KY","40205"
28227,"2319 Burrell Dr","Louisville","KY","40216"
28228,"4301 Blue Sky Ct","Louisville","KY","40216"
28229,"3323 Fern Lea Rd","Louisville","KY","40216"
28230,"1709 Youngland Ave","Louisville","KY","40216"
28231,"4014 Carbine Ln","Louisville","KY","40229"
28232,"4204 Chenwood Ln","Louisville","KY","40299"
28233,"9800 Boxford Way","Louisville","KY","40242"
28234,"9810 Tiverton Way","Louisville","KY","40242"
28235,"3705 Modesto Rd","Louisville","KY","40299"
28236,"2803 Thames Ave","Louisville","KY","40220"
28237,"913 Thruston Dr","Louisville","KY","40217"
28238,"1809 Meadowgate Ln","Louisville","KY","40223"
28239,"5328 Georgia Ln","Louisville","KY","40219"
28240,"3516 Leith Ln","Louisville","KY","40218"
28241,"12204 Hardwick Rd","Louisville","KY","40243"
28242,"6803 Bainbridge Ct","Louisville","KY","40228"
28243,"1109 Southwestern Pkwy","Louisville","KY","40211"
28244,"900 Browns Ln","Louisville","KY","40207"
28245,"2611 Kennersley Dr","Louisville","KY","40242"
28246,"4836 Redstart Rd","Louisville","KY","40213"
28247,"10702 Linn Station Rd","Louisville","KY","40223"
28248,"2655 Drayton Dr","Louisville","KY","40205"
28249,"6106 Glen Hill Rd","Louisville","KY","40222"
28250,"2220 Janlyn Rd","Louisville","KY","40299"
28251,"2316 Strathmoor Blvd","Louisville","KY","40205"
28252,"321 W Triangle Ln","Louisville","KY","40229"
28253,"1426 Hazel St","Louisville","KY","40211"
28254,"8495 Fernview Dr","Louisville","KY","40291"
28255,"10005 Northridge Ct","Louisville","KY","40272"
28256,"3245 Greendale Dr","Louisville","KY","40216"
28257,"812 Stivers Rd","Louisville","KY","40207"
28258,"1090 Bicknell Ave","Louisville","KY","40215"
28259,"4127 Saint Joseph Ave","Louisville","KY","40216"
28260,"2417 Sherry Rd","Louisville","KY","40217"
28261,"4619 Bellevue Ave","Louisville","KY","40215"
28262,"6303 Kenyon Dr","Louisville","KY","40272"
28263,"4308 Brookhaven Ave","Louisville","KY","40220"
28264,"10410 Nanka Rd","Louisville","KY","40272"
28265,"11408 Upshur Pl","Louisville","KY","40241"
28266,"2503 Howard St","Louisville","KY","40211"
28267,"10923 Chenwood Ct","Louisville","KY","40299"
28268,"212 W Lee St","Louisville","KY","40208"
28269,"3909 Rollington Rd","Louisville","KY","40245"
28270,"3110 Sunny Ln","Louisville","KY","40205"
28271,"5216 Chasewood Pl","Louisville","KY","40229"
28272,"2718 Shippen Ave","Louisville","KY","40206"
28273,"3015 Windsor Lakes Pkwy","Louisville","KY","40214"
28274,"8204 Chickering Way","Louisville","KY","40228"
28275,"720 Circle Hill Rd","Louisville","KY","40207"
28276,"8910 La Costa Rd","Louisville","KY","40299"
28277,"2121 Speed Ave","Louisville","KY","40205"
28278,"2169 Eastview Ave","Louisville","KY","40205"
28279,"7213 Shefford Ln","Louisville","KY","40242"
28280,"3110 Pomeroy Dr","Louisville","KY","40220"
28281,"4308 Taggart Rd","Louisville","KY","40207"
28282,"6312 May Pen Rd","Louisville","KY","40228"
28283,"9804 Seatonville Rd","Louisville","KY","40291"
28284,"4347 Cavelle Ave","Louisville","KY","40213"
28285,"2304 Plantation Dr","Louisville","KY","40216"
28286,"4315 Kinloch Rd","Louisville","KY","40207"
28287,"124 Pope St","Louisville","KY","40206"
28288,"7100 Fontendleau Way","Louisville","KY","40291"
28289,"1905 Grantham Ct","Louisville","KY","40222"
28290,"6700 Scenic Trl","Louisville","KY","40272"
28291,"1119 Sylvia St","Louisville","KY","40217"
28292,"3011 Kent Rd","Louisville","KY","40205"
28293,"3321 Bank St","Louisville","KY","40212"
28294,"732 Hazel St","Louisville","KY","40211"
28295,"116 E Amherst Ave","Louisville","KY","40214"
28296,"4257 Northwestern Pkwy","Louisville","KY","40212"
28297,"6107 Rocky Mountain Dr","Louisville","KY","40219"
28298,"4208 Quiet Way","Louisville","KY","40219"
28299,"3602 Tarragon Rd","Louisville","KY","40219"
28300,"2922 Meadowview Cir","Louisville","KY","40220"
28301,"3930 Southern Pkwy","Louisville","KY","40214"
28302,"1027 Euclid Ave","Louisville","KY","40208"
28303,"5899 Eldorado Ave","Louisville","KY","40291"
28304,"1288 Bassett Ave","Louisville","KY","40204"
28305,"14113 Beckley Trce","Louisville","KY","40245"
28306,"3014 Wilkie Rd","Louisville","KY","40216"
28307,"7911 Judge Blvd","Louisville","KY","40219"
28308,"2119 Bank St","Louisville","KY","40212"
28309,"11507 Semillon Ln","Louisville","KY","40272"
28310,"5425 Sir Barton Dr","Louisville","KY","40272"
28311,"2310 Wetstein Ave","Louisville","KY","40205"
28312,"9230 Fern Creek Rd","Louisville","KY","40291"
28313,"7016 Beechland Ave","Louisville","KY","40258"
28314,"1014 Hathaway Ave","Louisville","KY","40215"
28315,"3008 Eleanor Ave","Louisville","KY","40205"
28316,"3100 Hale Ave","Louisville","KY","40211"
28317,"2913 Glenafton Ln","Louisville","KY","40217"
28318,"220 Kingston Ave","Louisville","KY","40214"
28319,"215 Appomattox Rd","Louisville","KY","40214"
28320,"6711 Orange Blossom Rd","Louisville","KY","40219"
28321,"5519 Bruce Ave","Louisville","KY","40214"
28322,"277 Eldorado Ave","Louisville","KY","40218"
28323,"4106 Alton Rd","Louisville","KY","40207"
28324,"2000 Floradora Dr","Louisville","KY","40272"
28325,"2803 Juniper Hill Ct","Louisville","KY","40206"
28326,"6621 Lunar Dr","Louisville","KY","40258"
28327,"2408 Blevins Gap Rd","Louisville","KY","40272"
28328,"1907 Dixie Garden Dr","Louisville","KY","40272"
28329,"4502 Fox Run Rd","Louisville","KY","40207"
28330,"4906 Kay Ave","Louisville","KY","40299"
28331,"2135 Wrocklage Ave","Louisville","KY","40205"
28332,"6307 Triplett Dr","Louisville","KY","40258"
28333,"9102 Hurstwood Ct","Louisville","KY","40222"
28334,"415 Rolling Ln","Louisville","KY","40207"
28335,"127 Cannons Ln","Louisville","KY","40206"
28336,"1525 Arling Ave","Louisville","KY","40215"
28337,"4112 Timothy Ln","Louisville","KY","40216"
28338,"415 Moser Rd","Louisville","KY","40223"
28339,"3104 Stonington Ct","Louisville","KY","40242"
28340,"8918 Westport Rd","Louisville","KY","40242"
28341,"2815 Pindell Ave","Louisville","KY","40217"
28342,"515 Scioto Dr","Louisville","KY","40223"
28343,"1827 Heaton Rd","Louisville","KY","40216"
28344,"5704 Tarragon Ct","Louisville","KY","40219"
28345,"5509 Beth Rd","Louisville","KY","40219"
28346,"1000 Excalibur Cor","Louisville","KY","40222"
28347,"1107 Red Fox Rd","Louisville","KY","40205"
28348,"5414 Hess Dr","Louisville","KY","40258"
28349,"2316 Donna Rd","Louisville","KY","40216"
28350,"4609 Haeringdon Dr","Louisville","KY","40299"
28351,"3141 S Crums Ln","Louisville","KY","40216"
28352,"9113 Willowwood Way","Louisville","KY","40299"
28353,"1430 Cloverhills Dr","Louisville","KY","40216"
28354,"8610 Banbridge Rd","Louisville","KY","40242"
28355,"8803 Abingdon Ct","Louisville","KY","40258"
28356,"875 Fetter Ave","Louisville","KY","40217"
28357,"2511 Legene Ct","Louisville","KY","40216"
28358,"4420 Vaneto Dr","Louisville","KY","40216"
28359,"6803 Norway Dr","Louisville","KY","40214"
28360,"3119 Mylanta Pl","Louisville","KY","40220"
28361,"2825 Brownsboro Rd","Louisville","KY","40206"
28362,"4209 S Brook St","Louisville","KY","40214"
28363,"117 N Hite Ave","Louisville","KY","40206"
28364,"10003 Timberwood Cir","Louisville","KY","40223"
28365,"4306 Milo Dr","Louisville","KY","40218"
28366,"120 Vernon Ave","Louisville","KY","40206"
28367,"7118 Feyhurst Dr","Louisville","KY","40258"
28368,"3700 Montclair Ave","Louisville","KY","40218"
28369,"4508 Landside Dr","Apt 11","Louisville",
28370,"7301 Verona Way","Louisville","KY","40218"
28371,"3606 Montclair Ave","Louisville","KY","40218"
28372,"4508 Landside Dr","Apt 10","Louisville",
28373,"3607 Shaker Mill Ct","Louisville","KY","40220"
28374,"3522 Westwood Farms Dr","Louisville","KY","40220"
28375,"3404 Norita Ct","Louisville","KY","40220"
28376,"7405 Verona Way","Louisville","KY","40218"
28377,"3406 Colson Ct","Louisville","KY","40220"
28378,"4508 Landside Dr","Apt 12","Louisville",
28379,"3605 Montclair Ave","Louisville","KY","40218"
28380,"3601 Montclair Ave","Louisville","KY","40218"
28381,"3705 Montclair Ave","Louisville","KY","40218"
28382,"3707 Valdosta Ave","Louisville","KY","40218"
28383,"4510 Landside Dr","Apt 10","Louisville",
28384,"400 James Rd","Louisville","KY","40206"
28385,"403 Lindsay Ct","Apt 8","Louisville",
28386,"2421 Lindsay Ave","Apt 1","Louisville",
28387,"2603 Lindsay Ave","Louisville","KY","40206"
28388,"419 Kenilworth Rd","Louisville","KY","40206"
28389,"611 Edith Rd","Louisville","KY","40206"
28390,"2425 Lindsay Ave","Apt 1","Louisville",
28391,"2425 Lindsay Ave","Apt 2","Louisville",
28392,"1902 Edith Ct","Louisville","KY","40206"
28393,"2423 Lindsay Ave","Apt 4","Louisville",
28394,"2616 Lindsay Ave","Louisville","KY","40206"
28395,"2423 Lindsay Ave","Apt 3","Louisville",
28396,"2421 Lindsay Ave","Apt 2","Louisville",
28397,"404 James Rd","Louisville","KY","40206"
28398,"2628 Lindsay Ave","Louisville","KY","40206"
28399,"449 Mount Holly Ave","Apt 2","Louisville",
28400,"449 Mount Holly Ave","Apt 8","Louisville",
28401,"2423 Lindsay Ave","Apt 2","Louisville",
28402,"429 Kenilworth Rd","Louisville","KY","40206"
28403,"2421 Lindsay Ave","Apt 3","Louisville",
28404,"407 Lindsay Ct","Apt 11","Louisville",
28405,"414 Kenilworth Rd","Louisville","KY","40206"
28406,"449 Mount Holly Ave","Apt 7","Louisville",
28407,"2425 Lindsay Ave","Apt 3","Louisville",
28408,"9402 Exhibition Ct","Louisville","KY","40291"
28409,"9501 Blue Ribbon Ct","Louisville","KY","40291"
28410,"9003 Thoroughbred Ct","Louisville","KY","40291"
28411,"5515 Pavilion Way","Louisville","KY","40291"
28412,"9010 Hudson Ln","Louisville","KY","40291"
28413,"250 Pope St","Louisville","KY","40206"
28414,"1841 Brownsboro Rd","Apt 1","Louisville",
28415,"1778 Mellwood Ave","Louisville","KY","40206"
28416,"184 William St","Louisville","KY","40206"
28417,"252 Pope St","Louisville","KY","40206"
28418,"285 Pope St","Apt 2","Louisville",
28419,"1831 Brownsboro Rd","Louisville","KY","40206"
28420,"1847 Brownsboro Rd","Louisville","KY","40206"
28421,"1814 Brownsboro Rd","Louisville","KY","40206"
28422,"1800 Brownsboro Rd","Louisville","KY","40206"
28423,"8704 Fairmount Ridge Ct","Louisville","KY","40291"
28424,"10533 Black Iron Rd","Louisville","KY","40291"
28425,"9123 Gayle Dr","Louisville","KY","40272"
28426,"9007 Wooddale Dr","Louisville","KY","40272"
28427,"4401 E Pages Ln","Louisville","KY","40272"
28428,"4309 E Pages Ln","Louisville","KY","40272"
28429,"9005 Wanlou Dr","Louisville","KY","40272"
28430,"9003 Wooddale Dr","Louisville","KY","40272"
28431,"4314 E Pages Ln","Louisville","KY","40272"
28432,"9118 Gayle Dr","Louisville","KY","40272"
28433,"9003 Dorjean Dr","Louisville","KY","40272"
28434,"4312 E Pages Ln","Louisville","KY","40272"
28435,"4304 E Pages Ln","Louisville","KY","40272"
28436,"9108 Gayle Dr","Louisville","KY","40272"
28437,"9111 Gayle Dr","Louisville","KY","40272"
28438,"18622 Chadwick Glen Cir","Louisville","KY","40245"
28439,"7006 John Paul Ln","Louisville","KY","40229"
28440,"8803 Lantana Dr","Louisville","KY","40229"
28441,"8902 Lantana Dr","Louisville","KY","40229"
28442,"8809 Lantana Dr","Louisville","KY","40229"
28443,"6908 John Paul Ln","Louisville","KY","40229"
28444,"7004 John Paul Ln","Louisville","KY","40229"
28445,"7010 John Paul Ln","Louisville","KY","40229"
28446,"8805 Lantana Dr","Louisville","KY","40229"
28447,"8907 Lantana Dr","Louisville","KY","40229"
28448,"9001 Admiral Dr","Louisville","KY","40229"
28449,"8819 William Penn Way","Louisville","KY","40228"
28450,"9013 Admiral Dr","Louisville","KY","40229"
28451,"8809 William Penn Way","Louisville","KY","40228"
28452,"8802 Lantana Dr","Louisville","KY","40229"
28453,"8904 Lantana Dr","Louisville","KY","40229"
28454,"9013 John Paul Ct","Louisville","KY","40229"
28455,"6425 Faris Way","Louisville","KY","40272"
28456,"6423 Faris Way","Louisville","KY","40272"
28457,"11008 Oliverda Dr","Louisville","KY","40272"
28458,"12414 Hedgeapple Way","Louisville","KY","40272"
28459,"6418 Faris Way","Louisville","KY","40272"
28460,"6413 Riverdale Rd","Louisville","KY","40272"
28461,"6310 Kenyon Dr","Louisville","KY","40272"
28462,"6708 Black Locust Way","Louisville","KY","40272"
28463,"6415 Faris Way","Louisville","KY","40272"
28464,"12800 Scotts Gap Rd","Louisville","KY","40272"
28465,"12820 Scotts Gap Rd","Louisville","KY","40272"
28466,"5010 Blevins Gap Rd","Louisville","KY","40272"
28467,"12816 Scotts Gap Rd","Louisville","KY","40272"
28468,"5713 Hasbrook Dr","Louisville","KY","40229"
28469,"11403 Garden Trace Dr","Louisville","KY","40229"
28470,"11316 Garden Trace Dr","Louisville","KY","40229"
28471,"2313 Lamar Ave","Louisville","KY","40216"
28472,"2318 Lamar Ave","Louisville","KY","40216"
28473,"2406 Ridgeview Ave","Louisville","KY","40220"
28474,"7313 Betsy Ross Dr","Louisville","KY","40272"
28475,"8540 Chase Rd","Louisville","KY","40258"
28476,"8712 Bost Ln","Louisville","KY","40219"
28477,"3601 Endeavor Way","Louisville","KY","40219"
28478,"4710 Rossmoor Dr","Louisville","KY","40219"
28479,"8311 Millington Ct","Louisville","KY","40228"
28480,"307 N 40th St","Louisville","KY","40212"
28481,"1621 Dixdale Ave","Louisville","KY","40210"
28482,"722 Fairhill Dr","Louisville","KY","40207"
28483,"4024 Winchester Rd","Louisville","KY","40207"
28484,"3013 Cromarty Way","Louisville","KY","40220"
28485,"4002 Machupe Dr","Louisville","KY","40241"
28486,"5105 Cool Brook Rd","Louisville","KY","40291"
28487,"7322 Supremus Dr","Louisville","KY","40214"
28488,"2320 Ackerman Ct","Louisville","KY","40212"
28489,"2001 Alexander Ave","Louisville","KY","40217"
28490,"251 Saint Matthews Ave","Louisville","KY","40207"
28491,"9604 Mary Dell Ln","Louisville","KY","40291"
28492,"511 E Brandeis Ave","Louisville","KY","40217"
28493,"5310 Vista John Dr","Louisville","KY","40214"
28494,"2600 Lynnbrook Ct","Louisville","KY","40220"
28495,"11100 Halkirk Pl","Louisville","KY","40243"
28496,"1027 Clayborne Rd","Louisville","KY","40214"
28497,"1146 Delor Ave","Louisville","KY","40217"
28498,"3200 Carrie Dr","Louisville","KY","40216"
28499,"3201 Kingswood Way","Louisville","KY","40216"
28500,"4415 Estate Dr","Louisville","KY","40216"
28501,"4312 Southern Pkwy","Louisville","KY","40214"
28502,"8322 Beulah Church Rd","Louisville","KY","40291"
28503,"10204 Afton Rd","Louisville","KY","40223"
28504,"600 Candlelight Ln","Louisville","KY","40214"
28505,"1502 S 28th St","Louisville","KY","40211"
28506,"2906 Glen Hill Ct","Louisville","KY","40222"
28507,"4030 Norbourne Blvd","Louisville","KY","40207"
28508,"9015 Thompson Ln","Louisville","KY","40258"
28509,"2411 Aintree Way","Louisville","KY","40220"
28510,"1108 Loretta St","Louisville","KY","40213"
28511,"6708 Copperfield Rd","Louisville","KY","40207"
28512,"7902 Annella Way","Louisville","KY","40219"
28513,"4800 Redmon Ct","Louisville","KY","40291"
28514,"9112 Wanlou Dr","Louisville","KY","40272"
28515,"3426 Warner Ave","Louisville","KY","40207"
28516,"2111 Keeneland Blvd","Louisville","KY","40223"
28517,"334 Possum Path","Louisville","KY","40214"
28518,"4840 Bellevue Ave","Louisville","KY","40215"
28519,"7401 Seebolt Dr","Louisville","KY","40219"
28520,"5404 Chenoweth Run Rd","Louisville","KY","40299"
28521,"1034 Reeves Rd","Louisville","KY","40219"
28522,"7804 Poinsettia Dr","Louisville","KY","40258"
28523,"4526 S 2nd St","Louisville","KY","40214"
28524,"8306 Cabin Hill Rd","Louisville","KY","40291"
28525,"9005 Wilson Ave","Louisville","KY","40242"
28526,"5800 Whispering Hills Blvd","Louisville","KY","40219"
28527,"521 Fairlawn Rd","Louisville","KY","40207"
28528,"6908 Cedar Lake Ct","Louisville","KY","40291"
28529,"3312 Nelinda May Dr","Louisville","KY","40213"
28530,"2033 S 16th St","Louisville","KY","40210"
28531,"1909 Lauderdale Rd","Apt 6","Louisville",
28532,"3415 Heatherfield Dr","Louisville","KY","40216"
28533,"5103 Rangoon Way","Louisville","KY","40218"
28534,"3609 Vanguard Dr","Louisville","KY","40229"
28535,"7900 Bluebonnet Rd","Louisville","KY","40258"
28536,"6411 Regal Rd","Louisville","KY","40222"
28537,"8800 Tranquil Valley Ln","Louisville","KY","40299"
28538,"1105 Hathaway Ave","Louisville","KY","40215"
28539,"418 Whiteheath Ln","Louisville","KY","40243"
28540,"128 Northwestern Pkwy","Louisville","KY","40212"
28541,"9503 Cedarlook Dr","Louisville","KY","40291"
28542,"839 Linwood Ave","Louisville","KY","40217"
28543,"4207 Leo Ln","Louisville","KY","40299"
28544,"4601 Flintlock Dr","Louisville","KY","40216"
28545,"3029 Eleanor Ave","Louisville","KY","40205"
28546,"682 S 42nd St","Louisville","KY","40211"
28547,"3119 Maywood Pl","Louisville","KY","40220"
28548,"12919 Urton Ln","Louisville","KY","40243"
28549,"5302 Haventree Pl","Louisville","KY","40229"
28550,"8613 Devonshire Dr","Louisville","KY","40258"
28551,"202 S Hampton Rd","Louisville","KY","40223"
28552,"215 Tyne Rd","Louisville","KY","40207"
28553,"1701 Gardiner Ln","Louisville","KY","40205"
28554,"554 Sunset Rd","Louisville","KY","40206"
28555,"305 Hidden Oak Way","Louisville","KY","40222"
28556,"631 Edith Rd","Louisville","KY","40206"
28557,"1902 Crimson Dr","Louisville","KY","40272"
28558,"8107 Springlake Dr","Louisville","KY","40241"
28559,"2307 Plantation Dr","Louisville","KY","40216"
28560,"5911 Crockett Dr","Louisville","KY","40258"
28561,"8611 Juarez Ct","Louisville","KY","40219"
28562,"525 Eastern Pkwy","Louisville","KY","40217"
28563,"2413 Mcgee Dr","Louisville","KY","40216"
28564,"7705 Tempsclair Rd","Louisville","KY","40220"
28565,"2000 S 28th St","Louisville","KY","40210"
28566,"8204 Hudson Ln","Louisville","KY","40291"
28567,"1021 English Ave","Louisville","KY","40217"
28568,"1086 Forrest View Dr","Louisville","KY","40219"
28569,"8804 Blue Lick Rd","Louisville","KY","40219"
28570,"3913 San Marcos Rd","Louisville","KY","40299"
28571,"2514 Lamborne Blvd","Louisville","KY","40272"
28572,"4603 Haeringdon Dr","Louisville","KY","40299"
28573,"122 N Watterson Trl","Louisville","KY","40243"
28574,"3514 Olive Rd","Louisville","KY","40219"
28575,"616 Wataga Dr","Louisville","KY","40206"
28576,"4102 Ormond Rd","Louisville","KY","40207"
28577,"1168 Tennessee Ave","Louisville","KY","40208"
28578,"501 Brookstone Way","Louisville","KY","40223"
28579,"701 Lydgate Cv","Louisville","KY","40222"
28580,"9805 Old Six Mile Ln","Louisville","KY","40299"
28581,"8006 Judge Blvd","Louisville","KY","40219"
28582,"5302 Oak Lea Dr","Louisville","KY","40216"
28583,"8806 Bluebell Dr","Louisville","KY","40219"
28584,"1825 Farnsley Rd","Louisville","KY","40216"
28585,"4000 Longview Rd","Louisville","KY","40299"
28586,"3602 Birnamwood Ct","Louisville","KY","40258"
28587,"1011 Chesham Rd","Louisville","KY","40207"
28588,"4707 S 6th St","Louisville","KY","40214"
28589,"3900 Kurtz Ave","Louisville","KY","40229"
28590,"2935 Sheldon Rd","Louisville","KY","40218"
28591,"7503 Clipping Cross Rd","Louisville","KY","40241"
28592,"2015 Timberhaven Trce","Louisville","KY","40214"
28593,"6908 Spourtland Dr","Louisville","KY","40228"
28594,"4121 Dienes Way","Louisville","KY","40216"
28595,"8901 Michael Edward Dr","Louisville","KY","40291"
28596,"3614 Dorset Ct","Louisville","KY","40214"
28597,"7602 Greenlawn Rd","Louisville","KY","40242"
28598,"5604 Elmer Ln","Louisville","KY","40214"
28599,"2531 Doup Ave","Louisville","KY","40205"
28600,"717 Waterford Rd","Louisville","KY","40207"
28601,"313 Monohan Dr","Louisville","KY","40207"
28602,"1525 Quadrant Ave","Louisville","KY","40205"
28603,"1008 Samuel St","Louisville","KY","40204"
28604,"8430 Newstead Ave","Louisville","KY","40219"
28605,"3217 Ellis Way","Louisville","KY","40220"
28606,"2801 Timber Hills Rd","Louisville","KY","40214"
28607,"7407 Bluffington Rd","Louisville","KY","40291"
28608,"909 Thorpe Dr","Louisville","KY","40243"
28609,"6705 Santom Ln","Louisville","KY","40291"
28610,"3300 Radiance Rd","Louisville","KY","40220"
28611,"2336 W Gaulbert Ave","Louisville","KY","40210"
28612,"5302 Burkett Ct","Louisville","KY","40291"
28613,"10200 Starlight Way","Louisville","KY","40272"
28614,"7010 Quail Brace Ct","Louisville","KY","40241"
28615,"1127 Reutlinger Ave","Louisville","KY","40204"
28616,"206 Westwood Dr","Louisville","KY","40243"
28617,"3104 Dunlieth Ct","Louisville","KY","40241"
28618,"3112 Houston Blvd","Louisville","KY","40220"
28619,"3026 Wurtele Ave","Louisville","KY","40216"
28620,"7903 Poinsettia Dr","Louisville","KY","40258"
28621,"10605 Kinross Ct","Louisville","KY","40243"
28622,"1507 Sylvan Wynde","Louisville","KY","40205"
28623,"3202 Virginia Ave","Louisville","KY","40211"
28624,"3810 Benje Way","Louisville","KY","40241"
28625,"107 Forest Ct","Louisville","KY","40206"
28626,"6506 Bilsim Ln","Louisville","KY","40291"
28627,"4803 Mike Ct","Louisville","KY","40291"
28628,"9307 Pagoda Dr","Louisville","KY","40229"
28629,"5213 Ronwood Dr","Louisville","KY","40219"
28630,"1510 Sylvan Ct","Louisville","KY","40205"
28631,"2225 Deveron Dr","Louisville","KY","40216"
28632,"2110 Garrs Ln","Louisville","KY","40216"
28633,"9002 Ferndale Rd","Louisville","KY","40291"
28634,"1637 Belmar Dr","Louisville","KY","40213"
28635,"4705 Ferrer Way","Louisville","KY","40299"
28636,"3017 Furman Blvd","Louisville","KY","40220"
28637,"503 Running Creek Pl","Louisville","KY","40243"
28638,"4515 S 6th St","Louisville","KY","40214"
28639,"4604 N Rutland Ave","Louisville","KY","40215"
28640,"2405 Stannye Dr","Louisville","KY","40222"
28641,"5800 Flagstone Ct","Louisville","KY","40219"
28642,"2318 Embassy Ln","Louisville","KY","40216"
28643,"2423 Concord Dr","Louisville","KY","40217"
28644,"7706 Circle Crest Rd","Louisville","KY","40241"
28645,"1513 Northwind Rd","Louisville","KY","40207"
28646,"1007 Andle Ct","Louisville","KY","40214"
28647,"7301 Maria Ave","Louisville","KY","40222"
28648,"1528 Algonquin Pkwy","Louisville","KY","40210"
28649,"4314 Accomack Dr","Louisville","KY","40241"
28650,"3502 Dorset Rd","Louisville","KY","40214"
28651,"4605 Jolynn Dr","Louisville","KY","40299"
28652,"1503 Olive St","Louisville","KY","40210"
28653,"10306 Florian Rd","Louisville","KY","40223"
28654,"4605 Walden Dr","Louisville","KY","40229"
28655,"1200 Eastern Pkwy","Louisville","KY","40204"
28656,"3407 Richard Ave","Louisville","KY","40207"
28657,"6611 Amigo Ct","Louisville","KY","40291"
28658,"1304 Everett Ave","Apt 6","Louisville",
28659,"9508 Polaris Dr","Louisville","KY","40229"
28660,"9607 Shoshone Way","Louisville","KY","40258"
28661,"3314 Janell Rd","Louisville","KY","40216"
28662,"5304 Ilex Ave","Louisville","KY","40213"
28663,"3301 Mount Rainier Dr","Louisville","KY","40241"
28664,"7306 Oswego Cir","Louisville","KY","40214"
28665,"3727 Downing Way","Louisville","KY","40218"
28666,"4525 Westchester Ave","Louisville","KY","40211"
28667,"1304 Joni Dr","Louisville","KY","40216"
28668,"5120 Mount Holyoke Dr","Louisville","KY","40216"
28669,"4215 W Market St","Louisville","KY","40212"
28670,"616 W Southern Heights Ave","Louisville","KY","40215"
28671,"1263 Willow Ave","Louisville","KY","40204"
28672,"2626 Whittier Ave","Louisville","KY","40205"
28673,"6413 North Dr","Louisville","KY","40272"
28674,"213 Beckley Woods Dr","Louisville","KY","40245"
28675,"8806 Mckenna Way","Louisville","KY","40291"
28676,"3603 Canterbury Dr","Louisville","KY","40299"
28677,"3107 Murray Hill Pike","Louisville","KY","40241"
28678,"3312 Conway Ct","Louisville","KY","40299"
28679,"4008 Chambers Way","Louisville","KY","40299"
28680,"3808 Northwestern Pkwy","Louisville","KY","40212"
28681,"7810 Columbine Dr","Louisville","KY","40258"
28682,"503 Forum Ave","Louisville","KY","40214"
28683,"11912 Halifax Dr","Louisville","KY","40245"
28684,"8200 Ferndale Rd","Louisville","KY","40291"
28685,"4532 Shenandoah Dr","Louisville","KY","40241"
28686,"4700 Mile Of Sunshine Dr","Louisville","KY","40219"
28687,"2511 W Main St","Louisville","KY","40212"
28688,"2425 Sherry Rd","Louisville","KY","40217"
28689,"6307 Big Ben Dr","Louisville","KY","40291"
28690,"203 Kratz Ln","Louisville","KY","40243"
28691,"2317 Parkwood Rd","Louisville","KY","40214"
28692,"9005 Haviland Ave","Louisville","KY","40220"
28693,"3608 Sudbury Ln","Louisville","KY","40220"
28694,"3404 Algonquin Pkwy","Louisville","KY","40211"
28695,"9215 Wooddale Dr","Louisville","KY","40272"
28696,"1147 Loretta St","Louisville","KY","40213"
28697,"1953 Roanoke Ave","Louisville","KY","40205"
28698,"4103 Vermont Ave","Louisville","KY","40211"
28699,"4903 Cova Dr","Louisville","KY","40216"
28700,"713 Dorsey Way","Louisville","KY","40223"
28701,"12303 Ledges Dr","Louisville","KY","40243"
28702,"9001 Lantana Dr","Louisville","KY","40229"
28703,"1614 Bonnycastle Ave","Louisville","KY","40205"
28704,"4902 Kay Ave","Louisville","KY","40299"
28705,"3010 Dale Ann Dr","Louisville","KY","40220"
28706,"1802 Wickham Way","Louisville","KY","40223"
28707,"4022 Saint Germaine Ct","Louisville","KY","40207"
28708,"9710 Somerford Rd","Louisville","KY","40242"
28709,"10909 Cowgill Pl","Louisville","KY","40243"
28710,"4804 Mid Dr","Louisville","KY","40272"
28711,"1903 Dillon Dr","Louisville","KY","40205"
28712,"4400 Virginia Ave","Louisville","KY","40211"
28713,"6108 Yellowsands Dr","Louisville","KY","40219"
28714,"12312 Ridge Crest Dr","Louisville","KY","40243"
28715,"3024 Sherbrooke Rd","Louisville","KY","40205"
28716,"906 Texas Ave","Louisville","KY","40217"
28717,"2711 Alice Ave","Louisville","KY","40220"
28718,"1762 W Oak St","Louisville","KY","40210"
28719,"3400 Eastside Dr","Louisville","KY","40220"
28720,"1853 Princeton Dr","Louisville","KY","40205"
28721,"7806 Poinsettia Dr","Louisville","KY","40258"
28722,"7403 Maria Ave","Louisville","KY","40222"
28723,"4803 Imperial Ter","Louisville","KY","40216"
28724,"610 Armadale Pl","Louisville","KY","40243"
28725,"4016 Saint Germaine Ct","Louisville","KY","40207"
28726,"3403 Fern Lea Rd","Louisville","KY","40216"
28727,"4606 Flintlock Dr","Louisville","KY","40216"
28728,"3908 Longview Rd","Louisville","KY","40299"
28729,"3220 Rock Creek Dr","Louisville","KY","40207"
28730,"8407 Roseborough Rd","Louisville","KY","40228"
28731,"4500 Plane Tree Dr","Louisville","KY","40219"
28732,"1058 Southacres Dr","Louisville","KY","40219"
28733,"1809 Woodfill Way","Louisville","KY","40205"
28734,"2251 Bradford Dr","Louisville","KY","40218"
28735,"312 Cornwallis Ct","Louisville","KY","40214"
28736,"119 N Bellaire Ave","Louisville","KY","40206"
28737,"209 Heady Ave","Louisville","KY","40207"
28738,"2808 Portland Ave","Louisville","KY","40212"
28739,"7606 Northern Spy Ct","Louisville","KY","40228"
28740,"407 Sprite Rd","Louisville","KY","40207"
28741,"10712 Blackwood Rd","Louisville","KY","40299"
28742,"2112 Quillman Rd","Louisville","KY","40214"
28743,"3308 Chickadee Rd","Louisville","KY","40213"
28744,"2602 Alps Rd","Louisville","KY","40216"
28745,"1004 Lydia St","Louisville","KY","40217"
28746,"5131 Frey Dr","Louisville","KY","40219"
28747,"6508 Alamo Ct","Louisville","KY","40258"
28748,"811 Perryman Rd","Louisville","KY","40207"
28749,"623 S 42nd St","Louisville","KY","40211"
28750,"5512 La Vel Ln","Louisville","KY","40216"
28751,"1029 Southwestern Pkwy","Louisville","KY","40211"
28752,"3105 Faywood Way","Louisville","KY","40215"
28753,"2038 San Jose Ave","Louisville","KY","40216"
28754,"4312 Taylor Blvd","Louisville","KY","40215"
28755,"1130 Willow Ave","Louisville","KY","40204"
28756,"202 S Peterson Ave","Louisville","KY","40206"
28757,"3031 Meade Ave","Louisville","KY","40217"
28758,"3007 Tremont Dr","Louisville","KY","40205"
28759,"1845 Alfresco Pl","Louisville","KY","40205"
28760,"6412 Sky Blue Ave","Louisville","KY","40258"
28761,"8915 Linn Station Rd","Louisville","KY","40222"
28762,"9310 Fernhill Dr","Louisville","KY","40291"
28763,"3910 Farmview Ave","Louisville","KY","40218"
28764,"4603 Stony Brook Dr","Louisville","KY","40299"
28765,"6700 Everton Dr","Louisville","KY","40258"
28766,"4302 Windy Oaks Rd","Louisville","KY","40241"
28767,"4604 Leesburg Ct","Louisville","KY","40241"
28768,"2033 Wingfield Ave","Louisville","KY","40210"
28769,"8640 Running Fox Cir","Louisville","KY","40291"
28770,"2500 Greenwood Ave","Louisville","KY","40210"
28771,"1935 Gardiner Ln","Apt C40","Louisville",
28772,"3106 Creekside Dr","Louisville","KY","40241"
28773,"1928 Nelson Ave","Louisville","KY","40216"
28774,"3702 Canterbury Dr","Louisville","KY","40299"
28775,"209 Hidden Oak Pl","Louisville","KY","40222"
28776,"429 Kaelin Dr","Louisville","KY","40207"
28777,"1937 Payne St","Louisville","KY","40206"
28778,"4343 Whitmore Ave","Louisville","KY","40215"
28779,"9610 Willowwood Way","Louisville","KY","40299"
28780,"161 Pennsylvania Ave","Louisville","KY","40206"
28781,"1324 Tycoon Way","Louisville","KY","40213"
28782,"4438 Manner Dale Dr","Louisville","KY","40220"
28783,"4813 Joy Lovene Dr","Louisville","KY","40216"
28784,"1040 Southacres Dr","Louisville","KY","40219"
28785,"506 Rolling Ln","Louisville","KY","40207"
28786,"5407 Count Fleet Dr","Louisville","KY","40272"
28787,"5111 Mount Holyoke Dr","Louisville","KY","40216"
28788,"3806 Bristol Oaks Dr","Louisville","KY","40299"
28789,"6519 Daverman Ct","Louisville","KY","40228"
28790,"6700 Green Meadow Ct","Louisville","KY","40207"
28791,"4017 S 3rd St","Louisville","KY","40214"
28792,"1722 Bachmann Dr","Louisville","KY","40216"
28793,"1601 Windsor Pl","Louisville","KY","40204"
28794,"3006 Eleanor Ave","Louisville","KY","40205"
28795,"2847 Hikes Ln","Apt 1AL","Louisville",
28796,"3707 Iron Horse Way","Louisville","KY","40272"
28797,"6609 Woodbark Ln","Louisville","KY","40291"
28798,"3225 Greendale Dr","Louisville","KY","40216"
28799,"4205 Windy Oaks Rd","Louisville","KY","40241"
28800,"206 Cayuga Rd","Louisville","KY","40207"
28801,"190 Coral Ave","Louisville","KY","40206"
28802,"3123 Wilkie Rd","Louisville","KY","40216"
28803,"149 N Galt Ave","Louisville","KY","40206"
28804,"9509 Farnham Dr","Louisville","KY","40223"
28805,"624 W Woodlawn Ave","Louisville","KY","40215"
28806,"11510 Flowervale Ln","Louisville","KY","40272"
28807,"7313 Watson Ln","Louisville","KY","40272"
28808,"2705 Goose Creek Rd","Louisville","KY","40242"
28809,"5308 Random Way","Louisville","KY","40291"
28810,"8308 Mckenna Way","Louisville","KY","40291"
28811,"311 Monohan Dr","Louisville","KY","40207"
28812,"9913 Michaele Ln","Louisville","KY","40299"
28813,"3201 Dunlova Ct","Louisville","KY","40241"
28814,"4318 Brookhaven Ave","Louisville","KY","40220"
28815,"5845 Brittany Woods Cir","Louisville","KY","40222"
28816,"3119 Rosedale Blvd","Louisville","KY","40220"
28817,"2023 Eastern Pkwy","Apt 4","Louisville",
28818,"2112 Wallie Ann Ct","Louisville","KY","40210"
28819,"7904 Brookridge Ln","Louisville","KY","40219"
28820,"2105 Redleaf Dr","Louisville","KY","40242"
28821,"4103 Nachand Ln","Louisville","KY","40218"
28822,"210 Welburn Dr","Louisville","KY","40218"
28823,"740 Zorn Ave","Apt 4G","Louisville",
28824,"5102 Volney Ct","Louisville","KY","40291"
28825,"9207 Whipps Mill Rd","Louisville","KY","40242"
28826,"1225 Holsworth Ln","Louisville","KY","40222"
28827,"3011 Wedgewood Way","Louisville","KY","40220"
28828,"4011 Elmwood Ave","Louisville","KY","40207"
28829,"2104 Hale Ave","Louisville","KY","40210"
28830,"7710 Charron Ct","Louisville","KY","40220"
28831,"8709 Running Fox Cir","Louisville","KY","40291"
28832,"809 Swan St","Louisville","KY","40204"
28833,"2713 W Market St","Louisville","KY","40212"
28834,"9120 Pine Lake Dr","Louisville","KY","40220"
28835,"6202 Mount Everest Dr","Louisville","KY","40216"
28836,"4765 Shenandoah Dr","Louisville","KY","40241"
28837,"1322 Short St","Louisville","KY","40213"
28838,"10701 Bowmore Ct","Louisville","KY","40243"
28839,"3520 Colmar Dr","Louisville","KY","40211"
28840,"121 S Longworth Ave","Louisville","KY","40212"
28841,"2606 Denham Rd","Louisville","KY","40205"
28842,"4803 Springdale Ct","Louisville","KY","40241"
28843,"3805 Garfield Ave","Louisville","KY","40212"
28844,"4304 Dawkins Ct","Louisville","KY","40229"
28845,"900 Fenley Ave","Louisville","KY","40222"
28846,"5503 Deering Heights Dr","Louisville","KY","40272"
28847,"2405 S 35th St","Louisville","KY","40211"
28848,"7200 Hollow Creek Rd","Louisville","KY","40228"
28849,"3103 Michael Dr","Louisville","KY","40220"
28850,"1007 Williamsburg Ct","Louisville","KY","40207"
28851,"7802 Davhal Dr","Louisville","KY","40291"
28852,"10900 Cheskirk Ct","Louisville","KY","40243"
28853,"9506 Titan Dr","Louisville","KY","40229"
28854,"10404 S Dodge Ln","Louisville","KY","40272"
28855,"5911 Leon Way","Louisville","KY","40214"
28856,"3508 Winnland Dr","Louisville","KY","40219"
28857,"209 N Hubbards Ln","Louisville","KY","40207"
28858,"1264 Goss Ave","Louisville","KY","40217"
28859,"1542 Dumesnil St","Louisville","KY","40210"
28860,"109 Sycamore Dr","Louisville","KY","40223"
28861,"1213 Fruitful Ct","Louisville","KY","40214"
28862,"306 Mackie Ln","Louisville","KY","40214"
28863,"1722 Grenade Ave","Louisville","KY","40213"
28864,"204 Flanders Ct","Apt 4","Louisville",
28865,"1213 E Kentucky St","Louisville","KY","40204"
28866,"8908 Bilsim Ct","Louisville","KY","40291"
28867,"2215 Cherian Dr","Louisville","KY","40299"
28868,"8103 Edsel Ln","Louisville","KY","40291"
28869,"1532 Sylvan Way","Louisville","KY","40205"
28870,"2014 Winston Ave","Louisville","KY","40205"
28871,"5404 Wethe Ct","Louisville","KY","40291"
28872,"1721 Kennedy Rd","Louisville","KY","40216"
28873,"853 Melford Ave","Louisville","KY","40217"
28874,"53 Sterling Rd","Louisville","KY","40220"
28875,"10005 Pentel Ln","Louisville","KY","40291"
28876,"4404 Alton Rd","Louisville","KY","40207"
28877,"722 Shelby Pkwy","Louisville","KY","40203"
28878,"6116 Rocky Mountain Dr","Louisville","KY","40219"
28879,"2905 Patti Ln","Louisville","KY","40299"
28880,"8903 Zabel Way","Louisville","KY","40291"
28881,"6508 Cady Dr","Louisville","KY","40258"
28882,"7215 Ben Franklin Ct","Louisville","KY","40214"
28883,"4921 Ramona Ln","Louisville","KY","40272"
28884,"1927 Dixie Garden Dr","Louisville","KY","40272"
28885,"1558 Walter Ave","Louisville","KY","40215"
28886,"3159 S 3rd St","Louisville","KY","40214"
28887,"4966 Winding Spring Cir","Louisville","KY","40245"
28888,"213 Biltmore Rd","Louisville","KY","40207"
28889,"2005 Croghan House Dr","Louisville","KY","40207"
28890,"7601 Colson Dr","Louisville","KY","40220"
28891,"2501 Marguerite Dr","Louisville","KY","40216"
28892,"901 Burning Springs Cir","Louisville","KY","40223"
28893,"10211 Bardstown Bluff Rd","Louisville","KY","40291"
28894,"8302 Laverne Dr","Louisville","KY","40299"
28895,"2228 Osage Ave","Louisville","KY","40210"
28896,"2352 Valley Vista Rd","Louisville","KY","40205"
28897,"803 Scone Ct","Louisville","KY","40243"
28898,"116 E Francis Ave","Louisville","KY","40214"
28899,"4600 Dannywood Rd","Louisville","KY","40220"
28900,"4709 Fegenbush Ln","Louisville","KY","40228"
28901,"1706 Tempest Way","Louisville","KY","40216"
28902,"10707 Water Oaks Ct","Louisville","KY","40241"
28903,"129 N Bayly Ave","Louisville","KY","40206"
28904,"147 Pope St","Louisville","KY","40206"
28905,"2152 Gladstone Ave","Louisville","KY","40205"
28906,"4344 Garland Ave","Louisville","KY","40211"
28907,"3213 Stegner Ave","Louisville","KY","40216"
28908,"1623 Jaeger Ave","Louisville","KY","40205"
28909,"5104 Rangoon Way","Louisville","KY","40218"
28910,"9214 Marlboro Cir","Louisville","KY","40222"
28911,"3937 Kennison Ave","Louisville","KY","40207"
28912,"418 Rolling Ln","Louisville","KY","40207"
28913,"3218 W Kentucky St","Louisville","KY","40211"
28914,"3521 Kirby Ln","Louisville","KY","40299"
28915,"2317 Lamar Ave","Louisville","KY","40216"
28916,"2806 Pomeroy Dr","Louisville","KY","40218"
28917,"6803 Nalery Way","Louisville","KY","40228"
28918,"1288 Fischer Ave","Louisville","KY","40204"
28919,"4527 Bellevue Ave","Louisville","KY","40215"
28920,"2410 Parkdale Ave","Louisville","KY","40220"
28921,"709 Vannah Ave","Louisville","KY","40223"
28922,"6022 Santa Fe Trl","Louisville","KY","40258"
28923,"4407 Mount Vernon Rd","Louisville","KY","40220"
28924,"3010 Greenup Rd","Louisville","KY","40217"
28925,"3114 Eagle Pass","Louisville","KY","40213"
28926,"6709 Lunar Dr","Louisville","KY","40258"
28927,"319 Ring Rd","Louisville","KY","40207"
28928,"5109 Volney Ct","Louisville","KY","40291"
28929,"5818 Bonfire Dr","Louisville","KY","40207"
28930,"9005 Catania Dr","Louisville","KY","40299"
28931,"6308 Overton Rd","Louisville","KY","40228"
28932,"114 N Rastetter Ave","Louisville","KY","40206"
28933,"3714 Rouge Way","Louisville","KY","40218"
28934,"4320 Lincoln Rd","Louisville","KY","40220"
28935,"4102 Riveroaks Ln","Louisville","KY","40241"
28936,"874 Eastern Pkwy","Louisville","KY","40217"
28937,"315 Foeburn Ln","Louisville","KY","40207"
28938,"4901 Ulrich Rd","Louisville","KY","40299"
28939,"11715 Montwood Ln","Louisville","KY","40272"
28940,"2716 Timber Hills Rd","Louisville","KY","40214"
28941,"2402 Royster Way","Louisville","KY","40258"
28942,"4620 Fox Run Rd","Louisville","KY","40207"
28943,"4108 Cheviot Dr","Louisville","KY","40216"
28944,"911 Loveall Ln","Louisville","KY","40223"
28945,"2621 W Madison St","Louisville","KY","40211"
28946,"1033 Minor Ln","Louisville","KY","40219"
28947,"6801 Fenwick Dr","Louisville","KY","40228"
28948,"10706 Bowmore Ct","Louisville","KY","40243"
28949,"7121 Green Spring Dr","Louisville","KY","40241"
28950,"3416 Hycliffe Ave","Louisville","KY","40207"
28951,"3241 Cross Bill Rd","Louisville","KY","40213"
28952,"10407 Saint Roche Dr","Louisville","KY","40299"
28953,"2405 Keswick Blvd","Louisville","KY","40217"
28954,"2100 Starmont Rd","Louisville","KY","40207"
28955,"3811 Fitzgerald Rd","Louisville","KY","40216"
28956,"3306 Breaux Dr","Louisville","KY","40220"
28957,"9412 Janna Dr","Louisville","KY","40272"
28958,"2025 S 16th St","Louisville","KY","40210"
28959,"5219 Famous Way","Louisville","KY","40219"
28960,"8907 Thompson Ln","Louisville","KY","40258"
28961,"2211 Wrocklage Ave","Louisville","KY","40205"
28962,"5613 Cynthia Dr","Louisville","KY","40291"
28963,"5420 Ripple Ln","Louisville","KY","40218"
28964,"7505 King Arthur Ct","Louisville","KY","40222"
28965,"3600 Northwestern Pkwy","Louisville","KY","40212"
28966,"2502 Talbott Ave","Louisville","KY","40205"
28967,"737 Waterford Rd","Louisville","KY","40207"
28968,"2010 Shadow Fern Dr","Louisville","KY","40216"
28969,"5201 Michael Edward Ct","Louisville","KY","40291"
28970,"4810 Granada Dr","Louisville","KY","40272"
28971,"5200 Michael Edward Ct","Louisville","KY","40291"
28972,"725 Gwendolyn St","Louisville","KY","40203"
28973,"602 Hatherleigh Ln","Louisville","KY","40222"
28974,"1383 Tyler Park Dr","Louisville","KY","40204"
28975,"4809 Ferrer Way","Louisville","KY","40291"
28976,"4307 Windy Oaks Rd","Louisville","KY","40241"
28977,"2139 Peabody Ln","Louisville","KY","40218"
28978,"10108 Kimblewick Dr","Louisville","KY","40223"
28979,"2305 Marguerite Dr","Louisville","KY","40216"
28980,"13407 Hinchbrook Blvd","Louisville","KY","40272"
28981,"2300 Emerson Ave","Louisville","KY","40205"
28982,"1590 Loney Ln","Louisville","KY","40216"
28983,"4302 Nachand Ln","Louisville","KY","40218"
28984,"2307 Steeplechase Dr","Louisville","KY","40299"
28985,"2004 Kenilworth Pl","Louisville","KY","40205"
28986,"4503 Fox Run Rd","Louisville","KY","40207"
28987,"1813 Deerwood Ave","Louisville","KY","40205"
28988,"1793 Bernheim Ln","Louisville","KY","40210"
28989,"1043 Baxter Ave","Louisville","KY","40204"
28990,"127 Mills Dr","Louisville","KY","40216"
28991,"2402 Farnsley Rd","Louisville","KY","40216"
28992,"2222 Tyler Ln","Louisville","KY","40205"
28993,"2725 W Chestnut St","Louisville","KY","40211"
28994,"3010 Rexford Way","Louisville","KY","40205"
28995,"4711 Ferrer Way","Louisville","KY","40299"
28996,"1748 Shady Ln","Louisville","KY","40205"
28997,"2514 Tregaron Ave","Louisville","KY","40299"
28998,"4306 Mada Way","Louisville","KY","40272"
28999,"9002 Westridge Ct","Louisville","KY","40242"
29000,"3230 Bremer Way","Louisville","KY","40213"
29001,"8705 Lakeridge Dr","Louisville","KY","40272"
29002,"700 Elsmere Cir","Louisville","KY","40223"
29003,"7610 Terry Rd","Louisville","KY","40258"
29004,"1823 Fust Ave","Louisville","KY","40216"
29005,"7505 Clipping Cross Rd","Louisville","KY","40241"
29006,"3125 Doreen Way","Louisville","KY","40220"
29007,"1129 W Indian Trl","Louisville","KY","40213"
29008,"4322 Charlotte Ann Dr","Louisville","KY","40216"
29009,"10208 Eve Dr","Louisville","KY","40272"
29010,"1851 Edgeland Ave","Louisville","KY","40204"
29011,"8508 Michael Edward Dr","Louisville","KY","40291"
29012,"4717 Lunenburg Dr","Louisville","KY","40245"
29013,"3802 Debson Way","Louisville","KY","40241"
29014,"1701 Lee Ct","Louisville","KY","40217"
29015,"1328 Lacona Ln","Louisville","KY","40213"
29016,"1874 Allgeier Ct","Louisville","KY","40213"
29017,"1020 Greenleaf Rd","Louisville","KY","40213"
29018,"9006 Shevie Dr","Louisville","KY","40272"
29019,"6911 Lower Hunters Trce","Louisville","KY","40258"
29020,"7900 Nottoway Cir","Louisville","KY","40214"
29021,"8511 Fernview Dr","Louisville","KY","40291"
29022,"991 Eastern Pkwy","Louisville","KY","40217"
29023,"5540 Bruce Ave","Louisville","KY","40214"
29024,"2534 Saratoga Dr","Louisville","KY","40205"
29025,"3407 Barclay Dr","Louisville","KY","40299"
29026,"1508 Valley Brook Rd","Louisville","KY","40222"
29027,"1915 Gladstone Ave","Louisville","KY","40205"
29028,"3804 Hillcreek Rd","Louisville","KY","40220"
29029,"314 Ridgeway Ave","Louisville","KY","40207"
29030,"12500 Nassau Ln","Louisville","KY","40243"
29031,"2518 Saratoga Dr","Louisville","KY","40205"
29032,"9 Eutropia Ct","Louisville","KY","40208"
29033,"308 S Chadwick Rd","Louisville","KY","40222"
29034,"7714 Dominique Dr","Louisville","KY","40228"
29035,"7902 Apple Valley Dr","Louisville","KY","40228"
29036,"537 Rawlings St","Louisville","KY","40217"
29037,"8306 Terry Rd","Louisville","KY","40258"
29038,"123 Brown Ave","Louisville","KY","40207"
29039,"1920 Woodbourne Ave","Louisville","KY","40205"
29040,"8705 Alshire Dr","Louisville","KY","40258"
29041,"6411 Deming Ln","Louisville","KY","40258"
29042,"5701 Coach Gate Wynde","Apt 60","Louisville",
29043,"11830 Olde Spring Rd","Louisville","KY","40245"
29044,"4944 Winding Spring Cir","Louisville","KY","40245"
29045,"4803 Redmon Ct","Louisville","KY","40291"
29046,"3607 Brownsboro Rd","Apt 12","Louisville",
29047,"4755 Shenandoah Dr","Louisville","KY","40241"
29048,"7409 Paiute Rd","Louisville","KY","40214"
29049,"2405 Cherian Dr","Louisville","KY","40299"
29050,"8610 Wooded Glen Rd","Louisville","KY","40220"
29051,"4101 Dienes Way","Louisville","KY","40216"
29052,"3807 Bigelow Dr","Louisville","KY","40299"
29053,"9206 Weissinger Ct","Louisville","KY","40241"
29054,"721 Gwendolyn St","Louisville","KY","40203"
29055,"1410 Central Ave","Louisville","KY","40208"
29056,"409 Kaelin Dr","Louisville","KY","40207"
29057,"9304 Cinderella Ln","Louisville","KY","40229"
29058,"2413 Northwestern Pkwy","Louisville","KY","40212"
29059,"5202 Nettie Way","Louisville","KY","40258"
29060,"3709 Bigelow Dr","Louisville","KY","40299"
29061,"507 Turnstile Trce","Louisville","KY","40223"
29062,"5406 Deering Heights Dr","Louisville","KY","40272"
29063,"4108 Wimpole Rd","Louisville","KY","40218"
29064,"5103 Charbdin Ct","Louisville","KY","40207"
29065,"6200 Aniwa Rd","Louisville","KY","40214"
29066,"8628 Running Fox Cir","Louisville","KY","40291"
29067,"1836 Edgeland Ave","Louisville","KY","40204"
29068,"3014 Lightheart Rd","Louisville","KY","40222"
29069,"2215 Walterdale Ter","Louisville","KY","40205"
29070,"2411 Fluhr Ln","Louisville","KY","40216"
29071,"9412 Moonridge Pl","Louisville","KY","40229"
29072,"9805 Galene Dr","Louisville","KY","40299"
29073,"4806 Bilandon Rd","Louisville","KY","40241"
29074,"3206 Greendale Dr","Louisville","KY","40216"
29075,"1901 Venetian Ct","Louisville","KY","40214"
29076,"1812 Rosedale Ave","Louisville","KY","40205"
29077,"126 Marshall Dr","Louisville","KY","40207"
29078,"9903 Normie Ln","Louisville","KY","40229"
29079,"2241 Woodford Pl","Louisville","KY","40205"
29080,"6211 Hanses Dr","Louisville","KY","40219"
29081,"2000 Ashley Ct","Louisville","KY","40242"
29082,"11003 Oreland Mill Rd","Louisville","KY","40229"
29083,"2829 Eleanor Ave","Louisville","KY","40205"
29084,"709 Bluegrass Ave","Louisville","KY","40215"
29085,"7103 Greenlawn Rd","Louisville","KY","40222"
29086,"6502 Watch Hill Rd","Louisville","KY","40228"
29087,"9311 Hudson Ln","Louisville","KY","40291"
29088,"406 Benjamin Ln","Louisville","KY","40222"
29089,"2111 Reynolds Ln","Louisville","KY","40218"
29090,"1204 Wolfe Ave","Louisville","KY","40213"
29091,"1815 Edenside Ave","Louisville","KY","40204"
29092,"9802 Boxford Ct","Louisville","KY","40242"
29093,"541 Leicester Cir","Louisville","KY","40222"
29094,"100 W Whitney Ave","Louisville","KY","40214"
29095,"4108 Lambert Ave","Louisville","KY","40218"
29096,"8502 Charing Cross Rd","Louisville","KY","40222"
29097,"8807 William Penn Way","Louisville","KY","40228"
29098,"10811 Marcitis Rd","Louisville","KY","40272"
29099,"7401 Lanfair Dr","Louisville","KY","40241"
29100,"1103 Timber Oak Dr","Louisville","KY","40223"
29101,"1110 Lydia St","Louisville","KY","40217"
29102,"4000 Wooded Way","Louisville","KY","40219"
29103,"8604 Denise Dr","Louisville","KY","40219"
29104,"5122 Acapolca Way","Louisville","KY","40219"
29105,"1133 Franelm Rd","Louisville","KY","40214"
29106,"210 Inverness Ave","Louisville","KY","40214"
29107,"10510 Lawrencekirk Ct","Louisville","KY","40243"
29108,"300 Mackie Ln","Louisville","KY","40214"
29109,"508 Indian Ridge Rd","Louisville","KY","40207"
29110,"1808 Addington Ave","Louisville","KY","40220"
29111,"10110 Kimblewick Dr","Louisville","KY","40223"
29112,"309 Angeletta Way","Louisville","KY","40214"
29113,"1505 Northwind Rd","Louisville","KY","40207"
29114,"3015 Groveview Ct","Louisville","KY","40214"
29115,"10307 Falling Tree Way","Louisville","KY","40223"
29116,"4211 Blossomwood Dr","Louisville","KY","40220"
29117,"1799 Kennedy Rd","Louisville","KY","40216"
29118,"2011 White Oak Ln","Louisville","KY","40216"
29119,"112 Lenoak Dr","Louisville","KY","40214"
29120,"7209 Billie Ln","Louisville","KY","40219"
29121,"4412 Culpepper Cir","Louisville","KY","40241"
29122,"2501 Paddock Ct","Louisville","KY","40216"
29123,"8601 Claudia Dr","Louisville","KY","40219"
29124,"235 Tucker Station Rd","Louisville","KY","40243"
29125,"1811 Blanca Ct","Louisville","KY","40223"
29126,"7907 Daffodil Dr","Louisville","KY","40258"
29127,"3605 Nelinda May Dr","Louisville","KY","40213"
29128,"223 Flamingo Dr","Louisville","KY","40218"
29129,"424 Iola Rd","Louisville","KY","40207"
29130,"3606 Ramblin Creek Rd","Louisville","KY","40299"
29131,"4937 Lagoona Dr","Louisville","KY","40219"
29132,"3419 Richmont Rd","Louisville","KY","40216"
29133,"7102 Rolling Creek Blvd","Louisville","KY","40228"
29134,"3935 Kennison Ave","Louisville","KY","40207"
29135,"2303 Village Dr","Louisville","KY","40205"
29136,"9413 Plumwood Rd","Louisville","KY","40291"
29137,"2503 Meadow Vale Ct","Louisville","KY","40242"
29138,"4 Hallsdale Dr","Louisville","KY","40220"
29139,"1111 Carlisle Ave","Louisville","KY","40215"
29140,"5907 Grayson Ct","Louisville","KY","40222"
29141,"516 Ledgeview Ct","Louisville","KY","40206"
29142,"1614 Phyllis Ave","Louisville","KY","40215"
29143,"365 Belvar Ave","Louisville","KY","40206"
29144,"1932 Roanoke Ave","Louisville","KY","40205"
29145,"8516 Burlingame Rd","Louisville","KY","40219"
29146,"201 Harlan Ave","Louisville","KY","40214"
29147,"927 S 47th St","Louisville","KY","40211"
29148,"8606 Shepherdsville Rd","Louisville","KY","40219"
29149,"1906 Deer Park Ave","Louisville","KY","40205"
29150,"4605 Plane Tree Dr","Louisville","KY","40219"
29151,"3302 Noe Way","Louisville","KY","40220"
29152,"4516 S 3rd St","Louisville","KY","40214"
29153,"225 Derby Ave","Louisville","KY","40218"
29154,"7611 Cedar Hollow Dr","Louisville","KY","40291"
29155,"509 Highwood Dr","Louisville","KY","40206"
29156,"1307 Lydia St","Louisville","KY","40217"
29157,"3018 Eagle Pass","Louisville","KY","40217"
29158,"1808 Fernwood Ave","Louisville","KY","40205"
29159,"5011 W Pages Ln","Louisville","KY","40258"
29160,"321 Zorn Ave","Louisville","KY","40206"
29161,"157 Totem Rd","Louisville","KY","40207"
29162,"125 Don Allen Rd","Louisville","KY","40207"
29163,"1832 Burwell Ave","Louisville","KY","40210"
29164,"3639 Taylor Blvd","Louisville","KY","40215"
29165,"1529 Beech St","Louisville","KY","40211"
29166,"6608 Lunar Dr","Louisville","KY","40258"
29167,"10804 Grafton Hall Rd","Louisville","KY","40272"
29168,"3911 Riveroaks Ln","Louisville","KY","40241"
29169,"7414 Fieldstone Way","Louisville","KY","40291"
29170,"402 Berry Hill Pl","Louisville","KY","40243"
29171,"3802 Charter Oaks Dr","Apt 2","Louisville",
29172,"5502 Cumnock Rd","Louisville","KY","40291"
29173,"2822 Dell Brooke Ave","Louisville","KY","40220"
29174,"2124 Dorothy Ave","Apt 5","Louisville",
29175,"3429 Glendale Ave","Louisville","KY","40215"
29176,"313 Moser Rd","Louisville","KY","40223"
29177,"7903 Trillium Dr","Louisville","KY","40258"
29178,"10004 Gandy Rd","Louisville","KY","40272"
29179,"1438 Cardinal Dr","Louisville","KY","40213"
29180,"3014 Valley Dr","Louisville","KY","40299"
29181,"7503 Michael Dr","Louisville","KY","40228"
29182,"6300 Hanses Dr","Louisville","KY","40219"
29183,"3039 Wickland Rd","Louisville","KY","40205"
29184,"6005 Toebbe Ln","Louisville","KY","40229"
29185,"715 Bluegrass Ave","Louisville","KY","40215"
29186,"2106 Challedon Way","Louisville","KY","40223"
29187,"4639 S 6th St","Louisville","KY","40214"
29188,"506 Briar Hill Rd","Louisville","KY","40206"
29189,"3102 Auburn Cir","Louisville","KY","40299"
29190,"1924 Goldsmith Ln","Unit 32","Louisville",
29191,"3017 Colonial Hill Rd","Louisville","KY","40205"
29192,"3105 Marlin Rd","Louisville","KY","40220"
29193,"1633 Dixdale Ave","Louisville","KY","40210"
29194,"10441 Ghentwood Row","Louisville","KY","40223"
29195,"6302 Cooper Chapel Rd","Louisville","KY","40229"
29196,"2318 Douglass Blvd","Louisville","KY","40205"
29197,"7709 Poinsettia Dr","Louisville","KY","40258"
29198,"3413 Lees Ln","Louisville","KY","40216"
29199,"2002 Alexander Ave","Louisville","KY","40217"
29200,"8607 Linda Rd","Louisville","KY","40219"
29201,"3103 Hikes Ln","Louisville","KY","40220"
29202,"5506 Walnut Way","Louisville","KY","40229"
29203,"501 Scioto Dr","Louisville","KY","40223"
29204,"7809 Joyce Dr","Louisville","KY","40219"
29205,"3305 Sumner Rd","Louisville","KY","40218"
29206,"1275 Farmdale Ave","Louisville","KY","40213"
29207,"2233 S Shelby St","Louisville","KY","40217"
29208,"5201 Mount Blanc Rd","Louisville","KY","40216"
29209,"1772 W Ormsby Ave","Louisville","KY","40210"
29210,"835 Vannah Ave","Louisville","KY","40223"
29211,"3814 Shannon Run Trl","Louisville","KY","40299"
29212,"10003 Northridge Dr","Louisville","KY","40272"
29213,"8211 Madrone Ave","Louisville","KY","40258"
29214,"246 Steedly Dr","Louisville","KY","40214"
29215,"1011 Springside Way","Louisville","KY","40223"
29216,"6911 Norlynn Dr","Louisville","KY","40228"
29217,"1614 Rosewood Ave","Louisville","KY","40204"
29218,"2010 Alexander Ave","Louisville","KY","40217"
29219,"210 Kenli Ct","Louisville","KY","40214"
29220,"2426 Merriwood Dr","Louisville","KY","40299"
29221,"1714 Grenade Ave","Louisville","KY","40213"
29222,"2704 Stephan Rd","Louisville","KY","40214"
29223,"1900 Herbert Ln","Louisville","KY","40272"
29224,"3624 Saint Edwards Dr","Louisville","KY","40299"
29225,"8602 Jenny Lind Dr","Louisville","KY","40219"
29226,"4700 Nottinghamshire Dr","Louisville","KY","40299"
29227,"1721 Loney Ln","Louisville","KY","40216"
29228,"812 Ahland Rd","Louisville","KY","40207"
29229,"4505 Saint Claude Ct","Louisville","KY","40299"
29230,"7704 Cecilia Way","Louisville","KY","40219"
29231,"5556 Bruce Ave","Louisville","KY","40214"
29232,"1035 S 2nd St","Louisville","KY","40203"
29233,"3612 Hillsboro Rd","Louisville","KY","40207"
29234,"533 Beecher St","Louisville","KY","40215"
29235,"3516 Kerry Dr","Louisville","KY","40218"
29236,"9711 Gandy Rd","Louisville","KY","40272"
29237,"6012 Count Turf Dr","Louisville","KY","40272"
29238,"2900 Butler Ct","Louisville","KY","40218"
29239,"8324 Beulah Church Rd","Louisville","KY","40291"
29240,"9001 Billingsgate Pl","Louisville","KY","40242"
29241,"2809 Winterhaven Rd","Louisville","KY","40220"
29242,"8803 Avondale Ct","Louisville","KY","40299"
29243,"7721 Poinsettia Dr","Louisville","KY","40258"
29244,"2400 Woodmont Dr","Louisville","KY","40220"
29245,"5210 Doyle Dr","Louisville","KY","40216"
29246,"2004 Croghan House Dr","Louisville","KY","40207"
29247,"4335 River Park Dr","Louisville","KY","40211"
29248,"7207 Peppermill Ct","Louisville","KY","40228"
29249,"4509 Arroyo Trl","Louisville","KY","40229"
29250,"2808 Lexham Rd","Louisville","KY","40220"
29251,"8000 Poinsettia Dr","Louisville","KY","40258"
29252,"8000 Mary Sue Dr","Louisville","KY","40291"
29253,"2611 Goldsmith Ln","Louisville","KY","40218"
29254,"2617 Northwestern Pkwy","Louisville","KY","40212"
29255,"1915 Claremoor Dr","Louisville","KY","40223"
29256,"3103 Tara Gale Dr","Louisville","KY","40216"
29257,"4100 Wimpole Rd","Louisville","KY","40218"
29258,"1707 W Lee St","Louisville","KY","40210"
29259,"8205 Nash Rd","Louisville","KY","40214"
29260,"5610 Braulio Ct","Louisville","KY","40291"
29261,"208 Inverness Ave","Louisville","KY","40214"
29262,"10004 Tuppence Trce","Louisville","KY","40223"
29263,"2846 Regan Ave","Louisville","KY","40206"
29264,"1914 Elba Dr","Louisville","KY","40218"
29265,"6303 Mount Everest Dr","Louisville","KY","40216"
29266,"6414 North Dr","Louisville","KY","40272"
29267,"3104 Meadowlark Ave","Louisville","KY","40213"
29268,"2034 Bonnycastle Ave","Louisville","KY","40205"
29269,"7910 Bala Ct","Louisville","KY","40291"
29270,"2532 Hawthorne Ave","Louisville","KY","40205"
29271,"2531 Ellsworth Ave","Louisville","KY","40217"
29272,"1316 Arcade Ave","Louisville","KY","40215"
29273,"822 Reading Rd","Louisville","KY","40217"
29274,"9203 Le Beau Ct","Louisville","KY","40299"
29275,"1482 Cherokee Rd","Louisville","KY","40204"
29276,"11 Beverly Rd","Louisville","KY","40204"
29277,"4935 Swaps Ln","Louisville","KY","40216"
29278,"4603 Dannywood Rd","Louisville","KY","40220"
29279,"1905 Lowell Ave","Louisville","KY","40205"
29280,"131 N Birchwood Ave","Louisville","KY","40206"
29281,"9020 Chenault Rd","Louisville","KY","40258"
29282,"8408 Linda Rd","Louisville","KY","40219"
29283,"2020 West Ln","Louisville","KY","40216"
29284,"217 Club Oak Ct","Louisville","KY","40223"
29285,"9915 Mary Dell Ln","Louisville","KY","40291"
29286,"10408 Florian Rd","Louisville","KY","40223"
29287,"951 Thruston Dr","Louisville","KY","40217"
29288,"3711 Wheeler Ave","Louisville","KY","40215"
29289,"2510 Meadow Rd","Louisville","KY","40205"
29290,"4027 Blanton Ln","Louisville","KY","40216"
29291,"1100 Holly Springs Dr","Louisville","KY","40242"
29292,"8011 Columbine Dr","Louisville","KY","40258"
29293,"3010 Aubert Ave","Louisville","KY","40206"
29294,"7718 Carnation Dr","Louisville","KY","40258"
29295,"2913 White Plains Rd","Louisville","KY","40218"
29296,"2020 New Main St","Louisville","KY","40206"
29297,"2554 Seneca Dr","Louisville","KY","40205"
29298,"7311 Wood Rock Rd","Louisville","KY","40291"
29299,"6906 Triangle Dr","Louisville","KY","40214"
29300,"3322 Noe Way","Louisville","KY","40220"
29301,"1319 E Washington St","Louisville","KY","40206"
29302,"4029 Saint Germaine Ct","Louisville","KY","40207"
29303,"3630 Johnston Way","Louisville","KY","40220"
29304,"4336 Vermont Ave","Louisville","KY","40211"
29305,"5313 Winslow Dr","Louisville","KY","40272"
29306,"2600 Hurdle Way","Louisville","KY","40220"
29307,"1930 Strathmoor Blvd","Louisville","KY","40205"
29308,"1905 W Chestnut St","Louisville","KY","40203"
29309,"12505 Osage Rd","Louisville","KY","40223"
29310,"603 Elsmere Cir","Louisville","KY","40223"
29311,"5306 Rayburn Rd","Louisville","KY","40272"
29312,"6905 Blackhorse Dr","Louisville","KY","40291"
29313,"2205 Emerson Ave","Louisville","KY","40205"
29314,"5 Hill Top Ct","Louisville","KY","40214"
29315,"822 Packard Ave","Louisville","KY","40217"
29316,"7114 Greengate Ct","Louisville","KY","40241"
29317,"901 Cannons Ln","Louisville","KY","40207"
29318,"402 Hillview Dr","Louisville","KY","40214"
29319,"4912 Runic Way","Louisville","KY","40218"
29320,"10811 Onandaga Ct","Louisville","KY","40229"
29321,"2140 Bonnycastle Ave","Apt 7D","Louisville",
29322,"5207 Cool Brook Rd","Louisville","KY","40291"
29323,"503 Turnstile Trce","Louisville","KY","40223"
29324,"9907 Glenda Ct","Louisville","KY","40223"
29325,"3502 Dayton Ave","Louisville","KY","40207"
29326,"703 Victoria Pl","Louisville","KY","40207"
29327,"4310 E Pages Ln","Louisville","KY","40272"
29328,"6413 Montego Bay Rd","Louisville","KY","40228"
29329,"6127 Arlone Ct","Louisville","KY","40216"
29330,"7901 Celestial Way","Louisville","KY","40291"
29331,"2911 Miles Rd","Louisville","KY","40220"
29332,"232 Stilz Ave","Louisville","KY","40206"
29333,"6610 Bruner Ln","Louisville","KY","40272"
29334,"4201 Blevins Gap Rd","Louisville","KY","40272"
29335,"2505 Post Ct","Louisville","KY","40299"
29336,"6400 Sonnette Way","Louisville","KY","40258"
29337,"8109 Carnes Dr","Louisville","KY","40219"
29338,"2512 Newburg Rd","Louisville","KY","40205"
29339,"4110 Gingerwood Dr","Louisville","KY","40220"
29340,"10312 Whipps Mill Rd","Louisville","KY","40223"
29341,"4177 Churchman Ave","Louisville","KY","40215"
29342,"6002 Crossbeak Ct","Louisville","KY","40229"
29343,"3705 Eastside Dr","Louisville","KY","40220"
29344,"4606 Edgebourne Ct","Louisville","KY","40299"
29345,"7502 Adler Way","Louisville","KY","40222"
29346,"4714 Guy Dr","Louisville","KY","40258"
29347,"2832 Garfield Ave","Louisville","KY","40212"
29348,"9003 Shevie Dr","Louisville","KY","40272"
29349,"6200 Rocky Mountain Dr","Louisville","KY","40228"
29350,"8501 Bayou Way","Louisville","KY","40242"
29351,"1123 Minor Ln","Louisville","KY","40219"
29352,"801 S 33rd St","Louisville","KY","40211"
29353,"9812 Tiverton Way","Louisville","KY","40242"
29354,"6501 Watch Hill Rd","Louisville","KY","40228"
29355,"3908 Lees Ln","Louisville","KY","40216"
29356,"2112 Mammoth Way","Louisville","KY","40299"
29357,"9828 Meadow Vale Dr","Louisville","KY","40242"
29358,"2403 Clarendon Ave","Louisville","KY","40205"
29359,"2166 Baringer Ave","Louisville","KY","40204"
29360,"510 Old Harrods Creek Rd","Louisville","KY","40223"
29361,"7720 Jonquil Dr","Louisville","KY","40258"
29362,"3305 Radiance Rd","Louisville","KY","40220"
29363,"1237 Weller Ave","Louisville","KY","40208"
29364,"1906 Hazelwood Ct","Louisville","KY","40214"
29365,"3408 Seton Hill Dr","Louisville","KY","40216"
29366,"1916 Strathmoor Blvd","Louisville","KY","40205"
29367,"165 Mills Dr","Louisville","KY","40216"
29368,"407 Evergreen Rd","Louisville","KY","40223"
29369,"815 Stivers Rd","Louisville","KY","40207"
29370,"212 Kinnaird Ln","Louisville","KY","40243"
29371,"2547 Seneca Dr","Louisville","KY","40205"
29372,"2518 Grand Ave","Louisville","KY","40210"
29373,"5104 Fairwood Ln","Louisville","KY","40291"
29374,"10100 Cardigan Dr","Louisville","KY","40299"
29375,"529 Warnock St","Louisville","KY","40217"
29376,"1547 W Ormsby Ave","Louisville","KY","40210"
29377,"4200 S Brook St","Louisville","KY","40214"
29378,"7409 Greenlawn Rd","Louisville","KY","40222"
29379,"3902 W Muhammad Ali Blvd","Louisville","KY","40212"
29380,"1118 Schiller Ave","Louisville","KY","40204"
29381,"1824 Mary Catherine Dr","Louisville","KY","40216"
29382,"2910 Tremont Dr","Louisville","KY","40205"
29383,"3503 River Park Dr","Louisville","KY","40211"
29384,"1302 Willow Ave","Louisville","KY","40204"
29385,"5615 Carolyn Way","Louisville","KY","40219"
29386,"237 Delmont Ave","Louisville","KY","40206"
29387,"3508 Foreman Ln","Louisville","KY","40219"
29388,"2522 Legene Dr","Louisville","KY","40216"
29389,"1222 Park Hills Dr","Louisville","KY","40207"
29390,"10417 La Plaza Ave","Louisville","KY","40272"
29391,"2808 Windsor Forest Dr","Louisville","KY","40272"
29392,"3109 Sora Ave","Louisville","KY","40213"
29393,"306 Oread Rd","Louisville","KY","40207"
29394,"3946 Gilman Ave","Louisville","KY","40207"
29395,"2310 Chalmer Ct","Louisville","KY","40216"
29396,"2107 Eastern Pkwy","Louisville","KY","40204"
29397,"9814 Boxford Ct","Louisville","KY","40242"
29398,"10805 Grafton Hall Rd","Louisville","KY","40272"
29399,"3 Kenil Ct","Louisville","KY","40206"
29400,"7915 Sunbury Ln","Louisville","KY","40220"
29401,"404 Hillview Dr","Louisville","KY","40214"
29402,"8721 Running Fox Cir","Louisville","KY","40291"
29403,"3905 Norene Ln","Louisville","KY","40219"
29404,"8306 Mckenna Way","Louisville","KY","40291"
29405,"2321 Alta Ave","Louisville","KY","40205"
29406,"2804 Marigold Ave","Louisville","KY","40213"
29407,"804 Circle Hill Rd","Louisville","KY","40207"
29408,"2116 Douglass Blvd","Louisville","KY","40205"
29409,"3305 Natchez Ln","Louisville","KY","40206"
29410,"3314 Richelle Dr","Louisville","KY","40216"
29411,"5406 Stephen Foster Ave","Louisville","KY","40213"
29412,"3110 Arjay Ln","Louisville","KY","40220"
29413,"225 Norbourne Blvd","Louisville","KY","40207"
29414,"7400 Templeton Dr","Louisville","KY","40214"
29415,"3614 Taxus Trl","Louisville","KY","40299"
29416,"1468 S 9th St","Louisville","KY","40208"
29417,"6903 Carlimar Ct","Louisville","KY","40222"
29418,"2408 Ashwood Dr","Louisville","KY","40205"
29419,"2105 Ronnie Ave","Louisville","KY","40216"
29420,"4503 Estate Dr","Louisville","KY","40216"
29421,"6104 Boca Chica Ct","Louisville","KY","40219"
29422,"9907 Timberwood Cir","Louisville","KY","40223"
29423,"4903 Rosalind Ct","Louisville","KY","40218"
29424,"235 Carey Ave","Louisville","KY","40218"
29425,"4302 Dana Dr","Louisville","KY","40216"
29426,"722 Cecil Ave","Louisville","KY","40211"
29427,"3120 Likens Ave","Louisville","KY","40211"
29428,"311 Caroldale Ln","Louisville","KY","40243"
29429,"7907 Gayeway Dr","Louisville","KY","40219"
29430,"6613 Norway Dr","Louisville","KY","40214"
29431,"1841 Speed Ave","Louisville","KY","40205"
29432,"4033 Saint Germaine Ct","Louisville","KY","40207"
29433,"2334 Alta Ave","Louisville","KY","40205"
29434,"10309 Grand Ave","Louisville","KY","40299"
29435,"614 Dresden Ave","Louisville","KY","40215"
29436,"1305 Lillian Ave","Louisville","KY","40208"
29437,"9212 Reigate Ct","Louisville","KY","40222"
29438,"12005 Wide Spring Ct","Louisville","KY","40245"
29439,"201 Blue Ridge Rd","Louisville","KY","40223"
29440,"3100 Deibel Ct","Louisville","KY","40220"
29441,"8807 Halford Way","Louisville","KY","40299"
29442,"9909 Shirewick Way","Louisville","KY","40272"
29443,"9211 Fenmore Ave","Louisville","KY","40272"
29444,"3310 Conway Ct","Louisville","KY","40299"
29445,"1070 Cecil Ave","Louisville","KY","40211"
29446,"9816 Meadow Vale Dr","Louisville","KY","40242"
29447,"211 Arterburn Dr","Louisville","KY","40222"
29448,"9107 Pine Lake Dr","Louisville","KY","40220"
29449,"1102 Goss Ave","Louisville","KY","40217"
29450,"9900 Nanka Rd","Louisville","KY","40272"
29451,"14 Indian Hills Trl","Louisville","KY","40207"
29452,"4611 Hedgerow Ct","Louisville","KY","40220"
29453,"107 Wickfield Dr","Louisville","KY","40245"
29454,"1423 Belmar Dr","Louisville","KY","40213"
29455,"1658 Cowling Ave","Louisville","KY","40205"
29456,"4313 Shenandoah Dr","Louisville","KY","40241"
29457,"1907 Lonesome Hollow Rd","Louisville","KY","40272"
29458,"2808 Del Rio Pl","Louisville","KY","40220"
29459,"2904 Koster Pl","Louisville","KY","40241"
29460,"1809 Argonne Ave","Louisville","KY","40216"
29461,"8402 Michael Ray Dr","Louisville","KY","40219"
29462,"3901 Brookfield Ave","Louisville","KY","40207"
29463,"2415 Douglass Blvd","Louisville","KY","40205"
29464,"2010 Croghan House Dr","Louisville","KY","40207"
29465,"2209 Amboy Dr","Louisville","KY","40216"
29466,"2500 Glenmary Ave","Apt 104","Louisville",
29467,"726 Brookline Ave","Louisville","KY","40214"
29468,"8397 Dorinda Ave","Louisville","KY","40258"
29469,"6305 Overton Rd","Louisville","KY","40228"
29470,"2604 Tregaron Ave","Louisville","KY","40299"
29471,"143 Seneca Trl","Louisville","KY","40214"
29472,"4006 Northwestern Pkwy","Louisville","KY","40212"
29473,"911 Algonquin Pkwy","Louisville","KY","40208"
29474,"2226 W Madison St","Louisville","KY","40211"
29475,"2816 Winterhaven Rd","Louisville","KY","40220"
29476,"2519 Talbott Ave","Louisville","KY","40205"
29477,"8617 Cotswold Dr","Louisville","KY","40258"
29478,"1227 Krupp Park Dr","Louisville","KY","40213"
29479,"7610 Market Cart Way","Louisville","KY","40291"
29480,"5368 Stephan Dr","Louisville","KY","40258"
29481,"5803 Mount Everest Dr","Louisville","KY","40216"
29482,"3015 Garey Ln","Louisville","KY","40216"
29483,"2525 George Rogers Clark Pl","Apt T07","Louisville",
29484,"6914 Applegate Ln","Louisville","KY","40228"
29485,"210 W Woodlawn Ave","Louisville","KY","40214"
29486,"1005 Ambridge Dr","Louisville","KY","40207"
29487,"13415 Horncastle Way","Louisville","KY","40272"
29488,"5700 Dogwood Blvd","Louisville","KY","40299"
29489,"836 Clarks Ln","Louisville","KY","40217"
29490,"3125 Eagle Pass","Louisville","KY","40213"
29491,"1310 Old Mill Rd","Louisville","KY","40242"
29492,"1820 Chaucer Ct","Louisville","KY","40220"
29493,"4830 Determine Ln","Louisville","KY","40216"
29494,"4800 Burris Dr","Louisville","KY","40291"
29495,"806 Skylark Dr","Louisville","KY","40223"
29496,"9502 Slayton Ct","Louisville","KY","40229"
29497,"8510 Glendale Trce","Louisville","KY","40291"
29498,"1108 King Arthur Ln","Louisville","KY","40222"
29499,"619 Foxgate Rd","Louisville","KY","40223"
29500,"5009 Margo Ave","Louisville","KY","40258"
29501,"2806 Montana Ave","Louisville","KY","40208"
29502,"2705 Lexington Rd","Louisville","KY","40206"
29503,"2014 Millgate Rd","Louisville","KY","40223"
29504,"5506 Cedarwood Dr","Louisville","KY","40272"
29505,"2505 Bagby Way","Louisville","KY","40216"
29506,"5212 Barnes Dr","Louisville","KY","40219"
29507,"3513 Janell Rd","Louisville","KY","40216"
29508,"629 S 42nd St","Louisville","KY","40211"
29509,"7006 Uranus Dr","Louisville","KY","40258"
29510,"9 Rio Vista Dr","Louisville","KY","40207"
29511,"10804 Golden Maple Pl","Louisville","KY","40223"
29512,"1602 Gardiner Ln","Apt 122","Louisville",
29513,"119 Wooded Falls Rd","Louisville","KY","40243"
29514,"2700 Summerfield Dr","Louisville","KY","40220"
29515,"3806 Gaywood Dr","Louisville","KY","40272"
29516,"3511 Pirogue Rd","Louisville","KY","40299"
29517,"5400 Robinwood Rd","Louisville","KY","40218"
29518,"742 Woodmore Ave","Louisville","KY","40214"
29519,"3003 Sunnyfield Rd","Louisville","KY","40220"
29520,"10700 Colonial Woods Ct","Louisville","KY","40223"
29521,"8908 Sweet Bay Pl","Louisville","KY","40242"
29522,"4611 Unseld Blvd","Louisville","KY","40218"
29523,"10306 Charleswood Rd","Louisville","KY","40229"
29524,"10700 Colonial Woods Way","Louisville","KY","40223"
29525,"1429 Sylvan Way","Louisville","KY","40205"
29526,"2222 W Oak St","Louisville","KY","40210"
29527,"5617 Southern Pkwy","Louisville","KY","40214"
29528,"1105 Ellison Ave","Louisville","KY","40204"
29529,"4406 Comanche Trl","Louisville","KY","40207"
29530,"29 College Ct","Louisville","KY","40203"
29531,"32 College Ct","Louisville","KY","40203"
29532,"36 College Ct","Louisville","KY","40203"
29533,"9700 Fairground Rd","Louisville","KY","40291"
29534,"22 College Ct","Louisville","KY","40203"
29535,"2234 Payne St","Louisville","KY","40206"
29536,"4027 Crawford Ave","Louisville","KY","40218"
29537,"20 College Ct","Louisville","KY","40203"
29538,"8 College Ct","Louisville","KY","40203"
29539,"13 College Ct","Louisville","KY","40203"
29540,"2108 Douglass Blvd","Louisville","KY","40205"
29541,"4012 Wooded Way","Louisville","KY","40219"
29542,"7110 Johnsontown Rd","Louisville","KY","40272"
29543,"2232 Payne St","Louisville","KY","40206"
29544,"7414 Kort Way","Louisville","KY","40220"
29545,"304 Fall Harvest Ct","Louisville","KY","40223"
29546,"3809 Chatham Rd","Louisville","KY","40218"
29547,"1120 Holly Springs Dr","Louisville","KY","40242"
29548,"7417 Old North Church Rd","Louisville","KY","40214"
29549,"2017 Gladstone Ave","Louisville","KY","40205"
29550,"114 N Bayly Ave","Louisville","KY","40206"
29551,"3256 Cross Bill Rd","Louisville","KY","40213"
29552,"308 New England Ct","Louisville","KY","40214"
29553,"1522 Huntoon Ave","Louisville","KY","40215"
29554,"6902 Chippenham Rd","Louisville","KY","40222"
29555,"2415 Bradley Ave","Louisville","KY","40217"
29556,"345 S Shawnee Ter","Louisville","KY","40212"
29557,"10410 Tollhouse Ct","Louisville","KY","40241"
29558,"1904 Nelson Ave","Louisville","KY","40216"
29559,"1128 Markwell Ln","Louisville","KY","40219"
29560,"855 Linwood Ave","Louisville","KY","40217"
29561,"7608 E Manslick Rd","Louisville","KY","40228"
29562,"120 Pennsylvania Ave","Louisville","KY","40206"
29563,"5311 Chenoweth Park Ln","Louisville","KY","40291"
29564,"9422 Chambers Way","Louisville","KY","40229"
29565,"1004 Fenley Ave","Louisville","KY","40222"
29566,"419 Bromwell Dr","Louisville","KY","40245"
29567,"2115 Wallie Ann Ct","Louisville","KY","40210"
29568,"3810 Elmwood Ave","Louisville","KY","40207"
29569,"204 Angeletta Way","Louisville","KY","40214"
29570,"9203 Seaton Springs Pkwy","Louisville","KY","40222"
29571,"10714 Old Taylorsville Rd","Louisville","KY","40299"
29572,"314 Welburn Dr","Louisville","KY","40218"
29573,"1024 Anchorage Woods Cir","Louisville","KY","40223"
29574,"3015 Juniper Hill Rd","Louisville","KY","40206"
29575,"10614 Sunderland Rd","Louisville","KY","40243"
29576,"1709 Meadowgate Ln","Louisville","KY","40223"
29577,"213 Sequoya Rd","Louisville","KY","40207"
29578,"415 Willow Stone Way","Louisville","KY","40223"
29579,"3030 Dale Ann Dr","Louisville","KY","40220"
29580,"508 Club Ln","Louisville","KY","40207"
29581,"4223 Chenoweth Run Rd","Louisville","KY","40299"
29582,"5403 Laureltree Pl","Louisville","KY","40229"
29583,"4812 Warbler Way","Louisville","KY","40213"
29584,"3019 Bushmill Park","Louisville","KY","40241"
29585,"1036 Runell Rd","Louisville","KY","40214"
29586,"2557 Carolina Ave","Louisville","KY","40205"
29587,"12510 Ledges Dr","Louisville","KY","40243"
29588,"1115 Johnson Farm Rd","Louisville","KY","40245"
29589,"1803 Rutherford Ave","Louisville","KY","40205"
29590,"1005 Dresden Ave","Louisville","KY","40215"
29591,"5210 Moccasin Trl","Louisville","KY","40207"
29592,"110 Marshall Dr","Louisville","KY","40207"
29593,"929 Ellison Ave","Louisville","KY","40204"
29594,"1055 Barret Ave","Louisville","KY","40204"
29595,"2110 Magazine St","Louisville","KY","40211"
29596,"1011 Forrest St","Louisville","KY","40217"
29597,"2128 Sherwood Ave","Louisville","KY","40205"
29598,"17 College Ct","Louisville","KY","40203"
29599,"903 Starlite Ct","Louisville","KY","40207"
29600,"222 Choctaw Rd","Louisville","KY","40207"
29601,"6122 Cooper Chapel Rd","Louisville","KY","40229"
29602,"2208 Medford Ln","Louisville","KY","40218"
29603,"10904 Shetland Pl","Louisville","KY","40243"
29604,"2909 Creekside Dr","Louisville","KY","40241"
29605,"119 Mills Dr","Louisville","KY","40216"
29606,"8402 La Cima Ct","Louisville","KY","40219"
29607,"1240 Inverary Ct","Louisville","KY","40222"
29608,"3206 Wren Rd","Louisville","KY","40213"
29609,"1127 S Shelby St","Louisville","KY","40203"
29610,"1917 Buttonwood Rd","Louisville","KY","40222"
29611,"3512 Lexington Rd","Louisville","KY","40207"
29612,"9813 Thor Ave","Louisville","KY","40229"
29613,"6700 Sycamore Woods Dr","Louisville","KY","40241"
29614,"4306 S 1st St","Louisville","KY","40214"
29615,"2131 Peabody Ln","Louisville","KY","40218"
29616,"8901 Largo Ct","Louisville","KY","40299"
29617,"3023 Poppy Way","Louisville","KY","40206"
29618,"1103 Gagel Ave","Louisville","KY","40216"
29619,"2904 Nepperhan Rd","Louisville","KY","40218"
29620,"10208 Falling Tree Way","Louisville","KY","40223"
29621,"1706 W Hill St","Louisville","KY","40210"
29622,"9708 Nordic Dr","Louisville","KY","40272"
29623,"118 Gibson Rd","Louisville","KY","40207"
29624,"7902 Machupe Ct","Louisville","KY","40241"
29625,"4600 E Pages Ln","Louisville","KY","40272"
29626,"2227 Gladstone Ave","Louisville","KY","40205"
29627,"5212 Pluto Dr","Louisville","KY","40258"
29628,"1711 Windsor Pl","Louisville","KY","40204"
29629,"1546 Catalpa St","Louisville","KY","40211"
29630,"710 Cannons Ln","Louisville","KY","40207"
29631,"2819 Esther Blvd","Louisville","KY","40220"
29632,"1712 Trevilian Way","Louisville","KY","40205"
29633,"4316 Churchill Rd","Louisville","KY","40207"
29634,"7806 Laurel Ridge Rd","Louisville","KY","40219"
29635,"226 E Wampum Ave","Louisville","KY","40209"
29636,"2320 Gladstone Ave","Louisville","KY","40205"
29637,"5513 Hess Dr","Louisville","KY","40258"
29638,"1046 Franelm Rd","Louisville","KY","40214"
29639,"4217 Tamm Ct","Louisville","KY","40272"
29640,"5104 Miles Ln","Louisville","KY","40219"
29641,"7234 Heatherly Sq","Louisville","KY","40242"
29642,"2922 Cannons Ln","Louisville","KY","40205"
29643,"8200 Cortland Dr","Louisville","KY","40228"
29644,"2005 San Jose Ave","Louisville","KY","40216"
29645,"1418 Earl Ave","Louisville","KY","40215"
29646,"9201 Lantana Dr","Louisville","KY","40229"
29647,"2333 Embassy Ln","Louisville","KY","40216"
29648,"108 N 44th St","Louisville","KY","40212"
29649,"6346 Doe Run Rd","Louisville","KY","40216"
29650,"611 Plainview Terrace Dr","Louisville","KY","40223"
29651,"617 Woodlake Dr","Louisville","KY","40245"
29652,"4200 Seagrape Rd","Louisville","KY","40299"
29653,"214 S Sherrin Ave","Louisville","KY","40207"
29654,"7315 Old North Church Rd","Louisville","KY","40214"
29655,"911 Audubon Pkwy","Louisville","KY","40213"
29656,"7906 Sherry Lynn Ct","Louisville","KY","40228"
29657,"8596 Roth Rd","Louisville","KY","40219"
29658,"12430 Kingsley Dr","Louisville","KY","40229"
29659,"3525 Schaffner Dr","Louisville","KY","40216"
29660,"8804 Abingdon Ct","Louisville","KY","40258"
29661,"3108 Weather Way","Louisville","KY","40220"
29662,"7811 Conifer Dr","Louisville","KY","40258"
29663,"8021 Woodbury Dr","Louisville","KY","40219"
29664,"819 Linwood Ave","Louisville","KY","40217"
29665,"1506 Arling Ave","Louisville","KY","40215"
29666,"174 S Steedland Dr","Louisville","KY","40229"
29667,"918 Burning Springs Cir","Louisville","KY","40223"
29668,"2604 Acushnet Ct","Louisville","KY","40242"
29669,"9600 Camille Dr","Louisville","KY","40299"
29670,"1850 Douglass Blvd","Louisville","KY","40205"
29671,"1040 Hess Ln","Louisville","KY","40217"
29672,"1617 Huntoon Ave","Louisville","KY","40215"
29673,"3526 Whippoorwill Rd","Louisville","KY","40213"
29674,"2312 Winston Ave","Louisville","KY","40205"
29675,"4910 Margo Ave","Louisville","KY","40258"
29676,"910 Starlite Ct","Louisville","KY","40207"
29677,"2502 Ballantrae Cir","Louisville","KY","40242"
29678,"315 Kenny Blvd","Louisville","KY","40214"
29679,"1022 Sylvia St","Louisville","KY","40217"
29680,"7404 Yorktown Rd","Louisville","KY","40214"
29681,"5611 E Manslick Rd","Louisville","KY","40219"
29682,"4306 Norene Ln","Louisville","KY","40219"
29683,"4135 Fordson Way","Louisville","KY","40211"
29684,"4400 Charlotte Ann Dr","Louisville","KY","40216"
29685,"1724 Luken Dr","Louisville","KY","40216"
29686,"1608 Earl Ave","Louisville","KY","40215"
29687,"7011 Irewick Way","Louisville","KY","40272"
29688,"4704 Tivis Ct","Louisville","KY","40218"
29689,"1825 Burwell Ave","Louisville","KY","40210"
29690,"2022 Auburn Dr","Louisville","KY","40216"
29691,"2901 Arden Rd","Louisville","KY","40220"
29692,"7400 Arnoldtown Rd","Louisville","KY","40214"
29693,"10399 Lower River Rd","Louisville","KY","40272"
29694,"4525 Cod Dr","Louisville","KY","40272"
29695,"8704 Wildon Pl","Louisville","KY","40220"
29696,"10903 Marbado Ct","Louisville","KY","40229"
29697,"8000 Annella Way","Louisville","KY","40219"
29698,"565 Upland Rd","Louisville","KY","40206"
29699,"9403 Janna Dr","Louisville","KY","40272"
29700,"550 Wainwright Ave","Louisville","KY","40217"
29701,"408 Rosewood Ct","Louisville","KY","40223"
29702,"3028 Lexington Rd","Louisville","KY","40206"
29703,"1013 Seelbach Ave","Louisville","KY","40215"
29704,"3200 Sudbury Ln","Louisville","KY","40220"
29705,"1518 Talmadge Way","Louisville","KY","40216"
29706,"701 N Barbee Way","Louisville","KY","40217"
29707,"6302 Overton Rd","Louisville","KY","40228"
29708,"3830 Hunsinger Ln","Louisville","KY","40220"
29709,"3601 Grissom Way","Louisville","KY","40229"
29710,"6604 Delton Rd","Louisville","KY","40258"
29711,"2211 Stephan Ln","Louisville","KY","40214"
29712,"700 Rudy Ln","Louisville","KY","40207"
29713,"8215 Twin Lakes Ct","Louisville","KY","40214"
29714,"4602 Wolfspring Dr","Louisville","KY","40241"
29715,"4079 Gilman Ave","Louisville","KY","40207"
29716,"3706 Nanz Ave","Louisville","KY","40207"
29717,"10626 Gleneagle Pl","Louisville","KY","40223"
29718,"6715 Fallen Leaf Cir","Louisville","KY","40241"
29719,"7804 Lesane Dr","Louisville","KY","40214"
29720,"7610 Greenlawn Rd","Louisville","KY","40242"
29721,"3517 Burrell Dr","Louisville","KY","40216"
29722,"3413 Park Row Dr","Louisville","KY","40216"
29723,"7622 Greenfield Ave","Louisville","KY","40214"
29724,"9300 Cornflower Rd","Louisville","KY","40272"
29725,"6908 Bellcrest Ct","Louisville","KY","40291"
29726,"10302 Cara Ct","Louisville","KY","40299"
29727,"6405 Riverdale Rd","Louisville","KY","40272"
29728,"1640 Edenside Ave","Louisville","KY","40204"
29729,"1801 Ashmoor Ln","Louisville","KY","40223"
29730,"2523 Gardiner Ln","Louisville","KY","40205"
29731,"3502 Fern Lea Rd","Louisville","KY","40216"
29732,"3104 Vogue Ave","Louisville","KY","40220"
29733,"8821 Roman Ct","Louisville","KY","40291"
29734,"7702 Kenhurst Dr","Louisville","KY","40258"
29735,"9003 Seaforth Dr","Louisville","KY","40258"
29736,"16 Rio Vista Dr","Louisville","KY","40207"
29737,"4604 Palma Rd","Louisville","KY","40272"
29738,"9910 Scrim Ave","Louisville","KY","40272"
29739,"2700 Pindell Ave","Louisville","KY","40217"
29740,"7914 Barbourmeade Rd","Louisville","KY","40241"
29741,"715 Foxgate Rd","Louisville","KY","40223"
29742,"1930 Princeton Dr","Louisville","KY","40205"
29743,"4307 Dannywood Rd","Louisville","KY","40220"
29744,"1815 Gardiner Ln","Apt G64","Louisville",
29745,"1613 Military Ave","Louisville","KY","40242"
29746,"124 S 44th St","Louisville","KY","40212"
29747,"1526 Cherokee Rd","Louisville","KY","40205"
29748,"8108 Regency Woods Way","Louisville","KY","40220"
29749,"3032 Cabinwood Dr","Louisville","KY","40220"
29750,"4410 Shenandoah Dr","Louisville","KY","40241"
29751,"3410 Fern Lea Rd","Louisville","KY","40216"
29752,"7004 Field View Ct","Louisville","KY","40291"
29753,"10101 Sycamore Shoals Ct","Louisville","KY","40223"
29754,"2601 Hurdle Way","Louisville","KY","40220"
29755,"3018 Windsor Lakes Pkwy","Louisville","KY","40214"
29756,"2597 E Burnett Ave","Louisville","KY","40217"
29757,"708 N Arbor Dr","Louisville","KY","40223"
29758,"5305 Lawrin Rd","Louisville","KY","40272"
29759,"8914 La Costa Rd","Louisville","KY","40299"
29760,"835 N Pope Lick Rd","Louisville","KY","40243"
29761,"3705 Hughes Rd","Louisville","KY","40207"
29762,"7707 Cecilia Way","Louisville","KY","40219"
29763,"211 Militia Dr","Louisville","KY","40214"
29764,"6209 Smyrna Pl","Louisville","KY","40228"
29765,"1400 Wurtele Ave","Louisville","KY","40208"
29766,"6813 Shibley Ave","Louisville","KY","40291"
29767,"2628 Alford Ave","Louisville","KY","40212"
29768,"8126 Lake Ter","Apt G11","Louisville",
29769,"309 Short Rd","Louisville","KY","40207"
29770,"1706 Stevens Ave","Louisville","KY","40205"
29771,"4503 Lunenburg Dr","Louisville","KY","40245"
29772,"3017 Fleming Ave","Louisville","KY","40206"
29773,"8808 Tranquil Valley Ln","Louisville","KY","40299"
29774,"881 Fetter Ave","Louisville","KY","40217"
29775,"8110 Judge Blvd","Louisville","KY","40219"
29776,"226 N Hite Ave","Louisville","KY","40206"
29777,"9808 Winged Foot Dr","Louisville","KY","40223"
29778,"5111 Queens Castle Rd","Louisville","KY","40229"
29779,"7011 Green Manor Dr","Louisville","KY","40228"
29780,"8008 Brush Ln","Louisville","KY","40291"
29781,"2831 Eleanor Ave","Louisville","KY","40205"
29782,"2500 Parliament Ct","Louisville","KY","40272"
29783,"4505 Trey Ct","Louisville","KY","40220"
29784,"2923 Raven Ct","Louisville","KY","40220"
29785,"10309 Turnstile Ct","Louisville","KY","40223"
29786,"334 Mac Brae Rd","Louisville","KY","40214"
29787,"8809 Cedar Creek Rd","Louisville","KY","40291"
29788,"11707 Pierce Way","Louisville","KY","40272"
29789,"4971 Winding Spring Cir","Louisville","KY","40245"
29790,"2325 Carlton Ter","Louisville","KY","40205"
29791,"2715 Montana Ave","Louisville","KY","40208"
29792,"9611 Chapel Hill Rd","Louisville","KY","40229"
29793,"3137 Radiance Rd","Louisville","KY","40220"
29794,"6004 Pageant Way","Louisville","KY","40214"
29795,"9103 Wanlou Dr","Louisville","KY","40272"
29796,"4112 Burrell Dr","Louisville","KY","40216"
29797,"5808 Maryman Rd","Louisville","KY","40258"
29798,"707 Forest Park Rd","Louisville","KY","40223"
29799,"205 Staebler Ave","Louisville","KY","40207"
29800,"2506 Paddock Ln","Louisville","KY","40216"
29801,"7002 Court","of the Woods","Louisville",
29802,"6745 Vandre Ave","Louisville","KY","40228"
29803,"3127 Radiance Rd","Louisville","KY","40220"
29804,"3522 Wexford Dr","Louisville","KY","40218"
29805,"1305 Castlewood Dell","Louisville","KY","40204"
29806,"716 Lydgate Cv","Louisville","KY","40222"
29807,"4006 Leland Rd","Louisville","KY","40207"
29808,"4913 Invicta Dr","Louisville","KY","40216"
29809,"8106 Regency Woods Way","Louisville","KY","40220"
29810,"4314 Savage Dr","Louisville","KY","40216"
29811,"2230 Bonnycastle Ave","Louisville","KY","40205"
29812,"1437 Highland Ave","Louisville","KY","40204"
29813,"1951 Deer Park Ave","Louisville","KY","40205"
29814,"7103 Tangelo Dr","Louisville","KY","40228"
29815,"9008 Admont Ct","Louisville","KY","40220"
29816,"3706 Craig Ave","Louisville","KY","40215"
29817,"5401 Cumnock Rd","Louisville","KY","40291"
29818,"200 Staebler Ave","Louisville","KY","40207"
29819,"121 Tristan Rd","Louisville","KY","40222"
29820,"11201 New Stone Ct","Louisville","KY","40223"
29821,"9107 Wanlou Dr","Louisville","KY","40272"
29822,"305 Elk River Dr","Louisville","KY","40214"
29823,"457 Swing Ln","Louisville","KY","40207"
29824,"8701 Mckenna Way","Louisville","KY","40291"
29825,"2012 Balfour Dr","Louisville","KY","40242"
29826,"2905 Weissinger Rd","Louisville","KY","40241"
29827,"6217 Hackberry Way","Louisville","KY","40229"
29828,"611 Upland Rd","Louisville","KY","40206"
29829,"1014 Mary St","Louisville","KY","40204"
29830,"2906 Wallingford Ct","Louisville","KY","40218"
29831,"4102 Glen Hill Manor Dr","Louisville","KY","40272"
29832,"9104 Pomona Pl","Louisville","KY","40272"
29833,"120 Crestwood Ave","Louisville","KY","40206"
29834,"4323 Bayberry Dr","Louisville","KY","40216"
29835,"8905 Provincetown Pl","Louisville","KY","40242"
29836,"4905 Margo Ave","Louisville","KY","40258"
29837,"5612 Crabapple Ct","Louisville","KY","40219"
29838,"3402 Seton Hill Dr","Louisville","KY","40216"
29839,"3407 Nellie Bly Dr","Louisville","KY","40213"
29840,"136 E Wellington Ave","Louisville","KY","40214"
29841,"12625 Ledges Dr","Louisville","KY","40243"
29842,"1409 Somerhill Way","Louisville","KY","40223"
29843,"3307 Natchez Ln","Louisville","KY","40206"
29844,"1615 Gagel Ave","Louisville","KY","40216"
29845,"8413 Michael Edward Dr","Louisville","KY","40291"
29846,"2025 Bruce Ave","Louisville","KY","40218"
29847,"5806 Alicante Ln","Louisville","KY","40272"
29848,"6125 Loretta St","Louisville","KY","40213"
29849,"2819 Goose Creek Rd","Louisville","KY","40242"
29850,"5411 Navajo Rd","Louisville","KY","40207"
29851,"7011 Johnsontown Rd","Louisville","KY","40272"
29852,"1820 Kingsford Dr","Louisville","KY","40216"
29853,"1262 Everett Ave","Louisville","KY","40204"
29854,"1003 Chesterton Pl","Louisville","KY","40299"
29855,"405 Timberlake Trl","Louisville","KY","40245"
29856,"702 Lake Forest Pkwy","Louisville","KY","40245"
29857,"210 Old Towne Rd","Louisville","KY","40214"
29858,"3611 Mud Ln","Louisville","KY","40229"
29859,"14211 Willow Grove Cir","Louisville","KY","40245"
29860,"8702 Wooded Glen Rd","Louisville","KY","40220"
29861,"1711 Edenside Ave","Louisville","KY","40204"
29862,"3800 Britt Ln","Louisville","KY","40219"
29863,"3404 Donald Dr","Louisville","KY","40216"
29864,"1002 Springside Way","Louisville","KY","40223"
29865,"1457 Texas Ave","Louisville","KY","40217"
29866,"8203 Flicker Pl","Louisville","KY","40214"
29867,"7906 Gable Rd","Louisville","KY","40219"
29868,"2213 Lancashire Ave","Louisville","KY","40205"
29869,"4802 Bilandon Rd","Louisville","KY","40241"
29870,"1352 Trinity Park Dr","Louisville","KY","40213"
29871,"1023 Rosemary Dr","Louisville","KY","40213"
29872,"10112 Bayport Rd","Louisville","KY","40299"
29873,"208 Flanders Ct","Apt 4","Louisville",
29874,"2300 Bonnycastle Ave","Louisville","KY","40205"
29875,"4420 Lynnview Dr","Louisville","KY","40216"
29876,"4301 Green Pine Ct","Louisville","KY","40220"
29877,"4427 Lowe Rd","Louisville","KY","40220"
29878,"1647 Dixdale Ave","Louisville","KY","40210"
29879,"6 Rio Vista Dr","Louisville","KY","40207"
29880,"10511 Larkhall Ct","Louisville","KY","40223"
29881,"11001 Fox Moore Ct","Louisville","KY","40223"
29882,"8306 Latania Dr","Louisville","KY","40258"
29883,"8910 Del Cristo Dr","Louisville","KY","40299"
29884,"834 Sylvia St","Louisville","KY","40217"
29885,"9021 Bingham Dr","Louisville","KY","40242"
29886,"7009 Heavrin Ave","Louisville","KY","40218"
29887,"5814 Maryman Rd","Louisville","KY","40258"
29888,"7409 Tom Joe Dr","Louisville","KY","40242"
29889,"5415 Decker Rd","Louisville","KY","40258"
29890,"3109 Wilson Ave","Louisville","KY","40211"
29891,"1815 Ballard Mill Ln","Louisville","KY","40207"
29892,"9011 Spruce Tree Pl","Louisville","KY","40242"
29893,"213 Elk River Dr","Louisville","KY","40214"
29894,"8705 Ferndale Rd","Louisville","KY","40291"
29895,"405 Oread Rd","Louisville","KY","40207"
29896,"6107 Theiler Ln","Louisville","KY","40229"
29897,"5578 David Ln","Louisville","KY","40258"
29898,"3802 Therina Way","Louisville","KY","40241"
29899,"7011 Chippenham Rd","Louisville","KY","40222"
29900,"12011 Greenvalley Dr","Louisville","KY","40243"
29901,"3817 Shannon Run Trl","Louisville","KY","40299"
29902,"9218 Fairground Rd","Louisville","KY","40291"
29903,"4225 Churchill Rd","Louisville","KY","40207"
29904,"8802 Juniper Springs Pl","Louisville","KY","40242"
29905,"7226 Durst Dr","Louisville","KY","40258"
29906,"2517 W Burnett Ave","Louisville","KY","40210"
29907,"1871 Trevilian Way","Louisville","KY","40205"
29908,"205 Dorshire Ct","Louisville","KY","40245"
29909,"2008 Eastview Ave","Louisville","KY","40205"
29910,"220 Choctaw Rd","Louisville","KY","40207"
29911,"1703 Meadowgate Ln","Louisville","KY","40223"
29912,"200 Declaration Dr","Louisville","KY","40214"
29913,"8615 Lakeridge Dr","Louisville","KY","40272"
29914,"4623 S 1st St","Louisville","KY","40214"
29915,"7613 Greenlawn Rd","Louisville","KY","40242"
29916,"120 Arrowhead Rd","Louisville","KY","40207"
29917,"1701 Cardinal Ct","Louisville","KY","40216"
29918,"7704 Burr Ln","Louisville","KY","40214"
29919,"2338 Hawthorne Ave","Louisville","KY","40205"
29920,"3916 Northwestern Pkwy","Louisville","KY","40212"
29921,"10630 Saint Rene Rd","Louisville","KY","40299"
29922,"10105 Caven Ave","Louisville","KY","40229"
29923,"2924 Richland Ave","Louisville","KY","40220"
29924,"1338 S Preston St","Louisville","KY","40208"
29925,"6919 Rock Hollow Dr","Louisville","KY","40219"
29926,"922 Exmoor Ave","Louisville","KY","40223"
29927,"7400 Lanfair Dr","Louisville","KY","40241"
29928,"4201 Machupe Dr","Louisville","KY","40241"
29929,"10001 Michaele Ln","Louisville","KY","40299"
29930,"2504 Alanmede Rd","Louisville","KY","40205"
29931,"501 Macon Ave","Louisville","KY","40207"
29932,"3204 Wayside Dr","Louisville","KY","40216"
29933,"10823 Golden Maple Pl","Louisville","KY","40223"
29934,"419 Cannons Ln","Louisville","KY","40206"
29935,"8133 Lake Ave","Apt B1","Louisville",
29936,"7502 Nottoway Cir","Louisville","KY","40214"
29937,"1921 Dubourg Ave","Louisville","KY","40216"
29938,"306 Hillcrest Ave","Louisville","KY","40206"
29939,"1010 Chesley Dr","Louisville","KY","40219"
29940,"209 Travois Rd","Louisville","KY","40207"
29941,"908 Clarks Ln","Louisville","KY","40217"
29942,"601 Creekvalley Rd","Louisville","KY","40243"
29943,"2360 Ashwood Dr","Louisville","KY","40205"
29944,"8110 Parkshire Ct","Louisville","KY","40220"
29945,"4319 Taylorsville Rd","Louisville","KY","40220"
29946,"5918 Arvis Dr","Louisville","KY","40258"
29947,"2319 Dixdale Ave","Louisville","KY","40210"
29948,"3252 Beals Branch Dr","Louisville","KY","40206"
29949,"5413 Robinwood Rd","Louisville","KY","40218"
29950,"12309 Brightfield Dr","Louisville","KY","40243"
29951,"1719 Larkmoor Ln","Louisville","KY","40218"
29952,"2435 Proctor Knott Dr","Louisville","KY","40218"
29953,"3005 Stonebridge Rd","Louisville","KY","40241"
29954,"7609 Charron Rd","Louisville","KY","40220"
29955,"8800 Swan Hill Rd","Louisville","KY","40241"
29956,"1008 E Jefferson St","Louisville","KY","40206"
29957,"2506 Pikes Peak Blvd","Louisville","KY","40214"
29958,"7911 Broadfern Dr","Louisville","KY","40291"
29959,"2911 Wallingford Ct","Louisville","KY","40218"
29960,"5102 Fairwood Ln","Louisville","KY","40291"
29961,"8427 Newstead Ave","Louisville","KY","40219"
29962,"3003 Stonebridge Rd","Louisville","KY","40241"
29963,"2650 Duncan St","Louisville","KY","40212"
29964,"3633 River Park Dr","Louisville","KY","40211"
29965,"4915 Fury Way","Louisville","KY","40258"
29966,"7404 Colson Dr","Louisville","KY","40220"
29967,"10720 Hobbs Station Rd","Louisville","KY","40223"
29968,"7703 Carnation Dr","Louisville","KY","40258"
29969,"2239 Grand Ave","Louisville","KY","40210"
29970,"7423 Old North Church Rd","Louisville","KY","40214"
29971,"3021 Roselawn Blvd","Louisville","KY","40220"
29972,"1513 S 4th St","Louisville","KY","40208"
29973,"604 Darnay Pl","Louisville","KY","40245"
29974,"3462 Newburg Rd","Louisville","KY","40218"
29975,"9208 Aylesbury Dr","Louisville","KY","40242"
29976,"6220 Helenjean Way","Louisville","KY","40272"
29977,"728 N Barbee Way","Louisville","KY","40217"
29978,"5605 Mosswood Ln","Louisville","KY","40291"
29979,"8500 Mckenna Way","Louisville","KY","40291"
29980,"603 Wickfield Dr","Louisville","KY","40245"
29981,"1519 Cornette Way","Louisville","KY","40216"
29982,"515 Dorsey Way","Louisville","KY","40223"
29983,"1040 Cherokee Rd","Apt A5","Louisville",
29984,"2115 Douglass Blvd","Louisville","KY","40205"
29985,"6909 Sparky Way","Louisville","KY","40228"
29986,"3005 Sunnyfield Rd","Louisville","KY","40220"
29987,"9106 Lakeridge Dr","Louisville","KY","40272"
29988,"5214 Cool Brook Rd","Louisville","KY","40291"
29989,"211 Hidden Oak Pl","Louisville","KY","40222"
29990,"2509 Legene Ct","Louisville","KY","40216"
29991,"1008 Corn Island Ct","Louisville","KY","40207"
29992,"4717 Unseld Blvd","Louisville","KY","40218"
29993,"3935 Tulane Ave","Louisville","KY","40214"
29994,"232 Beechland Rd","Louisville","KY","40229"
29995,"2217 Strathmoor Blvd","Louisville","KY","40205"
29996,"4513 Flintlock Dr","Louisville","KY","40216"
29997,"6206 Fox Ave","Louisville","KY","40272"
29998,"9900 Old Six Mile Ln","Louisville","KY","40299"
29999,"2507 Windy Way","Louisville","KY","40207"
30000,"7503 Mallard Dr","Louisville","KY","40258"
