40001,"2700 Alford Ave","Louisville","KY","40212"
40002,"7811 Axtell Ave","Louisville","KY","40258"
40003,"1429 Wurtele Ave","Louisville","KY","40208"
40004,"1115 Springside Ct","Louisville","KY","40223"
40005,"5314 Alpine Way","Louisville","KY","40214"
40006,"414 Club Ln","Louisville","KY","40207"
40007,"323 N 32nd St","Louisville","KY","40212"
40008,"4500 Meridale Ave","Louisville","KY","40214"
40009,"9911 Spring Gate Dr","Louisville","KY","40241"
40010,"1826 Magazine St","Louisville","KY","40203"
40011,"9207 Weissinger Ct","Louisville","KY","40241"
40012,"8423 Oxford Woods Ct","Louisville","KY","40222"
40013,"4406 Stoneham Pl","Louisville","KY","40299"
40014,"3803 Karma Way","Louisville","KY","40241"
40015,"501 Tellson Ct","Louisville","KY","40245"
40016,"2415 Stayton Way","Louisville","KY","40242"
40017,"1351 Lillian Ave","Louisville","KY","40208"
40018,"3514 Hale Ave","Louisville","KY","40211"
40019,"10507 Sedalia Ct","Louisville","KY","40272"
40020,"3715 Chevy Chase Rd","Louisville","KY","40218"
40021,"318 Hillview Dr","Louisville","KY","40214"
40022,"10000 Seatonville Rd","Louisville","KY","40291"
40023,"542 Beecher St","Louisville","KY","40215"
40024,"5501 Rustic Way","Louisville","KY","40218"
40025,"516 Warnock St","Louisville","KY","40217"
40026,"8817 Roman Ct","Louisville","KY","40291"
40027,"9105 Lethborough Dr","Louisville","KY","40299"
40028,"1702 De Soto Ter","Louisville","KY","40210"
40029,"1158 S 43rd St","Louisville","KY","40211"
40030,"11202 Oakhurst Rd","Louisville","KY","40245"
40031,"4008 Plymouth Rd","Louisville","KY","40207"
40032,"1317 Morton Ave","Louisville","KY","40204"
40033,"7103 Whipple Rd","Louisville","KY","40272"
40034,"3020 Wayside Dr","Louisville","KY","40216"
40035,"11212 Deering Rd","Louisville","KY","40272"
40036,"7800 Hall Farm Dr","Louisville","KY","40291"
40037,"122 N Birchwood Ave","Louisville","KY","40206"
40038,"5305 Oakcreek Ln","Louisville","KY","40291"
40039,"433 S 22nd St","Louisville","KY","40212"
40040,"8316 Atlanta Pkwy","Louisville","KY","40214"
40041,"7313 Apple Mill Dr","Louisville","KY","40228"
40042,"9106 Marse Henry Dr","Louisville","KY","40299"
40043,"301 N 38th St","Louisville","KY","40212"
40044,"10413 Cady Cove Ct","Louisville","KY","40223"
40045,"3320 Bardstown Rd","Apt 72","Louisville",
40046,"9212 Collingwood Rd","Louisville","KY","40299"
40047,"7403 Dunkirk Ln","Louisville","KY","40272"
40048,"5007 Hunters Point Cir","Louisville","KY","40216"
40049,"6627 Melrose Ave","Louisville","KY","40216"
40050,"5149 Cane Run Rd","Louisville","KY","40216"
40051,"7704 Hall Farm Dr","Louisville","KY","40291"
40052,"6409 Cedar Branch Ct","Louisville","KY","40291"
40053,"3204 Teakwood Cir","Louisville","KY","40216"
40054,"3521 Gladden Dr","Louisville","KY","40218"
40055,"1702 Trent Ave","Louisville","KY","40216"
40056,"11404 Deering Rd","Louisville","KY","40272"
40057,"12607 Rehl Rd","Louisville","KY","40299"
40058,"8222 Afterglow Dr","Louisville","KY","40214"
40059,"1217 Rock Falls Trce","Louisville","KY","40223"
40060,"5009 Hunters Point Cir","Louisville","KY","40216"
40061,"4400 Mullaney Ct","Louisville","KY","40229"
40062,"6706 Moorhaven Dr","Louisville","KY","40228"
40063,"10932 Old Harrods Woods Cir","Louisville","KY","40223"
40064,"7309 Rambo Way","Louisville","KY","40228"
40065,"8221 Roseborough Rd","Louisville","KY","40228"
40066,"4804 Hat Ct","Louisville","KY","40291"
40067,"6922 Norlynn Dr","Louisville","KY","40228"
40068,"6102 Panax Ln","Louisville","KY","40258"
40069,"10504 Nanka Rd","Louisville","KY","40272"
40070,"7709 Saint Bernard Ct","Louisville","KY","40291"
40071,"1358 Ouerbacker Ct","Louisville","KY","40208"
40072,"514 Colorado Ave","Louisville","KY","40208"
40073,"2013 Youngland Ave","Louisville","KY","40216"
40074,"729 Gagel Ave","Louisville","KY","40216"
40075,"1616 S 25th St","Louisville","KY","40210"
40076,"1828 La Salle Pl","Louisville","KY","40210"
40077,"3910 Riveroaks Cir","Louisville","KY","40241"
40078,"1414 Dellwood Dr","Louisville","KY","40216"
40079,"415 Kenilworth Rd","Louisville","KY","40206"
40080,"507 Auburn Oaks Dr","Louisville","KY","40214"
40081,"1039 Oakwood Ave","Louisville","KY","40215"
40082,"2300 Crums Ln","Louisville","KY","40216"
40083,"1500 Wurtele Ave","Louisville","KY","40208"
40084,"9103 Raintree Dr","Louisville","KY","40220"
40085,"4115 Cheviot Dr","Louisville","KY","40216"
40086,"2520 Northwestern Pkwy","Louisville","KY","40212"
40087,"1146 S 42nd St","Louisville","KY","40211"
40088,"4600 Orleans Ct","Louisville","KY","40272"
40089,"2401 Aintree Way","Louisville","KY","40220"
40090,"3105 Kipling Way","Louisville","KY","40205"
40091,"4018 Elmwood Ave","Louisville","KY","40207"
40092,"4015 Quiet Way","Louisville","KY","40219"
40093,"4409 Champions Trace Ln","Louisville","KY","40218"
40094,"10104 Sycamore Shoals Ct","Louisville","KY","40223"
40095,"6608 Bruner Ln","Louisville","KY","40272"
40096,"4108 Stone Gap Ct","Louisville","KY","40272"
40097,"4502 Cod Dr","Louisville","KY","40272"
40098,"10509 Sedalia Ct","Louisville","KY","40272"
40099,"9911 Silverwood Ln","Louisville","KY","40272"
40100,"6104 Greenview Dr","Louisville","KY","40216"
40101,"14200 Willow Grove Cir","Louisville","KY","40245"
40102,"4512 Wolfspring Dr","Louisville","KY","40241"
40103,"8626 Wooded Glen Rd","Louisville","KY","40220"
40104,"611 Country Club Rd","Louisville","KY","40206"
40105,"1745 Algonquin Pkwy","Louisville","KY","40210"
40106,"4213 Estate Dr","Louisville","KY","40216"
40107,"200 W Esplanade Ave","Louisville","KY","40214"
40108,"302 Old Towne Rd","Louisville","KY","40214"
40109,"9372 Loch Lea Ln","Louisville","KY","40291"
40110,"2893 Regan Ave","Louisville","KY","40206"
40111,"1021 Mayer Ave","Louisville","KY","40217"
40112,"1710 Frankfort Ave","Louisville","KY","40206"
40113,"1708 Frankfort Ave","Louisville","KY","40206"
40114,"2927 Richland Ave","Louisville","KY","40220"
40115,"6605 Lunar Dr","Louisville","KY","40258"
40116,"5820 Pine Mountain Dr","Louisville","KY","40214"
40117,"4919 Bunche Ct","Louisville","KY","40218"
40118,"4712 Sunday Dr","Louisville","KY","40219"
40119,"3317 Janell Rd","Louisville","KY","40216"
40120,"6510 Mandeville Rd","Louisville","KY","40228"
40121,"4112 Norene Ln","Louisville","KY","40219"
40122,"2500 Alanmede Rd","Louisville","KY","40205"
40123,"211 Iroquois Ave","Louisville","KY","40214"
40124,"203 S Bayly Ave","Louisville","KY","40206"
40125,"10001 Lauralynn Ct","Louisville","KY","40299"
40126,"3024 Grand Ave","Louisville","KY","40211"
40127,"3540 Vermont Ave","Louisville","KY","40211"
40128,"279 Sanna Dr","Louisville","KY","40229"
40129,"3304 Cross Pointe Rd","Louisville","KY","40241"
40130,"3752 Taylorsville Rd","Louisville","KY","40220"
40131,"12006 Bay Run Dr","Louisville","KY","40245"
40132,"6600 Sunny Vale Way","Louisville","KY","40272"
40133,"106 Markleham Pl","Louisville","KY","40245"
40134,"1268 Forest Dr","Louisville","KY","40219"
40135,"712 Cadogan Ct","Louisville","KY","40222"
40136,"1709 De Soto Ter","Louisville","KY","40210"
40137,"10713 Tattenham Ln","Louisville","KY","40243"
40138,"1237 Lipps Ln","Louisville","KY","40219"
40139,"1101 Bentwood Place Ct","Louisville","KY","40207"
40140,"10506 Sunlight Ln","Louisville","KY","40272"
40141,"3030 Breckenridge Ln","Apt 430","Louisville",
40142,"2932 Glenafton Ln","Louisville","KY","40217"
40143,"3527 Virginia Ave","Louisville","KY","40211"
40144,"1844 Mccloskey Ave","Louisville","KY","40210"
40145,"2905 Pelham Ct","Louisville","KY","40299"
40146,"1103 Colonel Anderson Pkwy","Louisville","KY","40222"
40147,"4123 Wheeler Ave","Louisville","KY","40215"
40148,"1431 E Breckinridge St","# B","Louisville",
40149,"2635 Woodmere Ave","Louisville","KY","40216"
40150,"1411 Indiana Ave","Louisville","KY","40213"
40151,"2807 Goose Creek Rd","Louisville","KY","40242"
40152,"4208 Lambert Ave","Louisville","KY","40218"
40153,"2126 Dixdale Ave","Louisville","KY","40210"
40154,"2608 Northwestern Pkwy","Louisville","KY","40212"
40155,"8319 Regency Woods Way","Louisville","KY","40220"
40156,"6308 Serenity Ct","Louisville","KY","40219"
40157,"2813 Bexley Ct","Louisville","KY","40206"
40158,"2702 Woodland Ave","Louisville","KY","40211"
40159,"6802 Aron Rd","Louisville","KY","40258"
40160,"624 Lake Sterling Rd","Louisville","KY","40223"
40161,"4112 Morgan Jaymes Dr","Louisville","KY","40299"
40162,"2911 Delor Ave","Louisville","KY","40217"
40163,"2313 Millers Ln","Louisville","KY","40216"
40164,"5504 Sprigwood Ln","Louisville","KY","40291"
40165,"3320 Bardstown Rd","Apt 106","Louisville",
40166,"1427 Hemlock St","Louisville","KY","40211"
40167,"5023 Unseld Blvd","Louisville","KY","40218"
40168,"4512 Norene Ln","Louisville","KY","40219"
40169,"3113 Bank St","Louisville","KY","40212"
40170,"8613 Linda Rd","Louisville","KY","40219"
40171,"719 M St","Louisville","KY","40208"
40172,"5300 Saint Gabriel Ln","Louisville","KY","40291"
40173,"4311 Charlotte Ann Dr","Louisville","KY","40216"
40174,"217 S 39th St","Louisville","KY","40212"
40175,"4014 Slack Ave","Louisville","KY","40229"
40176,"2902 Valley Dr","Louisville","KY","40299"
40177,"2908 Valley Dr","Louisville","KY","40299"
40178,"3212 Greendale Dr","Louisville","KY","40216"
40179,"1429 Central Ave","Louisville","KY","40208"
40180,"11623 Tazwell Dr","Louisville","KY","40245"
40181,"6508 Hollow Tree Rd","Louisville","KY","40228"
40182,"5907 Orville Dr","Louisville","KY","40213"
40183,"8513 Glaser Ln","Louisville","KY","40291"
40184,"4606 Dannywood Rd","Louisville","KY","40220"
40185,"9611 April Way","Louisville","KY","40272"
40186,"1545 Garland Ave","Louisville","KY","40210"
40187,"3226 Rosewedge Way","Louisville","KY","40216"
40188,"637 Mix Ave","Louisville","KY","40208"
40189,"8108 Judge Blvd","Louisville","KY","40219"
40190,"9316 Moonridge Pl","Louisville","KY","40229"
40191,"812 S 31st St","Louisville","KY","40211"
40192,"8412 Michael Ray Dr","Louisville","KY","40219"
40193,"6025 Athens Dr","Louisville","KY","40219"
40194,"1103 S Chesley Dr","Louisville","KY","40219"
40195,"636 Edith Rd","Louisville","KY","40206"
40196,"615 Upland Rd","Louisville","KY","40206"
40197,"2804 Valhalla Ct","Louisville","KY","40242"
40198,"2315 Douglass Blvd","Louisville","KY","40205"
40199,"1045 S 32nd St","Louisville","KY","40211"
40200,"2309 Thistledawn Dr","Louisville","KY","40216"
40201,"1812 Cimmaron Trl","Louisville","KY","40223"
40202,"7005 Dartmoor Dr","Louisville","KY","40222"
40203,"1604 Lou Gene Ave","Louisville","KY","40216"
40204,"9011 Stockton Ct","Louisville","KY","40291"
40205,"120 Weisser Ave","Louisville","KY","40206"
40206,"2915 Winterhaven Rd","Louisville","KY","40220"
40207,"1935 Gardiner Ln","Apt C39","Louisville",
40208,"13415 Snowden Way","Louisville","KY","40272"
40209,"14419 Broad Oak Pl","Louisville","KY","40245"
40210,"4001 Moray Ct","Louisville","KY","40216"
40211,"12209 Dulcie Ct","Louisville","KY","40229"
40212,"9303 Le Beau Ct","Louisville","KY","40299"
40213,"11911 Garr Ave","Louisville","KY","40223"
40214,"5805 Southland Ter","Louisville","KY","40214"
40215,"1731 S 24th St","Louisville","KY","40210"
40216,"2709 S 5th St","Louisville","KY","40208"
40217,"3508 Deibel Way","Louisville","KY","40220"
40218,"3600 Stacy Ct","Louisville","KY","40214"
40219,"739 Waterford Rd","Louisville","KY","40207"
40220,"1409 Lancaster Essex Ct","Louisville","KY","40242"
40221,"7600 Nottoway Cir","Louisville","KY","40214"
40222,"7515 Mount Washington Rd","Louisville","KY","40229"
40223,"6201 Serenity Ct","Louisville","KY","40219"
40224,"1450 Olive St","Louisville","KY","40210"
40225,"4105 Eden Ln","Louisville","KY","40216"
40226,"8000 Green Park Ct","Louisville","KY","40258"
40227,"8627 Michael Ray Dr","Louisville","KY","40219"
40228,"1815 Janlyn Rd","Louisville","KY","40299"
40229,"8503 Lake Superior Dr","Louisville","KY","40291"
40230,"11510 Saratoga Club Rd","Louisville","KY","40299"
40231,"419 Pennington Ln","Louisville","KY","40207"
40232,"8913 Reinhart Way","Louisville","KY","40220"
40233,"3327 Linwood Ave","Louisville","KY","40211"
40234,"125 Blue Fields Rd","Louisville","KY","40223"
40235,"1822 Deer Park Ave","Louisville","KY","40205"
40236,"403 N 41st St","Louisville","KY","40212"
40237,"1609 Dunbarton Wynde","Louisville","KY","40205"
40238,"4100 Hillview Ave","Louisville","KY","40216"
40239,"6115 Whispering Hills Blvd","Louisville","KY","40219"
40240,"7311 Rambo Way","Louisville","KY","40228"
40241,"8302 Happiness Way","Louisville","KY","40291"
40242,"4640 Shenandoah Dr","Louisville","KY","40241"
40243,"7605 Marie Anna Dr","Louisville","KY","40258"
40244,"608 Windsor Keep Dr","Louisville","KY","40222"
40245,"3957 Gilman Ave","Louisville","KY","40207"
40246,"4116 Mimosa View Dr","Louisville","KY","40299"
40247,"4107 La Salle Ave","Louisville","KY","40215"
40248,"6601 Green Manor Dr","Louisville","KY","40228"
40249,"211 Bramton Rd","Louisville","KY","40207"
40250,"833 Denmark St","Louisville","KY","40215"
40251,"205 Oxford Pl","Louisville","KY","40207"
40252,"2304 Speed Ave","Louisville","KY","40205"
40253,"2508 Melody Way","Louisville","KY","40299"
40254,"505 Scarsdale Rd","Louisville","KY","40243"
40255,"11209 Coolwood Rd","Louisville","KY","40223"
40256,"5309 Indian Crest Rd","Louisville","KY","40207"
40257,"16418 Eastwood Cut Off Rd","Louisville","KY","40245"
40258,"4309 Winter Garden Ct","Louisville","KY","40218"
40259,"2711 Conestoga Ave","Louisville","KY","40210"
40260,"4521 Meridale Ave","Louisville","KY","40214"
40261,"1030 Eigelbach Ave","Louisville","KY","40217"
40262,"7312 Old North Church Rd","Louisville","KY","40214"
40263,"3129 Bobolink Rd","Louisville","KY","40213"
40264,"1357 Lillian Ave","Louisville","KY","40208"
40265,"10005 Seatonville Rd","Louisville","KY","40291"
40266,"11516 Leemont Dr","Louisville","KY","40272"
40267,"8361 Virginia Rd","Louisville","KY","40258"
40268,"10705 Colonel Hancock Dr","Louisville","KY","40291"
40269,"1403 Regal Springs Ct","Louisville","KY","40205"
40270,"8000 Oakmont Dr","Louisville","KY","40219"
40271,"1719 De Soto Ter","Louisville","KY","40210"
40272,"5304 Burkett Ct","Louisville","KY","40291"
40273,"6106 Morning Glory Ln","Louisville","KY","40258"
40274,"327 E Saint Catherine St","Louisville","KY","40203"
40275,"1325 Highland Ave","Louisville","KY","40204"
40276,"3016 Dixie Hwy","Louisville","KY","40216"
40277,"14717 Oxford Hill Ct","Louisville","KY","40245"
40278,"4804 Valla Rd","Louisville","KY","40213"
40279,"3319 Ellis Way","Louisville","KY","40220"
40280,"8218 Atlanta Pkwy","Louisville","KY","40214"
40281,"401 Lyndonwoods Cir","Louisville","KY","40222"
40282,"4913 Manslick Rd","Louisville","KY","40216"
40283,"4029 Cheviot Dr","Louisville","KY","40216"
40284,"612 Lake Sterling Rd","Louisville","KY","40223"
40285,"6905 Sylvania 4 Rd","Louisville","KY","40258"
40286,"803 S 42nd St","Louisville","KY","40211"
40287,"900 Packard Ave","Louisville","KY","40217"
40288,"806 Candleglow Ct","Louisville","KY","40214"
40289,"6301 Notto Ct","Louisville","KY","40214"
40290,"2412 Duncan St","Louisville","KY","40212"
40291,"2713 Avenue","of the Woods","Louisville",
40292,"147 Pennsylvania Ave","Louisville","KY","40206"
40293,"472 N Skyline Dr","Louisville","KY","40229"
40294,"5012 Sunday Dr","Louisville","KY","40219"
40295,"4903 Shumake Ct","Louisville","KY","40218"
40296,"1133 Lillian Ave","Louisville","KY","40208"
40297,"2325 Dixdale Ave","Louisville","KY","40210"
40298,"2700 W Kentucky St","Louisville","KY","40211"
40299,"4804 Oak Pointe Dr","Louisville","KY","40245"
40300,"8208 Chickering Way","Louisville","KY","40228"
40301,"6301 Gayle Dr","Louisville","KY","40219"
40302,"5218 Robinwood Rd","Louisville","KY","40218"
40303,"7708 Nalan Dr","Louisville","KY","40291"
40304,"8104 Joyce Dr","Louisville","KY","40219"
40305,"11805 Pond Creek Dr","Louisville","KY","40272"
40306,"1300 Willow Ave","Louisville","KY","40204"
40307,"2319 W Kentucky St","Louisville","KY","40210"
40308,"2002 Beech St","Louisville","KY","40210"
40309,"1802 S 24th St","Louisville","KY","40210"
40310,"1769 Algonquin Pkwy","Louisville","KY","40210"
40311,"2105 Wallie Ann Ct","Louisville","KY","40210"
40312,"6206 Yellow Pine Dr","Louisville","KY","40229"
40313,"616 Darnay Pl","Louisville","KY","40245"
40314,"807 Bowmore Pl","Louisville","KY","40243"
40315,"12408 Hiawatha Ave","Louisville","KY","40223"
40316,"2705 Gardiner Ln","Louisville","KY","40205"
40317,"3025 Sherbrooke Rd","Louisville","KY","40205"
40318,"7106 Deanna Dr","Louisville","KY","40219"
40319,"5318 Twinkle Dr","Louisville","KY","40258"
40320,"12019 Ancient Spring Dr","Louisville","KY","40245"
40321,"4907 Kendall Rd","Louisville","KY","40272"
40322,"180 1/2 State St","Louisville","KY","40206"
40323,"1409 Techny Ln","Louisville","KY","40222"
40324,"2607 Colin Ave","Louisville","KY","40217"
40325,"1404 Lillian Ave","Louisville","KY","40208"
40326,"4609 Flushing Way","Louisville","KY","40272"
40327,"1309 Summitt Dr","Louisville","KY","40229"
40328,"3205 La Follette Ct","Louisville","KY","40299"
40329,"5601 Arvis Dr","Louisville","KY","40216"
40330,"6333 Limewood Cir","Louisville","KY","40222"
40331,"4011 Alton Rd","Louisville","KY","40207"
40332,"3116 Oriole Dr","Louisville","KY","40213"
40333,"3806 Fenholt Rd","Louisville","KY","40218"
40334,"4407 Broadleaf Dr","Louisville","KY","40216"
40335,"9224 Cavalcade Ave","Louisville","KY","40272"
40336,"968 Hillview Blvd","Louisville","KY","40229"
40337,"12211 Somerset Dr","Louisville","KY","40229"
40338,"2622 Alanmede Rd","Louisville","KY","40205"
40339,"4218 Bay Pointe Dr","Louisville","KY","40241"
40340,"1278 Parkway Gardens Ct","Apt 228","Louisville",
40341,"4213 Mimosa View Dr","Louisville","KY","40299"
40342,"523 Leyton Ave","Louisville","KY","40222"
40343,"3917 Cane Run Rd","Louisville","KY","40211"
40344,"2126 Murray Ave","Louisville","KY","40205"
40345,"5523 Dione Ave","Louisville","KY","40216"
40346,"4414 Murphy Ln","Louisville","KY","40241"
40347,"2305 Meadow Rd","Louisville","KY","40205"
40348,"2139 Glenworth Ave","Louisville","KY","40218"
40349,"2102 Crums Ln","Louisville","KY","40216"
40350,"3501 Illinois Ave","Apt B2","Louisville",
40351,"5907 Jeanine Dr","Louisville","KY","40219"
40352,"1557 Indiana Ave","Louisville","KY","40213"
40353,"2821 Murray Hill Pike","Louisville","KY","40242"
40354,"2237 Lower Hunters Trce","Louisville","KY","40216"
40355,"2419 Mcgee Dr","Louisville","KY","40216"
40356,"3641 Romania Dr","Louisville","KY","40216"
40357,"5409 Bramble Ct","Louisville","KY","40258"
40358,"2202 Bell Tavern Ct","Louisville","KY","40207"
40359,"9207 Burlwood Ct","Louisville","KY","40229"
40360,"9904 Arterburn Woods Dr","Louisville","KY","40223"
40361,"8000 Canna Dr","Louisville","KY","40258"
40362,"3945 Napanee Rd","Louisville","KY","40207"
40363,"1065 Cecil Ave","Louisville","KY","40211"
40364,"5912 Santa Rosa Dr","Louisville","KY","40219"
40365,"803 Towner Pl","Louisville","KY","40223"
40366,"4216 Naneen Dr","Louisville","KY","40216"
40367,"626 S 42nd St","Louisville","KY","40211"
40368,"14007 Darwin Blvd","Louisville","KY","40272"
40369,"1914 Taffeta Dr","Louisville","KY","40272"
40370,"5425 Briscoe Ridge Ln","Louisville","KY","40219"
40371,"1624 Dixdale Ave","Louisville","KY","40210"
40372,"3110 Albans Pl","Louisville","KY","40241"
40373,"610 Darnay Pl","Louisville","KY","40245"
40374,"7810 Mango Dr","Louisville","KY","40258"
40375,"1714 Magazine St","Louisville","KY","40203"
40376,"1960 Payne St","Louisville","KY","40206"
40377,"4519 Dannywood Rd","Louisville","KY","40220"
40378,"3602 Rolling Stone Ct","Louisville","KY","40229"
40379,"1806 Addington Ave","Louisville","KY","40220"
40380,"2807 Wyandotte Ave","Louisville","KY","40210"
40381,"5704 Jeanine Dr","Louisville","KY","40219"
40382,"8702 Best Ct","Louisville","KY","40242"
40383,"4907 Bova Way","Louisville","KY","40291"
40384,"1709 Magazine St","Louisville","KY","40203"
40385,"914 S 42nd St","Louisville","KY","40211"
40386,"1131 S Shelby St","Louisville","KY","40203"
40387,"7004 Linton Ct","Louisville","KY","40258"
40388,"2514 Top Hill Rd","Louisville","KY","40206"
40389,"7712 Jonquil Dr","Louisville","KY","40258"
40390,"406 Bermuda Way","Louisville","KY","40243"
40391,"12011 Brinley Ave","Louisville","KY","40243"
40392,"306 S Evergreen Rd","Louisville","KY","40243"
40393,"4635 Dover Rd","Louisville","KY","40216"
40394,"9417 Megan Jay Ct","Louisville","KY","40299"
40395,"8715 Brittany Dr","Louisville","KY","40220"
40396,"1407 Hadleigh Pl","Louisville","KY","40222"
40397,"3803 Greenhurst Dr","Louisville","KY","40299"
40398,"1021 Oriole Ct","Louisville","KY","40213"
40399,"3401 Mount Rainier Dr","Louisville","KY","40241"
40400,"7010 Chippenham Rd","Louisville","KY","40222"
40401,"7009 Green Creek Pl","Louisville","KY","40258"
40402,"3518 Parthenia Ave","Louisville","KY","40215"
40403,"8508 Ambrosse Ln","Unit 205","Louisville",
40404,"1309 Southgate Ave","Louisville","KY","40215"
40405,"4807 Fegenbush Ln","Louisville","KY","40228"
40406,"4621 Westchester Ave","Louisville","KY","40211"
40407,"4503 Southridge Dr","Louisville","KY","40272"
40408,"2912 Lexham Rd","Louisville","KY","40220"
40409,"3501 Brookhollow Dr","Louisville","KY","40220"
40410,"2932 Nepperhan Rd","Louisville","KY","40218"
40411,"6106 Boca Chica Ct","Louisville","KY","40219"
40412,"643 S 38th St","Louisville","KY","40211"
40413,"1840 Mccloskey Ave","Louisville","KY","40210"
40414,"4611 Riverview Ave","Louisville","KY","40211"
40415,"634 Louis Coleman Jr Dr","Louisville","KY","40211"
40416,"1126 Hull St","Louisville","KY","40204"
40417,"4924 Bluebird Ave","Louisville","KY","40213"
40418,"11602 Summer Glen Way","Louisville","KY","40299"
40419,"7307 Ridge Creek Rd","Louisville","KY","40291"
40420,"201 Lanark Dell","Louisville","KY","40243"
40421,"4217 Kurtz Ave","Louisville","KY","40229"
40422,"4822 Beech Dr","Louisville","KY","40216"
40423,"2019 Lakeside Dr","Louisville","KY","40205"
40424,"319 Kenny Blvd","Louisville","KY","40214"
40425,"4411 Raven Ridge Dr","Louisville","KY","40216"
40426,"9701 Fairwood Ct","Louisville","KY","40291"
40427,"9109 Woodchat Way","Louisville","KY","40272"
40428,"322 Shady Brook Ln","Louisville","KY","40229"
40429,"8304 Seaforth Dr","Louisville","KY","40258"
40430,"14009 Petwood Blvd","Louisville","KY","40272"
40431,"4420 Sunridge Ave","Louisville","KY","40220"
40432,"4749 Shenandoah Dr","Louisville","KY","40241"
40433,"8209 Laurel Spring Dr","Louisville","KY","40299"
40434,"318 Crescent Spring Dr","Louisville","KY","40206"
40435,"10502 Autumn Creek Pl","Louisville","KY","40229"
40436,"6209 Sheila Rd","Louisville","KY","40219"
40437,"1403 Earl Ave","Louisville","KY","40215"
40438,"5841 New Cut Rd","Louisville","KY","40214"
40439,"12114 Old Shelbyville Rd","Louisville","KY","40243"
40440,"4513 Winchester Rd","Louisville","KY","40207"
40441,"4102 Morgan Jaymes Dr","Louisville","KY","40299"
40442,"708 Ahland Rd","Louisville","KY","40207"
40443,"2300 Gray Fox Rd","Louisville","KY","40205"
40444,"8404 Cloverport Dr","Louisville","KY","40228"
40445,"7516 Lesane Dr","Louisville","KY","40214"
40446,"3505 Lennox View Ct","Unit 205","Louisville",
40447,"8904 Maple Rd","Louisville","KY","40229"
40448,"2402 Sir Johns Ct","Louisville","KY","40220"
40449,"5211 Venus Dr","Louisville","KY","40258"
40450,"12408 Alfred Berry Ct","Louisville","KY","40223"
40451,"3001 Virginia Ave","Louisville","KY","40211"
40452,"14712 Oxford Hill Ct","Louisville","KY","40245"
40453,"8105 Happiness Way","Louisville","KY","40291"
40454,"5410 Deering Heights Dr","Louisville","KY","40272"
40455,"1833 Greenwood Ave","Louisville","KY","40210"
40456,"8508 Ambrosse Ln","Unit 312","Louisville",
40457,"3520 Westwood Farms Dr","Louisville","KY","40220"
40458,"1029 W Indian Trl","Louisville","KY","40213"
40459,"1544 Louis Coleman Jr Dr","Louisville","KY","40211"
40460,"2415 Griffiths Ave","Louisville","KY","40212"
40461,"1730 Portland Ave","Louisville","KY","40203"
40462,"8216 Thornwood Rd","Louisville","KY","40220"
40463,"4807 Haney Way","Louisville","KY","40272"
40464,"1833 Dixie Hwy","Louisville","KY","40210"
40465,"3411 Bank St","Louisville","KY","40212"
40466,"3605 Calais Dr","Louisville","KY","40299"
40467,"3804 Billtown Rd","Louisville","KY","40299"
40468,"9707 Polaris Dr","Louisville","KY","40229"
40469,"605 Highwood Dr","Louisville","KY","40206"
40470,"3918 Woodgate Ln","Louisville","KY","40220"
40471,"3302 Breckenridge Ln","Louisville","KY","40220"
40472,"3409 Bank St","Louisville","KY","40212"
40473,"3215 Dupin Dr","Louisville","KY","40219"
40474,"1419 Hemlock St","Louisville","KY","40211"
40475,"211 Wickfield Dr","Louisville","KY","40245"
40476,"2108 Magazine St","Louisville","KY","40211"
40477,"507 N 34th St","Louisville","KY","40212"
40478,"4322 Lochridge Pkwy","Louisville","KY","40299"
40479,"504 Sam Dr","Louisville","KY","40214"
40480,"2207 W Oak St","Louisville","KY","40210"
40481,"8414 Hurstbourne Woods Pl","Louisville","KY","40299"
40482,"108 Woodmore Ave","Louisville","KY","40214"
40483,"2631 Dundee Rd","Louisville","KY","40205"
40484,"4203 Hartwick Village Pl","Louisville","KY","40241"
40485,"418 Deerfield Ln","Louisville","KY","40207"
40486,"2844 Elam Dr","Louisville","KY","40213"
40487,"1316 S 32nd St","Louisville","KY","40211"
40488,"2607 Pikes Peak Blvd","Louisville","KY","40214"
40489,"1728 Lincoln Ave","Louisville","KY","40213"
40490,"512 Bedfordshire Rd","Louisville","KY","40222"
40491,"209 W Esplanade Ave","Louisville","KY","40214"
40492,"4603 Braves Ln","Louisville","KY","40272"
40493,"9905 Blue Lick Rd","Louisville","KY","40229"
40494,"10501 Hobbs Station Rd","Louisville","KY","40223"
40495,"912 S 44th St","Louisville","KY","40211"
40496,"4007 Wooded Way","Louisville","KY","40219"
40497,"7008 Green Creek Pl","Louisville","KY","40258"
40498,"3320 Northwestern Pkwy","Louisville","KY","40212"
40499,"715 Camden Ave","Louisville","KY","40215"
40500,"4109 Melda Ln","Louisville","KY","40219"
40501,"1169 Tennessee Ave","Louisville","KY","40208"
40502,"11014 Eagles Cove Dr","Louisville","KY","40241"
40503,"1017 Queen Ave","Louisville","KY","40215"
40504,"10801 Helmsdale Ln","Louisville","KY","40243"
40505,"117 Gibson Rd","Louisville","KY","40207"
40506,"1018 Mayer Ave","Louisville","KY","40217"
40507,"7208 Kort Way","Louisville","KY","40220"
40508,"4003 Poplar Level Rd","Louisville","KY","40213"
40509,"2402 Tregaron Ave","Louisville","KY","40299"
40510,"8608 Jan Way","Louisville","KY","40219"
40511,"9806 Phoenix Trl","Louisville","KY","40223"
40512,"411 S 28th St","Louisville","KY","40212"
40513,"1014 Westgate Pl","Louisville","KY","40207"
40514,"6014 Red Rock Ct","Louisville","KY","40219"
40515,"711 Iowa Ave","Louisville","KY","40208"
40516,"5420 Antle Dr","Louisville","KY","40229"
40517,"3318 Linnet Rd","Louisville","KY","40213"
40518,"3402 Nellie Bly Dr","Louisville","KY","40213"
40519,"1404 Somerhill Way","Louisville","KY","40223"
40520,"628 S 43rd St","Louisville","KY","40211"
40521,"10110 Firestone Ct","Louisville","KY","40291"
40522,"2204 Wendell Ave","Louisville","KY","40205"
40523,"2241 Wynnewood Cir","Louisville","KY","40222"
40524,"1592 Raydale Dr","Louisville","KY","40219"
40525,"3310 Stony Brook Dr","Louisville","KY","40299"
40526,"5501 Logwood Ave","Louisville","KY","40272"
40527,"8202 Regal Pine Ct","Louisville","KY","40214"
40528,"1112 Girard Dr","Louisville","KY","40222"
40529,"478 E Brandeis Ave","Louisville","KY","40217"
40530,"1429 Thornberry Ave","Louisville","KY","40215"
40531,"10102 Brentlinger Ln","Louisville","KY","40291"
40532,"3810 Goldstein Ln","Louisville","KY","40272"
40533,"7200 Gray Ln","Louisville","KY","40258"
40534,"1409 Homeview Dr","Louisville","KY","40215"
40535,"5554 Bruce Ave","Louisville","KY","40214"
40536,"6413 Glenwood Rd","Louisville","KY","40222"
40537,"1006 King Arthur Ln","Louisville","KY","40222"
40538,"8126 Eagles Crest Ct","Louisville","KY","40291"
40539,"2538 Woodcreek Rd","Louisville","KY","40205"
40540,"410 Old Towne Rd","Louisville","KY","40214"
40541,"1337 Heafer Rd","Louisville","KY","40223"
40542,"7006 Broken Bow Dr","Louisville","KY","40258"
40543,"2637 Algonquin Pkwy","Louisville","KY","40210"
40544,"2306 W Oak St","Louisville","KY","40210"
40545,"3614 Craig Ave","Louisville","KY","40215"
40546,"5407 Southview Dr","Louisville","KY","40214"
40547,"3109 Goose Creek Rd","Louisville","KY","40241"
40548,"7501 Plain Field Ct","Louisville","KY","40220"
40549,"3527 Ramona Ave","Louisville","KY","40220"
40550,"4719 Southern Pkwy","Louisville","KY","40214"
40551,"2619 Evergreen Wynde","Louisville","KY","40223"
40552,"1417 Winter Ave","Louisville","KY","40204"
40553,"9210 Lethborough Dr","Louisville","KY","40299"
40554,"5700 Mount Washington Rd","Louisville","KY","40229"
40555,"2513 Denham Rd","Louisville","KY","40205"
40556,"11207 Ginger Rd","Louisville","KY","40229"
40557,"619 E Ormsby Ave","Louisville","KY","40203"
40558,"7622 Buena Vista Ct","Louisville","KY","40219"
40559,"103 Holliswood Rd","Louisville","KY","40222"
40560,"2084 Lakeside Dr","Louisville","KY","40205"
40561,"3717 Selma Ave","Louisville","KY","40218"
40562,"414 Moser Rd","Louisville","KY","40223"
40563,"2256 Richland Ave","Louisville","KY","40218"
40564,"8513 Laverne Dr","Louisville","KY","40299"
40565,"8415 Michael Edward Dr","Louisville","KY","40291"
40566,"5406 Thunder Ct","Louisville","KY","40272"
40567,"3905 Southern Pkwy","Louisville","KY","40214"
40568,"2115 Algonquin Pkwy","Louisville","KY","40210"
40569,"5601 Applegate Ln","Louisville","KY","40219"
40570,"342 Rosewood Dr","Louisville","KY","40223"
40571,"3611 Nichols Meadow Cir","Louisville","KY","40215"
40572,"229 Woodcleft Rd","Louisville","KY","40222"
40573,"1807 Allanwood Rd","Louisville","KY","40214"
40574,"5806 E Manslick Rd","Louisville","KY","40219"
40575,"1950 Richmond Dr","Louisville","KY","40205"
40576,"424 Bromwell Dr","Louisville","KY","40245"
40577,"4205 Breckenridge Ln","Louisville","KY","40218"
40578,"1732 W Oak St","Louisville","KY","40210"
40579,"5333 New Cut Rd","Louisville","KY","40214"
40580,"658 S 40th St","Louisville","KY","40211"
40581,"313 Old Harrods Creek Rd","Louisville","KY","40223"
40582,"5629 Carolyn Way","Louisville","KY","40219"
40583,"1032 S Preston St","Louisville","KY","40203"
40584,"1028 S Preston St","Louisville","KY","40203"
40585,"1030 S Preston St","Louisville","KY","40203"
40586,"1026 S Preston St","Louisville","KY","40203"
40587,"1036 S Preston St","Louisville","KY","40203"
40588,"1034 S Preston St","Louisville","KY","40203"
40589,"4916 Bunche Ct","Louisville","KY","40218"
40590,"9208 Weissinger Ct","Louisville","KY","40241"
40591,"3815 Therina Way","Louisville","KY","40241"
40592,"9607 Yarmouth Ct","Louisville","KY","40272"
40593,"4104 Morgan Jaymes Dr","Louisville","KY","40299"
40594,"3307 Colonial Manor Cir","Unit 5B","Louisville",
40595,"9401 Sue Helen Dr","Louisville","KY","40299"
40596,"5307 Crantree Pl","Louisville","KY","40229"
40597,"8705 Villanova Ct","Louisville","KY","40220"
40598,"9803 Fireside Dr","Louisville","KY","40272"
40599,"426 Blankenbaker Ln","Louisville","KY","40207"
40600,"717 Marquette Dr","Louisville","KY","40222"
40601,"8606 Holston Rd","Louisville","KY","40222"
40602,"2507 Colonel Dr","Louisville","KY","40242"
40603,"4107 Lees Ln","Louisville","KY","40216"
40604,"150 W Blue Jay Rd","Louisville","KY","40229"
40605,"12304 Forest School Ln","Louisville","KY","40223"
40606,"6305 Eureka Ave","Louisville","KY","40216"
40607,"6301 Eureka Ave","Louisville","KY","40216"
40608,"6303 Eureka Ave","Louisville","KY","40216"
40609,"3616 Colmar Dr","Louisville","KY","40211"
40610,"1232 S 16th St","Louisville","KY","40210"
40611,"7016 Betsy Ross Dr","Louisville","KY","40272"
40612,"915 S 43rd St","Louisville","KY","40211"
40613,"649 Atwood St","Louisville","KY","40217"
40614,"2200 Janlyn Rd","Louisville","KY","40299"
40615,"8701 Robbins Rd","Louisville","KY","40258"
40616,"1723 De Soto Ter","Louisville","KY","40210"
40617,"10616 Barricks Rd","Louisville","KY","40229"
40618,"6406 Pendleton Rd","Louisville","KY","40272"
40619,"10411 Cottonwood Ct","Louisville","KY","40223"
40620,"2306 Farnsley Rd","Louisville","KY","40216"
40621,"4205 Virginia Ave","Louisville","KY","40211"
40622,"3708 Rosa Ter","Louisville","KY","40216"
40623,"1815 Gardiner Ln","Apt E48","Louisville",
40624,"7103 Bennington Ct","Louisville","KY","40214"
40625,"2303 Alice Kay Dr","Louisville","KY","40214"
40626,"4203 Morgan Jaymes Dr","Louisville","KY","40299"
40627,"2945 Sheldon Rd","Louisville","KY","40218"
40628,"10500 Wake Ct","Louisville","KY","40272"
40629,"4804 Arling Ct","Louisville","KY","40215"
40630,"403 Olde Glouchester Cv","Louisville","KY","40214"
40631,"224 Cumberland Ave","Louisville","KY","40214"
40632,"1037 Edward Ave","Louisville","KY","40204"
40633,"8703 Fairmount Rd","Louisville","KY","40291"
40634,"222 Dorchester Rd","Louisville","KY","40223"
40635,"7803 Carol Ave","Louisville","KY","40219"
40636,"1302 Larchmont Ave","Louisville","KY","40215"
40637,"3445 Algonquin Pkwy","Louisville","KY","40211"
40638,"1255 Euclid Ave","Louisville","KY","40208"
40639,"1618 Roosevelt Ave","Louisville","KY","40242"
40640,"4303 Woodgate Ln","Louisville","KY","40220"
40641,"405 Winton Ln","Louisville","KY","40206"
40642,"4712 Carolina Springs Ct","Louisville","KY","40299"
40643,"3115 Tara Gale Dr","Louisville","KY","40216"
40644,"1808 Woodbourne Ave","Louisville","KY","40205"
40645,"3033 Talisman Rd","Louisville","KY","40220"
40646,"7610 S Park Pl","Louisville","KY","40222"
40647,"12400 Kirkham Rd","Louisville","KY","40299"
40648,"2817 Browns Ln","Louisville","KY","40220"
40649,"10803 Cod Ct","Louisville","KY","40272"
40650,"211 Sanna Dr","Louisville","KY","40229"
40651,"9932 Omar Khayyam Blvd","Louisville","KY","40272"
40652,"6508 Cooper Chapel Rd","Louisville","KY","40229"
40653,"12111 Pleasure Ln","Louisville","KY","40272"
40654,"1516 Arling Ave","Louisville","KY","40215"
40655,"2629 Martin Ave","Louisville","KY","40216"
40656,"6117 Gloria Ln","Louisville","KY","40213"
40657,"6704 William Clark Dr","Louisville","KY","40228"
40658,"11313 Deering Rd","Louisville","KY","40272"
40659,"8600 Greenbriar Ct","Louisville","KY","40242"
40660,"3735 Stanton Blvd","Louisville","KY","40220"
40661,"4123 Hartwick Village Pl","Louisville","KY","40241"
40662,"3402 Mardale Dr","Louisville","KY","40299"
40663,"2721 W Muhammad Ali Blvd","Louisville","KY","40212"
40664,"909 E Madison St","Louisville","KY","40204"
40665,"912 Burning Springs Cir","Louisville","KY","40223"
40666,"1305 Autumn Ridge Rd","Louisville","KY","40242"
40667,"6208 Perma Dr","Louisville","KY","40218"
40668,"1430 Hemlock St","Louisville","KY","40211"
40669,"3104 Lencott Dr","Louisville","KY","40216"
40670,"4934 Graston Ave","Louisville","KY","40216"
40671,"4318 Lincoln Rd","Louisville","KY","40220"
40672,"1918 Donald Dr","Louisville","KY","40216"
40673,"1307 Holsworth Ln","Louisville","KY","40222"
40674,"2501 Ballantrae Cir","Louisville","KY","40242"
40675,"1795 Wilart Dr","Louisville","KY","40210"
40676,"1328 Villa Park Dr","Louisville","KY","40219"
40677,"2221 Strathmoor Blvd","Louisville","KY","40205"
40678,"2129 Woodbourne Ave","Louisville","KY","40205"
40679,"4116 Wooded Way","Louisville","KY","40219"
40680,"9011 Maplecreek Dr","Louisville","KY","40219"
40681,"1735 Algonquin Pkwy","Louisville","KY","40210"
40682,"2535 Griffiths Ave","Louisville","KY","40212"
40683,"3400 Sumac Rd","Louisville","KY","40216"
40684,"422 Bromwell Dr","Louisville","KY","40245"
40685,"1962 Deer Park Ave","Louisville","KY","40205"
40686,"2502 Standard Ave","Louisville","KY","40210"
40687,"721 Southwestern Pkwy","Louisville","KY","40211"
40688,"205 Choctaw Rd","Louisville","KY","40207"
40689,"5502 Wooded Lake Dr","Louisville","KY","40299"
40690,"6301 Krause Ave","Louisville","KY","40216"
40691,"3011 Lowell Ave","Louisville","KY","40205"
40692,"2224 Grinstead Dr","Louisville","KY","40204"
40693,"3833 Washington Sq","Apt 3","Louisville",
40694,"1766 W Gaulbert Ave","Louisville","KY","40210"
40695,"1718 Kennedy Rd","Louisville","KY","40216"
40696,"6508 Leisure Ln","Louisville","KY","40229"
40697,"1001 Franelm Rd","Louisville","KY","40214"
40698,"5203 Chasewood Pl","Louisville","KY","40229"
40699,"8620 Juarez Ct","Louisville","KY","40219"
40700,"2028 Strathmoor Blvd","Louisville","KY","40205"
40701,"10002 Omar Khayyam Blvd","Louisville","KY","40272"
40702,"3932 Northwestern Pkwy","Louisville","KY","40212"
40703,"3514 Gladden Dr","Louisville","KY","40218"
40704,"2106 Leahurst Ct","Louisville","KY","40216"
40705,"1705 March Blvd","Louisville","KY","40215"
40706,"3605 Nichols Meadow Cir","Louisville","KY","40215"
40707,"1718 Larkmoor Ln","Louisville","KY","40218"
40708,"10109 Lanson Ct","Louisville","KY","40272"
40709,"10107 Twilight Dr","Louisville","KY","40272"
40710,"4714 Crawford Ave","Louisville","KY","40258"
40711,"4316 Cara Way","Louisville","KY","40299"
40712,"2503 Harmony Rd","Louisville","KY","40299"
40713,"5212 Mount Blanc Rd","Louisville","KY","40216"
40714,"6128 Middlerose Cir","Louisville","KY","40272"
40715,"7016 Green Creek Pl","Louisville","KY","40258"
40716,"3503 Lennox View Ct","Unit 103","Louisville",
40717,"1815 Edgeland Ave","Louisville","KY","40204"
40718,"5802 Southside Dr","Louisville","KY","40214"
40719,"2006 Youngland Ave","Louisville","KY","40216"
40720,"8803 Blossom Ln","Louisville","KY","40242"
40721,"4523 S 6th St","Louisville","KY","40214"
40722,"5004 Lively Ct","Louisville","KY","40218"
40723,"1505 Amber Way","Louisville","KY","40214"
40724,"4605 Overbrook Dr","Louisville","KY","40216"
40725,"3211 Bon Air Ave","Louisville","KY","40220"
40726,"6907 Creston Dr","Louisville","KY","40258"
40727,"11519 Saratoga Ridge Dr","Louisville","KY","40299"
40728,"4334 Lynnview Dr","Louisville","KY","40216"
40729,"1239 Fischer Ave","Louisville","KY","40204"
40730,"9818 Winged Foot Dr","Louisville","KY","40223"
40731,"3309 Bowie Dr","Louisville","KY","40219"
40732,"702 Fairhill Dr","Louisville","KY","40207"
40733,"2231 7th Street Rd","Louisville","KY","40208"
40734,"3000 Hinsdale Ct","Louisville","KY","40241"
40735,"9511 Plumwood Rd","Louisville","KY","40291"
40736,"6007 Toebbe Ln","Louisville","KY","40229"
40737,"6203 Cooper Chapel Rd","Louisville","KY","40229"
40738,"11007 Bay Run Dr","Louisville","KY","40245"
40739,"532 Marquette Dr","Louisville","KY","40222"
40740,"11311 Cottage View Ct","Louisville","KY","40299"
40741,"9808 Creekwood Rd","Louisville","KY","40223"
40742,"1515 Homeview Dr","Louisville","KY","40215"
40743,"4421 Eagles Cove Ct","Louisville","KY","40241"
40744,"6203 Cutter Dr","Louisville","KY","40218"
40745,"11003 Eagles Cove Dr","Louisville","KY","40241"
40746,"7416 Johnson School Rd","Louisville","KY","40291"
40747,"10105 Settlers Crest Ln","Louisville","KY","40299"
40748,"8518 Cheffield Dr","Louisville","KY","40222"
40749,"5501 Undine Dr","Louisville","KY","40216"
40750,"311 Pepperbush Rd","Louisville","KY","40207"
40751,"1905 Deerwood Ave","Louisville","KY","40205"
40752,"5124 Hunters Point Cir","Louisville","KY","40216"
40753,"516 Leyton Ave","Louisville","KY","40222"
40754,"1612 N English Station Rd","Louisville","KY","40223"
40755,"9610 Moorfield Cir","Louisville","KY","40241"
40756,"1960 Lewiston Dr","Louisville","KY","40216"
40757,"8518 Autumn Ridge Ct","Louisville","KY","40242"
40758,"10008 Brighton Springs Ct","Louisville","KY","40291"
40759,"1321 Arcade Ave","Louisville","KY","40215"
40760,"5415 Layne Rd","Louisville","KY","40219"
40761,"1021 S 7th St","Louisville","KY","40203"
40762,"7414 Wesboro Rd","Louisville","KY","40242"
40763,"410 Mockingbird Valley Rd","Apt 32","Louisville",
40764,"3212 Beals Branch Dr","Louisville","KY","40206"
40765,"1332 Huntoon Ave","Louisville","KY","40215"
40766,"3209 Rome Rd","Louisville","KY","40216"
40767,"8409 Glenmore Dr","Louisville","KY","40258"
40768,"1313 Holsworth Ln","Louisville","KY","40222"
40769,"11505 Leemont Dr","Louisville","KY","40272"
40770,"113 Toy Ct","Louisville","KY","40229"
40771,"3907 River Park Dr","Louisville","KY","40211"
40772,"3800 Spring Willow Ct","Louisville","KY","40299"
40773,"1206 Stanley Ave","Louisville","KY","40215"
40774,"5413 Pawnee Trl","Louisville","KY","40207"
40775,"11200 Willowick Ct","Louisville","KY","40272"
40776,"3212 Wynbrooke Cir","Louisville","KY","40241"
40777,"4116 Henry Ave","Louisville","KY","40215"
40778,"5117 Hunters Point Cir","Louisville","KY","40216"
40779,"4317 Alicent Rd","Louisville","KY","40207"
40780,"407 W Tenny Ave","Louisville","KY","40214"
40781,"2704 Grand Ave","Apt 1","Louisville",
40782,"1540 Lincoln Ave","Louisville","KY","40213"
40783,"606 N 39th St","Louisville","KY","40212"
40784,"3828 Greenhurst Dr","Louisville","KY","40299"
40785,"8400 Blossom Ln","Louisville","KY","40242"
40786,"3105 Pine Trace Ct","Louisville","KY","40272"
40787,"1735 Model Rd","Louisville","KY","40216"
40788,"2723 Chickasaw Ave","Louisville","KY","40206"
40789,"8009 Tolls Ln","Louisville","KY","40214"
40790,"11405 Whitney Hill Rd","Louisville","KY","40299"
40791,"11301 Cottage View Ct","Louisville","KY","40299"
40792,"4211 Shady Villa Dr","Louisville","KY","40219"
40793,"1103 King Arthur Ln","Louisville","KY","40222"
40794,"1417 Goddard Ave","Louisville","KY","40204"
40795,"3803 Shannon Run Trl","Louisville","KY","40299"
40796,"8626 Running Fox Cir","Louisville","KY","40291"
40797,"2826 Yorkshire Blvd","Louisville","KY","40220"
40798,"2007 Rio Vista Dr","Louisville","KY","40207"
40799,"6306 Serenity Ct","Louisville","KY","40219"
40800,"2639 Algonquin Pkwy","Louisville","KY","40210"
40801,"6706 Brighton Springs Ln","Louisville","KY","40291"
40802,"5407 Cranwood Ln","Louisville","KY","40291"
40803,"9605 Farmstead Ln","Louisville","KY","40291"
40804,"352 Shady Brook Ln","Louisville","KY","40229"
40805,"204 W Kenwood Way","Louisville","KY","40214"
40806,"2904 Lexham Rd","Louisville","KY","40220"
40807,"9715 Ranger Rd","Louisville","KY","40229"
40808,"5504 Bradbury Ave","Louisville","KY","40258"
40809,"6101 Upper Hunters Trce","Louisville","KY","40216"
40810,"1005 S 47th St","Louisville","KY","40211"
40811,"5111 Graston Ct","Louisville","KY","40216"
40812,"2516 Glenmary Ave","Louisville","KY","40204"
40813,"9906 Kidwelly Dr","Louisville","KY","40299"
40814,"1912 Maplewood Pl","Louisville","KY","40205"
40815,"3230 Rosewedge Way","Louisville","KY","40216"
40816,"8007 Stacy Lynn Ct","Louisville","KY","40291"
40817,"2923 Grinstead Dr","Louisville","KY","40206"
40818,"4406 Hazelwood Ave","Louisville","KY","40215"
40819,"1145 Saint Michael Pl","Louisville","KY","40204"
40820,"4031 S Brook St","Louisville","KY","40214"
40821,"5306 Velle Vista Dr","Louisville","KY","40272"
40822,"7502 Templeton Dr","Louisville","KY","40214"
40823,"869 Fetter Ave","Louisville","KY","40217"
40824,"1145 Saint Michael St","Louisville","KY","40204"
40825,"2720 Macmore Pl","Louisville","KY","40206"
40826,"8010 Woodfern Way","Louisville","KY","40291"
40827,"6510 Delton Rd","Louisville","KY","40258"
40828,"3204 Rainview Cir","Louisville","KY","40220"
40829,"5602 Dea Dea Dr","Louisville","KY","40291"
40830,"4607 Aral Dr","Louisville","KY","40219"
40831,"1705 Limehouse Ct","Louisville","KY","40220"
40832,"11101 Berwick Pl","Louisville","KY","40243"
40833,"10407 Edgewater Rd","Louisville","KY","40223"
40834,"3536 Parthenia Ave","Louisville","KY","40215"
40835,"10212 Blue Ridge Ct","Louisville","KY","40223"
40836,"2703 W Chestnut St","Louisville","KY","40211"
40837,"9904 Fireside Dr","Louisville","KY","40272"
40838,"817 Keswick Blvd","Louisville","KY","40217"
40839,"1797 W Gaulbert Ave","Louisville","KY","40210"
40840,"3902 Hurstbourne Woods Dr","Louisville","KY","40299"
40841,"3416 Trail Ridge Rd","Louisville","KY","40241"
40842,"6202 Port Antonio Rd","Louisville","KY","40228"
40843,"3603 Freedom Way","Louisville","KY","40229"
40844,"1506 Beacon Hill Dr","Louisville","KY","40216"
40845,"4918 Daleray Dr","Louisville","KY","40219"
40846,"1822 Allanwood Rd","Louisville","KY","40214"
40847,"222 N Skyline Dr","Louisville","KY","40229"
40848,"4326 Leaf Dr","Louisville","KY","40216"
40849,"1623 Prentice St","Louisville","KY","40210"
40850,"4404 Lees Ln","Louisville","KY","40216"
40851,"5602 Arvis Dr","Louisville","KY","40216"
40852,"8503 Bost Ln","Louisville","KY","40219"
40853,"4633 S 6th St","Louisville","KY","40214"
40854,"2573 Martin Ave","Louisville","KY","40216"
40855,"939 Parkway Dr","Louisville","KY","40217"
40856,"3135 Hunsinger Ln","Louisville","KY","40220"
40857,"1239 Dahl Rd","Louisville","KY","40213"
40858,"4603 Mile Of Sunshine Dr","Louisville","KY","40219"
40859,"7305 Royalwood Dr","Louisville","KY","40214"
40860,"1823 W Lee St","Louisville","KY","40210"
40861,"1708 Odaniel Ave","Apt 37","Louisville",
40862,"208 Hillcrest Ave","Louisville","KY","40206"
40863,"5835 New Cut Rd","Louisville","KY","40214"
40864,"4002 S 3rd St","Louisville","KY","40214"
40865,"3030 Breckenridge Ln","Apt 326","Louisville",
40866,"4127 Hillbrook Dr","Louisville","KY","40220"
40867,"3506 Briarglen Ln","Louisville","KY","40220"
40868,"11203 Paloma Ct","Louisville","KY","40229"
40869,"4405 Kurtz Ave","Louisville","KY","40229"
40870,"6503 Bilsim Ln","Louisville","KY","40291"
40871,"6505 Bilsim Ln","Louisville","KY","40291"
40872,"3123 Pioneer Rd","Louisville","KY","40216"
40873,"6710 Brighton Springs Ln","Louisville","KY","40291"
40874,"4115 Normie Ct","Louisville","KY","40229"
40875,"3404 Audubon Ridge Ct","Louisville","KY","40213"
40876,"5208 Rosette Blvd","Louisville","KY","40218"
40877,"11413 Whitney Hill Rd","Louisville","KY","40299"
40878,"2807 Conroy Pl","Louisville","KY","40218"
40879,"1120 Powerhouse Ln","Louisville","KY","40242"
40880,"143 Western Rd","Louisville","KY","40229"
40881,"14101 Beckley Trce","Louisville","KY","40245"
40882,"3304 Barbour Ln","Louisville","KY","40241"
40883,"8917 Thelma Ln","Louisville","KY","40220"
40884,"9515 Farmstead Ln","Louisville","KY","40291"
40885,"804 S 37th St","Louisville","KY","40211"
40886,"7211 Harborton Way","Louisville","KY","40228"
40887,"2505 Brownsboro Rd","Apt A7","Louisville",
40888,"9310 3rd Street Rd","Louisville","KY","40272"
40889,"10105 Lanson Ct","Louisville","KY","40272"
40890,"6006 Princess Way","Louisville","KY","40219"
40891,"6505 Watch Hill Rd","Louisville","KY","40228"
40892,"2805 Murray Hill Pike","Louisville","KY","40242"
40893,"2500 Fleet Ave","Louisville","KY","40217"
40894,"3810 Hopewell Rd","Louisville","KY","40299"
40895,"7701 Pine Ridge Rd","Louisville","KY","40241"
40896,"4016 Hycliffe Ave","Louisville","KY","40207"
40897,"5807 Crockett Dr","Louisville","KY","40258"
40898,"12603 Towne Creek Rd","Louisville","KY","40243"
40899,"12602 Kirkham Rd","Louisville","KY","40299"
40900,"1421 Anna Ln","Louisville","KY","40216"
40901,"671 S 40th St","Louisville","KY","40211"
40902,"2302 Allston Ave","Louisville","KY","40210"
40903,"4112 W Market St","Louisville","KY","40212"
40904,"8506 Ambrosse Ln","Unit 207","Louisville",
40905,"516 Montana Ave","Louisville","KY","40208"
40906,"542 E Barbee Ave","Louisville","KY","40217"
40907,"119 S 23rd St","Louisville","KY","40212"
40908,"2311 Rockford Ln","Louisville","KY","40216"
40909,"4103 Morgan Jaymes Dr","Louisville","KY","40299"
40910,"3115 Morning Park Ct","Louisville","KY","40220"
40911,"6313 Serenity Ct","Louisville","KY","40219"
40912,"11007 Walbridge Ct","Louisville","KY","40299"
40913,"8705 Tranquil Valley Ln","Louisville","KY","40299"
40914,"1722 Trevilian Way","Louisville","KY","40205"
40915,"1707 Rosewood Ave","Louisville","KY","40204"
40916,"1029 Garden Creek Cir","Louisville","KY","40223"
40917,"206 E Florence Ave","Louisville","KY","40209"
40918,"4602 Samara Dr","Louisville","KY","40219"
40919,"10815 Easum Rd","Louisville","KY","40299"
40920,"928 Audubon Pkwy","Louisville","KY","40213"
40921,"321 Old Towne Rd","Louisville","KY","40214"
40922,"4004 Keal Run Way","Louisville","KY","40241"
40923,"6511 North Dr","Louisville","KY","40272"
40924,"8134 Rochelle Rd","Louisville","KY","40228"
40925,"7705 Conifer Dr","Louisville","KY","40258"
40926,"2501 Hale Ave","Louisville","KY","40210"
40927,"3040 Cabinwood Dr","Louisville","KY","40220"
40928,"4811 Oak Pointe Dr","Louisville","KY","40245"
40929,"316 S 26th St","Louisville","KY","40212"
40930,"8013 Woodfern Way","Louisville","KY","40291"
40931,"7941 Arlis Dr","Louisville","KY","40258"
40932,"313 S Galt Ave","Louisville","KY","40206"
40933,"677 Southwestern Pkwy","Louisville","KY","40211"
40934,"6709 Musket Dr","Louisville","KY","40228"
40935,"7412 Johnson School Rd","Louisville","KY","40291"
40936,"5505 Mcdeane Rd","Louisville","KY","40216"
40937,"2828 Slevin St","Louisville","KY","40212"
40938,"2407 Tyler Ln","Louisville","KY","40205"
40939,"1709 March Blvd","Louisville","KY","40215"
40940,"7900 Hall Farm Dr","Louisville","KY","40291"
40941,"1965 Trevilian Way","Louisville","KY","40205"
40942,"4001 Northumberland Dr","Louisville","KY","40245"
40943,"1615 S 28th St","Louisville","KY","40211"
40944,"9503 Wood Hollow Rd","Louisville","KY","40229"
40945,"9211 Collingwood Rd","Louisville","KY","40299"
40946,"6102 Arlone Ct","Louisville","KY","40216"
40947,"10001 Clydesdale Ct","Louisville","KY","40223"
40948,"9004 Shevie Dr","Louisville","KY","40272"
40949,"3738 River Park Dr","Louisville","KY","40211"
40950,"3610 Colmar Dr","Louisville","KY","40211"
40951,"718 E Burnett Ave","Louisville","KY","40217"
40952,"4405 Winter Garden Ct","Louisville","KY","40218"
40953,"1863 Kendall Ln","Louisville","KY","40216"
40954,"9900 Wynbrooke Pl","Louisville","KY","40241"
40955,"10106 Tulip Tree Dr","Louisville","KY","40241"
40956,"203 Wood Rd","Louisville","KY","40222"
40957,"2707 Alps Rd","Louisville","KY","40216"
40958,"616 S 17th St","Louisville","KY","40203"
40959,"3005 Debera Way","Louisville","KY","40220"
40960,"1 Settlers Trce","Louisville","KY","40291"
40961,"3014 Vogue Ave","Louisville","KY","40220"
40962,"6714 Grandfield Rd","Louisville","KY","40258"
40963,"9901 Wynbrooke Pl","Louisville","KY","40241"
40964,"4707 Carolina Springs Ct","Louisville","KY","40299"
40965,"2342 W Muhammad Ali Blvd","Louisville","KY","40212"
40966,"1719 March Blvd","Louisville","KY","40215"
40967,"5906 Full Moon Ct","Louisville","KY","40216"
40968,"5119 Hunters Point Cir","Louisville","KY","40216"
40969,"7809 Hall Farm Dr","Louisville","KY","40291"
40970,"1017 Oriole Ct","Louisville","KY","40213"
40971,"2604 Welsford Way","Louisville","KY","40242"
40972,"1403 Winter Ave","Louisville","KY","40204"
40973,"3905 Therina Way","Louisville","KY","40241"
40974,"13204 Ashlawn Dr","Louisville","KY","40272"
40975,"4101 Morgan Jaymes Dr","Louisville","KY","40299"
40976,"6604 Windhurst Rd","Louisville","KY","40207"
40977,"1610 Gagel Ave","Louisville","KY","40216"
40978,"9300 Hurstbourne Crossings Dr","Louisville","KY","40299"
40979,"1709 Fraser Dr","Louisville","KY","40205"
40980,"433 Oxford Pl","Louisville","KY","40207"
40981,"7612 Greenlawn Rd","Louisville","KY","40242"
40982,"807 Franklin St","Louisville","KY","40206"
40983,"8502 Ambrosse Ln","Unit 104","Louisville",
40984,"3721 Hurstbourne Ridge Blvd","Louisville","KY","40299"
40985,"8514 Laverne Dr","Louisville","KY","40299"
40986,"4122 Wenwood Dr","Louisville","KY","40218"
40987,"1400 Willow Ave","Apt 802","Louisville",
40988,"1201 Carrico Ave","Louisville","KY","40215"
40989,"8205 Beulah Church Rd","Louisville","KY","40291"
40990,"3309 Kramers Ln","Louisville","KY","40216"
40991,"3125 Pomeroy Dr","Louisville","KY","40220"
40992,"146 N 41st St","Louisville","KY","40212"
40993,"3774 Taylorsville Rd","Louisville","KY","40220"
40994,"8308 Gloxinia Dr","Louisville","KY","40258"
40995,"6510 Connie Dr","Louisville","KY","40258"
40996,"8700 Mount Eastes Ln","Louisville","KY","40291"
40997,"3422 Janell Rd","Louisville","KY","40216"
40998,"3004 Beaumont Rd","Louisville","KY","40205"
40999,"6304 Serenity Ct","Louisville","KY","40219"
41000,"8502 Ambrosse Ln","Unit 102","Louisville",
41001,"3008 Eagle Pass","Louisville","KY","40217"
41002,"304 Clover Ln","Louisville","KY","40207"
41003,"259 Shady Brook Ln","Louisville","KY","40229"
41004,"2204 Plantation Dr","Louisville","KY","40216"
41005,"1212 Huntington Ln","Louisville","KY","40219"
41006,"3019 Juniper Hill Rd","Louisville","KY","40206"
41007,"1519 W Ormsby Ave","Louisville","KY","40210"
41008,"5102 Firwood Ln","Louisville","KY","40291"
41009,"8306 Saint Armands Ct","Louisville","KY","40219"
41010,"1109 Bentwood Place Ct","Louisville","KY","40207"
41011,"535 W Florence Ave","Louisville","KY","40215"
41012,"5415 Pavilion Way","Louisville","KY","40291"
41013,"5709 E Manslick Rd","Louisville","KY","40219"
41014,"11810 Mondamon Dr","Louisville","KY","40272"
41015,"4112 Melda Ln","Louisville","KY","40219"
41016,"3411 Rainview Cir","Louisville","KY","40220"
41017,"2605 Hikes Ln","Louisville","KY","40218"
41018,"8711 Shadow Creek Way","Louisville","KY","40291"
41019,"6704 Brighton Springs Ln","Louisville","KY","40291"
41020,"751 Algonquin Pkwy","Louisville","KY","40208"
41021,"4408 Stoneham Pl","Louisville","KY","40299"
41022,"800 Harvest Grove Way","Louisville","KY","40245"
41023,"3108 Mylanta Pl","Louisville","KY","40220"
41024,"3531 Leith Ln","Louisville","KY","40218"
41025,"9200 Fairridge Dr","Louisville","KY","40229"
41026,"3205 Marion Ct","Louisville","KY","40206"
41027,"5524 Bruce Ave","Louisville","KY","40214"
41028,"6003 Yellowsands Dr","Louisville","KY","40219"
41029,"307 Cecil Ave","Louisville","KY","40212"
41030,"5301 Chenoweth Park Ln","Louisville","KY","40291"
41031,"2214 Perth Ct","Louisville","KY","40216"
41032,"10405 Gaudet Ct","Louisville","KY","40299"
41033,"7206 Woolrich Rd","Louisville","KY","40222"
41034,"6711 Cindy Dr","Louisville","KY","40258"
41035,"908 Stone St","Louisville","KY","40217"
41036,"3008 Faywood Way","Louisville","KY","40215"
41037,"3413 Buckeye Rd","Louisville","KY","40216"
41038,"2524 Veronica Dr","Louisville","KY","40216"
41039,"207 Lesane Ct","Louisville","KY","40214"
41040,"2502 Martin Ave","Louisville","KY","40216"
41041,"4319 Saratoga Hill Rd","Louisville","KY","40299"
41042,"4439 Dyer Ave","Louisville","KY","40213"
41043,"6007 Chenoweth Run Rd","Louisville","KY","40299"
41044,"1314 S 25th St","Louisville","KY","40210"
41045,"1718 Bonnycastle Ave","Louisville","KY","40205"
41046,"4406 Bays End Ct","Louisville","KY","40245"
41047,"125 W Burnett Ave","Louisville","KY","40208"
41048,"2604 Ballad Blvd","Louisville","KY","40299"
41049,"6601 Sun Ray Dr","Louisville","KY","40272"
41050,"3000 Falmouth Dr","Louisville","KY","40205"
41051,"9114 Tiverton Way","Louisville","KY","40242"
41052,"7609 Shaker Mill Rd","Louisville","KY","40220"
41053,"10501 Foxboro Dr","Louisville","KY","40223"
41054,"3504 Janell Rd","Louisville","KY","40216"
41055,"601 Plainview Ave","Louisville","KY","40223"
41056,"408 Winton Ln","Louisville","KY","40206"
41057,"10415 Deering Rd","Louisville","KY","40272"
41058,"4322 Naneen Dr","Louisville","KY","40216"
41059,"4503 Old Watterson Dr","Louisville","KY","40299"
41060,"11618 Maple Way","Louisville","KY","40229"
41061,"8598 Chase Rd","Louisville","KY","40258"
41062,"1824 W Burnett Ave","Louisville","KY","40210"
41063,"1903 W Madison St","Louisville","KY","40203"
41064,"1012 Meadow Hill Rd","Louisville","KY","40219"
41065,"10802 Saint Rene Rd","Louisville","KY","40299"
41066,"3612 Bank St","Louisville","KY","40212"
41067,"4305 Hale Ave","Louisville","KY","40211"
41068,"8183 Blake Ln","Louisville","KY","40258"
41069,"12007 Dixon Park Blvd","Louisville","KY","40299"
41070,"9612 Glenawyn Cir","Louisville","KY","40299"
41071,"10223 Eve Adam Dr","Louisville","KY","40272"
41072,"2108 Old Shepherdsville Rd","Louisville","KY","40218"
41073,"9101 Westport Rd","Louisville","KY","40242"
41074,"2812 Shannon Dr","Louisville","KY","40220"
41075,"2440 Weber Ln","Louisville","KY","40216"
41076,"2803 Alta Vista Way","Louisville","KY","40206"
41077,"134 N Birchwood Ave","Louisville","KY","40206"
41078,"3618 Brookhollow Dr","Louisville","KY","40220"
41079,"10009 Colonel Hancock Dr","Louisville","KY","40291"
41080,"2218 Briargate Ave","Louisville","KY","40216"
41081,"941 W Florence Ave","Louisville","KY","40215"
41082,"3420 Deibel Way","Louisville","KY","40220"
41083,"1723 Sonne Ave","Louisville","KY","40216"
41084,"8805 Seaforth Dr","Louisville","KY","40258"
41085,"1521 Beech St","Louisville","KY","40211"
41086,"3621 Taxus Trl","Louisville","KY","40299"
41087,"12008 Old Henry Rd","Louisville","KY","40223"
41088,"4213 Savage Dr","Louisville","KY","40216"
41089,"975 Blossom Rd","Louisville","KY","40229"
41090,"206 Prestwick Pl","Louisville","KY","40243"
41091,"9210 Ponder Ln","Louisville","KY","40272"
41092,"5515 Speedway Ave","Louisville","KY","40272"
41093,"6906 Heatherwood Ct","Louisville","KY","40291"
41094,"8908 Zabel Way","Louisville","KY","40291"
41095,"511 Cheskirk Pl","Louisville","KY","40243"
41096,"4803 Ferrer Way","Louisville","KY","40291"
41097,"9908 Lancewood Rd","Louisville","KY","40229"
41098,"426 S 22nd St","Louisville","KY","40212"
41099,"144 N Crestmoor Ave","Louisville","KY","40206"
41100,"12501 Hiawatha Ave","Louisville","KY","40223"
41101,"3022 Peale Ave","Louisville","KY","40205"
41102,"2642 Alanmede Rd","Louisville","KY","40205"
41103,"3638 Johnston Way","Louisville","KY","40220"
41104,"2914 Conestoga Ave","Louisville","KY","40210"
41105,"915 S 40th St","Louisville","KY","40211"
41106,"2712 Lamont Rd","Louisville","KY","40205"
41107,"617 E Oak St","Louisville","KY","40203"
41108,"10503 Chenny Ct","Louisville","KY","40299"
41109,"3212 W Broadway","Louisville","KY","40211"
41110,"4314 Chenwood Ln","Louisville","KY","40299"
41111,"2337 Delor Ave","Louisville","KY","40217"
41112,"5207 Yew Ln","Louisville","KY","40213"
41113,"3908 S 5th St","Louisville","KY","40214"
41114,"1627 Sale Ave","Louisville","KY","40215"
41115,"3763 Powell Ave","Louisville","KY","40215"
41116,"2621 W Broadway","Louisville","KY","40211"
41117,"7012 Glendale Rd","Louisville","KY","40291"
41118,"10709 Rock Moss Ct","Louisville","KY","40291"
41119,"3616 Downing Way","Louisville","KY","40218"
41120,"2804 Goose Creek Rd","Louisville","KY","40242"
41121,"10408 Meadowview Dr","Louisville","KY","40272"
41122,"1409 Sylvan Way","Louisville","KY","40205"
41123,"570 Longfield Ave","Louisville","KY","40215"
41124,"2016 W Burnett Ave","Louisville","KY","40210"
41125,"911 W Whitney Ave","Louisville","KY","40215"
41126,"8204 Rome Beauty Way","Louisville","KY","40228"
41127,"1760 Casselberry Rd","Louisville","KY","40205"
41128,"6601 Miller Park Dr","Louisville","KY","40258"
41129,"1215 Dahl Rd","Louisville","KY","40213"
41130,"8910 Filson Fields Dr","Louisville","KY","40219"
41131,"713 Flicker Rd","Louisville","KY","40214"
41132,"195 Granvil Dr","Louisville","KY","40218"
41133,"7505 Westport Rd","Louisville","KY","40222"
41134,"1633 Nightingale Rd","Louisville","KY","40213"
41135,"1029 Highland Ave","Louisville","KY","40204"
41136,"2432 Cedar St","Louisville","KY","40212"
41137,"2430 Cedar St","Louisville","KY","40212"
41138,"1014 Woodway Ln","Louisville","KY","40211"
41139,"4508 Parker Ave","Louisville","KY","40212"
41140,"130 N Shawnee Ter","Louisville","KY","40212"
41141,"4703 Brixham Ct","Louisville","KY","40299"
41142,"3608 Nichols Meadow Cir","Louisville","KY","40215"
41143,"2200 Wingfield Ct","Louisville","KY","40216"
41144,"3032 Louisa Ave","Louisville","KY","40217"
41145,"2406 Paddock Ln","Louisville","KY","40216"
41146,"4622 Beechbrook Rd","Louisville","KY","40218"
41147,"1739 S 24th St","Louisville","KY","40210"
41148,"3426 Eastside Dr","Louisville","KY","40220"
41149,"4304 W Broadway","Louisville","KY","40211"
41150,"12004 Old Henry Rd","Louisville","KY","40223"
41151,"3807 Modesto Rd","Louisville","KY","40299"
41152,"8307 Damascus Rd","Louisville","KY","40228"
41153,"1800 Parkridge Pkwy","Louisville","KY","40214"
41154,"10103 Lanson Ct","Louisville","KY","40272"
41155,"5215 Mount Holyoke Dr","Louisville","KY","40216"
41156,"4146 Wheeler Ave","Louisville","KY","40215"
41157,"9910 Lakewood Dr","Louisville","KY","40272"
41158,"4609 E Pages Ln","Louisville","KY","40272"
41159,"3316 Hale Ave","Louisville","KY","40211"
41160,"221 N Clifton Ave","Apt 31","Louisville",
41161,"3206 Graystone Manor Pkwy","Louisville","KY","40241"
41162,"3306 Moulton Ln","Louisville","KY","40218"
41163,"1727 Quarry Hill Rd","Louisville","KY","40213"
41164,"272 Pennsylvania Ave","Louisville","KY","40206"
41165,"2520 Glenmary Ave","Louisville","KY","40204"
41166,"4205 Bryant Park Dr","Louisville","KY","40299"
41167,"4103 Benbow Dr","Louisville","KY","40229"
41168,"5001 Belmont Ave","Louisville","KY","40258"
41169,"3809 Crestridge Dr","Louisville","KY","40272"
41170,"6601 Broadhale Dr","Louisville","KY","40291"
41171,"6003 Ashby Ln","Louisville","KY","40272"
41172,"2814 Smoke Rd","Louisville","KY","40220"
41173,"4810 Lacarem Dr","Louisville","KY","40299"
41174,"2630 Algonquin Pkwy","Louisville","KY","40210"
41175,"2316 Perth Dr","Louisville","KY","40216"
41176,"3111 Montana Ave","Louisville","KY","40208"
41177,"2310 Thomas Ave","Louisville","KY","40216"
41178,"1247 Arcade Ave","Louisville","KY","40215"
41179,"1308 Abbeywood Rd","Louisville","KY","40222"
41180,"7118 Bedum Ln","Louisville","KY","40258"
41181,"6119 Cooper Chapel Rd","Louisville","KY","40229"
41182,"649 Breckenridge Ln","Louisville","KY","40207"
41183,"4834 Brenda Dr","Louisville","KY","40219"
41184,"10610 Taylorsville Rd","Louisville","KY","40299"
41185,"3619 Taxus Trl","Louisville","KY","40299"
41186,"1849 Trough Spring Ln","Louisville","KY","40205"
41187,"7710 Bramble Ln","Louisville","KY","40258"
41188,"13201 Ashlawn Dr","Louisville","KY","40272"
41189,"904 E Madison St","Louisville","KY","40204"
41190,"1012 Clayborne Rd","Louisville","KY","40214"
41191,"4024 Laurelwood Ave","Louisville","KY","40220"
41192,"2502 Gardiner Ln","Louisville","KY","40205"
41193,"1400 Whisperwood Trce","Louisville","KY","40245"
41194,"10117 Bayport Rd","Louisville","KY","40299"
41195,"5304 Billtown Rd","Louisville","KY","40299"
41196,"17206 Ash Hill Dr","Louisville","KY","40245"
41197,"2501 Meadow Rd","Louisville","KY","40205"
41198,"4003 Glen Valley Rd","Louisville","KY","40219"
41199,"2208 Sieger Villa Ct","Louisville","KY","40218"
41200,"10002 Brighton Springs Ct","Louisville","KY","40291"
41201,"211 Alpha Ave","Louisville","KY","40218"
41202,"4518 Varble Ave","Louisville","KY","40211"
41203,"5004 Ramona Ln","Louisville","KY","40272"
41204,"10604 Pinoak View Dr","Louisville","KY","40299"
41205,"1106 Lake Bluff Cir","Louisville","KY","40245"
41206,"8200 Farmwood Way","Louisville","KY","40291"
41207,"3604 Pinecroft Dr","Louisville","KY","40219"
41208,"8908 Reinhart Way","Louisville","KY","40220"
41209,"721 Heywood Ave","Louisville","KY","40208"
41210,"1927 W Market St","Louisville","KY","40203"
41211,"9020 Cottingham Way","Louisville","KY","40258"
41212,"1335 Texas Ave","Louisville","KY","40217"
41213,"808 Gleam Dr","Louisville","KY","40214"
41214,"4717 Cavalier Dr","Louisville","KY","40216"
41215,"416 Evergreen Rd","Louisville","KY","40223"
41216,"6804 Fegenbush Ln","Louisville","KY","40228"
41217,"103 Dorchester Rd","Louisville","KY","40223"
41218,"1610 Bank St","Louisville","KY","40203"
41219,"2523 Newburg Rd","Louisville","KY","40205"
41220,"3411 Ethelwood Dr","Louisville","KY","40299"
41221,"1130 Ash St","Louisville","KY","40217"
41222,"6101 Rodes Dr","Louisville","KY","40222"
41223,"6412 Billtown Rd","Louisville","KY","40299"
41224,"4337 Charlotte Ann Dr","Louisville","KY","40216"
41225,"2311 Duncan St","Louisville","KY","40212"
41226,"9713 Somerford Rd","Louisville","KY","40242"
41227,"4605 Brownsboro Rd","Louisville","KY","40207"
41228,"1512 Homeview Dr","Louisville","KY","40215"
41229,"6801 Beau Ct","Louisville","KY","40214"
41230,"8002 Waterfern Way","Louisville","KY","40291"
41231,"2535 Grand Ave","Louisville","KY","40210"
41232,"312 Exchange Ave","Louisville","KY","40207"
41233,"9117 Felsmere Cir","Louisville","KY","40241"
41234,"1007 E Washington St","Louisville","KY","40206"
41235,"8459 Robbins Rd","Louisville","KY","40258"
41236,"4701 Sunny Meadow Ct","Louisville","KY","40241"
41237,"8900 Duxbury Rd","Louisville","KY","40242"
41238,"2910 Nepperhan Rd","Louisville","KY","40218"
41239,"7709 Texlyn Ct","Louisville","KY","40258"
41240,"3320 Taylor Blvd","Louisville","KY","40215"
41241,"6814 Stone Hill Rd","Louisville","KY","40214"
41242,"1104 Charles St","Louisville","KY","40204"
41243,"206 Kenwood Hill Rd","Louisville","KY","40214"
41244,"6903 Fernhaven Rd","Louisville","KY","40228"
41245,"1507 Turquoise Dr","Louisville","KY","40214"
41246,"618 S 37th St","Louisville","KY","40211"
41247,"5205 W Pages Ln","Louisville","KY","40258"
41248,"1916 Heaton Rd","Louisville","KY","40216"
41249,"1712 Larkmoor Ln","Louisville","KY","40218"
41250,"3215 Ainslie Way","Louisville","KY","40220"
41251,"6400 S 3rd St","Louisville","KY","40214"
41252,"703 Chamberry Dr","Louisville","KY","40207"
41253,"2118 Algonquin Pkwy","Louisville","KY","40210"
41254,"4502 Whitney Hill Ct","Louisville","KY","40299"
41255,"7811 Watering Pl","Louisville","KY","40291"
41256,"8113 Edsel Ln","Louisville","KY","40291"
41257,"400 Amy Ave","Louisville","KY","40212"
41258,"1005 Lake Forest Pkwy","Louisville","KY","40245"
41259,"6511 Mandeville Rd","Louisville","KY","40228"
41260,"6511 Moorhaven Dr","Louisville","KY","40228"
41261,"5703 Spicewood Ln","Louisville","KY","40219"
41262,"3520 Winterberry Cir","Louisville","KY","40207"
41263,"3629 Warner Ave","Louisville","KY","40207"
41264,"4935 Determine Ln","Louisville","KY","40216"
41265,"8101 Glen Falls Ct","Louisville","KY","40291"
41266,"4317 Saratoga Hill Rd","Louisville","KY","40299"
41267,"9506 Fairground Rd","Louisville","KY","40291"
41268,"6104 Hunters Point Ct","Louisville","KY","40216"
41269,"4229 Blossomwood Dr","Louisville","KY","40220"
41270,"4607 Saint Rita Dr","Louisville","KY","40219"
41271,"3107 Ralph Ave","Louisville","KY","40216"
41272,"704 Shady Ln","Louisville","KY","40223"
41273,"107 Cambridge Station Rd","Louisville","KY","40223"
41274,"2349 Magazine St","Louisville","KY","40211"
41275,"912 Southview Rd","Louisville","KY","40214"
41276,"4901 S 2nd St","Louisville","KY","40214"
41277,"1057 S 43rd St","Louisville","KY","40211"
41278,"9614 Anita Blvd","Louisville","KY","40272"
41279,"1717 Kennedy Rd","Louisville","KY","40216"
41280,"4710 Carolina Springs Ct","Louisville","KY","40299"
41281,"3310 Palmer Ln","Louisville","KY","40218"
41282,"804 Gleam Dr","Louisville","KY","40214"
41283,"8902 Alphin Ct","Louisville","KY","40299"
41284,"9804 Tamarisk Pkwy","Louisville","KY","40223"
41285,"2025 Appleton Ln","Louisville","KY","40216"
41286,"2179 Millvale Rd","Louisville","KY","40205"
41287,"8712 Hi View Ln","Louisville","KY","40272"
41288,"7801 Texlyn Ct","Louisville","KY","40258"
41289,"1825 Lower Hunters Trce","Louisville","KY","40216"
41290,"8706 Twin Ridge Ct","Louisville","KY","40242"
41291,"4143 Sherman Ave","Louisville","KY","40213"
41292,"2023 Appleton Ln","Louisville","KY","40216"
41293,"1307 Grassy Frk","Louisville","KY","40207"
41294,"3505 Penway Ave","Louisville","KY","40211"
41295,"2109 Dumesnil St","Louisville","KY","40210"
41296,"1022 Thornberry Ave","Louisville","KY","40215"
41297,"7900 Ridgehurst Pl","Louisville","KY","40299"
41298,"1201 Fairland Pl","Louisville","KY","40211"
41299,"3910 Brookfield Ave","Louisville","KY","40207"
41300,"3302 Ingle Ave","Louisville","KY","40206"
41301,"4404 Green Pine Dr","Louisville","KY","40220"
41302,"2314 W Ormsby Ave","Louisville","KY","40210"
41303,"500 Eline Ave","Louisville","KY","40207"
41304,"310 Shady Brook Ln","Louisville","KY","40229"
41305,"2807 Lexham Rd","Louisville","KY","40220"
41306,"3208 Donald Dr","Louisville","KY","40216"
41307,"6006 Pageant Way","Louisville","KY","40214"
41308,"7200 Applegate Ln","Louisville","KY","40228"
41309,"6314 Tioga Rd","Louisville","KY","40214"
41310,"2909 Murray Hill Pike","Louisville","KY","40242"
41311,"8608 Moody Rd","Louisville","KY","40219"
41312,"7902 Carnation Dr","Louisville","KY","40258"
41313,"8102 Terry Rd","Louisville","KY","40258"
41314,"5809 Crockett Dr","Louisville","KY","40258"
41315,"2550 Ransdell Ave","Louisville","KY","40204"
41316,"707 Locust Pointe Pl","Louisville","KY","40245"
41317,"7406 Springdale Rd","Louisville","KY","40241"
41318,"3405 Charlane Pkwy","Louisville","KY","40299"
41319,"1249 Belmar Dr","Louisville","KY","40213"
41320,"7907 Gable Rd","Louisville","KY","40219"
41321,"5714 Spicewood Ln","Louisville","KY","40219"
41322,"735 Morgan St","Louisville","KY","40217"
41323,"1610 Grey Owl Ct","Louisville","KY","40223"
41324,"9109 Gayle Dr","Louisville","KY","40272"
41325,"10707 Black Iron Rd","Louisville","KY","40291"
41326,"542 Primrose Way","Louisville","KY","40206"
41327,"5604 Mcdeane Rd","Louisville","KY","40216"
41328,"10120 Merioneth Dr","Louisville","KY","40299"
41329,"6006 Jeanine Dr","Louisville","KY","40219"
41330,"3104 Rome Rd","Louisville","KY","40216"
41331,"317 S 41st St","Louisville","KY","40212"
41332,"5705 Emmalee Dr","Louisville","KY","40219"
41333,"3607 Friar Tuck Ct","Louisville","KY","40219"
41334,"8213 Latania Dr","Louisville","KY","40258"
41335,"936 Audubon Pkwy","Louisville","KY","40213"
41336,"3526 Burrell Dr","Louisville","KY","40216"
41337,"2502 Eno Rd","Louisville","KY","40214"
41338,"7109 Brook Garden Pl","Louisville","KY","40258"
41339,"111 N Chadwick Rd","Louisville","KY","40223"
41340,"1825 Yale Dr","Louisville","KY","40205"
41341,"311 N 41st St","Louisville","KY","40212"
41342,"7509 Norwood Dr","Louisville","KY","40222"
41343,"5107 Braidwood Dr","Louisville","KY","40219"
41344,"207 Blarney Ln","Louisville","KY","40229"
41345,"8406 Berea Dr","Louisville","KY","40228"
41346,"614 Maylawn Ave","Louisville","KY","40217"
41347,"445 S 32nd St","Louisville","KY","40212"
41348,"234 Delmont Ave","Louisville","KY","40206"
41349,"5339 Westhall Ave","Louisville","KY","40214"
41350,"9201 Omar Khayyam Blvd","Louisville","KY","40272"
41351,"7308 Fieldstone Way","Louisville","KY","40291"
41352,"1819 Magazine St","Louisville","KY","40203"
41353,"918 Beecher St","Louisville","KY","40215"
41354,"8003 Meadowgreen Pl","Louisville","KY","40299"
41355,"3326 Rainview Cir","Louisville","KY","40220"
41356,"6510 Leisure Ln","Louisville","KY","40229"
41357,"9902 Lancewood Rd","Louisville","KY","40229"
41358,"101 E Southern Heights Ave","Louisville","KY","40214"
41359,"3425 Audubon Ridge Ct","Louisville","KY","40213"
41360,"4105 Mud Ln","Louisville","KY","40229"
41361,"3015 Somber Way","Louisville","KY","40220"
41362,"5300 Rookwood Ave","Louisville","KY","40218"
41363,"701 Thorpe Dr","Louisville","KY","40243"
41364,"5407 Westhall Ave","Louisville","KY","40214"
41365,"11609 Maple Way","Louisville","KY","40229"
41366,"2721 Virginia Ave","Louisville","KY","40211"
41367,"8513 Burlingame Rd","Louisville","KY","40219"
41368,"3001 Penway Ave","Louisville","KY","40210"
41369,"8413 Ambrosse Ln","Unit 104","Louisville",
41370,"10916 Fairway Pointe Dr","Louisville","KY","40241"
41371,"3128 Freys Hill Rd","Louisville","KY","40241"
41372,"5114 Hunters Point Cir","Louisville","KY","40216"
41373,"8309 Siesta Way","Louisville","KY","40219"
41374,"802 Towner Pl","Louisville","KY","40223"
41375,"1020 Chesley Dr","Louisville","KY","40219"
41376,"3929 Brookfield Ave","Louisville","KY","40207"
41377,"6015 Santa Fe Trl","Louisville","KY","40258"
41378,"1294 Gilmore Ln","Louisville","KY","40213"
41379,"2203 Wadsworth Ave","Louisville","KY","40205"
41380,"3116 Freys Hill Rd","Louisville","KY","40241"
41381,"5312 Rural Way","Louisville","KY","40218"
41382,"8813 Raintree Dr","Louisville","KY","40220"
41383,"1411 Wurtele Ave","Louisville","KY","40208"
41384,"7409 Spring House Ln","Louisville","KY","40291"
41385,"303 Northwestern Pkwy","Louisville","KY","40212"
41386,"604 Sunset Rd","Louisville","KY","40206"
41387,"3408 Rainview Cir","Louisville","KY","40220"
41388,"4109 Grand Ave","Louisville","KY","40211"
41389,"4400 Winter Garden Ct","Louisville","KY","40218"
41390,"1146 W Indian Trl","Louisville","KY","40213"
41391,"1300 S Floyd St","Louisville","KY","40208"
41392,"113 N 43rd St","Louisville","KY","40212"
41393,"1506 Eskridge Ln","Louisville","KY","40216"
41394,"3777 Stanton Blvd","Louisville","KY","40220"
41395,"1002 Lynnhurst Ave","Louisville","KY","40215"
41396,"1736 Harvard Dr","Louisville","KY","40205"
41397,"223 Iroquois Ave","Louisville","KY","40214"
41398,"3332 Dean Dr","Louisville","KY","40220"
41399,"13410 Diane Rd","Louisville","KY","40272"
41400,"3002 Colonial Hill Rd","Louisville","KY","40205"
41401,"12212 Ledges Dr","Louisville","KY","40243"
41402,"1640 Cherokee Rd","Louisville","KY","40205"
41403,"4702 Marcy Ave","Louisville","KY","40272"
41404,"620 Bellewood Rd","Louisville","KY","40223"
41405,"8124 Eagles Crest Ct","Louisville","KY","40291"
41406,"4107 Hickoryview Dr","Louisville","KY","40299"
41407,"13427 Forest Springs Dr","Louisville","KY","40245"
41408,"217 Wise Ct","Louisville","KY","40229"
41409,"10504 Fairview Ave","Louisville","KY","40299"
41410,"7203 Blazier Ct","Louisville","KY","40228"
41411,"3212 Indian Lake Dr","Louisville","KY","40241"
41412,"3334 Greenwood Ave","Louisville","KY","40211"
41413,"3504 River Park Dr","Louisville","KY","40211"
41414,"1424 Audubon Pkwy","Louisville","KY","40213"
41415,"1602 Chukkar Cove Ct","Louisville","KY","40245"
41416,"4307 Hunsinger Ln","Louisville","KY","40220"
41417,"8108 Adams Run Rd","Louisville","KY","40228"
41418,"2712 Rodman St","Louisville","KY","40208"
41419,"1813 Blanca Ct","Louisville","KY","40223"
41420,"3627 Taylor Blvd","Louisville","KY","40215"
41421,"3906 Longview Rd","Louisville","KY","40299"
41422,"2323 Peaslee Rd","Louisville","KY","40216"
41423,"410 Mockingbird Valley Rd","Apt 6","Louisville",
41424,"6303 Player Dr","Louisville","KY","40258"
41425,"5831 New Cut Rd","Louisville","KY","40214"
41426,"2708 Klondike Ln","Louisville","KY","40218"
41427,"4808 Greenwood Rd","Louisville","KY","40258"
41428,"1728 Kensington Place Ln","Louisville","KY","40205"
41429,"3511 Del Park Ter","Louisville","KY","40211"
41430,"4045 Eden Ln","Louisville","KY","40216"
41431,"7412 York River Rd","Louisville","KY","40214"
41432,"8101 Village Point Dr","Louisville","KY","40291"
41433,"105 Brown Ave","Louisville","KY","40207"
41434,"611 Iowa Ave","Louisville","KY","40208"
41435,"13429 Forest Springs Dr","Louisville","KY","40245"
41436,"3211 Villanova Dr","Louisville","KY","40220"
41437,"1121 Charles St","Louisville","KY","40204"
41438,"9816 Winged Foot Dr","Louisville","KY","40223"
41439,"3506 Lodge Ln","Apt 226","Louisville",
41440,"1729 W Gaulbert Ave","Louisville","KY","40210"
41441,"6700 Shibley Ave","Louisville","KY","40291"
41442,"4209 Tamm Ct","Louisville","KY","40272"
41443,"5329 Georgia Ln","Louisville","KY","40219"
41444,"9369 Loch Lea Ln","Louisville","KY","40291"
41445,"721 Denmark St","Louisville","KY","40215"
41446,"10902 Glenbarr Ct","Louisville","KY","40243"
41447,"49 Narwood Dr","Louisville","KY","40299"
41448,"7375 Lucille Ave","Louisville","KY","40258"
41449,"8503 Shelbyville Rd","Louisville","KY","40222"
41450,"9800 Ashurst Ct","Louisville","KY","40241"
41451,"4225 Buxton Dr","Louisville","KY","40218"
41452,"2024 Emerson Ave","Louisville","KY","40205"
41453,"1119 Weller Ave","Louisville","KY","40208"
41454,"1233 Weller Ave","Louisville","KY","40208"
41455,"7004 Dana Lynn Way","Louisville","KY","40219"
41456,"8003 Red Bud Hill Dr","Louisville","KY","40228"
41457,"5908 Full Moon Ct","Louisville","KY","40216"
41458,"12003 Parkland Ct","Louisville","KY","40243"
41459,"538 S 20th St","Louisville","KY","40203"
41460,"1327 S 26th St","Louisville","KY","40210"
41461,"3641 Powell Ave","Louisville","KY","40215"
41462,"3522 Winterberry Cir","Louisville","KY","40207"
41463,"307 E Kentucky St","Louisville","KY","40203"
41464,"406 Washburn Ave","Louisville","KY","40222"
41465,"10508 Pebblestone Cir","Louisville","KY","40229"
41466,"7320 Ridge Creek Rd","Louisville","KY","40291"
41467,"228 N 20th St","Louisville","KY","40203"
41468,"394 Shady Brook Ln","Louisville","KY","40229"
41469,"243 Eldorado Ave","Louisville","KY","40218"
41470,"704 W Evelyn Ave","Louisville","KY","40215"
41471,"5104 Joy Dr","Louisville","KY","40216"
41472,"8502 Ambrosse Ln","Unit 205","Louisville",
41473,"825 Winkler Ave","Louisville","KY","40208"
41474,"9910 Kenmont Ln","Louisville","KY","40241"
41475,"1334 Lexington Rd","Louisville","KY","40204"
41476,"6202 Culloden Dr","Louisville","KY","40258"
41477,"1107 Holly Springs Dr","Louisville","KY","40242"
41478,"191 Summers Dr","Louisville","KY","40229"
41479,"3753 Sheridan Rd","Louisville","KY","40220"
41480,"442 Lightfoot Rd","Louisville","KY","40207"
41481,"2607 Alps Rd","Louisville","KY","40216"
41482,"8708 Brittany Dr","Louisville","KY","40220"
41483,"10425 Edgewater Rd","Louisville","KY","40223"
41484,"547 Beecher St","Louisville","KY","40215"
41485,"8209 Candleglow Ln","Louisville","KY","40214"
41486,"913 S 32nd St","Louisville","KY","40211"
41487,"4412 Manner Dale Dr","Louisville","KY","40220"
41488,"4419 Eagles Cove Ct","Louisville","KY","40241"
41489,"12000 Parkway Rd","Louisville","KY","40223"
41490,"1244 Lydia St","Louisville","KY","40217"
41491,"5514 Woodcross Pl","Louisville","KY","40229"
41492,"12008 Parkland Ct","Louisville","KY","40243"
41493,"1620 Dumesnil St","Louisville","KY","40210"
41494,"3810 Ridgehurst Ct","Louisville","KY","40299"
41495,"3503 Waterleaf Ct","Louisville","KY","40207"
41496,"2600 Lomond Dr","Louisville","KY","40216"
41497,"2713 S 5th St","Louisville","KY","40208"
41498,"3510 Waterleaf Ct","Louisville","KY","40207"
41499,"379 S Skyline Dr","Louisville","KY","40229"
41500,"4210 Sunset Dr","Louisville","KY","40216"
41501,"1522 Cherokee Rd","Louisville","KY","40205"
41502,"1923 Quarry St","Louisville","KY","40206"
41503,"9237 Chenault Rd","Louisville","KY","40272"
41504,"261 Hillview Blvd","Louisville","KY","40229"
41505,"2227 Cherokee Pkwy","Apt 3","Louisville",
41506,"2227 Cherokee Pkwy","Apt 4","Louisville",
41507,"2227 Cherokee Pkwy","Apt 6","Louisville",
41508,"2227 Cherokee Pkwy","Apt 5","Louisville",
41509,"2227 Cherokee Pkwy","Apt 7","Louisville",
41510,"2227 Cherokee Pkwy","Apt 2","Louisville",
41511,"2227 Cherokee Pkwy","Apt 1","Louisville",
41512,"4211 Manner Dale Dr","Louisville","KY","40220"
41513,"2909 Garfield Ave","Louisville","KY","40212"
41514,"4608 Deepwood Ct","Louisville","KY","40241"
41515,"8014 Meadowgreen Pl","Louisville","KY","40299"
41516,"9713 Moorfield Cir","Louisville","KY","40241"
41517,"4811 Grecian Ct","Louisville","KY","40272"
41518,"638 S 2nd St","Apt 3","Louisville",
41519,"3800 Northwestern Pkwy","Louisville","KY","40212"
41520,"1831 Sherwood Ave","Louisville","KY","40205"
41521,"12004 Bay Run Dr","Louisville","KY","40245"
41522,"302 Canton Ct","Louisville","KY","40222"
41523,"5705 Undine Dr","Louisville","KY","40216"
41524,"1713 Wickham Way","Louisville","KY","40223"
41525,"2415 Royster Way","Louisville","KY","40258"
41526,"3405 Calais Dr","Louisville","KY","40299"
41527,"1202 Creighton Hill Rd","Louisville","KY","40207"
41528,"7002 John Adams Way","Louisville","KY","40272"
41529,"7901 Nancy Ln","Louisville","KY","40258"
41530,"8620 Devonshire Dr","Louisville","KY","40258"
41531,"2505 Meadow Dr","Louisville","KY","40218"
41532,"625 Upland Rd","Louisville","KY","40206"
41533,"14419 Micawber Way","Louisville","KY","40245"
41534,"1520 Poplar Level Rd","Louisville","KY","40217"
41535,"5302 Regent Way","Louisville","KY","40218"
41536,"530 Brookley Dr","Louisville","KY","40229"
41537,"2311 Fallsview Rd","Louisville","KY","40207"
41538,"6403 Glenwood Rd","Louisville","KY","40222"
41539,"2607 Old Hickory Rd","Louisville","KY","40299"
41540,"12110 Meadow Ln","Louisville","KY","40243"
41541,"8916 Thelma Ln","Louisville","KY","40220"
41542,"829 Packard Ave","Louisville","KY","40217"
41543,"2713 Klondike Ln","Louisville","KY","40218"
41544,"7619 Colson Dr","Louisville","KY","40220"
41545,"8613 Timber Hollow Ct","Louisville","KY","40219"
41546,"4530 Shelvis Dr","Louisville","KY","40216"
41547,"5803 Hasbrook Dr","Louisville","KY","40229"
41548,"3026 Gerald Dr","Louisville","KY","40211"
41549,"5401 Laureltree Pl","Louisville","KY","40229"
41550,"2600 Proctor Knott Dr","Louisville","KY","40218"
41551,"7916 Village Point Dr","Louisville","KY","40291"
41552,"12501 Brothers Ave","Louisville","KY","40243"
41553,"7918 Albrecht Cir","Louisville","KY","40241"
41554,"7206 Rutledge Rd","Louisville","KY","40258"
41555,"3601 Del Park Ter","Louisville","KY","40211"
41556,"1805 Roosevelt Ave","Louisville","KY","40242"
41557,"5117 Rangoon Way","Louisville","KY","40218"
41558,"5205 Tomahawk Rd","Louisville","KY","40207"
41559,"2306 Raleigh Ln","Louisville","KY","40206"
41560,"3601 Kings Hwy","Louisville","KY","40220"
41561,"7912 Mango Dr","Louisville","KY","40258"
41562,"7278 Lucille Ave","Louisville","KY","40258"
41563,"2642 Park Dr","Louisville","KY","40205"
41564,"1404 Mark Trail Rd","Louisville","KY","40242"
41565,"654 S 39th St","Louisville","KY","40211"
41566,"1107 Camden Ave","Louisville","KY","40215"
41567,"2813 W Market St","Louisville","KY","40212"
41568,"8012 Dawson Hill Rd","Louisville","KY","40299"
41569,"1003 Parkway Dr","Louisville","KY","40217"
41570,"8312 Siesta Way","Louisville","KY","40219"
41571,"2418 Lower Hunters Trce","Louisville","KY","40216"
41572,"8900 Staghorn Dr","Louisville","KY","40242"
41573,"8410 Biggin Hill Ln","Louisville","KY","40220"
41574,"8804 Charing Cross Rd","Louisville","KY","40222"
41575,"709 Brendon Hills Pl","Louisville","KY","40245"
41576,"1330 Castlewood Ave","Louisville","KY","40204"
41577,"2152 Baringer Ave","Louisville","KY","40204"
41578,"1608 Star Rest Dr","Louisville","KY","40272"
41579,"11705 Halifax Dr","Louisville","KY","40245"
41580,"4037 Massie Ave","Louisville","KY","40207"
41581,"1812 Spring Dr","Louisville","KY","40205"
41582,"607 E Caldwell St","Louisville","KY","40203"
41583,"611 Bluegrass Ave","Louisville","KY","40214"
41584,"9913 Winged Foot Dr","Louisville","KY","40223"
41585,"9527 Farmstead Ln","Louisville","KY","40291"
41586,"111 N 29th St","Louisville","KY","40212"
41587,"3216 Rudd Ave","Louisville","KY","40212"
41588,"6608 Southside Dr","Louisville","KY","40214"
41589,"4144 Reservoir Ave","Louisville","KY","40213"
41590,"8415 Burlingame Rd","Louisville","KY","40219"
41591,"10310 Nanka Rd","Louisville","KY","40272"
41592,"622 S 38th St","Louisville","KY","40211"
41593,"2204 Wingfield Ct","Louisville","KY","40216"
41594,"8516 Carmil Dr","Louisville","KY","40291"
41595,"5812 Dellrose Dr","Louisville","KY","40258"
41596,"2302 Becker Ct","Louisville","KY","40216"
41597,"804 Cattleya Ct","Louisville","KY","40207"
41598,"1617 Orchard Ave","Louisville","KY","40213"
41599,"8020 Adams Run Rd","Louisville","KY","40228"
41600,"106 Wiltshire Ave","Louisville","KY","40207"
41601,"7915 Ridgehurst Pl","Louisville","KY","40299"
41602,"4624 W Broadway","Louisville","KY","40211"
41603,"610 Auburn Oaks Dr","Louisville","KY","40214"
41604,"215 S Circlecrest Dr","Louisville","KY","40229"
41605,"4609 Wooded Oak Cir","Louisville","KY","40245"
41606,"4502 Binda Way","Louisville","KY","40216"
41607,"9000 Willow Springs Dr","Louisville","KY","40242"
41608,"4814 Graston Ave","Louisville","KY","40216"
41609,"412 Sam Dr","Louisville","KY","40214"
41610,"4417 Charlotte Ann Dr","Louisville","KY","40216"
41611,"2351 Winston Ave","Louisville","KY","40205"
41612,"5408 Revere Dr","Louisville","KY","40218"
41613,"4804 Lunenburg Dr","Louisville","KY","40245"
41614,"8404 Ambrosse Ln","Unit 101","Louisville",
41615,"3415 Peleske Dr","Louisville","KY","40216"
41616,"8808 Brittany Dr","Louisville","KY","40220"
41617,"1808 Casselberry Rd","Louisville","KY","40205"
41618,"1516 S 30th St","Louisville","KY","40211"
41619,"8405 Fox Pointe Pl","Louisville","KY","40242"
41620,"806 Browns Ln","Louisville","KY","40207"
41621,"826 Denmark St","Louisville","KY","40215"
41622,"2205 7th Street Rd","Louisville","KY","40208"
41623,"200 Mccready Ave","Louisville","KY","40206"
41624,"4705 Brixham Ct","Louisville","KY","40299"
41625,"300 E Esplanade Ave","Louisville","KY","40214"
41626,"3618 Breckenridge Ln","Louisville","KY","40218"
41627,"8807 Fairground Rd","Louisville","KY","40291"
41628,"8800 3rd Street Rd","Louisville","KY","40272"
41629,"985 Hillview Blvd","Louisville","KY","40229"
41630,"12106 Winding Spring Ct","Louisville","KY","40245"
41631,"441 Lightfoot Rd","Louisville","KY","40207"
41632,"10302 Mary Dell Ln","Louisville","KY","40299"
41633,"1711 Dundee Way","Louisville","KY","40205"
41634,"655 S 37th St","Louisville","KY","40211"
41635,"2311 W Kentucky St","Louisville","KY","40210"
41636,"3409 Young Ave","Louisville","KY","40211"
41637,"9920 Winged Foot Dr","Louisville","KY","40223"
41638,"676 S 42nd St","Louisville","KY","40211"
41639,"4108 S 2nd St","Louisville","KY","40214"
41640,"7112 Meihaus Way","Louisville","KY","40272"
41641,"3913 Kurtz Ave","Louisville","KY","40229"
41642,"407 Kenny Blvd","Louisville","KY","40214"
41643,"311 N 30th St","Louisville","KY","40212"
41644,"718 S 42nd St","Louisville","KY","40211"
41645,"3103 Bushmill Park","Louisville","KY","40241"
41646,"808 Cattleya Ct","Louisville","KY","40207"
41647,"11710 Saratoga Woods Ct","Louisville","KY","40299"
41648,"406 Olde Colony Cv","Louisville","KY","40214"
41649,"4106 Grand Ave","Louisville","KY","40211"
41650,"2003 Hillcircle Rd","Louisville","KY","40214"
41651,"1518 Lou Gene Ave","Louisville","KY","40216"
41652,"7203 Aurora Dr","Louisville","KY","40214"
41653,"827 Sylvia St","Louisville","KY","40217"
41654,"10913 Fairway Pointe Dr","Louisville","KY","40241"
41655,"8802 Gladstonberry Pl","Louisville","KY","40258"
41656,"10011 Glen Meadow Rd","Louisville","KY","40241"
41657,"3835 W Muhammad Ali Blvd","Louisville","KY","40212"
41658,"4417 Cameo Ct","Louisville","KY","40219"
41659,"7928 Candleglow Ln","Louisville","KY","40214"
41660,"8201 Tawneywood Ct","Louisville","KY","40291"
41661,"2709 Summerfield Dr","Louisville","KY","40220"
41662,"4001 Keal Run Way","Louisville","KY","40241"
41663,"219 Alpha Ave","Louisville","KY","40218"
41664,"4409 Hale Ave","Louisville","KY","40211"
41665,"2505 Lindsay Ave","Apt 14","Louisville",
41666,"2505 Lindsay Ave","Apt 16","Louisville",
41667,"119 Alpha Ave","Louisville","KY","40218"
41668,"6204 Port Antonio Rd","Louisville","KY","40228"
41669,"1106 Yakima St","Louisville","KY","40214"
41670,"5816 Cole Ave","Louisville","KY","40258"
41671,"4111 Landside Dr","Louisville","KY","40220"
41672,"3617 Nichols Meadow Cir","Louisville","KY","40215"
41673,"9613 3rd Street Rd","Louisville","KY","40272"
41674,"7263 Helen Ave","Louisville","KY","40258"
41675,"3320 Springcrest Dr","Louisville","KY","40241"
41676,"737 S 44th St","Louisville","KY","40211"
41677,"904 E Jefferson St","Louisville","KY","40206"
41678,"1624 Lucia Ave","Louisville","KY","40204"
41679,"7004 Green Spring Dr","Louisville","KY","40241"
41680,"4002 S 1st St","Louisville","KY","40214"
41681,"2900 Raven Ct","Louisville","KY","40220"
41682,"608 Camp St","Louisville","KY","40203"
41683,"5420 Logwood Ave","Louisville","KY","40272"
41684,"1908 Westmoorland Way","Louisville","KY","40242"
41685,"1017 S 41st St","Louisville","KY","40211"
41686,"3208 Five Oaks Pl","Louisville","KY","40207"
41687,"2203 Saint Louis Ave","Louisville","KY","40210"
41688,"12008 Ancient Spring Dr","Louisville","KY","40245"
41689,"2408 Merriwood Dr","Louisville","KY","40299"
41690,"11411 Whitney Hill Rd","Louisville","KY","40299"
41691,"7402 Springdale Rd","Louisville","KY","40241"
41692,"836 Hazel St","Louisville","KY","40211"
41693,"2349 Lansdowne Ave","Louisville","KY","40217"
41694,"4114 Lambert Ave","Louisville","KY","40218"
41695,"2336 Emerson Ave","Louisville","KY","40205"
41696,"14704 Oxford Hill Ct","Louisville","KY","40245"
41697,"3403 W Jefferson St","Louisville","KY","40212"
41698,"1007 Samuel St","Louisville","KY","40204"
41699,"735 S 37th St","Louisville","KY","40211"
41700,"1952 Lewiston Dr","Louisville","KY","40216"
41701,"1114 Lavista Way","Louisville","KY","40219"
41702,"333 Cannons Ln","Louisville","KY","40206"
41703,"5911 Grandel Blvd","Louisville","KY","40258"
41704,"6410 Green Manor Dr","Louisville","KY","40228"
41705,"3306 Grand Ave","Louisville","KY","40211"
41706,"7700 Kim Dr","Louisville","KY","40214"
41707,"11212 Pyramid Rd","Louisville","KY","40229"
41708,"4319 Westport Ter","Louisville","KY","40207"
41709,"5026 Hunters Point Cir","Louisville","KY","40216"
41710,"200 Angeletta Way","Louisville","KY","40214"
41711,"7915 Greenway Dr","Louisville","KY","40222"
41712,"3827 Greenhurst Dr","Louisville","KY","40299"
41713,"3651 Nichols Meadow Cir","Louisville","KY","40215"
41714,"4313 Manner Dale Dr","Louisville","KY","40220"
41715,"175 N Ewing Ave","Louisville","KY","40206"
41716,"4012 Parthenia Ave","Louisville","KY","40215"
41717,"2217 Wynnewood Cir","Louisville","KY","40222"
41718,"5308 Alpine Way","Louisville","KY","40214"
41719,"4207 Greenwell Ln","Louisville","KY","40216"
41720,"7019 Birnamwood Dr","Louisville","KY","40258"
41721,"12519 Kiawah Ct","Louisville","KY","40245"
41722,"8708 Alshire Dr","Louisville","KY","40258"
41723,"1007 Lynnhurst Ave","Louisville","KY","40215"
41724,"10809 Cherry Grove Ct","Louisville","KY","40299"
41725,"2301 Thornhill Rd","Louisville","KY","40222"
41726,"2014 Lowell Ave","Louisville","KY","40205"
41727,"405 Scarsdale Rd","Louisville","KY","40243"
41728,"1370 Gardiner Ln","Louisville","KY","40213"
41729,"4603 Crawford Ave","Louisville","KY","40258"
41730,"6200 Port Antonio Rd","Louisville","KY","40228"
41731,"5316 Matterhorn Dr","Louisville","KY","40216"
41732,"153 Weisser Ave","Louisville","KY","40206"
41733,"2411 Duncan St","Louisville","KY","40212"
41734,"6102 Diablo Ct","Louisville","KY","40219"
41735,"2017 S 23rd St","Louisville","KY","40210"
41736,"3621 Brownsboro Rd","Apt 403D","Louisville",
41737,"2140 Eastview Ave","Louisville","KY","40205"
41738,"4117 Wilmoth Ave","Louisville","KY","40216"
41739,"3529 Norbourne Blvd","Louisville","KY","40207"
41740,"3306 Radiance Rd","Louisville","KY","40220"
41741,"7100 Glen Echo Pl","Louisville","KY","40258"
41742,"2320 Alice Kay Dr","Louisville","KY","40214"
41743,"5902 Dellrose Dr","Louisville","KY","40258"
41744,"337 Monohan Dr","Louisville","KY","40207"
41745,"7809 Creekbottom Rd","Louisville","KY","40241"
41746,"310 Browns Ln","Louisville","KY","40207"
41747,"3216 Bridwell Dr","Louisville","KY","40216"
41748,"112 Danny Ct","Louisville","KY","40214"
41749,"214 Knollwood Cir","Louisville","KY","40229"
41750,"10103 Coralwood Dr","Louisville","KY","40229"
41751,"11510 Saratoga Ridge Dr","Louisville","KY","40299"
41752,"3913 Brownlee Rd","Louisville","KY","40207"
41753,"605 Willowbrook Rd","Louisville","KY","40243"
41754,"2836 Slevin St","Louisville","KY","40212"
41755,"11106 Foxbrook Ct","Louisville","KY","40223"
41756,"12008 Bay Run Dr","Louisville","KY","40245"
41757,"8905 Mountain Brook Dr","Louisville","KY","40272"
41758,"738 S 35th St","Louisville","KY","40211"
41759,"3912 Brownlee Rd","Louisville","KY","40207"
41760,"3423 Barkwood Rd","Louisville","KY","40216"
41761,"10608 Kinross Ct","Louisville","KY","40243"
41762,"2013 W Jefferson St","Louisville","KY","40203"
41763,"3008 Whiteway Ave","Louisville","KY","40205"
41764,"3506 Greenwood Ave","Louisville","KY","40211"
41765,"7412 Maria Ave","Louisville","KY","40222"
41766,"9802 Whipps Mill Rd","Unit 5","Louisville",
41767,"3117 Randolph Ave","Louisville","KY","40206"
41768,"303 N 38th St","Louisville","KY","40212"
41769,"6904 Blackhorse Dr","Louisville","KY","40291"
41770,"1402 Paul Ave","Louisville","KY","40215"
41771,"1406 Cadence Ct","Louisville","KY","40222"
41772,"1056 Reasor Ave","Louisville","KY","40217"
41773,"1415 Knight Rd","Louisville","KY","40214"
41774,"3925 Village Green Dr","Louisville","KY","40299"
41775,"1509 E Breckinridge St","Louisville","KY","40204"
41776,"8004 Jennifer Ridge Pl","Louisville","KY","40258"
41777,"4626 Lunenburg Dr","Louisville","KY","40245"
41778,"3808 Grandview Ave","Louisville","KY","40207"
41779,"2021 Strathmoor Blvd","Louisville","KY","40205"
41780,"4305 Creek Bend Ct","Louisville","KY","40241"
41781,"425 Bauer Ave","Louisville","KY","40207"
41782,"8402 Ambrosse Ln","Unit 103","Louisville",
41783,"4410 Hunsinger Ln","Louisville","KY","40220"
41784,"4617 Grandview Dr","Louisville","KY","40216"
41785,"6718 Astral Dr","Louisville","KY","40258"
41786,"7214 Quail Ridge Rd","Louisville","KY","40291"
41787,"4007 Poplar Level Rd","Louisville","KY","40213"
41788,"3317 Furman Blvd","Louisville","KY","40220"
41789,"5502 Oakcreek Ln","Louisville","KY","40291"
41790,"4403 Starks Dr","Louisville","KY","40218"
41791,"214 Cambridge Station Rd","Louisville","KY","40223"
41792,"5402 Pawnee Trl","Louisville","KY","40207"
41793,"1427 Rhonda Way","Louisville","KY","40216"
41794,"3705 Mid Dale Ct","Louisville","KY","40220"
41795,"1833 Hale Ave","Louisville","KY","40210"
41796,"446 N Skyline Dr","Louisville","KY","40229"
41797,"7602 Beech Spring Ct","Louisville","KY","40241"
41798,"4102 Stony Brook Dr","Louisville","KY","40299"
41799,"412 Trinity Hills Ln","Louisville","KY","40207"
41800,"211 Cannons Ln","Louisville","KY","40206"
41801,"503 Willow Stone Way","Louisville","KY","40223"
41802,"7104 Glen Echo Pl","Louisville","KY","40258"
41803,"13416 Forest Springs Dr","Louisville","KY","40245"
41804,"6402 Haverhill Rd","Louisville","KY","40222"
41805,"6607 W Orell Rd","Louisville","KY","40272"
41806,"8811 Ferndale Rd","Louisville","KY","40291"
41807,"518 E Saint Catherine St","Louisville","KY","40203"
41808,"1304 Isleworth Dr","Louisville","KY","40245"
41809,"13921 Buttermilk Ridge Rd","Louisville","KY","40299"
41810,"750 Zorn Ave","Apt 7","Louisville",
41811,"4206 Windy Oaks Rd","Louisville","KY","40241"
41812,"3212 Oak Haven Ct","Louisville","KY","40220"
41813,"5015 S 4th St","Louisville","KY","40214"
41814,"3022 Dogwood Dr","Louisville","KY","40220"
41815,"2511 Meadow Dr","Louisville","KY","40218"
41816,"606 Nottingham Pkwy","Louisville","KY","40222"
41817,"4031 Crawford Ave","Louisville","KY","40218"
41818,"4610 Wooded Oak Cir","Louisville","KY","40245"
41819,"2804 Pomeroy Dr","Louisville","KY","40218"
41820,"7112 Meadow Ridge Dr","Louisville","KY","40218"
41821,"669 Hecks St","Louisville","KY","40211"
41822,"215 Linden Ln","Louisville","KY","40206"
41823,"1875 Kendall Ln","Louisville","KY","40216"
41824,"2219 Walterdale Ter","Louisville","KY","40205"
41825,"7253 Helen Ave","Louisville","KY","40258"
41826,"1279 Farmdale Ave","Louisville","KY","40213"
41827,"815 S 23rd St","Louisville","KY","40211"
41828,"2507 Pikes Peak Blvd","Louisville","KY","40214"
41829,"6213 Glen Hill Rd","Louisville","KY","40222"
41830,"7919 Ridgehurst Pl","Louisville","KY","40299"
41831,"4603 Marcy Ave","Louisville","KY","40272"
41832,"7310 Watson Ln","Louisville","KY","40272"
41833,"1011 Barret Ave","Louisville","KY","40204"
41834,"9007 Denington Dr","Louisville","KY","40222"
41835,"1206 Bentwood Way","Louisville","KY","40223"
41836,"2522 Bank St","Louisville","KY","40212"
41837,"3030 Breckenridge Ln","Apt 101","Louisville",
41838,"866 S 24th St","Louisville","KY","40211"
41839,"3803 Plymouth Rd","Louisville","KY","40207"
41840,"4506 Grand Ave","Louisville","KY","40211"
41841,"7907 Avanti Way","Louisville","KY","40291"
41842,"903 Johnson Rd","Louisville","KY","40245"
41843,"2629 Wingfield Ln","Louisville","KY","40210"
41844,"3614 Susan Ln","Louisville","KY","40229"
41845,"102 Stonehenge Dr","Apt 104","Louisville",
41846,"1612 Belmar Dr","Louisville","KY","40213"
41847,"4909 Plebe Ct","Louisville","KY","40216"
41848,"267 Granvil Dr","Louisville","KY","40218"
41849,"5900 Bay Pine Dr","Louisville","KY","40219"
41850,"653 N 25th St","Louisville","KY","40212"
41851,"3803 Ridgehurst Ct","Louisville","KY","40299"
41852,"3839 Peachtree Ave","Louisville","KY","40215"
41853,"1018 E Breckinridge St","Louisville","KY","40204"
41854,"720 Fairhill Dr","Louisville","KY","40207"
41855,"311 Mockingbird Gardens Dr","Louisville","KY","40207"
41856,"323 S Sherrin Ave","Louisville","KY","40207"
41857,"10402 Pebblestone Cir","Louisville","KY","40229"
41858,"7904 Celestial Way","Louisville","KY","40291"
41859,"1211 Quaker Ct","Louisville","KY","40214"
41860,"8711 Clover Ct","Louisville","KY","40242"
41861,"7243 Helen Ave","Louisville","KY","40258"
41862,"527 E Saint Catherine St","Louisville","KY","40203"
41863,"7112 Ridge Creek Rd","Louisville","KY","40291"
41864,"2900 Thistlewood Dr","Louisville","KY","40206"
41865,"7416 Wesboro Rd","Louisville","KY","40242"
41866,"11816 Dearing Woods Dr","Louisville","KY","40272"
41867,"1235 Valley Dr","Louisville","KY","40213"
41868,"1502 Edgewood Pl","Louisville","KY","40205"
41869,"207 E Oak St","Louisville","KY","40203"
41870,"4937 S 3rd St","Louisville","KY","40214"
41871,"5324 Juanita Ln","Louisville","KY","40272"
41872,"2314 Elmhurst Ave","Louisville","KY","40216"
41873,"910 Samuel St","Louisville","KY","40204"
41874,"8420 Johnson School Rd","Louisville","KY","40291"
41875,"1616 Al Mara Cir","Louisville","KY","40205"
41876,"2720 Klondike Ln","Louisville","KY","40218"
41877,"2411 Crittenden Dr","Louisville","KY","40217"
41878,"2407 Crittenden Dr","Louisville","KY","40217"
41879,"3109 Horton Ave","Louisville","KY","40220"
41880,"7200 Ivan Ct","Louisville","KY","40214"
41881,"911 Thruston Dr","Louisville","KY","40217"
41882,"310 Leyton Ave","Louisville","KY","40222"
41883,"126 Weisser Ave","Louisville","KY","40206"
41884,"7642 3rd Street Rd","Louisville","KY","40214"
41885,"11711 Coventry Hill Rd","Louisville","KY","40299"
41886,"10314 Colonel Hancock Dr","Louisville","KY","40291"
41887,"12400 Alfred Berry Ct","Louisville","KY","40223"
41888,"9507 Yellow Pine Ct","Louisville","KY","40229"
41889,"1718 Nobel Pl","Louisville","KY","40216"
41890,"4713 Carolina Springs Ct","Louisville","KY","40299"
41891,"2801 Klondike Ln","Louisville","KY","40218"
41892,"3109 Sherbrooke Rd","Louisville","KY","40205"
41893,"13504 Snowden Way","Louisville","KY","40272"
41894,"239 Delmont Ave","Louisville","KY","40206"
41895,"9012 Annlou Dr","Louisville","KY","40272"
41896,"653 Atwood St","Louisville","KY","40217"
41897,"2307 Janlyn Rd","Louisville","KY","40299"
41898,"1108 Bentwood Place Ct","Louisville","KY","40207"
41899,"703 Pine Way","Louisville","KY","40223"
41900,"2101 S 41st St","Louisville","KY","40211"
41901,"4404 Stoneham Pl","Louisville","KY","40299"
41902,"6711 Six Mile Ln","Louisville","KY","40218"
41903,"4607 Clayton Ter","Louisville","KY","40214"
41904,"10104 Bayport Rd","Louisville","KY","40299"
41905,"315 N 33rd St","Louisville","KY","40212"
41906,"535 Brentwood Ave","Louisville","KY","40215"
41907,"208 Lesane Ct","Louisville","KY","40214"
41908,"8816 Tranquil Valley Ln","Louisville","KY","40299"
41909,"2715 Narragansett Dr","Louisville","KY","40210"
41910,"857 S 24th St","Louisville","KY","40211"
41911,"619 Candlelight Ln","Louisville","KY","40214"
41912,"1139 Sylvia St","Louisville","KY","40217"
41913,"1050 Samuel St","Louisville","KY","40204"
41914,"5410 Bold Venture Rd","Louisville","KY","40272"
41915,"6103 Toebbe Ln","Louisville","KY","40229"
41916,"1221 Schiller Ave","Louisville","KY","40204"
41917,"2106 Old Hickory Rd","Louisville","KY","40299"
41918,"9407 Moonridge Pl","Louisville","KY","40229"
41919,"9406 Armoridge Pl","Louisville","KY","40229"
41920,"9500 Arrowridge Dr","Louisville","KY","40229"
41921,"4912 Old Heady Rd","Louisville","KY","40299"
41922,"717 E Saint Catherine St","Louisville","KY","40203"
41923,"228 Downes Ln","Louisville","KY","40214"
41924,"942 Parkway Dr","Louisville","KY","40217"
41925,"533 N 24th St","Louisville","KY","40212"
41926,"2227 Mary Catherine Dr","Louisville","KY","40216"
41927,"9111 Gutenberg Rd","Louisville","KY","40291"
41928,"10502 Volpaire Dr","Louisville","KY","40223"
41929,"4016 Clyde Dr","Louisville","KY","40216"
41930,"2018 W Burnett Ave","Louisville","KY","40210"
41931,"5503 Dione Ave","Louisville","KY","40216"
41932,"1900 Spring Dr","Louisville","KY","40205"
41933,"1815 Gardiner Ln","Apt G61","Louisville",
41934,"2602 Windsor Forest Dr","Louisville","KY","40272"
41935,"1920 Lynn Lea Rd","Louisville","KY","40216"
41936,"4709 Kiefer Rd","Louisville","KY","40216"
41937,"7605 Nannette Ct","Louisville","KY","40258"
41938,"806 Locust Pointe Pl","Louisville","KY","40245"
41939,"147 Crescent Ave","Louisville","KY","40206"
41940,"8707 Hudson Ln","Louisville","KY","40291"
41941,"1954 Richmond Dr","Louisville","KY","40205"
41942,"504 N Beckley Station Rd","Louisville","KY","40245"
41943,"3500 Pinecroft Dr","Louisville","KY","40219"
41944,"8110 Regency Woods Way","Louisville","KY","40220"
41945,"2627 Gardiner Ln","Louisville","KY","40205"
41946,"3022 Hermany Ct","Louisville","KY","40206"
41947,"2003 Lauderdale Rd","Louisville","KY","40205"
41948,"10304 Saint Rene Rd","Louisville","KY","40299"
41949,"2055 Douglass Blvd","Louisville","KY","40205"
41950,"7407 Beauty Ct","Louisville","KY","40228"
41951,"2918 Chimney Rock Ln","Louisville","KY","40220"
41952,"913 Vine St","Louisville","KY","40204"
41953,"4723 Southern Pkwy","Louisville","KY","40214"
41954,"2816 Parklawn Dr","Louisville","KY","40217"
41955,"9219 Pagoda Dr","Louisville","KY","40229"
41956,"658 Lynn St","Louisville","KY","40217"
41957,"5506 Count Fleet Dr","Louisville","KY","40272"
41958,"1330 E Breckinridge St","Louisville","KY","40204"
41959,"9907 Arterburn Woods Dr","Louisville","KY","40223"
41960,"10403 Pebblestone Cir","Louisville","KY","40229"
41961,"8310 Herrington Ct","Louisville","KY","40228"
41962,"200 Club Oak Ct","Louisville","KY","40223"
41963,"9004 Split Rail Dr","Louisville","KY","40272"
41964,"5714 E Manslick Rd","Louisville","KY","40219"
41965,"4307 Bayberry Dr","Louisville","KY","40216"
41966,"17114 Mallet Hill Dr","Louisville","KY","40245"
41967,"3401 Eva Rd","Louisville","KY","40216"
41968,"5007 Lively Ct","Louisville","KY","40218"
41969,"922 Brierly Hill Ct","Louisville","KY","40299"
41970,"7107 Lorenzo Ln","Louisville","KY","40228"
41971,"7105 W Shefford Ln","Louisville","KY","40242"
41972,"7007 Green Creek Pl","Louisville","KY","40258"
41973,"3208 Glenstone Ct","Louisville","KY","40220"
41974,"10815 Onandaga Ct","Louisville","KY","40229"
41975,"3505 Barclay Dr","Louisville","KY","40299"
41976,"321 N 34th St","Louisville","KY","40212"
41977,"124 Travois Rd","Louisville","KY","40207"
41978,"7407 Oswego Cir","Louisville","KY","40214"
41979,"16816 Polo Fields Ln","Louisville","KY","40245"
41980,"11509 Saratoga Hill Ct","Louisville","KY","40299"
41981,"4508 Stone Wynde Dr","Louisville","KY","40272"
41982,"10781 Millers Ln","Louisville","KY","40272"
41983,"5604 Locust Way","Louisville","KY","40229"
41984,"7016 Ethan Allen Way","Louisville","KY","40272"
41985,"1214 Tallow Ln","Louisville","KY","40214"
41986,"10204 Garlanreid Pl","Louisville","KY","40223"
41987,"3105 Widgeon Ave","Louisville","KY","40213"
41988,"3209 Bohannon Ave","Louisville","KY","40215"
41989,"743 Dearborn Ave","Louisville","KY","40211"
41990,"4608 Vinita Way","Louisville","KY","40272"
41991,"8111 Jasmine Ln","Louisville","KY","40228"
41992,"7405 Arapaho Dr","Louisville","KY","40214"
41993,"2707 Ralph Ave","Louisville","KY","40216"
41994,"3504 Peleske Dr","Louisville","KY","40216"
41995,"4816 Tipton Pl","Louisville","KY","40272"
41996,"1911 W Madison St","Louisville","KY","40203"
41997,"4800 Tipton Pl","Louisville","KY","40272"
41998,"4727 Bellevue Ave","Louisville","KY","40215"
41999,"5907 Carmelwood Cir","Louisville","KY","40229"
42000,"4518 Cod Dr","Louisville","KY","40272"
42001,"2197 Stephan Ln","Louisville","KY","40214"
42002,"6014 Highgrade Dr","Louisville","KY","40291"
42003,"1000 Franelm Rd","Louisville","KY","40214"
42004,"646 S 2nd St","Apt 1","Louisville",
42005,"3311 Mcclain Ct","Louisville","KY","40299"
42006,"635 E Saint Catherine St","Louisville","KY","40203"
42007,"8205 Candleglow Ln","Louisville","KY","40214"
42008,"3011 Lexington Rd","Louisville","KY","40206"
42009,"3848 Darlene Dr","Louisville","KY","40216"
42010,"14013 Hickory Ridge Rd","Louisville","KY","40245"
42011,"2840 Garfield Ave","Louisville","KY","40212"
42012,"1959 Meadowcreek Dr","Louisville","KY","40218"
42013,"2432 Parkdale Ave","Louisville","KY","40220"
42014,"2119 Winston Ave","Louisville","KY","40205"
42015,"11108 Halkirk Pl","Louisville","KY","40243"
42016,"10706 Chain Ivy Ct","Louisville","KY","40291"
42017,"1432 Shingo Ave","Louisville","KY","40215"
42018,"11707 Halifax Dr","Louisville","KY","40245"
42019,"9200 Walter Ave","Louisville","KY","40229"
42020,"4012 S 2nd St","Louisville","KY","40214"
42021,"11305 Prince George Ct","Louisville","KY","40241"
42022,"11213 Paloma Ct","Louisville","KY","40229"
42023,"4509 Jewell Ave","Louisville","KY","40212"
42024,"1508 Knight Rd","Louisville","KY","40216"
42025,"919 Clarks Ln","Louisville","KY","40217"
42026,"402 Pleasantview Ave","Louisville","KY","40206"
42027,"4812 Famous Way","Louisville","KY","40219"
42028,"3320 Fern Lea Rd","Louisville","KY","40216"
42029,"1439 S 1st St","Louisville","KY","40208"
42030,"804 Rubel Ave","Louisville","KY","40204"
42031,"3600 Herman St","Louisville","KY","40212"
42032,"11708 Frank Ave","Louisville","KY","40243"
42033,"1409 Fayette Dr","Louisville","KY","40219"
42034,"8803 Brittany Dr","Louisville","KY","40220"
42035,"1940 Rutherford Ave","Louisville","KY","40205"
42036,"8116 Judge Blvd","Louisville","KY","40219"
42037,"6816 Rock Forest Dr","Louisville","KY","40219"
42038,"808 Hazel St","Louisville","KY","40211"
42039,"1819 Kingsford Dr","Louisville","KY","40216"
42040,"6609 Astral Dr","Louisville","KY","40258"
42041,"8123 Eagles Crest Ct","Louisville","KY","40291"
42042,"5510 Woodcross Pl","Louisville","KY","40229"
42043,"4108 Chambers Way","Louisville","KY","40299"
42044,"5608 Greenwood Rd","Louisville","KY","40258"
42045,"5110 Fay Ave","Louisville","KY","40214"
42046,"8908 Cottingham Way","Louisville","KY","40258"
42047,"508 Fenley Ave","Louisville","KY","40222"
42048,"6100 Trappers Ridge Cir","Louisville","KY","40216"
42049,"4124 Sunflower Ave","Louisville","KY","40216"
42050,"534 Baxter Ave","Louisville","KY","40204"
42051,"909 Reasor Ave","Louisville","KY","40217"
42052,"4432 Malcolm Rd","Louisville","KY","40216"
42053,"2506 Wyeth Ct","Louisville","KY","40220"
42054,"5349 Rollingwood Trl","Louisville","KY","40214"
42055,"8101 Barbour Manor Dr","Louisville","KY","40241"
42056,"2602 Kennersley Dr","Louisville","KY","40242"
42057,"8514 Bronzewing Ct","Louisville","KY","40299"
42058,"5910 Grandel Blvd","Louisville","KY","40258"
42059,"2930 Delor Ave","Louisville","KY","40217"
42060,"618 Harris Pl","Louisville","KY","40222"
42061,"301 Wickfield Dr","Louisville","KY","40245"
42062,"4918 Hunters Point Cir","Louisville","KY","40216"
42063,"3963 Cane Run Rd","Louisville","KY","40211"
42064,"8413 Madrone Ave","Louisville","KY","40258"
42065,"3802 Belquin Ct","Louisville","KY","40211"
42066,"210 Fairlawn Rd","Louisville","KY","40207"
42067,"13907 Darwin Blvd","Louisville","KY","40272"
42068,"6108 Two Springs Ln","Louisville","KY","40207"
42069,"8228 Saint Andrews Church Rd","Louisville","KY","40258"
42070,"2324 1/2 Saint Louis Ave","Louisville","KY","40210"
42071,"1405 Phyllis Ave","Louisville","KY","40215"
42072,"3328 Greenwood Ave","Louisville","KY","40211"
42073,"845 S 32nd St","Louisville","KY","40211"
42074,"5601 Regal Dr","Louisville","KY","40218"
42075,"4333 Lahnna Dr","Louisville","KY","40216"
42076,"13509 Diane Rd","Louisville","KY","40272"
42077,"932 E Muhammad Ali Blvd","Louisville","KY","40204"
42078,"9212 Willowwood Way","Louisville","KY","40299"
42079,"3020 Petty Jay Rd","Louisville","KY","40220"
42080,"10212 Dodge Ln","Louisville","KY","40272"
42081,"530 Forum Ave","Louisville","KY","40214"
42082,"1803 Roosevelt Ave","Louisville","KY","40242"
42083,"2812 Celina Dr","Louisville","KY","40213"
42084,"8102 Krystle Ridge Pl","Louisville","KY","40258"
42085,"4403 Stoneham Pl","Louisville","KY","40299"
42086,"3106 Lakeview Dr","Louisville","KY","40205"
42087,"1063 Cecil Ave","Louisville","KY","40211"
42088,"3207 Fallshere Ct","Louisville","KY","40220"
42089,"8708 Whipps Mill Rd","Louisville","KY","40222"
42090,"5307 Windy Willow Dr","Louisville","KY","40241"
42091,"1109 E Saint Catherine St","Louisville","KY","40204"
42092,"208 Lanark Dell","Louisville","KY","40243"
42093,"2309 W Chestnut St","Louisville","KY","40211"
42094,"1407 Blue Vale Way","Louisville","KY","40222"
42095,"8710 Creighton Ct","Louisville","KY","40222"
42096,"7015 Birnamwood Dr","Louisville","KY","40258"
42097,"4104 Wooded Way","Louisville","KY","40219"
42098,"9726 Boxford Way","Louisville","KY","40242"
42099,"7310 Supremus Dr","Louisville","KY","40214"
42100,"3317 Autumn Way","Louisville","KY","40218"
42101,"3234 Poplar View Dr","Louisville","KY","40216"
42102,"3905 Benje Way","Louisville","KY","40241"
42103,"184 S Steedland Dr","Louisville","KY","40229"
42104,"103 S 38th St","Louisville","KY","40212"
42105,"1844 San Jose Ave","Louisville","KY","40216"
42106,"3009 Kaye Lawn Dr","Louisville","KY","40220"
42107,"2723 Masemure Ct","Louisville","KY","40220"
42108,"2592 Masemure Ct","Louisville","KY","40220"
42109,"1853 Farnsley Rd","Louisville","KY","40216"
42110,"9613 Caven Ave","Louisville","KY","40229"
42111,"221 N Clifton Ave","Apt 14","Louisville",
42112,"11012 Lansford Dr","Louisville","KY","40272"
42113,"11008 Lansford Dr","Louisville","KY","40272"
42114,"8207 Rock Wall Ct","Louisville","KY","40220"
42115,"4104 Sunrise Way","Louisville","KY","40220"
42116,"8420 Oxford Woods Ct","Louisville","KY","40222"
42117,"8710 Wooded Glen Rd","Louisville","KY","40220"
42118,"811 Goullon Ct","Louisville","KY","40204"
42119,"608 S 40th St","Louisville","KY","40211"
42120,"3702 Mid Dale Ct","Louisville","KY","40220"
42121,"2540 Woodbourne Ave","Louisville","KY","40205"
42122,"421 Fairlawn Rd","Louisville","KY","40207"
42123,"2203 Edgehill Rd","Louisville","KY","40205"
42124,"537 Denmark St","Louisville","KY","40215"
42125,"7401 Andrew Ct","Louisville","KY","40220"
42126,"10202 Allentree Pl","Louisville","KY","40229"
42127,"5305 Famous Way","Louisville","KY","40219"
42128,"8506 Saberdee Dr","Louisville","KY","40242"
42129,"10003 Lochwick Way","Louisville","KY","40272"
42130,"505 Lymington Ct","Louisville","KY","40243"
42131,"2912 Koster Pl","Louisville","KY","40241"
42132,"1507 Mellwood Ave","Louisville","KY","40206"
42133,"11904 Halifax Dr","Louisville","KY","40245"
42134,"8110 Limehouse Ln","Louisville","KY","40220"
42135,"4109 Gingerwood Dr","Louisville","KY","40220"
42136,"1244 S Floyd St","Louisville","KY","40203"
42137,"311 Westport Dr","Louisville","KY","40207"
42138,"3301 Calais Dr","Louisville","KY","40299"
42139,"4824 Bluebird Ave","Louisville","KY","40213"
42140,"1719 Glenview Pl","Louisville","KY","40216"
42141,"9010 Hi View Ln","Louisville","KY","40272"
42142,"1813 Parkridge Pkwy","Louisville","KY","40214"
42143,"11721 Halifax Dr","Louisville","KY","40245"
42144,"1047 Runell Rd","Louisville","KY","40214"
42145,"2426 Saint Xavier St","Louisville","KY","40212"
42146,"3916 Kennison Ave","Louisville","KY","40207"
42147,"4020 Henderson Ave","Louisville","KY","40213"
42148,"3520 Del Park Ter","Louisville","KY","40211"
42149,"1819 S 24th St","Louisville","KY","40210"
42150,"2114 Wallie Ann Ct","Louisville","KY","40210"
42151,"6711 Oak Valley Dr","Louisville","KY","40214"
42152,"1321 S Floyd St","Louisville","KY","40208"
42153,"7107 Atur Ln","Louisville","KY","40258"
42154,"1821 Magazine St","Louisville","KY","40203"
42155,"1733 Shady Ln","Louisville","KY","40205"
42156,"522 N 27th St","Louisville","KY","40212"
42157,"10814 Hobbs Station Rd","Louisville","KY","40223"
42158,"2609 Windsor Forest Dr","Louisville","KY","40272"
42159,"9208 Wooddale Dr","Louisville","KY","40272"
42160,"8112 Village Point Dr","Louisville","KY","40291"
42161,"616 Wickfield Dr","Louisville","KY","40245"
42162,"3223 Wellingmoor Ave","Louisville","KY","40218"
42163,"1518 Magazine St","Apt 6","Louisville",
42164,"9403 Jo Ct","Louisville","KY","40299"
42165,"7515 Greenlawn Rd","Louisville","KY","40242"
42166,"6605 Sun Ray Dr","Louisville","KY","40272"
42167,"11522 Lower River Rd","Louisville","KY","40272"
42168,"9827 Longwood Cir","Louisville","KY","40223"
42169,"2307 Elmore St","Louisville","KY","40216"
42170,"6011 Red Rock Ct","Louisville","KY","40219"
42171,"7605 Washington State Ct","Louisville","KY","40228"
42172,"1721 Devondale Dr","Louisville","KY","40222"
42173,"5113 Mount Marcy Rd","Louisville","KY","40216"
42174,"4736 W Broadway","Louisville","KY","40211"
42175,"4832 Redwing Way","Louisville","KY","40213"
42176,"10403 Lark Park Dr","Louisville","KY","40299"
42177,"7704 Whitfield Dr","Louisville","KY","40218"
42178,"11802 Mahogany Dr","Louisville","KY","40272"
42179,"4400 Dellafay Dr","Louisville","KY","40219"
42180,"9716 3rd Street Rd","Louisville","KY","40272"
42181,"4526 Saratoga Woods Dr","Louisville","KY","40299"
42182,"1911 Strathmoor Blvd","Louisville","KY","40205"
42183,"1356 Olive St","Louisville","KY","40211"
42184,"6712 Miller Park Dr","Louisville","KY","40258"
42185,"2411 Slevin St","Louisville","KY","40212"
42186,"4313 Sanders Ln","Louisville","KY","40216"
42187,"1504 Lou Gene Ave","Louisville","KY","40216"
42188,"8016 Watterson Trl","Louisville","KY","40291"
42189,"8106 Applegate Ct","Louisville","KY","40228"
42190,"4438 Southbridge Ct","Louisville","KY","40272"
42191,"6803 Fenway Rd","Louisville","KY","40258"
42192,"10816 Cherry Grove Ct","Louisville","KY","40299"
42193,"8602 Sardis Way","Louisville","KY","40228"
42194,"8907 Largo Ct","Louisville","KY","40299"
42195,"10526 Edgewater Rd","Louisville","KY","40223"
42196,"853 S 24th St","Louisville","KY","40211"
42197,"702 Stivers Rd","Louisville","KY","40207"
42198,"5003 Mile Of Sunshine Dr","Louisville","KY","40219"
42199,"3909 Pinoak View Ct","Louisville","KY","40299"
42200,"6705 Memory Ln","Louisville","KY","40258"
42201,"10222 Timberwood Cir","Louisville","KY","40223"
42202,"3914 Bank St","Louisville","KY","40212"
42203,"9018 Old Bardstown Rd","Louisville","KY","40291"
42204,"2128 Baringer Ave","Louisville","KY","40204"
42205,"133 Bigwood Way","Louisville","KY","40229"
42206,"10309 Hartley Dr","Louisville","KY","40223"
42207,"3124 Michael Dr","Louisville","KY","40220"
42208,"4822 Southern Pkwy","Louisville","KY","40214"
42209,"11818 Garr Ave","Louisville","KY","40223"
42210,"2810 Kennersley Dr","Louisville","KY","40242"
42211,"4120 La Salle Ave","Louisville","KY","40215"
42212,"8218 Fenwick Farm Pl","Louisville","KY","40220"
42213,"3022 Fleming Ave","Louisville","KY","40206"
42214,"4915 Lagoona Dr","Louisville","KY","40219"
42215,"8706 Dorrance Dr","Louisville","KY","40258"
42216,"14101 Marley Pl","Louisville","KY","40245"
42217,"5525 Saxon Blvd","Louisville","KY","40219"
42218,"3017 Brownsboro Rd","Apt 9","Louisville",
42219,"3221 Ellis Way","Louisville","KY","40220"
42220,"16601 Chestnut Glen Pl","Louisville","KY","40245"
42221,"2913 Dale Ann Dr","Louisville","KY","40220"
42222,"1637 Berry Blvd","Louisville","KY","40215"
42223,"9901 Northridge Dr","Louisville","KY","40272"
42224,"3314 Taylor Blvd","Louisville","KY","40215"
42225,"907 Brentwood Ave","Louisville","KY","40215"
42226,"1836 Deer Park Ave","Louisville","KY","40205"
42227,"1811 Fernwood Ave","Louisville","KY","40205"
42228,"3701 Downing Way","Louisville","KY","40218"
42229,"4206 Sherman Ave","Louisville","KY","40213"
42230,"1321 Walter Ave","Louisville","KY","40215"
42231,"601 Dublin Cir","Louisville","KY","40229"
42232,"6002 Dora Ct","Louisville","KY","40214"
42233,"3704 Hillcreek Rd","Louisville","KY","40220"
42234,"143 Woodmore Ave","Louisville","KY","40214"
42235,"12410 Alfred Berry Ct","Louisville","KY","40223"
42236,"1919 Magazine St","Louisville","KY","40203"
42237,"3701 Rock Bay Dr","Louisville","KY","40245"
42238,"11103 Cedar Creek Rd","Louisville","KY","40229"
42239,"7113 Field Ridge Ct","Louisville","KY","40291"
42240,"2905 Hikes Ln","Louisville","KY","40218"
42241,"7222 Lora Dr","Louisville","KY","40214"
42242,"108 Freeman Ave","Louisville","KY","40214"
42243,"1108 Glenlake Way","Louisville","KY","40245"
42244,"9340 Ponder Ln","Louisville","KY","40272"
42245,"324 Wood Rd","Louisville","KY","40222"
42246,"2419 Brighton Dr","Louisville","KY","40205"
42247,"1732 Frankfort Ave","Louisville","KY","40206"
42248,"1448 Goddard Ave","Louisville","KY","40204"
42249,"7101 River Field Dr","Louisville","KY","40258"
42250,"1612 Thornberry Ave","Louisville","KY","40215"
42251,"1603 Clarice Way","Louisville","KY","40216"
42252,"2604 Evergreen Wynde","Louisville","KY","40223"
42253,"1827 Olenda Ave","Louisville","KY","40216"
42254,"3600 Brendenwood Rd","Louisville","KY","40272"
42255,"2500 Meadow Rd","Louisville","KY","40205"
42256,"430 Lyndon Ln","Louisville","KY","40222"
42257,"9006 Whippoorwill Rd","Louisville","KY","40229"
42258,"1221 Keswick Blvd","Louisville","KY","40217"
42259,"1969 Meadowcreek Dr","Louisville","KY","40218"
42260,"10517 Parkerwood Pl","Louisville","KY","40229"
42261,"32 Hallsdale Dr","Louisville","KY","40220"
42262,"5506 Woodcross Pl","Louisville","KY","40229"
42263,"3210 Wellingmoor Ave","Louisville","KY","40218"
42264,"3518 Del Park Ter","Louisville","KY","40211"
42265,"715 Creel Ave","Louisville","KY","40208"
42266,"5015 Railroad Ave","Louisville","KY","40258"
42267,"32 Southwind Rd","Louisville","KY","40207"
42268,"10105 Sycamore Shoals Ct","Louisville","KY","40223"
42269,"7714 Edna M Rd","Louisville","KY","40258"
42270,"239 Carey Ave","Louisville","KY","40218"
42271,"6206 Lynnchester Dr","Louisville","KY","40219"
42272,"2307 Allston Ave","Louisville","KY","40210"
42273,"1114 Weller Ave","Louisville","KY","40208"
42274,"8404 Linda Rd","Louisville","KY","40219"
42275,"2233 Valley Vista Rd","Louisville","KY","40205"
42276,"8616 Holston Rd","Louisville","KY","40222"
42277,"11020 Eagles Cove Dr","Louisville","KY","40241"
42278,"7210 Quail Ridge Rd","Louisville","KY","40291"
42279,"9216 Cornflower Rd","Louisville","KY","40272"
42280,"6607 Capella Ln","Louisville","KY","40258"
42281,"1403 Autumn Ridge Rd","Louisville","KY","40242"
42282,"6009 Apex Dr","Louisville","KY","40219"
42283,"2034 Goldsmith Ln","Louisville","KY","40218"
42284,"2147 Glenworth Ave","Louisville","KY","40218"
42285,"3757 Wheeler Ave","Louisville","KY","40215"
42286,"6121 Frey Dr","Louisville","KY","40219"
42287,"121 Tanglewood Trl","Louisville","KY","40223"
42288,"3223 Hartlage Ct","Louisville","KY","40216"
42289,"8710 Whipps Mill Rd","Louisville","KY","40222"
42290,"2711 Welsford Way","Louisville","KY","40242"
42291,"1712 Magazine St","Louisville","KY","40203"
42292,"4012 Mamaroneck Rd","Louisville","KY","40218"
42293,"12817 Ledges Dr","Louisville","KY","40243"
42294,"2904 Bank St","Louisville","KY","40212"
42295,"2429 Montgomery St","Louisville","KY","40212"
42296,"6115 Bay Pine Dr","Louisville","KY","40219"
42297,"3625 Northwestern Pkwy","Louisville","KY","40212"
42298,"2300 Swing Dr","Louisville","KY","40299"
42299,"3507 Graham Rd","Louisville","KY","40207"
42300,"2517 Ashbrook Ave","Louisville","KY","40220"
42301,"370 N 26th St","Louisville","KY","40212"
42302,"303 N Madison Ave","Louisville","KY","40243"
42303,"11503 Saratoga Hill Ct","Louisville","KY","40299"
42304,"3703 Powell Ave","Louisville","KY","40215"
42305,"739 S Shelby St","Louisville","KY","40203"
42306,"1410 Wurtele Ave","Louisville","KY","40208"
42307,"9007 Fawn Ct","Louisville","KY","40242"
42308,"1926 Goldsmith Ln","Unit 89","Louisville",
42309,"5212 Benson Ct","Louisville","KY","40272"
42310,"9002 Shevie Dr","Louisville","KY","40272"
42311,"6510 Watch Hill Rd","Louisville","KY","40228"
42312,"7113 W Orell Rd","Louisville","KY","40272"
42313,"2633 Payne St","Louisville","KY","40206"
42314,"10002 Moon Beam Ct","Louisville","KY","40272"
42315,"3731 Bank St","Louisville","KY","40212"
42316,"5122 Laughlin Ave","Louisville","KY","40214"
42317,"623 N 25th St","Louisville","KY","40212"
42318,"933 S Preston St","Louisville","KY","40203"
42319,"406 Eline Ave","Louisville","KY","40207"
42320,"1105 Lake Bluff Cir","Louisville","KY","40245"
42321,"2205 Douglass Woods Ct","Louisville","KY","40205"
42322,"8216 Fenwick Farm Pl","Louisville","KY","40220"
42323,"5604 Southside Dr","Louisville","KY","40214"
42324,"3125 Hewitt Ave","Louisville","KY","40220"
42325,"11906 Cedardale Rd","Louisville","KY","40223"
42326,"729 Heywood Ave","Louisville","KY","40208"
42327,"2211 Thurman Dr","Louisville","KY","40216"
42328,"3510 Wexford Dr","Louisville","KY","40218"
42329,"2915 Bowman Ave","Louisville","KY","40205"
42330,"2368 Valley Vista Rd","Louisville","KY","40205"
42331,"3944 Massie Ave","Louisville","KY","40207"
42332,"3110 Galway Ln","Louisville","KY","40242"
42333,"1950 Meadowcreek Dr","Louisville","KY","40218"
42334,"7505 Sherrard Dr","Louisville","KY","40258"
42335,"12518 Kirkham Rd","Louisville","KY","40299"
42336,"421 Club Ln","Louisville","KY","40207"
42337,"8706 Wooded Glen Rd","Louisville","KY","40220"
42338,"8406 Ambrosse Ln","Unit 207","Louisville",
42339,"3312 Kirby Ave","Louisville","KY","40211"
42340,"9900 Spring Ridge Dr","Louisville","KY","40223"
42341,"5407 Marble Ct","Louisville","KY","40219"
42342,"5309 Red Oak Ln","Louisville","KY","40218"
42343,"322 Blossom Rd","Louisville","KY","40229"
42344,"3134 Dogwood Dr","Louisville","KY","40220"
42345,"7811 Columbine Dr","Louisville","KY","40258"
42346,"8711 Stockport Rd","Louisville","KY","40222"
42347,"2808 Flora Ave","Louisville","KY","40220"
42348,"1101 Lodge Hill Rd","Louisville","KY","40223"
42349,"1215 Abbeywood Rd","Louisville","KY","40222"
42350,"3913 Village Green Dr","Louisville","KY","40299"
42351,"655 Atwood St","Louisville","KY","40217"
42352,"2829 Portland Ave","Louisville","KY","40212"
42353,"7200 Arnoldtown Rd","Louisville","KY","40214"
42354,"7625 Beech Spring Ct","Louisville","KY","40241"
42355,"2300 Bradley Ave","Louisville","KY","40217"
42356,"1637 Stafford Ave","Louisville","KY","40216"
42357,"2004 High Ridge Rd","Louisville","KY","40207"
42358,"439 Whiteheath Ln","Louisville","KY","40243"
42359,"7412 Beahl Blvd","Louisville","KY","40258"
42360,"3707 Modesto Rd","Louisville","KY","40299"
42361,"8402 Fox Pointe Pl","Louisville","KY","40242"
42362,"1332 Walter Ave","Louisville","KY","40215"
42363,"6212 Serenity Ct","Louisville","KY","40219"
42364,"3310 Allison Way","Louisville","KY","40220"
42365,"801 Goullon Ct","Louisville","KY","40204"
42366,"2612 Landor Ave","Louisville","KY","40205"
42367,"1711 Trevilian Way","Louisville","KY","40205"
42368,"7906 Donegal Dr","Louisville","KY","40219"
42369,"7405 Layne Ct","Louisville","KY","40219"
42370,"7326 Wesboro Rd","Louisville","KY","40222"
42371,"10809 Beatrice Way","Louisville","KY","40272"
42372,"6108 Frey Dr","Louisville","KY","40219"
42373,"1801 Alfresco Pl","Louisville","KY","40205"
42374,"4010 Sea Wave Ct","Louisville","KY","40229"
42375,"4516 Stone Wynde Dr","Louisville","KY","40272"
42376,"8317 Zelma Fields Ave","Louisville","KY","40228"
42377,"8211 Burning Tree Ct","Louisville","KY","40291"
42378,"5203 Regent Way","Louisville","KY","40218"
42379,"13509 Greystone Ave","Louisville","KY","40272"
42380,"4502 Lynnbrook Dr","Louisville","KY","40220"
42381,"12215 Old Henry Rd","Louisville","KY","40223"
42382,"4405 Titus Ct","Louisville","KY","40218"
42383,"2301 Lytle St","Louisville","KY","40212"
42384,"3644 Powell Ave","Louisville","KY","40215"
42385,"4526 S 3rd St","Louisville","KY","40214"
42386,"8205 Laurel Grove Ct","Louisville","KY","40228"
42387,"7614 Colson Dr","Louisville","KY","40220"
42388,"1926 Yale Dr","Louisville","KY","40205"
42389,"2215 Woodbourne Ave","Louisville","KY","40205"
42390,"738 S 44th St","Louisville","KY","40211"
42391,"2211 Pikes Peak Blvd","Louisville","KY","40214"
42392,"2609 Hardwood Ct","Louisville","KY","40214"
42393,"600 Berwyn Dr","Louisville","KY","40223"
42394,"10212 Mary Dell Ln","Louisville","KY","40299"
42395,"3509 Winchester Rd","Louisville","KY","40207"
42396,"1510 Rufer Ave","Louisville","KY","40204"
42397,"4811 Redmon Ct","Louisville","KY","40291"
42398,"6107 Whispering Hills Blvd","Louisville","KY","40219"
42399,"2808 Avenue","of the Woods","Louisville",
42400,"4827 Valla Rd","Louisville","KY","40213"
42401,"8207 Regency Woods Way","Louisville","KY","40220"
42402,"5608 Vevia Pl","Louisville","KY","40272"
42403,"12111 Stroll Ct","Louisville","KY","40245"
42404,"2009 Indian Chute","Louisville","KY","40207"
42405,"1313 Whirlaway Dr","Louisville","KY","40242"
42406,"910 E Chestnut St","Louisville","KY","40204"
42407,"11301 Prince George Ct","Louisville","KY","40241"
42408,"3702 Cypress Springs Pl","Louisville","KY","40245"
42409,"3313 Bohannon Ave","Louisville","KY","40215"
42410,"4704 Braves Ln","Louisville","KY","40272"
42411,"8808 Terry Rd","Louisville","KY","40258"
42412,"6301 Applegate Ln","Louisville","KY","40219"
42413,"118 Pennsylvania Ave","Louisville","KY","40206"
42414,"1516 Sylvan Ct","Louisville","KY","40205"
42415,"11805 Poplarwood Dr","Louisville","KY","40272"
42416,"2901 Graystone Manor Pkwy","Louisville","KY","40241"
42417,"4120 Leo Ln","Louisville","KY","40299"
42418,"826 Vannah Ave","Louisville","KY","40223"
42419,"4109 Ormond Rd","Louisville","KY","40207"
42420,"10400 Scarlet Oak Ct","Louisville","KY","40241"
42421,"1225 Arcade Ave","Louisville","KY","40215"
42422,"3120 Bridwell Dr","Louisville","KY","40216"
42423,"7413 Lesane Dr","Louisville","KY","40214"
42424,"1493 Sable Wing Cir","Louisville","KY","40223"
42425,"304 Hillside Ln","Louisville","KY","40229"
42426,"458 N 28th St","Louisville","KY","40212"
42427,"3526 Willis Ave","Louisville","KY","40207"
42428,"2500 Cedar St","Louisville","KY","40212"
42429,"11715 Mondamon Dr","Louisville","KY","40272"
42430,"1324 S 2nd St","Louisville","KY","40208"
42431,"4328 Charlotte Ann Dr","Louisville","KY","40216"
42432,"2330 Broadmeade Rd","Louisville","KY","40205"
42433,"8509 Para Ct","Louisville","KY","40242"
42434,"11027 Fairway Pointe Dr","Louisville","KY","40241"
42435,"1418 Rufer Ave","Louisville","KY","40204"
42436,"12 Poplar Hill Rd","Louisville","KY","40207"
42437,"5206 Matterhorn Dr","Louisville","KY","40216"
42438,"2828 Esther Blvd","Louisville","KY","40220"
42439,"2503 Standard Ave","Louisville","KY","40210"
42440,"7827 Texlyn Ct","Louisville","KY","40258"
42441,"11322 Prince George Ct","Louisville","KY","40241"
42442,"1612 Tunisian Way","Louisville","KY","40214"
42443,"9202 Springbrooke Cir","Louisville","KY","40241"
42444,"917 Thruston Dr","Louisville","KY","40217"
42445,"2708 Triplett Ct","Louisville","KY","40216"
42446,"3816 Brody Ln","Louisville","KY","40299"
42447,"9602 Tamarisk Pkwy","Louisville","KY","40223"
42448,"4204 Riveroaks Ln","Louisville","KY","40241"
42449,"3321 Rudd Ave","Louisville","KY","40212"
42450,"1232 E Broadway","Louisville","KY","40204"
42451,"8107 Linda Rd","Louisville","KY","40219"
42452,"6701 Moorhampton Dr","Louisville","KY","40228"
42453,"733 S 36th St","Louisville","KY","40211"
42454,"4543 Oak Pointe Dr","Louisville","KY","40245"
42455,"9903 Red Run Ct","Louisville","KY","40291"
42456,"8706 Wyndridge Creek Way","Louisville","KY","40242"
42457,"6613 Vandre Ave","Louisville","KY","40228"
42458,"903 Southwestern Pkwy","Louisville","KY","40211"
42459,"5610 Elmer Ln","Louisville","KY","40214"
42460,"8610 Greenbriar Ct","Louisville","KY","40242"
42461,"5003 Wabash Pl","Louisville","KY","40214"
42462,"3203 Vale Wood Ct","Louisville","KY","40220"
42463,"3649 Nichols Meadow Cir","Louisville","KY","40215"
42464,"3119 Northwestern Pkwy","Louisville","KY","40212"
42465,"1041 W Indian Trl","Louisville","KY","40213"
42466,"5120 Cool Brook Rd","Louisville","KY","40291"
42467,"2233 Thurman Dr","Louisville","KY","40216"
42468,"3918 Tuesday Way","Louisville","KY","40219"
42469,"4615 Cane Run Rd","Louisville","KY","40216"
42470,"5913 Chenoweth Run Rd","Louisville","KY","40299"
42471,"5911 Chenoweth Run Rd","Louisville","KY","40299"
42472,"11206 Deham Dr","Louisville","KY","40241"
42473,"2312 Manchester Rd","Louisville","KY","40205"
42474,"3917 Village Green Dr","Louisville","KY","40299"
42475,"5306 Lawrin Rd","Louisville","KY","40272"
42476,"3211 W Kentucky St","Louisville","KY","40211"
42477,"11203 Minford Ct","Louisville","KY","40229"
42478,"6811 Moorhampton Dr","Louisville","KY","40228"
42479,"714 Jarvis Woods Ter","Louisville","KY","40206"
42480,"10904 Aspenview Ct","Louisville","KY","40299"
42481,"17118 Mallet Hill Dr","Louisville","KY","40245"
42482,"7102 Fontendleau Way","Louisville","KY","40291"
42483,"100 Dewberry Rd","Louisville","KY","40229"
42484,"17005 Ash Hill Dr","Louisville","KY","40245"
42485,"3512 Dell Rd","Louisville","KY","40299"
42486,"10222 Closterwood Dr","Louisville","KY","40229"
42487,"2126 Ratcliffe Ave","Louisville","KY","40210"
42488,"1207 Valley Dr","Louisville","KY","40213"
42489,"2524 Carolina Ave","Louisville","KY","40205"
42490,"11010 Waycross Ave","Louisville","KY","40229"
42491,"4820 Cova Dr","Louisville","KY","40216"
42492,"3501 Illinois Ave","Apt B7","Louisville",
42493,"3629 Taylor Blvd","Louisville","KY","40215"
42494,"211 Willoughby Ct","Louisville","KY","40245"
42495,"3907 Poplar Level Rd","Louisville","KY","40213"
42496,"3409 Hillsboro Rd","Louisville","KY","40207"
42497,"6307 Hanses Dr","Louisville","KY","40219"
42498,"9904 Rocky Trl","Louisville","KY","40299"
42499,"2421 Mount Claire Ave","Louisville","KY","40217"
42500,"709 N 36th St","Louisville","KY","40212"
42501,"2324 Duncan St","Louisville","KY","40212"
42502,"5509 Littleridge Dr","Louisville","KY","40229"
42503,"9802 Tiverton Way","Louisville","KY","40242"
42504,"600 Auburn Oaks Dr","Louisville","KY","40214"
42505,"7724 Zenith Way","Louisville","KY","40219"
42506,"125 N 44th St","Louisville","KY","40212"
42507,"511 Westerham Ct","Louisville","KY","40222"
42508,"8731 Loch Lea Ln","Louisville","KY","40299"
42509,"7404 Smyrna Rd","Louisville","KY","40228"
42510,"3606 Henry Ave","Louisville","KY","40215"
42511,"3209 Wynbrooke Cir","Louisville","KY","40241"
42512,"6003 Bay Pine Dr","Louisville","KY","40219"
42513,"6901 Lakegreen Ct","Louisville","KY","40291"
42514,"917 Camden Ave","Louisville","KY","40215"
42515,"4016 Mapleton Ave","Louisville","KY","40215"
42516,"10908 Milwaukee Way","Louisville","KY","40272"
42517,"9204 New Maple Rd","Louisville","KY","40229"
42518,"6218 Cooper Chapel Rd","Louisville","KY","40229"
42519,"8103 Windsor Lakes Ct","Louisville","KY","40214"
42520,"1005 S 1st St","Louisville","KY","40203"
42521,"5006 Lively Ct","Louisville","KY","40218"
42522,"8723 Running Fox Cir","Louisville","KY","40291"
42523,"7906 Brush Ln","Louisville","KY","40291"
42524,"5303 Datura Ln","Louisville","KY","40258"
42525,"6115 Middlerose Cir","Louisville","KY","40272"
42526,"3913 Tally Ho Ct","Louisville","KY","40299"
42527,"3632 Windward Way","Louisville","KY","40220"
42528,"1784 Algonquin Pkwy","Louisville","KY","40210"
42529,"3024 Graystone Manor Pkwy","Louisville","KY","40241"
42530,"2134 Winston Ave","Louisville","KY","40205"
42531,"3301 Fortas Ct","Louisville","KY","40220"
42532,"8117 La Fon Ave","Louisville","KY","40228"
42533,"3118 Klonway Dr","Louisville","KY","40220"
42534,"3507 Stony Brook Dr","Louisville","KY","40299"
42535,"3317 Belmont Rd","Louisville","KY","40218"
42536,"8910 Bobrader Ct","Louisville","KY","40299"
42537,"8900 Bluebell Dr","Louisville","KY","40219"
42538,"253 Crator Dr","Louisville","KY","40229"
42539,"8904 Alphin Ct","Louisville","KY","40299"
42540,"640 Edith Rd","Louisville","KY","40206"
42541,"2220 Deveron Dr","Louisville","KY","40216"
42542,"6601 Elmwood St","Louisville","KY","40216"
42543,"603 Cambridge Station Rd","Louisville","KY","40223"
42544,"6803 Lindsey Wade Ct","Louisville","KY","40229"
42545,"3308 Hillvale Rd","Louisville","KY","40241"
42546,"8202 Adams Run Rd","Louisville","KY","40228"
42547,"3386 Dearcy Ave","Louisville","KY","40215"
42548,"6506 Mandeville Rd","Louisville","KY","40228"
42549,"3810 Shannon Run Trl","Louisville","KY","40299"
42550,"1705 Gardiner Ln","Louisville","KY","40205"
42551,"1815 Gardiner Ln","Apt K81","Louisville",
42552,"3427 Bryan Way","Louisville","KY","40220"
42553,"9312 Felsmere Cir","Louisville","KY","40241"
42554,"7712 Kenhurst Dr","Louisville","KY","40258"
42555,"2006 S 40th St","Louisville","KY","40211"
42556,"13422 Springs Station Rd","Louisville","KY","40245"
42557,"2805 Arden Rd","Louisville","KY","40220"
42558,"3123 Maywood Pl","Louisville","KY","40220"
42559,"1043 Cristland Rd","Louisville","KY","40214"
42560,"604 Elsmere Cir","Louisville","KY","40223"
42561,"10626 Eagle Pines Ln","Louisville","KY","40223"
42562,"1833 Heaton Rd","Louisville","KY","40216"
42563,"8109 Cortland Dr","Louisville","KY","40228"
42564,"2204 Cleveland Ave","Louisville","KY","40212"
42565,"3818 Village Green Dr","Louisville","KY","40299"
42566,"411 Kingston Ave","Louisville","KY","40214"
42567,"192 N Bellaire Ave","Louisville","KY","40206"
42568,"6004 Red Rock Ct","Louisville","KY","40219"
42569,"5207 Moccasin Trl","Louisville","KY","40207"
42570,"9909 Lancewood Rd","Louisville","KY","40229"
42571,"6617 Miller Park Dr","Louisville","KY","40258"
42572,"1101 S Chesley Dr","Louisville","KY","40219"
42573,"4827 Kingfisher Way","Louisville","KY","40213"
42574,"1966 Goldsmith Ln","Apt 1","Louisville",
42575,"6804 Spourtland Dr","Louisville","KY","40228"
42576,"3611 Tarragon Rd","Louisville","KY","40219"
42577,"1607 Military Ave","Louisville","KY","40242"
42578,"12408 Nassau Ln","Louisville","KY","40243"
42579,"10103 Horseshoe Trce","Louisville","KY","40223"
42580,"4100 Rivanna Dr","Louisville","KY","40299"
42581,"2340 Hawthorne Ave","Louisville","KY","40205"
42582,"14110 Tree Crest Ct","Louisville","KY","40245"
42583,"1137 S 15th St","Louisville","KY","40210"
42584,"8305 Old Boundary Rd","Louisville","KY","40291"
42585,"4640 Cliff Ave","Louisville","KY","40215"
42586,"6507 Lucerne Ave","Louisville","KY","40216"
42587,"8205 Brookhollow Ct","Louisville","KY","40220"
42588,"3116 Kipling Way","Louisville","KY","40205"
42589,"506 Dorsey Way","Louisville","KY","40223"
42590,"6306 Regal Rd","Louisville","KY","40222"
42591,"11719 Robindale Rd","Louisville","KY","40243"
42592,"208 Granvil Dr","Louisville","KY","40218"
42593,"2611 Montrose Ave","Louisville","KY","40205"
42594,"12005 Hudson View Ct","Louisville","KY","40299"
42595,"6702 William Clark Dr","Louisville","KY","40228"
42596,"1387 Waxwing Pl","Louisville","KY","40223"
42597,"10602 Garden Creek Pl","Louisville","KY","40223"
42598,"10410 Pebblestone Cir","Louisville","KY","40229"
42599,"8100 Applegate Ct","Louisville","KY","40228"
42600,"5508 Bruce Ave","Louisville","KY","40214"
42601,"4308 Diamond Way","Louisville","KY","40216"
42602,"1209 Isleworth Dr","Louisville","KY","40245"
42603,"3707 Winchester Rd","Louisville","KY","40207"
42604,"1402 Bluegrass Ave","Louisville","KY","40215"
42605,"1022 English Ave","Louisville","KY","40217"
42606,"541 E Kentucky St","Louisville","KY","40203"
42607,"923 S 44th St","Louisville","KY","40211"
42608,"430 Sprite Rd","Apt 8","Louisville",
42609,"430 Sprite Rd","Apt 7","Louisville",
42610,"10003 Moon Beam Ct","Louisville","KY","40272"
42611,"12003 Bettye Ann Ct","Louisville","KY","40299"
42612,"2359 Winston Ave","Louisville","KY","40205"
42613,"9012 Shepherdsville Rd","Louisville","KY","40219"
42614,"10910 Hobbs Station Rd","Louisville","KY","40223"
42615,"6404 Us Hwy","42","Louisville",
42616,"6811 Brighton Springs Ln","Louisville","KY","40291"
42617,"10004 Anita Blvd","Louisville","KY","40272"
42618,"10817 Cherry Grove Ct","Louisville","KY","40299"
42619,"9209 Fenmore Ave","Louisville","KY","40272"
42620,"7810 Wolfcreek Ct","Louisville","KY","40241"
42621,"3207 Mid Dale Ln","Louisville","KY","40220"
42622,"1301 S 45th St","Louisville","KY","40211"
42623,"7406 King William Ct","Louisville","KY","40214"
42624,"4809 Mike Ct","Louisville","KY","40291"
42625,"9714 3rd Street Rd","Louisville","KY","40272"
42626,"10517 Wemberley Hill Blvd","Louisville","KY","40241"
42627,"240 Norwood Way","Louisville","KY","40229"
42628,"3601 Hillsboro Rd","Louisville","KY","40207"
42629,"411 E Southside Ct","Louisville","KY","40214"
42630,"4405 Deer Springs Ct","Louisville","KY","40241"
42631,"3721 Bardstown Rd","Apt 306","Louisville",
42632,"4333 Whitmore Ave","Louisville","KY","40215"
42633,"8285 Blake Ln","Louisville","KY","40258"
42634,"2620 Duncan St","Louisville","KY","40212"
42635,"13511 Greystone Ave","Louisville","KY","40272"
42636,"1614 S 28th St","Louisville","KY","40211"
42637,"1518 Huntoon Ave","Louisville","KY","40215"
42638,"324 Highwood Dr","Louisville","KY","40206"
42639,"6610 Shaffer Ln","Louisville","KY","40291"
42640,"706 Auburn Oaks Dr","Louisville","KY","40214"
42641,"4011 Dana Dr","Louisville","KY","40216"
42642,"8806 Wooded Glen Rd","Louisville","KY","40220"
42643,"7605 Shaker Mill Rd","Louisville","KY","40220"
42644,"434 Oxford Pl","Louisville","KY","40207"
42645,"13514 Springs Station Rd","Louisville","KY","40245"
42646,"3413 Janell Rd","Louisville","KY","40216"
42647,"7537 Justan Ave","Louisville","KY","40214"
42648,"10421 Edgewater Rd","Louisville","KY","40223"
42649,"11707 Montwood Ln","Louisville","KY","40272"
42650,"8009 Judge Blvd","Louisville","KY","40219"
42651,"4220 W Broadway","Louisville","KY","40211"
42652,"2604 Elmhurst Ave","Louisville","KY","40216"
42653,"1812 Casselberry Rd","Louisville","KY","40205"
42654,"4007 Woodruff Ave","Louisville","KY","40215"
42655,"9109 Willowcreek Dr","Louisville","KY","40219"
42656,"7209 Kort Way","Louisville","KY","40220"
42657,"1612 Star Rest Dr","Louisville","KY","40272"
42658,"10313 La Plaza Ave","Louisville","KY","40272"
42659,"8906 Fox Chase Pl","Louisville","KY","40228"
42660,"7810 Sunbury Ln","Louisville","KY","40220"
42661,"3807 Brody Ln","Louisville","KY","40299"
42662,"10001 Mary Dell Ln","Louisville","KY","40291"
42663,"10515 Mcclure Ct","Louisville","KY","40241"
42664,"8021 Afterglow Dr","Louisville","KY","40214"
42665,"242 Saunders Ave","Louisville","KY","40206"
42666,"8503 Wyndstar Pl","Louisville","KY","40242"
42667,"8003 Laughton Ln","Louisville","KY","40222"
42668,"10102 Burnside Ct","Louisville","KY","40299"
42669,"3310 Stratford Ave","Louisville","KY","40218"
42670,"8703 Villanova Ct","Louisville","KY","40220"
42671,"4409 Winter Garden Ct","Louisville","KY","40218"
42672,"1603 Whippoorwill Rd","Louisville","KY","40213"
42673,"6400 Glenwood Rd","Louisville","KY","40222"
42674,"4300 Parkay Pl","Louisville","KY","40216"
42675,"312 Leyton Ave","Louisville","KY","40222"
42676,"4917 Rossmoor Dr","Louisville","KY","40219"
42677,"303 Oxfordshire Ln","Louisville","KY","40222"
42678,"3110 Stonebridge Rd","Louisville","KY","40241"
42679,"7404 Colt Dr","Louisville","KY","40214"
42680,"11008 Bay Run Dr","Louisville","KY","40245"
42681,"6407 Kenjoy Dr","Louisville","KY","40214"
42682,"1105 Lincoln Ave","Louisville","KY","40208"
42683,"2731 W Market St","Louisville","KY","40212"
42684,"3528 Northwestern Pkwy","Louisville","KY","40212"
42685,"2728 Rodman St","Louisville","KY","40208"
42686,"3401 Dumesnil St","Louisville","KY","40211"
42687,"4105 Sirate Ln","Louisville","KY","40229"
42688,"10820 Cherry Grove Ct","Louisville","KY","40299"
42689,"2613 W Market St","Louisville","KY","40212"
42690,"6811 Fordham Ln","Louisville","KY","40291"
42691,"338 Glendora Ave","Louisville","KY","40212"
42692,"9903 Moss Ct","Louisville","KY","40241"
42693,"10106 Settlers Crest Ln","Louisville","KY","40299"
42694,"14200 Woodland Ridge Dr","Louisville","KY","40245"
42695,"3200 Limerick Ln","Louisville","KY","40242"
42696,"1801 Westmoorland Way","Louisville","KY","40242"
42697,"9219 Springbrooke Cir","Louisville","KY","40241"
42698,"7105 Green Spring Dr","Louisville","KY","40241"
42699,"11003 Youngtown Dr","Louisville","KY","40272"
42700,"9413 Tallridge Ct","Louisville","KY","40229"
42701,"4216 Larkwood Ave","Louisville","KY","40212"
42702,"4420 S 8th St","Louisville","KY","40215"
42703,"234 Gheens Ave","Louisville","KY","40214"
42704,"4723 Poplar View Dr","Louisville","KY","40216"
42705,"4412 Chenwood Ln","Louisville","KY","40299"
42706,"1134 Camden Ave","Louisville","KY","40215"
42707,"13424 Springs Station Rd","Louisville","KY","40245"
42708,"13503 Cypress Springs Ct","Louisville","KY","40245"
42709,"5508 Westhall Ave","Louisville","KY","40214"
42710,"2209 Parkwood Rd","Louisville","KY","40214"
42711,"2507 Manchester Rd","Louisville","KY","40205"
42712,"10305 Spring Meyer Rd","Louisville","KY","40223"
42713,"7109 Cross Creek Blvd","Louisville","KY","40228"
42714,"3033 Cabinwood Dr","Louisville","KY","40220"
42715,"3513 Robin Dr","Louisville","KY","40216"
42716,"4709 Carolina Springs Ct","Louisville","KY","40299"
42717,"1020 Marshall St","Louisville","KY","40204"
42718,"10505 Firview Ct","Louisville","KY","40299"
42719,"4638 Bellevue Ave","Louisville","KY","40215"
42720,"9304 Talitha Dr","Louisville","KY","40299"
42721,"12418 Berrytown Rd","Louisville","KY","40223"
42722,"3817 Longview Rd","Louisville","KY","40299"
42723,"3612 Stanton Blvd","Louisville","KY","40220"
42724,"3825 Northwestern Pkwy","Louisville","KY","40212"
42725,"5609 Mary Ellen Dr","Louisville","KY","40214"
42726,"8203 Jonathan Ct","Louisville","KY","40228"
42727,"10826 Hobbs Station Rd","Louisville","KY","40223"
42728,"4404 Saratoga Woods Dr","Louisville","KY","40299"
42729,"9006 Hurstwood Ct","Louisville","KY","40222"
42730,"3522 Ramona Ave","Louisville","KY","40220"
42731,"2714 Browns Ln","Louisville","KY","40220"
42732,"4112 Hillview Ave","Louisville","KY","40216"
42733,"2155 Lowell Ave","Louisville","KY","40205"
42734,"1502 Cornette Way","Louisville","KY","40216"
42735,"142 Wiseland Way","Louisville","KY","40229"
42736,"302 N 38th St","Louisville","KY","40212"
42737,"7809 Stonydale Ln","Louisville","KY","40220"
42738,"8605 Raintree Dr","Louisville","KY","40220"
42739,"512 Rothbury Ln","Louisville","KY","40243"
42740,"5607 Dea Dea Dr","Louisville","KY","40291"
42741,"10425 Saint Rene Rd","Louisville","KY","40299"
42742,"73 Valley Rd","Louisville","KY","40204"
42743,"4218 Savage Dr","Louisville","KY","40216"
42744,"3118 Kaye Lawn Dr","Louisville","KY","40220"
42745,"2709 Wyandotte Ave","Louisville","KY","40210"
42746,"3808 Charter Oaks Dr","Apt 1","Louisville",
42747,"6813 Brighton Springs Ln","Louisville","KY","40291"
42748,"9524 Farmstead Ln","Louisville","KY","40291"
42749,"8005 Beechdale Ct","Louisville","KY","40220"
42750,"10005 Prairie Dr","Louisville","KY","40272"
42751,"4505 Dickerson Ct","Louisville","KY","40245"
42752,"4554 S 1st St","Louisville","KY","40214"
42753,"4905 Black Gold Ct","Louisville","KY","40216"
42754,"13206 E Orell Rd","Louisville","KY","40272"
42755,"10703 Leven Blvd","Louisville","KY","40229"
42756,"8900 Loch Lea Ln","Louisville","KY","40291"
42757,"1010 Clayborne Rd","Louisville","KY","40214"
42758,"2612 Drayton Dr","Louisville","KY","40205"
42759,"10610 Sycamore Grn","Louisville","KY","40223"
42760,"1016 E Breckinridge St","Louisville","KY","40204"
42761,"45 Pauline Rd","Louisville","KY","40206"
42762,"608 Bishop St","Louisville","KY","40204"
42763,"4636 Southcrest Dr","Louisville","KY","40215"
42764,"187 Greenbriar Ln","Louisville","KY","40229"
42765,"6724 Marian Dr","Louisville","KY","40216"
42766,"908 Albemarle Ct","Louisville","KY","40222"
42767,"2514 Clearbrook Dr","Louisville","KY","40220"
42768,"266 Granvil Dr","Louisville","KY","40218"
42769,"4824 Nottinghamshire Dr","Louisville","KY","40299"
42770,"2631 Gardiner Ln","Louisville","KY","40205"
42771,"100 N 36th St","Louisville","KY","40212"
42772,"1322 Arcade Ave","Louisville","KY","40215"
42773,"8409 Glendale Trce","Louisville","KY","40291"
42774,"2636 Woodmere Ave","Louisville","KY","40216"
42775,"4006 Smallboat Ct","Louisville","KY","40229"
42776,"906 Shady Ln","Louisville","KY","40223"
42777,"3808 Kirby Ln","Louisville","KY","40299"
42778,"8504 Summer Haven Ct","Louisville","KY","40258"
42779,"6708 Kingslook Ct","Louisville","KY","40207"
42780,"6409 Sherlock Way","Louisville","KY","40228"
42781,"4450 Charlotte Ann Dr","Louisville","KY","40216"
42782,"7810 Brewer Dr","Louisville","KY","40258"
42783,"11211 Oakhurst Rd","Louisville","KY","40245"
42784,"8228 Afterglow Dr","Louisville","KY","40214"
42785,"4829 Cofer Ave","Louisville","KY","40258"
42786,"7025 Wooded Meadow Rd","Louisville","KY","40241"
42787,"7182 Beechland Ave","Louisville","KY","40258"
42788,"4515 Jolynn Dr","Louisville","KY","40299"
42789,"9003 Sandwich Pl","Louisville","KY","40242"
42790,"1229 S 4th St","Apt 9","Louisville",
42791,"1237 S 7th St","Louisville","KY","40203"
42792,"1219 S 6th St","Apt B1","Louisville",
42793,"1245 S 4th St","Apt 31","Louisville",
42794,"1245 S 4th St","Apt 26","Louisville",
42795,"1245 S 4th St","Apt 19","Louisville",
42796,"1214 S 6th St","Louisville","KY","40203"
42797,"1245 S 4th St","Apt 5","Louisville",
42798,"1204 Garvin Pl","Louisville","KY","40203"
42799,"1144 Garvin Pl","Apt 2","Louisville",
42800,"508 W Oak St","Apt 3","Louisville",
42801,"1245 S 4th St","Apt 23","Louisville",
42802,"1229 S 4th St","Apt 2","Louisville",
42803,"1231 S 4th St","Apt 1","Louisville",
42804,"1209 S 6th St","Louisville","KY","40203"
42805,"531 W Ormsby Ave","Apt 2","Louisville",
42806,"1226 S 6th St","Louisville","KY","40203"
42807,"1235 Garvin Pl","Apt 2","Louisville",
42808,"1245 S 4th St","Apt 12","Louisville",
42809,"6806 Woodhaven Place Dr","Louisville","KY","40228"
42810,"5605 Fegenbush Ln","Louisville","KY","40228"
42811,"6811 Woodhaven Place Dr","Louisville","KY","40228"
42812,"6001 Haven Manor Way","Louisville","KY","40228"
42813,"6020 Woodhaven Place Cir","Louisville","KY","40228"
42814,"1924 Goldsmith Ln","Unit 28","Louisville",
42815,"1430 Twin Ridge Rd","Louisville","KY","40242"
42816,"6307 Six Mile Ln","Louisville","KY","40218"
42817,"3316 Fernheather Dr","Louisville","KY","40216"
42818,"7802 Amber Glen Ct","Louisville","KY","40220"
42819,"2029 S 16th St","Louisville","KY","40210"
42820,"2734 Algonquin Pkwy","Louisville","KY","40210"
42821,"1335 Sale Ave","Louisville","KY","40215"
42822,"2216 Griffiths Ave","Louisville","KY","40212"
42823,"211 Glendora Ave","Louisville","KY","40212"
42824,"5307 Speedway Ave","Louisville","KY","40272"
42825,"2201 Wendell Ave","Louisville","KY","40205"
42826,"8500 Nottingham Pkwy","Louisville","KY","40222"
42827,"552 S 20th St","Louisville","KY","40203"
42828,"8713 Kings Lynn Ln","Louisville","KY","40220"
42829,"11703 Fountain Hall Ct","Louisville","KY","40299"
42830,"6109 Bay Pine Dr","Louisville","KY","40219"
42831,"423 Dorsey Way","Louisville","KY","40223"
42832,"3306 Mount Shasta Way","Louisville","KY","40241"
42833,"1401 Arling Ave","Louisville","KY","40215"
42834,"2603 Hill Briar Ct","Louisville","KY","40241"
42835,"542 Beechland Rd","Louisville","KY","40229"
42836,"5607 Riata Ct","Louisville","KY","40218"
42837,"505 Kinglan Rd","Louisville","KY","40207"
42838,"1801 Crossgate Ln","Louisville","KY","40222"
42839,"3310 Carrie Dr","Louisville","KY","40216"
42840,"1275 Everett Ave","Louisville","KY","40204"
42841,"3819 Brody Ln","Louisville","KY","40299"
42842,"2309 Briargate Ave","Louisville","KY","40216"
42843,"3523 Mayo Dr","Louisville","KY","40218"
42844,"9803 Colonnades Pl","Louisville","KY","40299"
42845,"243 S 39th St","Louisville","KY","40212"
42846,"1210 Barret Ave","Louisville","KY","40204"
42847,"6313 Sherlock Way","Louisville","KY","40228"
42848,"1065 Dixon Ave","Louisville","KY","40217"
42849,"9529 Maple Rd","Louisville","KY","40229"
42850,"10704 Rock Moss Ct","Louisville","KY","40291"
42851,"7303 York River Rd","Louisville","KY","40214"
42852,"1715 Brick Kiln Ln","Louisville","KY","40216"
42853,"3900 San Marcos Rd","Louisville","KY","40299"
42854,"10625 Eagle Pines Ln","Louisville","KY","40223"
42855,"7622 Auburn Oaks Ct","Louisville","KY","40214"
42856,"102 Gardiner Lake Rd","Louisville","KY","40205"
42857,"4406 Starks Dr","Louisville","KY","40218"
42858,"5701 Coach Gate Wynde","Apt 52","Louisville",
42859,"6015 Highliner Dr","Louisville","KY","40291"
42860,"4121 Browns Ln","Unit D30","Louisville",
42861,"1008 Gagel Ave","Louisville","KY","40216"
42862,"5912 Grandel Blvd","Louisville","KY","40258"
42863,"2020 Wilson Ave","Louisville","KY","40210"
42864,"1532 Prentice St","Louisville","KY","40210"
42865,"1614 Grinstead Dr","Louisville","KY","40204"
42866,"8114 Sycamore Creek Dr","Louisville","KY","40222"
42867,"8224 Fenwick Farm Pl","Louisville","KY","40220"
42868,"2812 Conroy Pl","Louisville","KY","40218"
42869,"7213 Earl Dr","Louisville","KY","40258"
42870,"10008 Plaudit Way","Louisville","KY","40272"
42871,"5711 Jeanine Dr","Louisville","KY","40219"
42872,"4302 Virginia Ave","Louisville","KY","40211"
42873,"2810 Coleen Ct","Louisville","KY","40206"
42874,"3305 Broeck Pointe Ct","Louisville","KY","40241"
42875,"2200 Mary Catherine Dr","Louisville","KY","40216"
42876,"4409 Comanche Trl","Louisville","KY","40207"
42877,"112 E Whitney Ave","Louisville","KY","40214"
42878,"4110 Orchard Way","Louisville","KY","40216"
42879,"9208 Springbrooke Cir","Louisville","KY","40241"
42880,"12029 Running Creek Rd","Louisville","KY","40243"
42881,"871 Minoma Ave","Louisville","KY","40217"
42882,"13804 Stillwater Ct","Louisville","KY","40299"
42883,"5510 Brinson Dr","Louisville","KY","40216"
42884,"435 N 28th St","Louisville","KY","40212"
42885,"2711 Wendell Ave","Louisville","KY","40205"
42886,"6110 Loretta St","Louisville","KY","40213"
42887,"4425 Saratoga Hill Rd","Louisville","KY","40299"
42888,"410 Gatehouse Ln","Louisville","KY","40243"
42889,"1812 Argonne Ave","Louisville","KY","40216"
42890,"6805 Penwern Ct","Louisville","KY","40207"
42891,"4309 Twillingate Ln","Louisville","KY","40241"
42892,"3405 Barclay Dr","Louisville","KY","40299"
42893,"805 Cattleya Ct","Louisville","KY","40207"
42894,"6903 Manslick Rd","Louisville","KY","40214"
42895,"7507 Lanfair Dr","Louisville","KY","40241"
42896,"1535 Stonewall Way","Louisville","KY","40242"
42897,"2104 Strathmoor Blvd","Louisville","KY","40205"
42898,"3008 Harrison Ave","Louisville","KY","40217"
42899,"9903 Nanka Rd","Louisville","KY","40272"
42900,"3743 Chatham Rd","Louisville","KY","40218"
42901,"4939 Poplar Level Rd","Louisville","KY","40219"
42902,"217 Franck Ave","Louisville","KY","40206"
42903,"313 E Southside Ct","Louisville","KY","40214"
42904,"1413 Larchmont Ave","Louisville","KY","40215"
42905,"3018 Roselawn Blvd","Louisville","KY","40220"
42906,"5511 Dione Ave","Louisville","KY","40216"
42907,"1651 Edenside Ave","Louisville","KY","40204"
42908,"814 Foxgate Rd","Louisville","KY","40223"
42909,"949 Mckinley Ave","Louisville","KY","40217"
42910,"14 Muirfield Pl","Louisville","KY","40222"
42911,"1733 Loney Ln","Louisville","KY","40216"
42912,"12104 Greenvalley Dr","Louisville","KY","40243"
42913,"9108 Hurstwood Ct","Louisville","KY","40222"
42914,"2107 Dixdale Ave","Louisville","KY","40210"
42915,"1013 E Kentucky St","Louisville","KY","40204"
42916,"314 Casa Bella Ct","Louisville","KY","40220"
42917,"403 Clydebank Ct","Louisville","KY","40243"
42918,"1085 Forrest View Dr","Louisville","KY","40219"
42919,"4661 S 6th St","Louisville","KY","40214"
42920,"6910 Samuel Long Way","Louisville","KY","40229"
42921,"4029 Eden Ln","Louisville","KY","40216"
42922,"4704 Brixham Ct","Louisville","KY","40299"
42923,"3217 Rudd Ave","Louisville","KY","40212"
42924,"8301 Stillmeadow Dr","Louisville","KY","40299"
42925,"5108 Volney Ct","Louisville","KY","40291"
42926,"1287 Springdale Dr","Louisville","KY","40213"
42927,"14303 Micawber Way","Louisville","KY","40245"
42928,"14207 Glendower Dr","Louisville","KY","40245"
42929,"3607 Nelinda May Dr","Louisville","KY","40213"
42930,"9207 Tangley Ln","Louisville","KY","40242"
42931,"4103 Cottagehill Rd","Louisville","KY","40299"
42932,"4211 Edgin Ave","Louisville","KY","40216"
42933,"703 Camden Ave","Louisville","KY","40215"
42934,"949 Vine St","Louisville","KY","40204"
42935,"4714 Rustburg Pl","Louisville","KY","40245"
42936,"8701 Shepherds Ct","Louisville","KY","40291"
42937,"10501 Saint Rene Rd","Louisville","KY","40299"
42938,"4517 Saratoga Woods Dr","Louisville","KY","40299"
42939,"575 Beechland Rd","Louisville","KY","40229"
42940,"12205 Somerset Dr","Louisville","KY","40229"
42941,"1919 Rutherford Ave","Louisville","KY","40205"
42942,"125 Colonial Dr","Louisville","KY","40207"
42943,"8514 Autumn Ridge Ct","Louisville","KY","40242"
42944,"1225 Seelbach Ave","Louisville","KY","40215"
42945,"512 Camp St","Louisville","KY","40203"
42946,"6602 Skyline Dr","Louisville","KY","40272"
42947,"13509 Tennis Blvd","Louisville","KY","40272"
42948,"8107 Village Point Dr","Louisville","KY","40291"
42949,"913 Spring Glen Way","Louisville","KY","40242"
42950,"10903 Altsheler Pl","Louisville","KY","40229"
42951,"1809 Gregg Ave","Louisville","KY","40210"
42952,"6421 Glendale Rd","Louisville","KY","40291"
42953,"517 Willowhurst Pl","Louisville","KY","40223"
42954,"203 Hillcrest Ave","Louisville","KY","40206"
42955,"2309 Old Hickory Rd","Louisville","KY","40299"
42956,"6307 Sherlock Way","Louisville","KY","40228"
42957,"5515 Cannonwood Dr","Louisville","KY","40229"
42958,"1718 Fraser Dr","Louisville","KY","40205"
42959,"6709 Rutledge Rd","Louisville","KY","40258"
42960,"2115 Bickel Rd","Louisville","KY","40206"
42961,"8312 Denise Dr","Louisville","KY","40219"
42962,"1612 Night Hawk Ct","Louisville","KY","40223"
42963,"7500 Nottoway Cir","Louisville","KY","40214"
42964,"4523 Saratoga Woods Dr","Louisville","KY","40299"
42965,"14413 Forest Glenn Ct","Louisville","KY","40245"
42966,"2904 Westfield Rd","Louisville","KY","40220"
42967,"3046 Radiance Rd","Louisville","KY","40220"
42968,"2134 Middle Ln","Louisville","KY","40216"
42969,"9021 Cottingham Way","Louisville","KY","40258"
42970,"10013 Evening Star Dr","Louisville","KY","40272"
42971,"603 N Arbor Dr","Louisville","KY","40223"
42972,"1121 Phillips Ln","Louisville","KY","40213"
42973,"619 Washburn Ave","Louisville","KY","40222"
42974,"119 Blaine Rd","Louisville","KY","40222"
42975,"320 N 21st St","Louisville","KY","40203"
42976,"521 Zorn Ave","Apt G1","Louisville",
42977,"11514 Easum Rd","Louisville","KY","40299"
42978,"1930 Acorn Way","Louisville","KY","40216"
42979,"13520 Broken Branch Way","Louisville","KY","40245"
42980,"5709 Mount Washington Rd","Louisville","KY","40229"
42981,"14609 Woodlake Trce","Louisville","KY","40245"
42982,"8801 Artis Way","Louisville","KY","40291"
42983,"4615 Cliff Ave","Louisville","KY","40215"
42984,"3013 Bushmill Park","Louisville","KY","40241"
42985,"4000 Elfin Ave","Louisville","KY","40207"
42986,"501 Falkirk Ct","Louisville","KY","40243"
42987,"173 N Ewing Ave","Louisville","KY","40206"
42988,"204 N Hite Ave","Louisville","KY","40206"
42989,"2928 Delor Ave","Louisville","KY","40217"
42990,"1637 Rangeland Rd","Louisville","KY","40219"
42991,"4507 Lunenburg Dr","Louisville","KY","40245"
42992,"9100 Stonecrest Dr","Louisville","KY","40272"
42993,"208 Northwestern Pkwy","Louisville","KY","40212"
42994,"416 Moser Rd","Louisville","KY","40223"
42995,"3603 Ripple Creek Dr","Louisville","KY","40229"
42996,"303 Mockingbird Gardens Dr","Louisville","KY","40207"
42997,"1245 Eastern Pkwy","Louisville","KY","40204"
42998,"14116 Glendower Dr","Louisville","KY","40245"
42999,"8711 Best Ct","Louisville","KY","40242"
43000,"5021 Invicta Dr","Louisville","KY","40216"
43001,"3674 Kahlert Ave","Louisville","KY","40215"
43002,"3309 Schneiter Ave","Louisville","KY","40215"
43003,"4516 Deepwood Dr","Louisville","KY","40241"
43004,"1714 Pikeview Ct","Louisville","KY","40215"
43005,"2001 Lauderdale Rd","Louisville","KY","40205"
43006,"9001 Willow Springs Dr","Louisville","KY","40242"
43007,"8201 Bost Ln","Louisville","KY","40219"
43008,"9606 Caven Ave","Louisville","KY","40229"
43009,"812 S 37th St","Louisville","KY","40211"
43010,"434 Bauer Ave","Louisville","KY","40207"
43011,"325 N 44th St","Louisville","KY","40212"
43012,"3617 Tarragon Rd","Louisville","KY","40219"
43013,"3616 Saint Germaine Ct","Louisville","KY","40207"
43014,"14408 Maple Ridge Pl","Louisville","KY","40245"
43015,"10418 Wemberley Hill Blvd","Louisville","KY","40241"
43016,"516 Cheskirk Pl","Louisville","KY","40243"
43017,"1220 Homeview Dr","Louisville","KY","40215"
43018,"4609 S 1st St","Louisville","KY","40214"
43019,"8807 Loch Lea Ln","Louisville","KY","40291"
43020,"2524 Gardiner Ln","Louisville","KY","40205"
43021,"2530 Hampstead Dr","Louisville","KY","40216"
43022,"212 Dorsey Ln","Louisville","KY","40223"
43023,"2212 Briargate Ave","Louisville","KY","40216"
43024,"7417 Conjar Ct","Louisville","KY","40214"
43025,"2518 Hampton Ridge Blvd","Louisville","KY","40220"
43026,"3230 Villanova Dr","Louisville","KY","40220"
43027,"1810 Wesley Ave","Louisville","KY","40220"
43028,"5003 Graston Ave","Louisville","KY","40216"
43029,"2543 Doup Ave","Louisville","KY","40205"
43030,"12009 Dixon Park Blvd","Louisville","KY","40299"
43031,"1209 Wellington Pl","Louisville","KY","40207"
43032,"4417 Saratoga Woods Dr","Louisville","KY","40299"
43033,"9811 Turnpike View Dr","Louisville","KY","40229"
43034,"1114 Fox Glen Way","Louisville","KY","40242"
43035,"1915 Hikes Ln","Louisville","KY","40218"
43036,"112 Hemingway Rd","Louisville","KY","40207"
43037,"1308 Bluffsprings Ct","Louisville","KY","40223"
43038,"8313 Sunny Ridge Ct","Louisville","KY","40299"
43039,"381 Dale Rd","Louisville","KY","40229"
43040,"12006 Log Cabin Ln","Louisville","KY","40223"
43041,"2102 Date St","Louisville","KY","40210"
43042,"409 Godfrey Ave","Louisville","KY","40206"
43043,"740 S 32nd St","Louisville","KY","40211"
43044,"1127 E Breckinridge St","Louisville","KY","40204"
43045,"1571 Parsons Pl","Louisville","KY","40205"
43046,"144 Breckenridge Ln","Louisville","KY","40207"
43047,"11210 Oakhurst Rd","Louisville","KY","40245"
43048,"3317 Algonquin Pkwy","Louisville","KY","40211"
43049,"5704 Spicewood Ln","Louisville","KY","40219"
43050,"1400 Willow Ave","Apt 1601","Louisville",
43051,"11203 Lansford Dr","Louisville","KY","40272"
43052,"1226 Bates Ct","Louisville","KY","40204"
43053,"406 Breckenridge Ln","Louisville","KY","40207"
43054,"2704 Grand Ave","Apt 3","Louisville",
43055,"5400 Random Way","Louisville","KY","40291"
43056,"942 S Shelby St","Louisville","KY","40203"
43057,"6003 Crossbeak Ct","Louisville","KY","40229"
43058,"1216 Reutlinger Ave","Louisville","KY","40204"
43059,"3316 Oriole Dr","Louisville","KY","40213"
43060,"7206 Blazier Ct","Louisville","KY","40228"
43061,"11811 Robindale Rd","Louisville","KY","40243"
43062,"1610 Ehrler Dr","Louisville","KY","40213"
43063,"1707 W Ormsby Ave","Louisville","KY","40210"
43064,"6307 Serenity Ct","Louisville","KY","40219"
43065,"2121 Mccloskey Ave","Louisville","KY","40210"
43066,"5318 Cynthia Dr","Louisville","KY","40291"
43067,"8005 Tolls Ln","Louisville","KY","40214"
43068,"3322 Dell Rd","Louisville","KY","40299"
43069,"11723 Pond Creek Dr","Louisville","KY","40272"
43070,"4723 Libby Ln","Louisville","KY","40272"
43071,"1837 Mary Catherine Dr","Louisville","KY","40216"
43072,"258 S Skyline Dr","Louisville","KY","40229"
43073,"5016 Southside Dr","Louisville","KY","40214"
43074,"123 N 45th St","Louisville","KY","40212"
43075,"7402 Cross Creek Blvd","Louisville","KY","40228"
43076,"7906 Village Point Dr","Louisville","KY","40291"
43077,"504 W Tenny Ave","Louisville","KY","40214"
43078,"2325 Lower Hunters Trce","Louisville","KY","40216"
43079,"507 Kinglan Rd","Louisville","KY","40207"
43080,"8808 Maplecreek Dr","Louisville","KY","40219"
43081,"3802 Chevy Chase Rd","Louisville","KY","40218"
43082,"3332 Algonquin Pkwy","Louisville","KY","40211"
43083,"3904 Kennison Ave","Louisville","KY","40207"
43084,"2745 Field Ave","Louisville","KY","40206"
43085,"3109 Dunlieth Ct","Louisville","KY","40241"
43086,"708 Locust Pointe Pl","Louisville","KY","40245"
43087,"9915 Appollo Ln","Louisville","KY","40272"
43088,"606 Grant Ave","Louisville","KY","40222"
43089,"3201 Allison Way","Louisville","KY","40220"
43090,"6713 Brighton Springs Ln","Louisville","KY","40291"
43091,"1828 Yale Dr","Louisville","KY","40205"
43092,"4335 Foeburn Ln","Louisville","KY","40207"
43093,"10001 Moon Beam Ct","Louisville","KY","40272"
43094,"2621 Windsor Forest Dr","Louisville","KY","40272"
43095,"6803 Holly Lake Dr","Louisville","KY","40291"
43096,"231 Flat Rock Rd","Louisville","KY","40245"
43097,"2120 Murray Ave","Louisville","KY","40205"
43098,"1200 Lillian Ave","Louisville","KY","40208"
43099,"2824 W Madison St","Louisville","KY","40211"
43100,"3021 Virginia Ave","Louisville","KY","40211"
43101,"395 Circle Valley Dr","Louisville","KY","40229"
43102,"10501 Mcmeekin Ln","Unit 207","Louisville",
43103,"3112 Morning Park Ct","Louisville","KY","40220"
43104,"1844 Gresham Rd","Louisville","KY","40205"
43105,"3106 Cabinwood Dr","Louisville","KY","40220"
43106,"10308 Old Altar Ct","Louisville","KY","40291"
43107,"10300 S Dodge Ln","Louisville","KY","40272"
43108,"5603 La Vel Ln","Louisville","KY","40216"
43109,"706 Stivers Rd","Louisville","KY","40207"
43110,"2200 Emerson Ave","Louisville","KY","40205"
43111,"4007 Cedarway Ct","Louisville","KY","40229"
43112,"9804 Somerford Rd","Louisville","KY","40242"
43113,"4418 Saratoga Woods Dr","Louisville","KY","40299"
43114,"3728 Locust Ave","Louisville","KY","40299"
43115,"1547 Garland Ave","Louisville","KY","40210"
43116,"9317 Villa Fair Ct","Louisville","KY","40291"
43117,"110 Zinna Rd","Louisville","KY","40229"
43118,"9206 Fairridge Dr","Louisville","KY","40229"
43119,"6701 Delton Rd","Louisville","KY","40258"
43120,"8006 Celestial Way","Louisville","KY","40291"
43121,"8706 Denise Dr","Louisville","KY","40219"
43122,"156 Blarney Ln","Louisville","KY","40229"
43123,"10718 Hite Creek Rd","Louisville","KY","40241"
43124,"9905 Moss Ct","Louisville","KY","40241"
43125,"8618 Juarez Ct","Louisville","KY","40219"
43126,"2144 Algonquin Pkwy","Louisville","KY","40210"
43127,"3843 W Muhammad Ali Blvd","Louisville","KY","40212"
43128,"3906 Northumberland Dr","Louisville","KY","40245"
43129,"3801 Karma Way","Louisville","KY","40241"
43130,"800 Bowmore Pl","Louisville","KY","40243"
43131,"6805 Fegenbush Ln","Louisville","KY","40228"
43132,"2821 Browns Ln","Louisville","KY","40220"
43133,"3402 Susanna Dr","Louisville","KY","40213"
43134,"2312 Rodman St","Louisville","KY","40208"
43135,"4423 Gibraltar Dr","Louisville","KY","40299"
43136,"1624 Edenside Ave","Louisville","KY","40204"
43137,"2909 Chimney Rock Ln","Louisville","KY","40220"
43138,"3219 Dumesnil St","Louisville","KY","40211"
43139,"1146 Saint Michael Pl","Louisville","KY","40204"
43140,"6411 Black Oak Ln","Louisville","KY","40216"
43141,"4513 Binda Way","Louisville","KY","40216"
43142,"9109 Haviland Ave","Louisville","KY","40220"
43143,"1146 Saint Michael St","Louisville","KY","40204"
43144,"3535 Dayton Ave","Louisville","KY","40207"
43145,"438 University Ave","Louisville","KY","40206"
43146,"4536 Dover Rd","Louisville","KY","40216"
43147,"5317 Pamela Dr","Louisville","KY","40219"
43148,"9316 Ponder Ln","Louisville","KY","40272"
43149,"1311 Flat Rock Rd","Louisville","KY","40245"
43150,"4410 Lincoln Rd","Louisville","KY","40220"
43151,"4107 Landside Dr","Louisville","KY","40220"
43152,"14013 Broadripple Pl","Louisville","KY","40299"
43153,"9202 Marlboro Cir","Louisville","KY","40222"
43154,"1136 Oneida Ave","Louisville","KY","40214"
43155,"3607 Briarglen Ln","Louisville","KY","40220"
43156,"8204 Joyce Dr","Louisville","KY","40219"
43157,"3312 Nanz Ave","Louisville","KY","40207"
43158,"4208 Hazelwood Ave","Louisville","KY","40215"
43159,"10305 Timberwood Cir","Louisville","KY","40223"
43160,"3801 Colonial Dr","Louisville","KY","40207"
43161,"1040 Highland Ave","Louisville","KY","40204"
43162,"4307 Brownhurst Way","Louisville","KY","40241"
43163,"706 S 31st St","Louisville","KY","40211"
43164,"3604 Locklee Rd","Louisville","KY","40214"
43165,"1022 Parkway Dr","Louisville","KY","40217"
43166,"2913 Rodman St","Louisville","KY","40208"
43167,"1819 Algonquin Pkwy","Louisville","KY","40210"
43168,"3600 Shaker Mill Ct","Louisville","KY","40220"
43169,"1712 Pikeview Ct","Louisville","KY","40215"
43170,"3746 Glenmeade Rd","Louisville","KY","40218"
43171,"214 Linden Ln","Louisville","KY","40206"
43172,"1422 Weyler Ave","Louisville","KY","40215"
43173,"7205 Ben Franklin Ct","Louisville","KY","40214"
43174,"4330 Dohn Ave","Louisville","KY","40216"
43175,"1124 Euclid Ave","Louisville","KY","40208"
43176,"3307 Powell Ave","Louisville","KY","40215"
43177,"4805 Mike Ct","Louisville","KY","40291"
43178,"911 Wagner Ave","Louisville","KY","40217"
43179,"109 Old Towne Rd","Louisville","KY","40214"
43180,"3434 Fern Lea Rd","Louisville","KY","40216"
43181,"5214 Terrace Green Cir","Louisville","KY","40218"
43182,"3706 Trail Ridge Rd","Louisville","KY","40241"
43183,"9810 Anita Blvd","Louisville","KY","40272"
43184,"752 S 44th St","Louisville","KY","40211"
43185,"4305 Hunsinger Ln","Louisville","KY","40220"
43186,"852 High School Dr","Louisville","KY","40219"
43187,"2710 Alice Ave","Louisville","KY","40220"
43188,"6907 Cedar Lake Ct","Louisville","KY","40291"
43189,"6706 Greenlawn Rd","Louisville","KY","40222"
43190,"1820 Nobel Pl","Louisville","KY","40216"
43191,"6900 Spourtland Dr","Louisville","KY","40228"
43192,"4209 Sunset Dr","Louisville","KY","40216"
43193,"12105 Dixon Park Blvd","Louisville","KY","40299"
43194,"9303 Aristides Dr","Louisville","KY","40272"
43195,"2119 Rowan St","Louisville","KY","40212"
43196,"7117 Deanna Dr","Louisville","KY","40219"
43197,"1013 Guenevere Ct","Louisville","KY","40222"
43198,"5502 Cedarwood Dr","Louisville","KY","40272"
43199,"2042 Midland Ave","Louisville","KY","40204"
43200,"2513 W Burnett Ave","Louisville","KY","40210"
43201,"3814 Warner Ave","Louisville","KY","40207"
43202,"4004 Stone Lakes Dr","Louisville","KY","40299"
43203,"1506 Donard Park Ave","Louisville","KY","40218"
43204,"3805 Norbourne Blvd","Louisville","KY","40207"
43205,"1024 Lydia St","Louisville","KY","40217"
43206,"8512 Blue Lick Rd","Louisville","KY","40219"
43207,"509 Fenley Ave","Louisville","KY","40222"
43208,"1104 Bentwood Place Ct","Louisville","KY","40207"
43209,"10110 Day Lilly Ct","Louisville","KY","40241"
43210,"3915 Sparta Dr","Louisville","KY","40219"
43211,"4521 Saratoga Woods Dr","Louisville","KY","40299"
43212,"121 E Garrett St","Louisville","KY","40214"
43213,"4813 Cova Dr","Louisville","KY","40216"
43214,"169 Winston Ct","Louisville","KY","40229"
43215,"831 Minoma Ave","Louisville","KY","40217"
43216,"2305 Langdon Dr","Louisville","KY","40242"
43217,"2519 Melody Way","Louisville","KY","40299"
43218,"3758 Glenmeade Rd","Louisville","KY","40218"
43219,"9115 Bristol Ave","Louisville","KY","40220"
43220,"7000 Green Creek Pl","Louisville","KY","40258"
43221,"1301 Trinity Park Dr","Louisville","KY","40213"
43222,"1435 Homeview Dr","Louisville","KY","40215"
43223,"2101 Osage Ave","Louisville","KY","40210"
43224,"12009 Lavenia Ln","Louisville","KY","40272"
43225,"503 E Blue Jay Rd","Louisville","KY","40229"
43226,"4117 Leo Ln","Louisville","KY","40299"
43227,"138 Gardiner Lake Rd","Louisville","KY","40205"
43228,"1702 Pikeview Ct","Louisville","KY","40215"
43229,"116 Pennsylvania Ave","Louisville","KY","40206"
43230,"5404 Minyard Dr","Louisville","KY","40219"
43231,"1436 Twin Ridge Rd","Louisville","KY","40242"
43232,"203 Hemingway Rd","Louisville","KY","40207"
43233,"5208 Tomahawk Rd","Louisville","KY","40207"
43234,"2439 Boulevard","Napoleon","Louisville",
43235,"2310 Elmore St","Louisville","KY","40216"
43236,"8903 El Morro Ct","Louisville","KY","40299"
43237,"177 Springwood Dr","Louisville","KY","40229"
43238,"1291 Parkway Gardens Ct","Louisville","KY","40217"
43239,"6406 Terry Rd","Louisville","KY","40258"
43240,"858 Humler St","Louisville","KY","40211"
43241,"1116 Eastern Pkwy","Louisville","KY","40217"
43242,"8312 Atlanta Pkwy","Louisville","KY","40214"
43243,"11307 Ashbrooke Gardens Dr","Louisville","KY","40229"
43244,"10003 Spruce Grove Dr","Louisville","KY","40299"
43245,"9117 Farnham Dr","Louisville","KY","40242"
43246,"4119 Taylor Blvd","Louisville","KY","40215"
43247,"12003 Hudson View Ct","Louisville","KY","40299"
43248,"8007 Tolls Ave","Louisville","KY","40214"
43249,"4815 Fairway Pointe Ct","Louisville","KY","40241"
43250,"810 Iroquois Ave","Louisville","KY","40214"
43251,"3507 Nanz Ave","Louisville","KY","40207"
43252,"4019 Valley View Dr","Louisville","KY","40216"
43253,"10917 Altsheler Pl","Louisville","KY","40229"
43254,"4517 Mile Of Sunshine Dr","Louisville","KY","40219"
43255,"8406 Zelma Fields Ave","Louisville","KY","40228"
43256,"5919 E Manslick Rd","Louisville","KY","40219"
43257,"682 Cecil Ave","Louisville","KY","40211"
43258,"32 Stonebridge Rd","Louisville","KY","40207"
43259,"4809 Crawford Ave","Louisville","KY","40258"
43260,"9915 Silverwood Ln","Louisville","KY","40272"
43261,"2110 W Hill St","Louisville","KY","40210"
43262,"602 Winyan Ln","Louisville","KY","40223"
43263,"5912 Tralee Ln","Louisville","KY","40219"
43264,"7102 Dunkirk Ln","Louisville","KY","40272"
43265,"2118 Bradley Ave","Louisville","KY","40217"
43266,"408 Mac Brae Rd","Louisville","KY","40214"
43267,"8808 Wooded Glen Rd","Louisville","KY","40220"
43268,"4317 Stoltz Ct","Louisville","KY","40215"
43269,"2322 Broadmeade Rd","Louisville","KY","40205"
43270,"1340 S 28th St","Louisville","KY","40211"
43271,"124 N 44th St","Louisville","KY","40212"
43272,"3704 Cypress Springs Pl","Louisville","KY","40245"
43273,"13515 Kinross Blvd","Louisville","KY","40272"
43274,"7092 Wildwood Cir","Apt 27","Louisville",
43275,"4000 Norbourne Blvd","Louisville","KY","40207"
43276,"4201 S 2nd St","Louisville","KY","40214"
43277,"4639 Stonestreet Ave","Louisville","KY","40216"
43278,"3313 Warson Ct","Louisville","KY","40299"
43279,"9025 Thelma Ln","Louisville","KY","40220"
43280,"1105 E Saint Catherine St","Louisville","KY","40204"
43281,"2517 W Madison St","Louisville","KY","40211"
43282,"3004 Klonway Dr","Louisville","KY","40220"
43283,"7703 Nalan Dr","Louisville","KY","40291"
43284,"889 Clarks Ln","Louisville","KY","40217"
43285,"8205 Damascus Cir","Apt D2","Louisville",
43286,"8704 Tranquil Valley Ln","Louisville","KY","40299"
43287,"9708 Northridge Dr","Louisville","KY","40272"
43288,"14012 Petwood Blvd","Louisville","KY","40272"
43289,"10006 Evening Star Dr","Louisville","KY","40272"
43290,"9718 Springwater Ct","Louisville","KY","40229"
43291,"10010 Glen Meadow Rd","Louisville","KY","40241"
43292,"7908 Mary Sue Dr","Louisville","KY","40291"
43293,"1604 N English Station Rd","Louisville","KY","40223"
43294,"1556 Taylor Ave","Louisville","KY","40213"
43295,"4611 Oak Pointe Dr","Louisville","KY","40245"
43296,"602 Stivers Rd","Louisville","KY","40207"
43297,"4302 Murphy Ln","Louisville","KY","40241"
43298,"1326 Short St","Louisville","KY","40213"
43299,"3902 Garfield Ave","Louisville","KY","40212"
43300,"2310 W Burnett Ave","Louisville","KY","40210"
43301,"2228 Peaslee Rd","Louisville","KY","40216"
43302,"612 N Hite Ave","Louisville","KY","40206"
43303,"1905 Kendall Ln","Louisville","KY","40216"
43304,"2511 Duncan St","Louisville","KY","40212"
43305,"4403 Cavelle Ave","Louisville","KY","40213"
43306,"3908 Pinecroft Dr","Louisville","KY","40219"
43307,"2453 Lindbergh Dr","Louisville","KY","40208"
43308,"10409 Deering Rd","Louisville","KY","40272"
43309,"423 Mayfair Ln","Louisville","KY","40207"
43310,"8918 Thelma Ln","Louisville","KY","40220"
43311,"2629 W Burnett Ave","Louisville","KY","40210"
43312,"532 Brentwood Ave","Louisville","KY","40215"
43313,"2907 Cromarty Way","Louisville","KY","40218"
43314,"2501 Lindsay Ave","Apt 10","Louisville",
43315,"1332 S 28th St","Louisville","KY","40211"
43316,"9916 Wyncliff Ct","Louisville","KY","40241"
43317,"3220 Stegner Ave","Louisville","KY","40216"
43318,"1818 Allston Ave","Louisville","KY","40210"
43319,"8298 Terry Rd","Louisville","KY","40258"
43320,"3605 Ramblin Creek Rd","Louisville","KY","40299"
43321,"134 Claremont Ave","Louisville","KY","40206"
43322,"416 S 17th St","Louisville","KY","40203"
43323,"7020 Rogers Ln","Louisville","KY","40272"
43324,"6709 Norway Dr","Louisville","KY","40214"
43325,"12606 Coffee Tree Pl","Louisville","KY","40299"
43326,"1409 Christy Ave","Louisville","KY","40204"
43327,"5019 Abbydale Ct","Louisville","KY","40229"
43328,"123 Declaration Dr","Louisville","KY","40214"
43329,"7219 Harborton Way","Louisville","KY","40228"
43330,"915 Audubon Pkwy","Louisville","KY","40213"
43331,"3324 Robin Rd","Louisville","KY","40213"
43332,"1808 Oakcrest Ct","Louisville","KY","40214"
43333,"10215 Waycross Ave","Louisville","KY","40229"
43334,"1908 Deerwood Ave","Louisville","KY","40205"
43335,"1010 Garden Pointe Pl","Louisville","KY","40242"
43336,"4807 Crawford Ave","Louisville","KY","40258"
43337,"5507 Brokers Tip Ln","Louisville","KY","40272"
43338,"9012 Wooded Glen Rd","Louisville","KY","40220"
43339,"6805 Lindsey Wade Ct","Louisville","KY","40229"
43340,"8410 Jan Way","Louisville","KY","40219"
43341,"7002 Linton Ct","Louisville","KY","40258"
43342,"505 Virginia Ave","Louisville","KY","40222"
43343,"1407 Lancaster Essex Ct","Louisville","KY","40242"
43344,"9325 Villa Fair Ct","Louisville","KY","40291"
43345,"8903 Kaprun Ct","Louisville","KY","40220"
43346,"2500 Osage Ave","Louisville","KY","40210"
43347,"3307 Rudd Ave","Louisville","KY","40212"
43348,"6807 Monty Ln","Louisville","KY","40291"
43349,"10203 Closterwood Dr","Louisville","KY","40229"
43350,"913 Starlite Ct","Louisville","KY","40207"
43351,"4114 Morgan Jaymes Dr","Louisville","KY","40299"
43352,"1788 Algonquin Pkwy","Louisville","KY","40210"
43353,"1026 Seelbach Ave","Louisville","KY","40215"
43354,"2226 Peaslee Rd","Louisville","KY","40216"
43355,"141 Vernon Ave","Louisville","KY","40206"
43356,"11437 Tazwell Dr","Louisville","KY","40241"
43357,"3606 Marlin Dr","Louisville","KY","40299"
43358,"8615 Blackpool Dr","Louisville","KY","40222"
43359,"1846 Date St","Louisville","KY","40210"
43360,"2131 Mccloskey Ave","Louisville","KY","40210"
43361,"8608 Montrie Ct","Louisville","KY","40219"
43362,"2828 W Madison St","Louisville","KY","40211"
43363,"2215 Farnsley Rd","Louisville","KY","40216"
43364,"9904 Tulip Poplar Ct","Louisville","KY","40291"
43365,"1711 Youngland Ave","Louisville","KY","40216"
43366,"8607 Holston Rd","Louisville","KY","40222"
43367,"5114 Johnsontown Rd","Louisville","KY","40272"
43368,"907 Spring Glen Way","Louisville","KY","40242"
43369,"1520 Berry Blvd","Louisville","KY","40215"
43370,"2310 Peaslee Rd","Louisville","KY","40216"
43371,"10614 Eagle Pines Ln","Louisville","KY","40223"
43372,"2205 Garrs Ln","Louisville","KY","40216"
43373,"11403 Saratoga Ridge Dr","Louisville","KY","40299"
43374,"8317 Blue Lick Rd","Louisville","KY","40219"
43375,"638 Emily Rd","Louisville","KY","40206"
43376,"12402 Kiawah Ct","Louisville","KY","40245"
43377,"4023 Clyde Dr","Louisville","KY","40216"
43378,"12025 Lavenia Ln","Louisville","KY","40272"
43379,"1612 Grey Owl Ct","Louisville","KY","40223"
43380,"4825 Andalusia Ln","Louisville","KY","40272"
43381,"11105 Oakhurst Rd","Louisville","KY","40245"
43382,"601 Club Ln","Louisville","KY","40207"
43383,"2908 Lightheart Rd","Louisville","KY","40222"
43384,"2208 Portland Ave","Louisville","KY","40212"
43385,"5601 Bunning Dr","Louisville","KY","40272"
43386,"4618 Palma Rd","Louisville","KY","40272"
43387,"731 Algonquin Pkwy","Louisville","KY","40208"
43388,"903 W Ashland Ave","Louisville","KY","40215"
43389,"1602 Edgeland Ave","Louisville","KY","40204"
43390,"7504 Sunnyfield Ct","Louisville","KY","40220"
43391,"4604 Andalusia Ln","Louisville","KY","40272"
43392,"7512 Aluma Ln","Louisville","KY","40214"
43393,"4206 Naomi Dr","Louisville","KY","40219"
43394,"5116 Mount Holyoke Dr","Louisville","KY","40216"
43395,"4203 Marseille Dr","Louisville","KY","40272"
43396,"12002 Hilda Ct","Louisville","KY","40272"
43397,"4602 Oak Pointe Dr","Louisville","KY","40245"
43398,"720 Brendon Hills Pl","Louisville","KY","40245"
43399,"3113 Chickadee Rd","Louisville","KY","40213"
43400,"1924 Goldsmith Ln","Unit 23","Louisville",
43401,"1433 Catalpa St","Louisville","KY","40211"
43402,"3714 Oboe Dr","Louisville","KY","40216"
43403,"1314 Rufer Ave","Louisville","KY","40204"
43404,"6205 Van Ct","Louisville","KY","40291"
43405,"203 Clydesdale Trce","Louisville","KY","40223"
43406,"326 Biltmore Rd","Louisville","KY","40207"
43407,"323 Jarvis Ln","Louisville","KY","40207"
43408,"1011 Ardmore Dr","Louisville","KY","40217"
43409,"3512 Ephraim Mcdowell Dr","Louisville","KY","40205"
43410,"1003 Milton St","Louisville","KY","40217"
43411,"4804 S 6th St","Louisville","KY","40214"
43412,"4702 Granada Dr","Louisville","KY","40272"
43413,"300 Chanel Ct","Apt 4","Louisville",
43414,"8516 Linda Rd","Louisville","KY","40219"
43415,"1700 Wickham Way","Louisville","KY","40223"
43416,"418 Iola Rd","Louisville","KY","40207"
43417,"1370 S Floyd St","Louisville","KY","40208"
43418,"312 Iola Rd","Louisville","KY","40207"
43419,"303 Fairlawn Rd","Louisville","KY","40207"
43420,"918 S 43rd St","Louisville","KY","40211"
43421,"6709 Carolyn Rd","Louisville","KY","40214"
43422,"5900 Eldorado Ave","Louisville","KY","40291"
43423,"4713 Middlesex Dr","Louisville","KY","40245"
43424,"2328 Winston Ave","Louisville","KY","40205"
43425,"13303 Ashlawn Dr","Louisville","KY","40272"
43426,"4305 Lakelet Way","Louisville","KY","40299"
43427,"3353 Taylor Blvd","Louisville","KY","40215"
43428,"336 N 23rd St","Louisville","KY","40212"
43429,"3313 Dogwood Dr","Louisville","KY","40220"
43430,"526 Washburn Ave","Louisville","KY","40222"
43431,"3228 Garland Ave","Louisville","KY","40211"
43432,"7808 Kenhurst Dr","Louisville","KY","40258"
43433,"3507 Hurstbourne Ridge Blvd","Louisville","KY","40299"
43434,"4718 Settle Blvd","Louisville","KY","40219"
43435,"7747 3rd Street Rd","Louisville","KY","40214"
43436,"10100 Pennyrile Ct","Louisville","KY","40299"
43437,"4407 La Salle Ave","Louisville","KY","40215"
43438,"3013 Krashey Way","Louisville","KY","40213"
43439,"4241 Darbrook Rd","Louisville","KY","40207"
43440,"312 New England Ct","Louisville","KY","40214"
43441,"4514 Stone Wynde Dr","Louisville","KY","40272"
43442,"5807 Mount Everest Dr","Louisville","KY","40216"
43443,"3001 Klonway Dr","Louisville","KY","40220"
43444,"906 E Washington St","Louisville","KY","40206"
43445,"9005 Fern Creek Rd","Louisville","KY","40291"
43446,"6031 Dutschke Rd","Louisville","KY","40272"
43447,"306 Pepperbush Rd","Louisville","KY","40207"
43448,"3700 Sudbury Ln","Louisville","KY","40220"
43449,"7001 Linton Ct","Louisville","KY","40258"
43450,"4003 Hope Ct","Louisville","KY","40220"
43451,"8549 Vicki Ln","Louisville","KY","40258"
43452,"3002 Treeview Ct","Louisville","KY","40214"
43453,"5503 Beth Rd","Louisville","KY","40219"
43454,"6906 W Orell Rd","Louisville","KY","40272"
43455,"4220 Rudy Ln","Louisville","KY","40207"
43456,"3711 Craig Ave","Louisville","KY","40215"
43457,"1316 Earl Ave","Louisville","KY","40215"
43458,"128 Don Allen Rd","Louisville","KY","40207"
43459,"7435 Saint Andrews Church Rd","Louisville","KY","40214"
43460,"9314 Justine Ct","Louisville","KY","40299"
43461,"10800 Golden Maple Pl","Louisville","KY","40223"
43462,"3111 Meadowside Ct","Louisville","KY","40214"
43463,"978 Edward Ave","Louisville","KY","40204"
43464,"4326 Kinloch Rd","Louisville","KY","40207"
43465,"574 Beechland Rd","Louisville","KY","40229"
43466,"310 S Circlecrest Dr","Louisville","KY","40229"
43467,"1800 Cherokee Rd","Louisville","KY","40205"
43468,"4215 Naneen Dr","Louisville","KY","40216"
43469,"2237 Peaslee Rd","Louisville","KY","40216"
43470,"8216 Laurel Grove Ct","Louisville","KY","40228"
43471,"4932 Wheatley Ct","Louisville","KY","40218"
43472,"2135 Woodbourne Ave","Louisville","KY","40205"
43473,"6604 Evening Tide Ct","Louisville","KY","40272"
43474,"5411 Idlewood Ln","Louisville","KY","40291"
43475,"1313 Farmdale Ave","Louisville","KY","40213"
43476,"7716 Chet Ln","Louisville","KY","40214"
43477,"108 Iola Rd","Louisville","KY","40207"
43478,"3448 Fernheather Dr","Louisville","KY","40216"
43479,"2923 Alford Ave","Louisville","KY","40212"
43480,"1003 Copperfield Ct","Louisville","KY","40207"
43481,"2201 Stephan Ln","Louisville","KY","40214"
43482,"323 Dale Rd","Louisville","KY","40229"
43483,"4315 Lakelet Way","Louisville","KY","40299"
43484,"309 Redding Rd","Louisville","KY","40218"
43485,"1916 Trevilian Way","Louisville","KY","40205"
43486,"2165 Gladstone Ave","Louisville","KY","40205"
43487,"5520 Apache Rd","Louisville","KY","40207"
43488,"12309 Hardwick Rd","Louisville","KY","40243"
43489,"1628 Eastern Pkwy","Louisville","KY","40204"
43490,"11008 Grafton Hall Rd","Louisville","KY","40272"
43491,"5126 Hunters Point Cir","Louisville","KY","40216"
43492,"5916 Oakdale Ln","Louisville","KY","40219"
43493,"9916 Dixie Hwy","Louisville","KY","40272"
43494,"4215 Savage Dr","Louisville","KY","40216"
43495,"10403 Grazing Trce","Louisville","KY","40223"
43496,"7716 Saint Bernard Ct","Louisville","KY","40291"
43497,"2642 Algonquin Pkwy","Louisville","KY","40210"
43498,"5604 Cynthia Dr","Louisville","KY","40291"
43499,"3707 Glen Oak Dr","Louisville","KY","40218"
43500,"11202 Brookwynd Dr","Louisville","KY","40229"
43501,"3616 Friar Tuck Ct","Louisville","KY","40219"
43502,"5731 New Cut Rd","Louisville","KY","40214"
43503,"9400 Cornflower Rd","Louisville","KY","40272"
43504,"12301 Hardwick Rd","Louisville","KY","40243"
43505,"5410 Cannonwood Ct","Louisville","KY","40229"
43506,"1849 Date St","Louisville","KY","40210"
43507,"520 N Hite Ave","Louisville","KY","40206"
43508,"2643 Dixdale Ave","Louisville","KY","40210"
43509,"2303 Magazine St","Louisville","KY","40211"
43510,"10303 Judith Ct","Louisville","KY","40223"
43511,"1011 E Oak St","Louisville","KY","40204"
43512,"2210 Garland Ave","Louisville","KY","40211"
43513,"1723 Jefferson Ave","Louisville","KY","40242"
43514,"1139 S 28th St","Louisville","KY","40211"
43515,"731 S 35th St","Louisville","KY","40211"
43516,"3408 Garland Ave","Louisville","KY","40211"
43517,"4615 Vinita Way","Louisville","KY","40272"
43518,"844 Parkway Dr","Louisville","KY","40217"
43519,"4311 Billtown Rd","Louisville","KY","40299"
43520,"2811 Delor Ave","Louisville","KY","40217"
43521,"1005 Lydia St","Louisville","KY","40217"
43522,"1604 Eagle Pines Ct","Louisville","KY","40223"
43523,"3111 Redbud Ln","Louisville","KY","40220"
43524,"1409 Stonewall Way","Louisville","KY","40242"
43525,"5011 S 2nd St","Louisville","KY","40214"
43526,"4424 Mann Ave","Louisville","KY","40215"
43527,"1120 S Clay St","Louisville","KY","40203"
43528,"213 Hidden Oak Pl","Louisville","KY","40222"
43529,"1253 Lipps Ln","Louisville","KY","40219"
43530,"117 Tristan Rd","Louisville","KY","40222"
43531,"122 E Ashland Ave","Louisville","KY","40214"
43532,"109 Ambling Way","Louisville","KY","40243"
43533,"123 N 34th St","Louisville","KY","40212"
43534,"4513 Epinay Ct","Louisville","KY","40272"
43535,"6700 Falls Creek Rd","Louisville","KY","40241"
43536,"9012 Lyneve Dr","Louisville","KY","40272"
43537,"215 Chattanooga Ave","Louisville","KY","40214"
43538,"11703 Kings Ln","Louisville","KY","40243"
43539,"2107 Greenwood Ave","Louisville","KY","40210"
43540,"503 Scioto Dr","Louisville","KY","40223"
43541,"201 Loganberry Ct","Louisville","KY","40207"
43542,"5409 Crambrook Ave","Louisville","KY","40272"
43543,"610 Stivers Rd","Louisville","KY","40207"
43544,"2115 Challedon Way","Louisville","KY","40223"
43545,"13 Hallsdale Dr","Louisville","KY","40220"
43546,"419 Timberlake Trl","Louisville","KY","40245"
43547,"2700 Colin Ave","Louisville","KY","40217"
43548,"2007 San Jose Ave","Louisville","KY","40216"
43549,"941 S Clay St","Louisville","KY","40203"
43550,"1330 Highland Ave","Louisville","KY","40204"
43551,"3116 Chickadee Rd","Louisville","KY","40213"
43552,"9920 Scrim Ave","Louisville","KY","40272"
43553,"1523 W Jefferson St","Louisville","KY","40203"
43554,"931 Audubon Pkwy","Louisville","KY","40213"
43555,"5613 Morrison Ave","Louisville","KY","40214"
43556,"3816 Warner Ave","Louisville","KY","40207"
43557,"805 Alden Rd","Louisville","KY","40207"
43558,"710 Lynn St","Louisville","KY","40217"
43559,"6809 Brighton Springs Ln","Louisville","KY","40291"
43560,"2105 Dorothy Ave","Louisville","KY","40205"
43561,"4100 Riveroaks Ln","Louisville","KY","40241"
43562,"3024 Greenwood Ave","Louisville","KY","40211"
43563,"9021 Green Garden Ct","Louisville","KY","40220"
43564,"3647 Nichols Meadow Cir","Louisville","KY","40215"
43565,"2009 Nelson Ave","Louisville","KY","40216"
43566,"5531 Cartledge Ct","Louisville","KY","40214"
43567,"4403 Baygarden Ct","Louisville","KY","40245"
43568,"6013 Bay Pine Dr","Louisville","KY","40219"
43569,"6702 Brighton Springs Ln","Louisville","KY","40291"
43570,"13010 Rehl Rd","Louisville","KY","40299"
43571,"8918 Fox Chase Pl","Louisville","KY","40228"
43572,"605 Plainview Ave","Louisville","KY","40223"
43573,"8202 Cadence Pl","Louisville","KY","40222"
43574,"2638 Rowan St","Louisville","KY","40212"
43575,"7213 Old North Church Rd","Louisville","KY","40214"
43576,"5411 Riata Dr","Louisville","KY","40218"
43577,"4103 Graf Dr","Louisville","KY","40220"
43578,"2711 Triplett Ct","Louisville","KY","40216"
43579,"645 Ervay Ave","Louisville","KY","40217"
43580,"4102 Sunrise Way","Louisville","KY","40220"
43581,"2019 Payne St","Louisville","KY","40206"
43582,"5210 Rookwood Ave","Louisville","KY","40218"
43583,"1434 Twin Ridge Rd","Louisville","KY","40242"
43584,"3901 Cutler Rd","Louisville","KY","40219"
43585,"3200 Glenstone Ct","Louisville","KY","40220"
43586,"4313 Stoltz Ct","Louisville","KY","40215"
43587,"100 Mills Dr","Louisville","KY","40216"
43588,"3019 Galleon Dr","Louisville","KY","40220"
43589,"916 S 42nd St","Louisville","KY","40211"
43590,"9703 Ranger Rd","Louisville","KY","40229"
43591,"10015 Glen Meadow Rd","Louisville","KY","40241"
43592,"1704 Pikeview Ct","Louisville","KY","40215"
43593,"732 Dearborn Ave","Louisville","KY","40211"
43594,"1028 Rosemary Dr","Louisville","KY","40213"
43595,"7008 Spring Vista Ct","Louisville","KY","40229"
43596,"6201 Darrell Ct","Louisville","KY","40216"
43597,"1109 King Arthur Ln","Louisville","KY","40222"
43598,"4539 Oak Pointe Dr","Louisville","KY","40245"
43599,"4720 Middlesex Dr","Louisville","KY","40245"
43600,"1429 Belmar Dr","Louisville","KY","40213"
43601,"3242 Ellis Way","Louisville","KY","40220"
43602,"925 Fenley Ave","Louisville","KY","40222"
43603,"301 Dorsey Way","Louisville","KY","40223"
43604,"6804 Penwern Ct","Louisville","KY","40207"
43605,"6400 Eureka Ave","Louisville","KY","40216"
43606,"6711 Fenwick Dr","Louisville","KY","40228"
43607,"1803 Grand Ridge Rd","Louisville","KY","40214"
43608,"14402 Willow Grove Cir","Louisville","KY","40245"
43609,"5005 Woodhill Ln","Louisville","KY","40219"
43610,"5358 Stephan Dr","Louisville","KY","40258"
43611,"7117 Ridge Creek Rd","Louisville","KY","40291"
43612,"6911 Shareith Dr","Louisville","KY","40228"
43613,"1289 Everett Ave","Louisville","KY","40204"
43614,"1036 E Saint Catherine St","Louisville","KY","40204"
43615,"5308 Indian Crest Rd","Louisville","KY","40207"
43616,"5132 Hunters Point Cir","Louisville","KY","40216"
43617,"408 Pennyroyal Way","Louisville","KY","40223"
43618,"1718 Nightingale Rd","Louisville","KY","40213"
43619,"1128 Saint Michael Pl","Louisville","KY","40204"
43620,"305 Bromwick Ct","Louisville","KY","40243"
43621,"2703 Blevins Gap Rd","Louisville","KY","40272"
43622,"1128 Saint Michael St","Louisville","KY","40204"
43623,"3385 Dearcy Ave","Louisville","KY","40215"
43624,"918 Exmoor Ave","Louisville","KY","40223"
43625,"8614 Lakeridge Dr","Louisville","KY","40272"
43626,"109 Arterburn Dr","Louisville","KY","40222"
43627,"3146 Pamela Way","Louisville","KY","40220"
43628,"9710 River Birch Dr","Louisville","KY","40291"
43629,"13406 Forest Springs Dr","Louisville","KY","40245"
43630,"6810 Jumper Ct","Louisville","KY","40291"
43631,"1908 Riva Ridge Rd","Louisville","KY","40214"
43632,"4158 Hazelwood Ave","Louisville","KY","40215"
43633,"3607 Longbranch Ct","Louisville","KY","40219"
43634,"1210 Euclid Ave","Louisville","KY","40208"
43635,"5210 Skylight Dr","Louisville","KY","40258"
43636,"4310 Santa Paula Ln","Louisville","KY","40219"
43637,"4905 Southern Pkwy","Louisville","KY","40214"
43638,"7455 Ralston Ave","Louisville","KY","40258"
43639,"6803 Willowcrest Cir","Louisville","KY","40241"
43640,"12702 Mackinaw Dr","Louisville","KY","40243"
43641,"105 N 36th St","Louisville","KY","40212"
43642,"4424 Greenbriar Rd","Louisville","KY","40207"
43643,"3103 Sora Ave","Louisville","KY","40213"
43644,"2836 Griffiths Ave","Louisville","KY","40212"
43645,"8234 Afterglow Dr","Louisville","KY","40214"
43646,"12403 Brightfield Dr","Louisville","KY","40243"
43647,"5521 Brokers Tip Ln","Louisville","KY","40272"
43648,"4108 Dellridge Dr","Louisville","KY","40207"
43649,"12404 Hiawatha Ave","Louisville","KY","40223"
43650,"4706 Lowe Rd","Louisville","KY","40220"
43651,"4400 Stony Brook Dr","Louisville","KY","40299"
43652,"508 Brookview Rd","Louisville","KY","40207"
43653,"2125 Glenworth Ave","Louisville","KY","40218"
43654,"1611 Loney Ln","Louisville","KY","40216"
43655,"6600 Barbrook Rd","Louisville","KY","40258"
43656,"1404 Heafer Rd","Louisville","KY","40223"
43657,"3303 Brittany Ct","Louisville","KY","40220"
43658,"3713 Old Outer Loop","Louisville","KY","40219"
43659,"10308 Cooperwood Ct","Louisville","KY","40229"
43660,"13118 Old Henry Rd","Louisville","KY","40223"
43661,"7614 Old Salem Rd","Louisville","KY","40242"
43662,"4317 Lakelet Way","Louisville","KY","40299"
43663,"410 Kenny Blvd","Louisville","KY","40214"
43664,"7403 Hassock Dr","Louisville","KY","40258"
43665,"7711 Sunbury Ln","Louisville","KY","40220"
43666,"2715 Shippen Ave","Louisville","KY","40206"
43667,"2413 Bradley Ave","Louisville","KY","40217"
43668,"4823 Determine Ln","Louisville","KY","40216"
43669,"10401 Deering Rd","Louisville","KY","40272"
43670,"4014 Melda Ln","Louisville","KY","40219"
43671,"2008 Youngland Ave","Louisville","KY","40216"
43672,"2567 Woodbourne Ave","Louisville","KY","40205"
43673,"10708 Briar Turn Dr","Louisville","KY","40291"
43674,"334 Mockingbird Valley Rd","Louisville","KY","40207"
43675,"1204 Ambridge Dr","Louisville","KY","40207"
43676,"3303 Colonial Manor Cir","Unit 2A","Louisville",
43677,"2416 Mount Claire Ave","Louisville","KY","40217"
43678,"7409 Manslick Rd","Louisville","KY","40214"
43679,"1617 Speed Ave","Louisville","KY","40205"
43680,"5001 Lively Ct","Louisville","KY","40218"
43681,"2320 Thornhill Rd","Louisville","KY","40222"
43682,"307 Marengo Dr","Louisville","KY","40243"
43683,"13401 Horncastle Way","Louisville","KY","40272"
43684,"4206 Spruce Grove Ct","Louisville","KY","40299"
43685,"10405 Grazing Trce","Louisville","KY","40223"
43686,"4206 Wooded Way","Louisville","KY","40219"
43687,"3305 Frontier Trl","Louisville","KY","40220"
43688,"10116 Bayport Rd","Louisville","KY","40299"
43689,"4808 Wooded Oak Cir","Louisville","KY","40245"
43690,"2800 Pioneer Rd","Louisville","KY","40216"
43691,"1601 Eagle Pines Ct","Louisville","KY","40223"
43692,"608 Yancy Ln","Louisville","KY","40207"
43693,"623 Louis Coleman Jr Dr","Louisville","KY","40211"
43694,"2634 1/2 Rockford Ln","Trlr 3","Louisville",
43695,"2634 1/2 Rockford Ln","Trlr 22","Louisville",
43696,"4309 Allmond Ave","Louisville","KY","40209"
43697,"11007 Grafton Hall Rd","Louisville","KY","40272"
43698,"9306 Talitha Dr","Louisville","KY","40299"
43699,"3602 Gateview Cir","Louisville","KY","40272"
43700,"2411 Lindbergh Dr","Louisville","KY","40208"
43701,"5408 Cranwood Ln","Louisville","KY","40291"
43702,"3410 Endeavor Way","Louisville","KY","40219"
43703,"668 N Barbee Way","Louisville","KY","40217"
43704,"307 Cambridge Station Rd","Louisville","KY","40223"
43705,"2425 Cherokee Pkwy","Louisville","KY","40204"
43706,"6609 Vandre Ave","Louisville","KY","40228"
43707,"4318 Lakelet Way","Louisville","KY","40299"
43708,"3804 Riveroaks Cir","Louisville","KY","40241"
43709,"9202 Trentham Ln","Louisville","KY","40242"
43710,"3902 Village Green Dr","Louisville","KY","40299"
43711,"7903 Jennifer Ridge Pl","Louisville","KY","40258"
43712,"5106 Graston Ct","Louisville","KY","40216"
43713,"4421 Saratoga Woods Dr","Louisville","KY","40299"
43714,"13216 Meadowlawn Dr","Louisville","KY","40272"
43715,"10113 Park Lake Dr","Louisville","KY","40229"
43716,"603 Foxgate Rd","Louisville","KY","40223"
43717,"2606 Kings Hwy","Louisville","KY","40205"
43718,"9507 Wessex Pl","Louisville","KY","40222"
43719,"3501 Colmar Dr","Louisville","KY","40211"
43720,"1734 Garland Ave","Louisville","KY","40210"
43721,"11622 Chenoweth Hills Pl","Louisville","KY","40299"
43722,"2211 Alice Kay Dr","Louisville","KY","40214"
43723,"3514 Locklee Rd","Louisville","KY","40214"
43724,"7105 Brook Garden Pl","Louisville","KY","40258"
43725,"4063 Elmwood Ave","Louisville","KY","40207"
43726,"6519 Bilsim Ln","Louisville","KY","40291"
43727,"2909 Cambridge Rd","Louisville","KY","40220"
43728,"838 Linwood Ave","Louisville","KY","40217"
43729,"4107 Saratoga Woods Dr","Louisville","KY","40299"
43730,"1213 Payne St","Louisville","KY","40204"
43731,"12012 Hudson View Ct","Louisville","KY","40299"
43732,"1907 Hillcircle Rd","Louisville","KY","40214"
43733,"2809 Thistlewood Dr","Louisville","KY","40206"
43734,"1814 Milburt Dr","Louisville","KY","40223"
43735,"4021 Mamaroneck Rd","Louisville","KY","40218"
43736,"7017 Meihaus Way","Louisville","KY","40272"
43737,"5219 Plume Dr","Louisville","KY","40258"
43738,"652 S 39th St","Louisville","KY","40211"
43739,"854 Vine St","Louisville","KY","40204"
43740,"11005 Deering Rd","Louisville","KY","40272"
43741,"3616 Nichols Meadow Cir","Louisville","KY","40215"
43742,"3312 Mardale Dr","Louisville","KY","40299"
43743,"1124 Hull St","Louisville","KY","40204"
43744,"4102 Serene Way","Louisville","KY","40219"
43745,"506 Sam Dr","Louisville","KY","40214"
43746,"8611 Ferndale Rd","Louisville","KY","40291"
43747,"5413 Westhall Ave","Louisville","KY","40214"
43748,"4303 Java Ct","Louisville","KY","40218"
43749,"4512 Blenheim Rd","Louisville","KY","40207"
43750,"3030 Breckenridge Ln","Apt 218","Louisville",
43751,"1010 Forrest St","Louisville","KY","40217"
43752,"1744 Harvard Dr","Louisville","KY","40205"
43753,"5601 Coach Gate Wynde","Apt 4","Louisville",
43754,"4517 Epinay Ct","Louisville","KY","40272"
43755,"8803 Moody Rd","Louisville","KY","40219"
43756,"3505 Bells Ln","Louisville","KY","40211"
43757,"9824 Boxford Way","Louisville","KY","40242"
43758,"128 Travois Rd","Louisville","KY","40207"
43759,"11217 Brookley Dr","Louisville","KY","40229"
43760,"3107 Rockford Ln","Louisville","KY","40216"
43761,"4719 Wolfcreek Pkwy","Louisville","KY","40241"
43762,"5602 Bunning Dr","Louisville","KY","40272"
43763,"7048 Wildwood Cir","Apt 196","Louisville",
43764,"1449 Hemlock St","Louisville","KY","40211"
43765,"12106 Greenvalley Dr","Louisville","KY","40243"
43766,"1432 Hepburn Ave","Louisville","KY","40204"
43767,"2000 Goldsmith Ln","Louisville","KY","40218"
43768,"3012 Leman Dr","Louisville","KY","40220"
43769,"4811 Trackers Way","Louisville","KY","40216"
43770,"4314 Winchester Rd","Louisville","KY","40207"
43771,"4045 Ormond Rd","Louisville","KY","40207"
43772,"9015 Old Bardstown Rd","Louisville","KY","40291"
43773,"3604 Garland Ave","Louisville","KY","40211"
43774,"3007 Meade Ave","Louisville","KY","40217"
43775,"11713 Wicker Ct","Louisville","KY","40299"
43776,"8206 Krystle Ridge Pl","Louisville","KY","40258"
43777,"8111 Rocky Gap Rd","Louisville","KY","40214"
43778,"4101 Chenoweth Run Rd","Louisville","KY","40299"
43779,"8121 Village Point Dr","Louisville","KY","40291"
43780,"4906 Kaufman Ln","Louisville","KY","40216"
43781,"8819 Beulah Church Rd","Louisville","KY","40291"
43782,"2800 Rockhaven Ave","Louisville","KY","40220"
43783,"1768 Wilart Dr","Louisville","KY","40210"
43784,"11009 Saybrook Ct","Louisville","KY","40229"
43785,"2055 May Ave","Louisville","KY","40217"
43786,"5204 Charmane Dr","Louisville","KY","40219"
43787,"7114 Ridge Creek Rd","Louisville","KY","40291"
43788,"6905 Tangelo Ct","Louisville","KY","40228"
43789,"2809 Montrose Ave","Louisville","KY","40205"
43790,"4132 Wheeler Ave","Louisville","KY","40215"
43791,"2141 Glenworth Ave","Louisville","KY","40218"
43792,"1706 Loney Ln","Louisville","KY","40216"
43793,"1408 Northwind Rd","Louisville","KY","40207"
43794,"10221 Starlight Way","Louisville","KY","40272"
43795,"6709 Crispa Ct","Louisville","KY","40228"
43796,"9900 Seatonville Rd","Louisville","KY","40291"
43797,"145 State St","Louisville","KY","40206"
43798,"403 Willenhall Ct","Louisville","KY","40243"
43799,"927 Rosemary Dr","Louisville","KY","40213"
43800,"12405 Alfred Berry Ct","Louisville","KY","40223"
43801,"2535 W Main St","Louisville","KY","40212"
43802,"2716 W Kentucky St","Louisville","KY","40211"
43803,"4511 Grandview Dr","Louisville","KY","40216"
43804,"6119 Julie Kays Way","Louisville","KY","40258"
43805,"10420 Pebblestone Cir","Louisville","KY","40229"
43806,"3214 Beals Branch Dr","Louisville","KY","40206"
43807,"3501 Colonial Springs Rd","Louisville","KY","40245"
43808,"1718 Bachmann Dr","Louisville","KY","40216"
43809,"10214 Nanka Rd","Louisville","KY","40272"
43810,"5904 Halma Dr","Louisville","KY","40272"
43811,"10103 Natalie Way","Louisville","KY","40299"
43812,"4204 Spruce Grove Ct","Louisville","KY","40299"
43813,"4612 Rossmoor Dr","Louisville","KY","40219"
43814,"610 S 41st St","Louisville","KY","40211"
43815,"8700 Tranquil Valley Ln","Louisville","KY","40299"
43816,"2010 Obrien Ct","Louisville","KY","40216"
43817,"4721 S 2nd St","Louisville","KY","40214"
43818,"6496 Johnsontown Rd","Louisville","KY","40272"
43819,"525 Country Ln","Louisville","KY","40207"
43820,"4620 Haeringdon Dr","Louisville","KY","40299"
43821,"1426 S Brook St","Louisville","KY","40208"
43822,"1455 Mellwood Ave","Louisville","KY","40206"
43823,"120 Steedland Ct","Louisville","KY","40229"
43824,"6211 Serenity Ct","Louisville","KY","40219"
43825,"3600 Canopus Ct","Louisville","KY","40219"
43826,"906 W Whitney Ave","Louisville","KY","40215"
43827,"115 Spruce Ln","Louisville","KY","40207"
43828,"2926 English Ave","Louisville","KY","40206"
43829,"665 Eastlawn Ave","Louisville","KY","40211"
43830,"836 Lake Forest Pkwy","Louisville","KY","40245"
43831,"2606 Titleist Rd","Louisville","KY","40242"
43832,"2908 Koster Pl","Louisville","KY","40241"
43833,"3815 Kirby Ln","Louisville","KY","40299"
43834,"6816 Brighton Springs Ln","Louisville","KY","40291"
43835,"2818 Hale Ave","Louisville","KY","40211"
43836,"4514 Deepwood Dr","Louisville","KY","40241"
43837,"6706 Fenske Ln","Louisville","KY","40258"
43838,"4418 Chenwood Ln","Louisville","KY","40299"
43839,"4404 Winnrose Way","Louisville","KY","40211"
43840,"7709 Circle Crest Rd","Louisville","KY","40241"
43841,"164 N Keats Ave","Louisville","KY","40206"
43842,"3636 Vermont Ave","Louisville","KY","40211"
43843,"806 S 38th St","Louisville","KY","40211"
43844,"5117 Stony Brook Dr","Louisville","KY","40291"
43845,"714 Dorsey Ln","Louisville","KY","40223"
43846,"4203 S 1st St","Louisville","KY","40214"
43847,"424 Country Ln","Louisville","KY","40207"
43848,"122 S Peterson Ave","Louisville","KY","40206"
43849,"11710 Coventry Hill Rd","Louisville","KY","40299"
43850,"6405 Keith Springs Cir","Louisville","KY","40207"
43851,"516 Oak Branch Rd","Louisville","KY","40245"
43852,"1513 Quadrant Ave","Louisville","KY","40205"
43853,"2956 Rio Rita Ave","Louisville","KY","40220"
43854,"4701 Walden Dr","Louisville","KY","40229"
43855,"3402 Foreman Ln","Louisville","KY","40219"
43856,"5100 Reed Ave","Louisville","KY","40214"
43857,"9711 Ranger Rd","Louisville","KY","40229"
43858,"6314 Hanses Dr","Louisville","KY","40219"
43859,"2308 Peaslee Rd","Louisville","KY","40216"
43860,"2729 Langdon Dr","Louisville","KY","40241"
43861,"6709 Miller Park Dr","Louisville","KY","40258"
43862,"8108 Pina Way","Louisville","KY","40219"
43863,"4613 Oak Pointe Dr","Louisville","KY","40245"
43864,"4931 Shasta Trl","Louisville","KY","40218"
43865,"3324 Taylor Blvd","Louisville","KY","40215"
43866,"10547 Eagle Pines Ln","Louisville","KY","40223"
43867,"1140 S 1st St","Apt 3","Louisville",
43868,"232 N Hite Ave","Louisville","KY","40206"
43869,"5514 Sullivan Way","Louisville","KY","40229"
43870,"620 Washburn Ave","Louisville","KY","40222"
43871,"5817 Jerry Ln","Louisville","KY","40258"
43872,"4215 Bryant Park Dr","Louisville","KY","40299"
43873,"622 Washburn Ave","Louisville","KY","40222"
43874,"813 S 23rd St","Louisville","KY","40211"
43875,"3227 Furman Blvd","Louisville","KY","40220"
43876,"4207 Stony Brook Dr","Louisville","KY","40299"
43877,"7114 Meadow Ridge Dr","Louisville","KY","40218"
43878,"9606 Willowwood Way","Louisville","KY","40299"
43879,"6609 Falls Creek Rd","Louisville","KY","40241"
43880,"218 Mockingbird Gardens Dr","Louisville","KY","40207"
43881,"1001 Lake Forest Pkwy","Louisville","KY","40245"
43882,"9508 Holiday Dr","Louisville","KY","40272"
43883,"1442 Gardiner Ln","Louisville","KY","40213"
43884,"119 N 29th St","Louisville","KY","40212"
43885,"3908 Charter Oaks Dr","Apt 1","Louisville",
43886,"603 Wimpleton Pl","Louisville","KY","40206"
43887,"670 S 35th St","Louisville","KY","40211"
43888,"7213 Kort Way","Louisville","KY","40220"
43889,"2608 W Kentucky St","Louisville","KY","40211"
43890,"124 Southview Ter","Louisville","KY","40214"
43891,"9213 Whitegate Ct","Louisville","KY","40222"
43892,"535 Sunset Rd","Louisville","KY","40206"
43893,"1532 Dumesnil St","Louisville","KY","40210"
43894,"108 S 39th St","Louisville","KY","40212"
43895,"8157 Entrance Rd","Louisville","KY","40258"
43896,"105 Algiers Ct","Apt 1","Louisville",
43897,"5550 Bruce Ave","Louisville","KY","40214"
43898,"2021 S 16th St","Louisville","KY","40210"
43899,"4215 Warren St","Louisville","KY","40213"
43900,"3635 Johnston Way","Louisville","KY","40220"
43901,"1751 Dixdale Ave","Louisville","KY","40210"
43902,"1005 E Breckinridge St","Louisville","KY","40204"
43903,"8009 Canna Dr","Louisville","KY","40258"
43904,"8211 Sandidge Dr","Louisville","KY","40228"
43905,"1226 Manitau Ave","Louisville","KY","40215"
43906,"3205 Vale Wood Ct","Louisville","KY","40220"
43907,"1234 Weller Ave","Louisville","KY","40208"
43908,"501 Christopher Pl","Louisville","KY","40214"
43909,"2008 Leahurst Ct","Louisville","KY","40216"
43910,"1318 Olive St","Louisville","KY","40211"
43911,"6515 Glendale Rd","Louisville","KY","40291"
43912,"2220 Walterdale Ter","Louisville","KY","40205"
43913,"949 Charles St","Louisville","KY","40204"
43914,"2007 Tyrone Dr","Louisville","KY","40218"
43915,"4907 Daleray Dr","Louisville","KY","40219"
43916,"1315 Crosstimbers Dr","Louisville","KY","40245"
43917,"7311 Beulah Church Rd","Louisville","KY","40228"
43918,"1208 Larchmont Ave","Louisville","KY","40215"
43919,"3536 Henry Ave","Louisville","KY","40215"
43920,"403 Winton Ln","Louisville","KY","40206"
43921,"12607 Towne Creek Rd","Louisville","KY","40243"
43922,"6711 Longlake Ct","Louisville","KY","40291"
43923,"9387 Loch Lea Ln","Louisville","KY","40291"
43924,"4017 Sunset Ave","Louisville","KY","40211"
43925,"5607 Walnut Way","Louisville","KY","40229"
43926,"11408 Angelina Dr","Louisville","KY","40229"
43927,"802 Dorsey Ln","Louisville","KY","40223"
43928,"543 Forum Ave","Louisville","KY","40214"
43929,"3502 Colonial Springs Rd","Louisville","KY","40245"
43930,"306 Cornwallis Ct","Louisville","KY","40214"
43931,"13600 Brooksong Ct","Louisville","KY","40245"
43932,"212 Daleview Ln","Louisville","KY","40207"
43933,"3333 W Kentucky St","Louisville","KY","40211"
43934,"8307 Pine Grove Ct","Louisville","KY","40214"
43935,"5804 Hudson Lake Dr","Louisville","KY","40291"
43936,"1308 S 43rd St","Louisville","KY","40211"
43937,"2715 Wendell Ave","Louisville","KY","40205"
43938,"9319 Galene Dr","Louisville","KY","40299"
43939,"3522 Lentz Ave","Louisville","KY","40215"
43940,"5205 Fawnwood Ln","Louisville","KY","40291"
43941,"4924 Wellsworth Ave","Louisville","KY","40216"
43942,"1801 Spring Dr","Apt M","Louisville",
43943,"2418 Cedar St","Louisville","KY","40212"
43944,"437 N 22nd St","Louisville","KY","40212"
43945,"9913 Mary Dell Ln","Louisville","KY","40291"
43946,"8919 Fox Chase Pl","Louisville","KY","40228"
43947,"8804 Fox Chase Pl","Louisville","KY","40228"
43948,"903 S 40th St","Louisville","KY","40211"
43949,"1632 Hale Ave","Louisville","KY","40210"
43950,"1918 S Preston St","Louisville","KY","40217"
43951,"4605 Flushing Way","Louisville","KY","40272"
43952,"1410 Lynnhurst Ave","Louisville","KY","40215"
43953,"7808 Trillium Dr","Louisville","KY","40258"
43954,"10212 Moonlight Way","Louisville","KY","40272"
43955,"5939 Midnight Ln","Louisville","KY","40229"
43956,"3122 Faywood Way","Louisville","KY","40215"
43957,"4302 Billtown Rd","Louisville","KY","40299"
43958,"9509 Erin Way","Louisville","KY","40223"
43959,"2609 Garland Ave","Louisville","KY","40211"
43960,"9216 Fern Creek Rd","Louisville","KY","40291"
43961,"1312 Huntoon Ave","Louisville","KY","40215"
43962,"3811 Rock Bay Dr","Louisville","KY","40245"
43963,"7109 Lorenzo Ln","Louisville","KY","40228"
43964,"4635 Hillside Dr","Louisville","KY","40216"
43965,"132 Toliver Ct","Louisville","KY","40229"
43966,"112 S 39th St","Louisville","KY","40212"
43967,"2103 Edgeland Ave","Louisville","KY","40204"
43968,"723 S 36th St","Louisville","KY","40211"
43969,"5200 Tomahawk Rd","Louisville","KY","40207"
43970,"340 Franck Ave","Louisville","KY","40206"
43971,"214 Allison Ct","Louisville","KY","40229"
43972,"35 Stonebridge Rd","Louisville","KY","40207"
43973,"8709 Brittany Dr","Louisville","KY","40220"
43974,"7602 Lancelot Ct","Louisville","KY","40222"
43975,"9821 Holiday Dr","Louisville","KY","40272"
43976,"3819 Greenwich Way","Louisville","KY","40218"
43977,"253 Kenoak Dr","Louisville","KY","40214"
43978,"6900 Glendale Rd","Louisville","KY","40291"
43979,"405 Mccready Ave","Louisville","KY","40206"
43980,"5200 Charmane Dr","Louisville","KY","40219"
43981,"3005 Lambach Ct","Louisville","KY","40220"
43982,"2015 Dubourg Ave","Louisville","KY","40216"
43983,"308 Angeletta Way","Louisville","KY","40214"
43984,"2314 High Pine Dr","Louisville","KY","40214"
43985,"2429 Newburg Rd","Louisville","KY","40205"
43986,"108 N Chadwick Rd","Louisville","KY","40223"
43987,"5730 Morrison Ave","Louisville","KY","40214"
43988,"8609 Ferndale Rd","Louisville","KY","40291"
43989,"9430 Minute Men Ct","Louisville","KY","40214"
43990,"14715 Oxford Hill Ct","Louisville","KY","40245"
43991,"13505 Broken Branch Way","Louisville","KY","40245"
43992,"3721 Marvin Ave","Louisville","KY","40218"
43993,"2001 Newmarket Dr","Louisville","KY","40222"
43994,"2514 Wilson Ave","Louisville","KY","40210"
43995,"2637 Landor Ave","Unit 3E","Louisville",
43996,"2809 Jomarie Ct","Louisville","KY","40220"
43997,"5201 Saint Gabriel Ct","Louisville","KY","40291"
43998,"10819 Bardstown Woods Blvd","Louisville","KY","40291"
43999,"6104 Mount Everest Dr","Louisville","KY","40216"
44000,"606 Woodlake Dr","Louisville","KY","40245"
44001,"2340 Page Ave","Louisville","KY","40205"
44002,"4019 Richland Ave","Louisville","KY","40207"
44003,"1222 S 15th St","Louisville","KY","40210"
44004,"6308 Fegenbush Ln","Louisville","KY","40228"
44005,"1718 Pikeview Ct","Louisville","KY","40215"
44006,"5601 Coach Gate Wynde","Apt 27","Louisville",
44007,"1802 Brentmoor Ln","Louisville","KY","40223"
44008,"209 Ash Run Rd","Louisville","KY","40245"
44009,"5211 Plume Dr","Louisville","KY","40258"
44010,"10933 Old Harrods Woods Cir","Louisville","KY","40223"
44011,"2826 W Madison St","Louisville","KY","40211"
44012,"6703 Santom Ln","Louisville","KY","40291"
44013,"4105 Gingerwood Dr","Louisville","KY","40220"
44014,"2311 Ecton Ln","Louisville","KY","40216"
44015,"9822 Scrim Ave","Louisville","KY","40272"
44016,"5403 Bungalow Dr","Louisville","KY","40258"
44017,"5507 Walnut Way","Louisville","KY","40229"
44018,"6703 Grandfield Rd","Louisville","KY","40258"
44019,"1013 Springside Way","Louisville","KY","40223"
44020,"1933 Meadowcreek Dr","Louisville","KY","40218"
44021,"310 Donard Park Ave","Louisville","KY","40218"
44022,"1589 Parsons Pl","Apt 5","Louisville",
44023,"4118 Pacelli Pl","Louisville","KY","40245"
44024,"13104 Meadowlawn Dr","Louisville","KY","40272"
44025,"2517 Franklin Ave","Louisville","KY","40216"
44026,"1803 Stevens Ave","Louisville","KY","40205"
44027,"4121 Leo Ln","Louisville","KY","40299"
44028,"4726 Oak Pointe Dr","Louisville","KY","40245"
44029,"2922 Field Ave","Louisville","KY","40206"
44030,"2808 Finn Ave","Louisville","KY","40208"
44031,"105 Spring Garden Dr","Louisville","KY","40218"
44032,"1401 Schuff Ln","Louisville","KY","40205"
44033,"8411 Ambrosse Ln","Unit 310","Louisville",
44034,"401 Revolutionary Rd","Louisville","KY","40214"
44035,"713 S 42nd St","Louisville","KY","40211"
44036,"1140 Louis Coleman Jr Dr","Louisville","KY","40211"
44037,"1142 Louis Coleman Jr Dr","Louisville","KY","40211"
44038,"1222 Manitau Ave","Louisville","KY","40215"
44039,"1825 Magazine St","Louisville","KY","40203"
44040,"3210 Vale Wood Ct","Louisville","KY","40220"
44041,"3150 Talisman Rd","Louisville","KY","40220"
44042,"2419 Ridgeview Ave","Louisville","KY","40220"
44043,"11501 Saratoga Ridge Dr","Louisville","KY","40299"
44044,"8005 Waterfern Way","Louisville","KY","40291"
44045,"6712 Fenske Ln","Louisville","KY","40258"
44046,"6707 Miller Park Dr","Louisville","KY","40258"
44047,"5600 Littleridge Dr","Louisville","KY","40229"
44048,"11012 Eagles Cove Dr","Louisville","KY","40241"
44049,"3206 Mildred Dr","Louisville","KY","40216"
44050,"4508 Epinay Ct","Louisville","KY","40272"
44051,"9227 Springbrooke Cir","Louisville","KY","40241"
44052,"3715 Parker Ave","Louisville","KY","40212"
44053,"8306 Croydon Cir","Louisville","KY","40222"
44054,"3805 Oakleaf Ln","Louisville","KY","40219"
44055,"3305 Colonial Manor Cir","Unit 1B","Louisville",
44056,"950 Clarks Ln","Louisville","KY","40217"
44057,"307 Sage Rd","Louisville","KY","40207"
44058,"4005 Keal Run Way","Louisville","KY","40241"
44059,"9903 Tulip Poplar Ct","Louisville","KY","40291"
44060,"700 Talon Pl","Louisville","KY","40223"
44061,"3214 Allison Way","Louisville","KY","40220"
44062,"1840 Lauderdale Rd","Louisville","KY","40205"
44063,"7708 Vaughn Mill Rd","Louisville","KY","40228"
44064,"2626 Algonquin Pkwy","Louisville","KY","40210"
44065,"1606 Edgeland Ave","Louisville","KY","40204"
44066,"516 Denmark St","Louisville","KY","40215"
44067,"2305 Old Hickory Rd","Louisville","KY","40299"
44068,"10802 Bell Rock Ct","Louisville","KY","40243"
44069,"10017 Spruce Grove Dr","Louisville","KY","40299"
44070,"2314 Magazine St","Louisville","KY","40211"
44071,"4327 Brownsboro Glen Rd","Louisville","KY","40241"
44072,"1956 Meadowcreek Dr","Louisville","KY","40218"
44073,"7401 Nottoway Cir","Louisville","KY","40214"
44074,"500 Grand Vista Pl","Louisville","KY","40243"
44075,"4826 Wooded Oak Cir","Louisville","KY","40245"
44076,"4314 Lakelet Way","Louisville","KY","40299"
44077,"229 Granvil Dr","Louisville","KY","40218"
44078,"4221 Stilger Cir","Louisville","KY","40299"
44079,"3407 Warner Ave","Louisville","KY","40207"
44080,"5518 Redondo Cir","Louisville","KY","40218"
44081,"929 Texas Ave","Louisville","KY","40217"
44082,"3515 Lees Ln","Louisville","KY","40216"
44083,"4117 Saint Joseph Ave","Louisville","KY","40216"
44084,"1728 W Hill St","Louisville","KY","40210"
44085,"10801 Marcitis Rd","Louisville","KY","40272"
44086,"4121 Sunflower Ave","Louisville","KY","40216"
44087,"709 Indian Ridge Rd","Louisville","KY","40207"
44088,"7508 Greenlawn Rd","Louisville","KY","40242"
44089,"2304 Lytle St","Louisville","KY","40212"
44090,"2700 Wyandotte Ave","Louisville","KY","40210"
44091,"1932 W Main St","Louisville","KY","40203"
44092,"3221 New Lynnview Dr","Louisville","KY","40216"
44093,"1627 Lytle St","Louisville","KY","40203"
44094,"2400 Hawthorne Ave","Louisville","KY","40205"
44095,"3020 Linwood Ave","Louisville","KY","40210"
44096,"2382 Valley Vista Rd","Louisville","KY","40205"
44097,"6303 Krause Ave","Louisville","KY","40216"
44098,"2647 Gardiner Ln","Louisville","KY","40205"
44099,"2102 Westridge Rd","Louisville","KY","40242"
44100,"2316 Strotman Rd","Louisville","KY","40216"
44101,"549 Beecher St","Louisville","KY","40215"
44102,"132 Dorsey Station Rd","Louisville","KY","40223"
44103,"5407 Hubbards Ct","Louisville","KY","40207"
44104,"10103 Squire Neagli Ct","Louisville","KY","40229"
44105,"5518 Bruns Dr","Louisville","KY","40216"
44106,"2707 Gleeson Ln","Louisville","KY","40299"
44107,"2800 Saddle Horn Dr","Louisville","KY","40220"
44108,"9810 Melissa Dr","Louisville","KY","40223"
44109,"6501 Brightstone Pl","Louisville","KY","40228"
44110,"5913 Grandel Blvd","Louisville","KY","40258"
44111,"5124 Fay Ave","Louisville","KY","40214"
44112,"1813 Pershing Ave","Louisville","KY","40242"
44113,"2614 Top Hill Rd","Louisville","KY","40206"
44114,"2401 Marguerite Dr","Louisville","KY","40216"
44115,"8628 Wooded Glen Rd","Louisville","KY","40220"
44116,"3411 Hardwood Forest Dr","Louisville","KY","40214"
44117,"308 Tyne Rd","Louisville","KY","40207"
44118,"952 Schiller Ave","Louisville","KY","40204"
44119,"1424 Beech St","Louisville","KY","40211"
44120,"1512 Audubon Pkwy","Louisville","KY","40213"
44121,"144 E Wellington Ave","Louisville","KY","40214"
44122,"4403 Culpepper Cir","Louisville","KY","40241"
44123,"1000 Broadfields Dr","Louisville","KY","40207"
44124,"1221 Lillian Ave","Louisville","KY","40208"
44125,"3237 Cross Bill Rd","Louisville","KY","40213"
44126,"4215 Grand Ave","Louisville","KY","40211"
44127,"940 W Evelyn Ave","Louisville","KY","40215"
44128,"4918 Tubman Ct","Louisville","KY","40218"
44129,"10110 Black Iron Rd","Louisville","KY","40291"
44130,"1234 Castlewood Dell","Louisville","KY","40204"
44131,"8209 Edsel Ln","Louisville","KY","40291"
44132,"12202 Holly Ln","Louisville","KY","40223"
44133,"6502 Brightstone Pl","Louisville","KY","40228"
44134,"2254 Liverpool Ln","Louisville","KY","40218"
44135,"5212 Twinkle Dr","Louisville","KY","40258"
44136,"107 Fontaine Landing Ct","Louisville","KY","40212"
44137,"251 Southwestern Pkwy","Louisville","KY","40212"
44138,"5601 Elmer Ln","Louisville","KY","40214"
44139,"9004 Wilson Ave","Louisville","KY","40242"
44140,"211 Mccready Ave","Louisville","KY","40206"
44141,"2327 Manchester Rd","Louisville","KY","40205"
44142,"10002 Evening Star Dr","Louisville","KY","40272"
44143,"10017 Lancewood Rd","Louisville","KY","40229"
44144,"4209 Bryant Park Dr","Louisville","KY","40299"
44145,"8603 Denise Dr","Louisville","KY","40219"
44146,"2709 Benoch Ave","Louisville","KY","40216"
44147,"222 Carey Ave","Louisville","KY","40218"
44148,"5917 Bocagrande Dr","Louisville","KY","40219"
44149,"2803 Colin Ave","Louisville","KY","40217"
44150,"310 Ethridge Ave","Unit 102","Louisville",
44151,"10423 Black Iron Rd","Louisville","KY","40291"
44152,"907 S Jackson St","Louisville","KY","40203"
44153,"627 E Caldwell St","Louisville","KY","40203"
44154,"2215 Paris Dr","Louisville","KY","40218"
44155,"8715 Moody Rd","Louisville","KY","40219"
44156,"10004 Lochwick Way","Louisville","KY","40272"
44157,"1776 Algonquin Pkwy","Louisville","KY","40210"
44158,"1386 Gardiner Ln","Louisville","KY","40213"
44159,"10504 Colonel Hancock Dr","Louisville","KY","40291"
44160,"4604 Middleburg Ct","Louisville","KY","40241"
44161,"3312 Greenwood Ave","Louisville","KY","40211"
44162,"1519 S 28th St","Louisville","KY","40211"
44163,"6002 Hackney Coach Dr","Louisville","KY","40207"
44164,"2415 Crittenden Dr","Louisville","KY","40217"
44165,"2419 Crittenden Dr","Louisville","KY","40217"
44166,"931 Woodland Heights Dr","Louisville","KY","40245"
44167,"4641 Settle Blvd","Louisville","KY","40219"
44168,"4535 Southern Pkwy","Louisville","KY","40214"
44169,"8203 Lacevine Rd","Louisville","KY","40220"
44170,"1401 Anna Ln","Louisville","KY","40216"
44171,"10606 Edgewater Rd","Louisville","KY","40223"
44172,"1461 Cypress St","Louisville","KY","40210"
44173,"10007 Brighton Springs Ct","Louisville","KY","40291"
44174,"8506 Coco Ct","Louisville","KY","40219"
44175,"926 Woodland Heights Dr","Louisville","KY","40245"
44176,"106 Ottawa Ave","Louisville","KY","40214"
44177,"6005 Larkgrove Dr","Louisville","KY","40229"
44178,"11104 Benson Ln","Louisville","KY","40272"
44179,"719 Talon Pl","Louisville","KY","40223"
44180,"4116 Bank St","Louisville","KY","40212"
44181,"9919 Lancewood Rd","Louisville","KY","40229"
44182,"4009 Wooded Way","Louisville","KY","40219"
44183,"2207 Stephan Ln","Louisville","KY","40214"
44184,"1603 Eagle Nest Way","Louisville","KY","40222"
44185,"14014 Hickory Ridge Rd","Louisville","KY","40245"
44186,"507 Bedfordshire Rd","Louisville","KY","40222"
44187,"1838 Burwell Ave","Louisville","KY","40210"
44188,"2000 Emerson Ave","Louisville","KY","40205"
44189,"5112 Christie Ave","Louisville","KY","40216"
44190,"4304 Flintlock Dr","Louisville","KY","40216"
44191,"7614 Market Cart Way","Louisville","KY","40291"
44192,"618 Virginia Ave","Louisville","KY","40222"
44193,"2003 Millgate Rd","Louisville","KY","40223"
44194,"5118 Oaklawn Park Dr","Louisville","KY","40299"
44195,"1117 Colonel Anderson Pkwy","Louisville","KY","40222"
44196,"7815 Cliffs Edge Ct","Louisville","KY","40241"
44197,"1812 W Burnett Ave","Louisville","KY","40210"
44198,"2512 Montpelier Ct","Louisville","KY","40272"
44199,"356 Kenwood Hill Rd","Louisville","KY","40214"
44200,"3103 Gambriel Ct","Louisville","KY","40205"
44201,"2417 Paddock Ln","Louisville","KY","40216"
44202,"6905 Graymoor Rd","Louisville","KY","40222"
44203,"8105 Arnoldtown Rd","Louisville","KY","40214"
44204,"9806 Ashurst Ct","Louisville","KY","40241"
44205,"3614 Herman St","Louisville","KY","40212"
44206,"8506 Atrium Dr","Apt 1010","Louisville",
44207,"5312 Barnes Dr","Louisville","KY","40219"
44208,"635 Emily Rd","Louisville","KY","40206"
44209,"640 S 2nd St","Apt 4","Louisville",
44210,"512 Village Lake Dr","Louisville","KY","40245"
44211,"3417 W Jefferson St","Louisville","KY","40212"
44212,"247 Stonehenge Dr","Apt 102","Louisville",
44213,"4812 Swallow Rd","Louisville","KY","40213"
44214,"9616 Lyric Ln","Louisville","KY","40299"
44215,"13503 Horncastle Way","Louisville","KY","40272"
44216,"10901 Bardstown Woods Ct","Louisville","KY","40291"
44217,"8702 Thompson Ln","Louisville","KY","40258"
44218,"7403 Jonathan Way","Louisville","KY","40228"
44219,"8701 Twin Ridge Ct","Louisville","KY","40242"
44220,"939 S 16th St","Louisville","KY","40210"
44221,"1113 Tennessee Ave","Louisville","KY","40208"
44222,"10707 Hite Creek Rd","Louisville","KY","40241"
44223,"4424 Chenwood Ln","Louisville","KY","40299"
44224,"6807 Samuel Long Way","Louisville","KY","40229"
44225,"351 Beechland Rd","Louisville","KY","40229"
44226,"3833 Massie Ave","Louisville","KY","40207"
44227,"4800 Oak Pointe Dr","Louisville","KY","40245"
44228,"1319 Earl Ave","Louisville","KY","40215"
44229,"10804 Beatrice Way","Louisville","KY","40272"
44230,"725 S 35th St","Louisville","KY","40211"
44231,"205 Wickfield Dr","Louisville","KY","40245"
44232,"3323 Teakwood Cir","Louisville","KY","40216"
44233,"2402 Rousseau Ct","Louisville","KY","40220"
44234,"1007 E Caldwell St","Louisville","KY","40204"
44235,"6608 Norway Dr","Louisville","KY","40214"
44236,"895 Parkway Dr","Louisville","KY","40217"
44237,"4403 Holly Tree Dr","Louisville","KY","40241"
44238,"7517 Newton Dr","Louisville","KY","40228"
44239,"1003 Rosemary Dr","Louisville","KY","40213"
44240,"4903 Glenna Way","Louisville","KY","40219"
44241,"11106 Eagles Cove Dr","Louisville","KY","40241"
44242,"181 Robin Rd","Louisville","KY","40229"
44243,"3917 Napanee Rd","Louisville","KY","40207"
44244,"4103 Hillview Ave","Louisville","KY","40216"
44245,"112 Cambridge Station Rd","Louisville","KY","40223"
44246,"9419 Fairground Rd","Louisville","KY","40291"
44247,"5012 Unseld Blvd","Louisville","KY","40218"
44248,"12012 Old Henry Rd","Louisville","KY","40223"
44249,"11508 Andalee Dr","Louisville","KY","40272"
44250,"1602 Dundee Way","Louisville","KY","40205"
44251,"518 Willow Stone Way","Louisville","KY","40223"
44252,"1317 Cherokee Rd","Louisville","KY","40204"
44253,"1710 Pikeview Ct","Louisville","KY","40215"
44254,"3404 Mardale Dr","Louisville","KY","40299"
44255,"8410 Newstead Ave","Louisville","KY","40219"
44256,"1703 Eagle Creek Pl","Louisville","KY","40222"
44257,"4005 Wilmoth Ave","Louisville","KY","40216"
44258,"400 Crestwood Ln","Louisville","KY","40229"
44259,"4634 Riverview Ave","Louisville","KY","40211"
44260,"1826 Mary Catherine Dr","Louisville","KY","40216"
44261,"2726 Lamont Rd","Louisville","KY","40205"
44262,"9504 Thor Ave","Louisville","KY","40229"
44263,"1838 Rutherford Ave","Louisville","KY","40205"
44264,"3319 Van Winkle Dr","Louisville","KY","40216"
44265,"11056 Easum Rd","Louisville","KY","40299"
44266,"13417 Hinchbrook Blvd","Louisville","KY","40272"
44267,"6617 Sky Blue Ave","Louisville","KY","40258"
44268,"11601 Chasewood Ct","Louisville","KY","40229"
44269,"1617 Star Rest Dr","Louisville","KY","40272"
44270,"6704 Capella Ln","Louisville","KY","40258"
44271,"8207 Adams Run Rd","Louisville","KY","40228"
44272,"2417 Wallace Ave","Louisville","KY","40205"
44273,"3529 Wheeler Ave","Louisville","KY","40215"
44274,"3023 Peale Ave","Louisville","KY","40205"
44275,"4230 Curtis Ave","Louisville","KY","40213"
44276,"433 Club Ln","Louisville","KY","40207"
44277,"10006 Seatonville Rd","Louisville","KY","40291"
44278,"3908 Village Green Dr","Louisville","KY","40299"
44279,"1103 Ash St","Louisville","KY","40217"
44280,"10415 Wemberley Hill Blvd","Louisville","KY","40241"
44281,"2110 Rockford Ln","Louisville","KY","40216"
44282,"7825 Texlyn Ct","Louisville","KY","40258"
44283,"9180 Old Bardstown Rd","Louisville","KY","40291"
44284,"11804 Robindale Ct","Louisville","KY","40243"
44285,"7207 Glen Arbor Rd","Louisville","KY","40222"
44286,"100 N 45th St","Louisville","KY","40212"
44287,"121 Stoll Ave","Louisville","KY","40206"
44288,"12008 Pleasant Lawn Ct","Louisville","KY","40299"
44289,"11215 Coventry Greens Dr","Louisville","KY","40241"
44290,"1411 Community Way","Louisville","KY","40222"
44291,"4204 Alton Rd","Louisville","KY","40207"
44292,"457 E Blue Jay Rd","Louisville","KY","40229"
44293,"473 N Skyline Dr","Louisville","KY","40229"
44294,"8011 Rory Way","Louisville","KY","40219"
44295,"13603 Arbor Crest Cir","Louisville","KY","40245"
44296,"1412 Anna Ln","Louisville","KY","40216"
44297,"1721 Griffin Gate Rd","Louisville","KY","40205"
44298,"6612 Hollow Tree Rd","Louisville","KY","40228"
44299,"323 N 44th St","Louisville","KY","40212"
44300,"10919 Youngtown Dr","Louisville","KY","40272"
44301,"3320 Bardstown Rd","Apt 66","Louisville",
44302,"164 N Galt Ave","Louisville","KY","40206"
44303,"4408 White Pine Way","Louisville","KY","40241"
44304,"518 Valley College Dr","Louisville","KY","40272"
44305,"4118 Quiet Way","Louisville","KY","40219"
44306,"2813 Woods Club Rd","Louisville","KY","40241"
44307,"9213 Fenmore Ave","Louisville","KY","40272"
44308,"7504 Hallmark Dr","Louisville","KY","40258"
44309,"7509 Lanfair Dr","Louisville","KY","40241"
44310,"3417 Hardwood Forest Dr","Louisville","KY","40214"
44311,"5103 E Manslick Rd","Louisville","KY","40219"
44312,"3140 S Crums Ln","Louisville","KY","40216"
44313,"4524 Westchester Ave","Louisville","KY","40211"
44314,"38 Eastover Ct","Louisville","KY","40206"
44315,"2033 Lytle St","Louisville","KY","40203"
44316,"6115 Terry Rd","Louisville","KY","40258"
44317,"1810 Bainbridge Row Dr","Louisville","KY","40207"
44318,"12401 Alfred Berry Ct","Louisville","KY","40223"
44319,"12500 Hiawatha Ave","Louisville","KY","40223"
44320,"506 Flat Rock Rd","Louisville","KY","40245"
44321,"5916 Bocagrande Dr","Louisville","KY","40219"
44322,"12611 Willow Glen Rd","Louisville","KY","40299"
44323,"2008 Emerson Ave","Louisville","KY","40205"
44324,"3215 Turnover Ct","Louisville","KY","40216"
44325,"3434 Larkwood Ave","Louisville","KY","40212"
44326,"122 Elk River Dr","Louisville","KY","40214"
44327,"5716 New Cut Rd","Louisville","KY","40214"
44328,"12305 Saint Clair Dr","Louisville","KY","40243"
44329,"8918 Old South Park Rd","Louisville","KY","40219"
44330,"1712 S Preston St","Louisville","KY","40217"
44331,"5513 Pavilion Way","Louisville","KY","40291"
44332,"1722 Roosevelt Ave","Louisville","KY","40242"
44333,"4112 Pacelli Pl","Louisville","KY","40245"
44334,"8403 Happiness Way","Louisville","KY","40291"
44335,"6504 Huff Ln","Louisville","KY","40216"
44336,"6003 Action Ave","Louisville","KY","40218"
44337,"1009 Cristland Rd","Louisville","KY","40214"
44338,"3635 Stanton Blvd","Louisville","KY","40220"
44339,"2329 Payne St","Louisville","KY","40206"
44340,"10104 Coralwood Dr","Louisville","KY","40229"
44341,"3806 Buglewood Pl","Louisville","KY","40245"
44342,"7304 Keisler Way","Louisville","KY","40222"
44343,"8714 Wyndridge Creek Way","Louisville","KY","40242"
44344,"504 Village Lake Dr","Louisville","KY","40245"
44345,"1805 Cypress St","Louisville","KY","40210"
44346,"10819 Golden Maple Pl","Louisville","KY","40223"
44347,"2207 Cherian Dr","Louisville","KY","40299"
44348,"3005 Jarvis Woods Ct","Louisville","KY","40206"
44349,"7113 Manslick Rd","Louisville","KY","40214"
44350,"7205 Durst Dr","Louisville","KY","40258"
44351,"8311 Running Spring Dr","Louisville","KY","40241"
44352,"8604 Codington Ct","Louisville","KY","40299"
44353,"2396 Sydney Ave","Louisville","KY","40205"
44354,"4601 W Jefferson St","Louisville","KY","40212"
44355,"2505 Cottonwood Dr","Louisville","KY","40242"
44356,"4512 Garland Ave","Louisville","KY","40211"
44357,"3203 Wilkie Rd","Louisville","KY","40216"
44358,"8107 Kerry Rd","Louisville","KY","40258"
44359,"7610 Nottoway Cir","Louisville","KY","40214"
44360,"1140 Audubon Pkwy","Louisville","KY","40213"
44361,"627 N 19th St","Louisville","KY","40203"
44362,"9002 Duxbury Rd","Louisville","KY","40242"
44363,"14016 Broadripple Pl","Louisville","KY","40299"
44364,"4511 Exeter Ave","Louisville","KY","40218"
44365,"7809 Circle Crest Rd","Louisville","KY","40241"
44366,"3502 Lodge Ln","Apt 235","Louisville",
44367,"3230 Radiance Rd","Louisville","KY","40220"
44368,"2212 Perth Ct","Louisville","KY","40216"
44369,"3519 Autumn Way","Louisville","KY","40218"
44370,"4729 Van Hoose Rd","Louisville","KY","40216"
44371,"1301 Rosewell Ave","Louisville","KY","40211"
44372,"10408 Pinoak View Dr","Louisville","KY","40299"
44373,"942 Palatka Rd","Louisville","KY","40214"
44374,"264 Granvil Dr","Louisville","KY","40218"
44375,"291 Oxford Ln","Louisville","KY","40229"
44376,"6302 Linstead Rd","Louisville","KY","40228"
44377,"614 S 40th St","Louisville","KY","40211"
44378,"146 Nelida Way","Louisville","KY","40229"
44379,"1206 Girard Dr","Louisville","KY","40222"
44380,"5371 Rodgers Rd","Louisville","KY","40258"
44381,"2207 Franklin Ave","Louisville","KY","40216"
44382,"6701 Miller Park Dr","Louisville","KY","40258"
44383,"2516 Tarkington Way","Louisville","KY","40258"
44384,"9900 Sunkist Way","Louisville","KY","40272"
44385,"3139 Indian Lake Dr","Louisville","KY","40241"
44386,"2009 High Ridge Rd","Louisville","KY","40207"
44387,"3926 S 1st St","Louisville","KY","40214"
44388,"5217 Plume Dr","Louisville","KY","40258"
44389,"1705 Eagle Creek Pl","Louisville","KY","40222"
44390,"1801 Bardsley Cir","Louisville","KY","40222"
44391,"14014 Broadripple Pl","Louisville","KY","40299"
44392,"2921 Curran Rd","Louisville","KY","40205"
44393,"6808 Wind Ridge Ct","Louisville","KY","40241"
44394,"12006 Pleasant Lawn Ct","Louisville","KY","40299"
44395,"2126 Woodbourne Ave","Louisville","KY","40205"
44396,"713 Highwood Dr","Louisville","KY","40206"
44397,"10204 Brownhurst Ct","Louisville","KY","40241"
44398,"3206 Layside Ct","Louisville","KY","40220"
44399,"163 Crestwood Rd","Louisville","KY","40229"
44400,"9811 Gandy Rd","Louisville","KY","40272"
44401,"3219 Villanova Dr","Louisville","KY","40220"
44402,"2027 Lowell Ave","Louisville","KY","40205"
44403,"501 Village Lake Dr","Louisville","KY","40245"
44404,"4203 Final Dr","Louisville","KY","40219"
44405,"1702 Star Rest Dr","Louisville","KY","40272"
44406,"3621 Craig Ave","Louisville","KY","40215"
44407,"6804 Tropic Ct","Louisville","KY","40219"
44408,"4111 Narcissus Dr","Louisville","KY","40219"
44409,"4230 Stilger Cir","Louisville","KY","40299"
44410,"7701 Westwood Farms Ct","Louisville","KY","40220"
44411,"3206 Poplar View Dr","Louisville","KY","40216"
44412,"3205 Murray Hill Pike","Louisville","KY","40241"
44413,"922 S 44th St","Louisville","KY","40211"
44414,"11309 Cottage View Ct","Louisville","KY","40299"
44415,"10819 Milwaukee Way","Louisville","KY","40272"
44416,"313 Buckingham Ter","Louisville","KY","40222"
44417,"6802 Paul Alan Way","Louisville","KY","40291"
44418,"4019 Wimpole Rd","Louisville","KY","40218"
44419,"6103 Upper Hunters Trce","Louisville","KY","40216"
44420,"8102 Nancy Ln","Louisville","KY","40258"
44421,"3009 Iris Way","Louisville","KY","40220"
44422,"2600 Swing Dr","Louisville","KY","40299"
44423,"7217 Wood Briar Rd","Louisville","KY","40241"
44424,"9901 Lower River Rd","Louisville","KY","40272"
44425,"107 N 42nd St","Louisville","KY","40212"
44426,"3431 River Park Dr","Louisville","KY","40211"
44427,"4502 Cornice Ct","Louisville","KY","40299"
44428,"9642 Combs Ln","Louisville","KY","40258"
44429,"5811 Toebbe Ln","Louisville","KY","40229"
44430,"2909 Alford Ave","Louisville","KY","40212"
44431,"4928 Kilgore Ct","Louisville","KY","40218"
44432,"9509 Moorfield Cir","Louisville","KY","40241"
44433,"131 N 37th St","Louisville","KY","40212"
44434,"515 Beecher St","Louisville","KY","40215"
44435,"401 Eastbridge Ct","Louisville","KY","40223"
44436,"4714 Fox Den Ct","Louisville","KY","40241"
44437,"2210 Weber Ave","Louisville","KY","40205"
44438,"4231 Flintlock Dr","Louisville","KY","40216"
44439,"5305 Red Leaf Rd","Louisville","KY","40218"
44440,"5205 Regent Way","Louisville","KY","40218"
44441,"3907 Cutler Rd","Louisville","KY","40219"
44442,"3027 Meadowview Cir","Louisville","KY","40220"
44443,"2728 Virginia Ave","Louisville","KY","40211"
44444,"9811 Lakewood Dr","Louisville","KY","40272"
44445,"1044 W Indian Trl","Louisville","KY","40213"
44446,"3773 Parthenia Ave","Louisville","KY","40215"
44447,"223 N 23rd St","Louisville","KY","40212"
44448,"193 Marian Dr","Louisville","KY","40218"
44449,"1126 Algonquin Pkwy","Louisville","KY","40208"
44450,"2822 Taylor Blvd","Louisville","KY","40208"
44451,"2733 Shippen Ave","Louisville","KY","40206"
44452,"1327 Cypress St","Louisville","KY","40211"
44453,"1443 Hemlock St","Louisville","KY","40211"
44454,"4512 Stone Wynde Dr","Louisville","KY","40272"
44455,"10012 Merioneth Dr","Louisville","KY","40299"
44456,"718 Burton Ave","Louisville","KY","40208"
44457,"4308 Fluhr Dr","Louisville","KY","40216"
44458,"1919 Deerwood Ave","Louisville","KY","40205"
44459,"3122 Pomeroy Dr","Louisville","KY","40220"
44460,"3103 Maywood Pl","Louisville","KY","40220"
44461,"3030 Likens Ave","Louisville","KY","40211"
44462,"3503 Johnston Way","Louisville","KY","40220"
44463,"8210 Fenwick Farm Pl","Louisville","KY","40220"
44464,"14708 Oxford Hill Ct","Louisville","KY","40245"
44465,"9108 Felsmere Cir","Louisville","KY","40241"
44466,"3338 Algonquin Pkwy","Louisville","KY","40211"
44467,"3512 Woodruff Ave","Louisville","KY","40215"
44468,"4005 Pixley Way","Louisville","KY","40219"
44469,"5016 Wabash Pl","Louisville","KY","40214"
44470,"11914 Old Shelbyville Rd","Louisville","KY","40243"
44471,"417 Wisteria Ave","Louisville","KY","40222"
44472,"6622 Gabriel Dr","Louisville","KY","40258"
44473,"5144 Doyle Dr","Louisville","KY","40216"
44474,"5416 Revere Dr","Louisville","KY","40218"
44475,"3132 Radiance Rd","Louisville","KY","40220"
44476,"4803 Fairway Pointe Ct","Louisville","KY","40241"
44477,"223 Hemingway Rd","Louisville","KY","40207"
44478,"4612 Tween Rd","Louisville","KY","40207"
44479,"2402 Rockford Ln","Louisville","KY","40216"
44480,"8021 Grandmeadow Ln","Louisville","KY","40258"
44481,"3530 Grand Ave","Louisville","KY","40211"
44482,"4906 Famous Way","Louisville","KY","40219"
44483,"322 Gheens Ave","Louisville","KY","40214"
44484,"10111 Ledbury Way","Louisville","KY","40223"
44485,"8900 Thomas Grove Rd","Louisville","KY","40291"
44486,"3605 Lisa Ln","Louisville","KY","40299"
44487,"2308 Oregon Ave","Louisville","KY","40210"
44488,"4004 Wimpole Rd","Louisville","KY","40218"
44489,"10615 Sunderland Rd","Louisville","KY","40243"
44490,"12014 Old Henry Rd","Louisville","KY","40223"
44491,"3500 Basswood Ln","Louisville","KY","40207"
44492,"1411 Larchmont Ave","Louisville","KY","40215"
44493,"1212 S Preston St","Louisville","KY","40203"
44494,"4004 Hurstbourne Woods Dr","Louisville","KY","40299"
44495,"318 Sage Rd","Louisville","KY","40207"
44496,"1302 Cecil Ave","Louisville","KY","40211"
44497,"4510 Cordova Rd","Louisville","KY","40207"
44498,"6720 Musket Dr","Louisville","KY","40228"
44499,"4108 Sanford Ave","Louisville","KY","40218"
44500,"3442 Park Row Dr","Louisville","KY","40216"
44501,"2100 Janlyn Rd","Louisville","KY","40299"
44502,"9507 Seatonville Rd","Louisville","KY","40291"
44503,"3310 Dumesnil St","Louisville","KY","40211"
44504,"6805 Barbrook Rd","Louisville","KY","40258"
44505,"5514 Bruce Ave","Louisville","KY","40214"
44506,"5516 Bruce Ave","Louisville","KY","40214"
44507,"4505 Borney Cir","Louisville","KY","40299"
44508,"1708 Cheak Ct","Louisville","KY","40213"
44509,"10204 Watterson Trl","Louisville","KY","40299"
44510,"14009 Hickory Ridge Rd","Louisville","KY","40245"
44511,"136 Cambridge Dr","Louisville","KY","40214"
44512,"3019 Windsor Lakes Pkwy","Louisville","KY","40214"
44513,"8710 Best Ct","Louisville","KY","40242"
44514,"1805 Rosedale Ave","Louisville","KY","40205"
44515,"7708 Zenith Way","Louisville","KY","40219"
44516,"7904 Ridge Park Ct","Louisville","KY","40258"
44517,"7101 Meadow Ridge Dr","Louisville","KY","40218"
44518,"9916 Spring Ridge Dr","Louisville","KY","40223"
44519,"4006 Cedarway Ct","Louisville","KY","40229"
44520,"4103 Glen Valley Rd","Louisville","KY","40219"
44521,"311 Old Towne Rd","Louisville","KY","40214"
44522,"4508 Saratoga Woods Dr","Louisville","KY","40299"
44523,"4044 Addison Ln","Louisville","KY","40216"
44524,"2511 W Chestnut St","Louisville","KY","40211"
44525,"2822 Kennersley Dr","Louisville","KY","40242"
44526,"6302 Venango Dr","Louisville","KY","40258"
44527,"411 Roberts Ave","Louisville","KY","40214"
44528,"624 S 39th St","Louisville","KY","40211"
44529,"2123 Greenwood Ave","Louisville","KY","40210"
44530,"4728 Graston Ave","Louisville","KY","40216"
44531,"3011 Whiteway Ave","Louisville","KY","40205"
44532,"5314 Twinkle Dr","Louisville","KY","40258"
44533,"9114 Felsmere Cir","Louisville","KY","40241"
44534,"8008 Red Cedar Way","Louisville","KY","40219"
44535,"146 N Galt Ave","Louisville","KY","40206"
44536,"615 Emery Rd","Louisville","KY","40206"
44537,"4011 Shady Villa Dr","Louisville","KY","40219"
44538,"3915 Brookfield Ave","Louisville","KY","40207"
44539,"3703 Alcona Ln","Louisville","KY","40220"
44540,"10605 Edgewater Rd","Louisville","KY","40223"
44541,"4109 Franklin Ave","Louisville","KY","40213"
44542,"6802 Dartmoor Dr","Louisville","KY","40222"
44543,"4305 S 3rd St","Louisville","KY","40214"
44544,"2318 Thornhill Rd","Louisville","KY","40222"
44545,"2560 Dell Rd","Louisville","KY","40205"
44546,"3718 Saint Francis Ave","Louisville","KY","40218"
44547,"1421 Hawkshead Ln","Louisville","KY","40220"
44548,"3402 Indian Lake Dr","Louisville","KY","40241"
44549,"3531 Hycliffe Ave","Louisville","KY","40207"
44550,"7016 Nathan Hale Way","Louisville","KY","40272"
44551,"9317 Pagoda Dr","Louisville","KY","40229"
44552,"224 S Hite Ave","Louisville","KY","40206"
44553,"2616 Whittier Ave","Louisville","KY","40205"
44554,"814 Washburn Ave","Apt 20","Louisville",
44555,"5003 Long Knife Run","Louisville","KY","40207"
44556,"6208 Eureka Ave","Louisville","KY","40216"
44557,"2206 Wynnewood Cir","Louisville","KY","40222"
44558,"1734 Chichester Ave","Louisville","KY","40205"
44559,"106 W Collins Ct","Louisville","KY","40214"
44560,"2710 Algonquin Pkwy","Louisville","KY","40210"
44561,"2104 Mccloskey Ave","Louisville","KY","40210"
44562,"3612 Brookhollow Dr","Louisville","KY","40220"
44563,"7218 Harborton Way","Louisville","KY","40228"
44564,"2006 Grasmere Dr","Louisville","KY","40205"
44565,"1603 Ormsby Ln","Louisville","KY","40222"
44566,"1315 Villa Park Dr","Louisville","KY","40219"
44567,"1880 Ivanhoe Ct","Louisville","KY","40205"
44568,"869 Molter Ave","Louisville","KY","40217"
44569,"11401 Saratoga Ridge Dr","Louisville","KY","40299"
44570,"9802 Stonehenge Way","Louisville","KY","40241"
44571,"3620 Nichols Meadow Cir","Louisville","KY","40215"
44572,"1166 S 41st St","Louisville","KY","40211"
44573,"3500 Indocin Ct","Louisville","KY","40220"
44574,"3025 Bradford Grove Ln","Louisville","KY","40220"
44575,"4212 Southern Pkwy","Louisville","KY","40214"
44576,"556 Lilly Ave","Louisville","KY","40217"
44577,"3100 Tremont Dr","Louisville","KY","40205"
44578,"7000 Moorewick Way","Louisville","KY","40272"
44579,"231 Norbourne Blvd","Louisville","KY","40207"
44580,"4711 Sunny Meadow Ct","Louisville","KY","40241"
44581,"3606 Norbourne Blvd","Louisville","KY","40207"
44582,"711 Wicklow Rd","Louisville","KY","40207"
44583,"7708 Brownwood Dr","Louisville","KY","40218"
44584,"9308 Walhampton Dr","Louisville","KY","40242"
44585,"1804 Grand Ridge Rd","Louisville","KY","40214"
44586,"5760 New Cut Rd","Louisville","KY","40214"
44587,"7713 Texlyn Ct","Louisville","KY","40258"
44588,"1402 Sylvan Way","Louisville","KY","40205"
44589,"10109 Bayport Rd","Louisville","KY","40299"
44590,"4713 Wolfcreek Pkwy","Louisville","KY","40241"
44591,"10700 Eagle Ridge Pl","Louisville","KY","40223"
44592,"2809 Coleen Ct","Louisville","KY","40206"
44593,"329 Monohan Dr","Louisville","KY","40207"
44594,"3200 Longford Ln","Louisville","KY","40242"
44595,"9 Dupont Way","Apt 1","Louisville",
44596,"11200 Thunder Dr","Louisville","KY","40272"
44597,"3402 Olive Rd","Louisville","KY","40219"
44598,"2307 Allegheny Dr","Louisville","KY","40299"
44599,"4504 S 1st St","Louisville","KY","40214"
44600,"7908 Vaughn Mill Rd","Louisville","KY","40228"
44601,"5522 Westhall Ave","Louisville","KY","40214"
44602,"3405 Twin Oak Ln","Louisville","KY","40219"
44603,"3711 River Park Dr","Louisville","KY","40211"
44604,"3610 Nichols Meadow Cir","Louisville","KY","40215"
44605,"617 Edith Rd","Louisville","KY","40206"
44606,"3510 Huon Dr","Louisville","KY","40218"
44607,"3609 Nichols Meadow Cir","Louisville","KY","40215"
44608,"1112 S Brook St","Louisville","KY","40203"
44609,"719 Foxgate Rd","Louisville","KY","40223"
44610,"1758 Wilart Dr","Louisville","KY","40210"
44611,"9103 Pine Lake Dr","Louisville","KY","40220"
44612,"6606 Gabriel Dr","Louisville","KY","40258"
44613,"26 Eastover Ct","Louisville","KY","40206"
44614,"1275 Parkway Gardens Ct","Apt 209","Louisville",
44615,"4710 Crawford Ave","Louisville","KY","40258"
44616,"4102 Pixley Way","Louisville","KY","40219"
44617,"2615 Cedar St","Louisville","KY","40212"
44618,"4511 Blenheim Rd","Louisville","KY","40207"
44619,"6610 Musket Dr","Louisville","KY","40228"
44620,"4812 Southern Pkwy","Louisville","KY","40214"
44621,"6806 Lindsey Wade Ct","Louisville","KY","40229"
44622,"4506 Epinay Ct","Louisville","KY","40272"
44623,"7618 Beech Spring Ct","Louisville","KY","40241"
44624,"2713 Antone Pkwy","Louisville","KY","40220"
44625,"3102 Frankfort Ave","Louisville","KY","40206"
44626,"3800 Benje Way","Louisville","KY","40241"
44627,"404 Louis Coleman Jr Dr","Louisville","KY","40212"
44628,"6003 Orville Dr","Louisville","KY","40213"
44629,"10407 Deering Rd","Louisville","KY","40272"
44630,"1602 Eagle Nest Way","Louisville","KY","40222"
44631,"2105 W Gaulbert Ave","Louisville","KY","40210"
44632,"3702 Montclair Ave","Louisville","KY","40218"
44633,"2044 Douglass Blvd","Louisville","KY","40205"
44634,"3200 Pine Forest Ct","Louisville","KY","40272"
44635,"1125 Southwestern Pkwy","Louisville","KY","40211"
44636,"2703 Colonel Dr","Louisville","KY","40242"
44637,"2827 Northwestern Pkwy","Louisville","KY","40212"
44638,"2209 Woodford Pl","Louisville","KY","40205"
44639,"643 N 24th St","Louisville","KY","40212"
44640,"7319 Maria Ave","Louisville","KY","40222"
44641,"1211 Valley Dr","Louisville","KY","40213"
44642,"1518 Northwind Rd","Louisville","KY","40207"
44643,"2403 Woodmont Dr","Louisville","KY","40220"
44644,"3736 Chatham Rd","Louisville","KY","40218"
44645,"1801 Eagle Creek Pl","Louisville","KY","40222"
44646,"7906 Poinsettia Dr","Louisville","KY","40258"
44647,"505 Cornell Pl","Louisville","KY","40207"
44648,"4103 Pomeroy Ct","Louisville","KY","40218"
44649,"3715 Hughes Rd","Louisville","KY","40207"
44650,"3823 Chatham Rd","Louisville","KY","40218"
44651,"1391 S 3rd St","Louisville","KY","40208"
44652,"3024 Cleveland Blvd","Louisville","KY","40206"
44653,"3803 Oboe Dr","Louisville","KY","40216"
44654,"105 Tristan Rd","Louisville","KY","40222"
44655,"85 Wampum Rd","Louisville","KY","40207"
44656,"9307 Omar Khayyam Blvd","Louisville","KY","40272"
44657,"3701 Gaston Ct","Louisville","KY","40241"
44658,"2801 Alice Ave","Louisville","KY","40220"
44659,"3503 Fernheather Dr","Louisville","KY","40216"
44660,"2508 Catawba Ln","Louisville","KY","40217"
44661,"4407 Exley Ct","Louisville","KY","40211"
44662,"1131 W Ashland Ave","Louisville","KY","40215"
44663,"10509 Saint Roche Dr","Louisville","KY","40299"
44664,"4416 Chenwood Ln","Louisville","KY","40299"
44665,"12015 Hudson View Ct","Louisville","KY","40299"
44666,"6413 Orchid Hill Pl","Louisville","KY","40207"
44667,"3529 Fleetwood Dr","Louisville","KY","40218"
44668,"3621 Brownsboro Rd","Apt 504E","Louisville",
44669,"2616 Algonquin Pkwy","Louisville","KY","40210"
44670,"4051 Ormond Rd","Louisville","KY","40207"
44671,"1815 Gardiner Ln","Apt J74","Louisville",
44672,"5606 Axbridge Rd","Louisville","KY","40216"
44673,"2208 Amboy Dr","Louisville","KY","40216"
44674,"4704 Carolina Springs Ct","Louisville","KY","40299"
44675,"8005 Gayeway Dr","Louisville","KY","40219"
44676,"11113 Booker Rd","Louisville","KY","40223"
44677,"846 S 22nd St","Louisville","KY","40211"
44678,"516 Grand Vista Pl","Louisville","KY","40243"
44679,"8801 Grand Ridge Ct","Louisville","KY","40214"
44680,"1828 Northwestern Pkwy","Louisville","KY","40203"
44681,"2102 Glenview Ave","Louisville","KY","40222"
44682,"420 W Breckinridge St","Apt C1","Louisville",
44683,"1713 March Blvd","Louisville","KY","40215"
44684,"5108 Frey Dr","Louisville","KY","40219"
44685,"818 Washburn Ave","Apt 5","Louisville",
44686,"501 Leicester Cir","Louisville","KY","40222"
44687,"3710 Cypress Springs Pl","Louisville","KY","40245"
44688,"4536 Shenandoah Dr","Louisville","KY","40241"
44689,"7619 Old Salem Rd","Louisville","KY","40242"
44690,"6012 Innes Trace Rd","Louisville","KY","40222"
44691,"1309 Old Mill Rd","Louisville","KY","40242"
44692,"1241 Vim Dr","Louisville","KY","40213"
44693,"2924 Slevin St","Louisville","KY","40212"
44694,"6423 Glendale Rd","Louisville","KY","40291"
44695,"9909 Windfall Trce","Louisville","KY","40223"
44696,"6522 Norbert Ct","Louisville","KY","40258"
44697,"139 Stevenson Ave","Louisville","KY","40206"
44698,"7200 Blazier Ct","Louisville","KY","40228"
44699,"9820 Longwood Cir","Louisville","KY","40223"
44700,"6318 Hanses Dr","Louisville","KY","40219"
44701,"2404 Hayward Rd","Louisville","KY","40242"
44702,"1030 Eastern Pkwy","Louisville","KY","40217"
44703,"516 Creel Ave","Louisville","KY","40208"
44704,"4912 Poitier Ct","Louisville","KY","40218"
44705,"11113 Stalwert Pl","Louisville","KY","40272"
44706,"3524 Sample Way","Louisville","KY","40245"
44707,"6612 Lunar Dr","Louisville","KY","40258"
44708,"14606 Forest Oaks Dr","Louisville","KY","40245"
44709,"1059 Dixon Ave","Louisville","KY","40217"
44710,"1021 Dixon Ave","Louisville","KY","40217"
44711,"1827 Washington Blvd","Louisville","KY","40242"
44712,"109 S 46th St","Louisville","KY","40212"
44713,"812 Exmoor Ave","Louisville","KY","40223"
44714,"3114 Rockaway Dr","Louisville","KY","40216"
44715,"3819 Rock Bay Dr","Louisville","KY","40245"
44716,"1110 Gagel Ave","Louisville","KY","40216"
44717,"511 Pennyroyal Way","Louisville","KY","40223"
44718,"6810 Windhurst Rd","Louisville","KY","40207"
44719,"10408 Eastview Ave","Louisville","KY","40299"
44720,"2590 Greenup Rd","Louisville","KY","40217"
44721,"3909 Parker Ave","Louisville","KY","40212"
44722,"2406 Elkhorn Ln","Louisville","KY","40216"
44723,"217 Marshall Dr","Louisville","KY","40207"
44724,"105 Claremont Ave","Louisville","KY","40206"
44725,"108 Blackburn Ave","Louisville","KY","40206"
44726,"574 Overdale Dr","Louisville","KY","40229"
44727,"1110 Windsong Way","Louisville","KY","40207"
44728,"8910 Kaprun Ct","Louisville","KY","40220"
44729,"4314 Seagrape Rd","Louisville","KY","40299"
44730,"2615 Montrose Ave","Louisville","KY","40205"
44731,"7600 Newton Ct","Louisville","KY","40228"
44732,"1116 Holly Springs Dr","Louisville","KY","40242"
44733,"1549 Indiana Ave","Louisville","KY","40213"
44734,"10207 Rancho Dr","Louisville","KY","40272"
44735,"2532 Ashbrook Ave","Louisville","KY","40220"
44736,"3112 Brownhurst Cove Rd","Louisville","KY","40241"
44737,"10405 Timberwood Cir","Louisville","KY","40223"
44738,"8401 Archwood Ct","Louisville","KY","40219"
44739,"4106 Leo Ln","Louisville","KY","40299"
44740,"6308 Wood Rd","Louisville","KY","40258"
44741,"5106 Braidwood Dr","Louisville","KY","40219"
44742,"3022 Kaye Lawn Dr","Louisville","KY","40220"
44743,"7304 Windemere Dr","Louisville","KY","40214"
44744,"9212 Vevey Rd","Louisville","KY","40291"
44745,"1128 Tennessee Ave","Louisville","KY","40208"
44746,"5225 Plume Dr","Louisville","KY","40258"
44747,"8908 Blossom Ln","Louisville","KY","40242"
44748,"4621 S 2nd St","Louisville","KY","40214"
44749,"1920 Maplewood Pl","Louisville","KY","40205"
44750,"308 N Bonner Ave","Louisville","KY","40207"
44751,"6819 Spourtland Dr","Louisville","KY","40228"
44752,"331 S Sherrin Ave","Louisville","KY","40207"
44753,"1112 Glenlake Way","Louisville","KY","40245"
44754,"125 Wildwood Ln","Louisville","KY","40223"
44755,"735 Burton Ave","Louisville","KY","40208"
44756,"4521 Sanders Ln","Louisville","KY","40216"
44757,"9210 Watterson Trl","Louisville","KY","40299"
44758,"11716 Halifax Dr","Louisville","KY","40245"
44759,"3302 Mcclain Ct","Louisville","KY","40299"
44760,"1232 Bourbon Ave","Louisville","KY","40213"
44761,"3428 Wizard Ave","Louisville","KY","40215"
44762,"101 W Amherst Ave","Louisville","KY","40214"
44763,"1015 Mayer Ave","Louisville","KY","40217"
44764,"4702 Oak Bend Dr","Louisville","KY","40241"
44765,"3114 Freys Hill Rd","Louisville","KY","40241"
44766,"3321 Sumner Rd","Louisville","KY","40218"
44767,"1407 Christy Ave","Louisville","KY","40204"
44768,"1958 Douglass Blvd","Louisville","KY","40205"
44769,"7815 Kenhurst Dr","Louisville","KY","40258"
44770,"1713 Deerwood Ave","Louisville","KY","40205"
44771,"3804 Oboe Dr","Louisville","KY","40216"
44772,"5810 Spicewood Ln","Louisville","KY","40219"
44773,"4000 Midland Ave","Louisville","KY","40220"
44774,"1537 Anna Ln","Louisville","KY","40216"
44775,"1107 Marquis Trce","Louisville","KY","40223"
44776,"8318 Regency Woods Way","Louisville","KY","40220"
44777,"3017 Wickland Rd","Louisville","KY","40205"
44778,"2607 Ralph Ave","Louisville","KY","40216"
44779,"2308 Dixdale Ave","Louisville","KY","40210"
44780,"10728 Eagle Ridge Pl","Louisville","KY","40223"
44781,"4618 Andalusia Ln","Louisville","KY","40272"
44782,"3010 Wilkie Rd","Louisville","KY","40216"
44783,"6800 Lake Elkhorn Ct","Louisville","KY","40291"
44784,"4013 Riveroaks Cir","Louisville","KY","40241"
44785,"7704 Lesane Dr","Louisville","KY","40214"
44786,"12301 Springmeadow Dr","Louisville","KY","40229"
44787,"5320 Glyndon Way","Louisville","KY","40272"
44788,"6700 Whippany Ct","Louisville","KY","40258"
44789,"433 S 19th St","Louisville","KY","40203"
44790,"2309 Fust Ave","Louisville","KY","40216"
44791,"3231 Kirby Ave","Louisville","KY","40211"
44792,"8104 Nancy Ln","Louisville","KY","40258"
44793,"1956 Goldsmith Ln","Apt 2","Louisville",
44794,"5606 Lagoona Dr","Louisville","KY","40219"
44795,"1334 Forest Dr","Louisville","KY","40219"
44796,"13508 Squire Springs Ct","Louisville","KY","40245"
44797,"9300 Seaton Springs Pkwy","Louisville","KY","40222"
44798,"28 Cardwell Way","Louisville","KY","40220"
44799,"4807 Lunenburg Dr","Louisville","KY","40245"
44800,"7109 Lucille Ave","Louisville","KY","40258"
44801,"14111 Willow Grove Ct","Louisville","KY","40245"
44802,"9419 Bernadine Dr","Louisville","KY","40229"
44803,"5408 Durhamtree Pl","Louisville","KY","40229"
44804,"4516 Virginia Ave","Louisville","KY","40211"
44805,"148 Mohawk Ave","Louisville","KY","40214"
44806,"3229 Kirby Ave","Louisville","KY","40211"
44807,"1760 Frankfort Ave","Louisville","KY","40206"
44808,"2505 Ballad Blvd","Louisville","KY","40299"
44809,"9610 Westport Rd","Apt 1","Louisville",
44810,"5323 Devers Ave","Louisville","KY","40214"
44811,"4409 Peregrine Pl","Louisville","KY","40241"
44812,"9110 Kenlock Dr","Louisville","KY","40242"
44813,"1035 Whetstone Way","Louisville","KY","40223"
44814,"4907 De Priest Ct","Louisville","KY","40218"
44815,"3129 Taylor Blvd","Louisville","KY","40215"
44816,"8712 Cottingham Way","Louisville","KY","40258"
44817,"1936 Deerwood Ave","Louisville","KY","40205"
44818,"10702 Deshane Pl","Louisville","KY","40272"
44819,"1011 E Kentucky St","Louisville","KY","40204"
44820,"1713 Meadowgate Ln","Louisville","KY","40223"
44821,"1334 Eastern Pkwy","Louisville","KY","40204"
44822,"6202 Regal Springs Dr","Louisville","KY","40205"
44823,"3001 Sunnyside Dr","Louisville","KY","40206"
44824,"643 Madelon Ct","Louisville","KY","40211"
44825,"2204 Elmhurst Ave","Louisville","KY","40216"
44826,"4017 Dellafay Dr","Louisville","KY","40219"
44827,"4214 Stilger Cir","Louisville","KY","40299"
44828,"1256 Bassett Ave","Louisville","KY","40204"
44829,"12602 Westport Ridge Way","Louisville","KY","40245"
44830,"3917 Nanz Ave","Louisville","KY","40207"
44831,"402 Kilmory Ave","Louisville","KY","40214"
44832,"5614 Carolyn Way","Louisville","KY","40219"
44833,"10405 Saint Rene Rd","Louisville","KY","40299"
44834,"2220 Weber Ave","Louisville","KY","40205"
44835,"9304 Felsmere Cir","Louisville","KY","40241"
44836,"7510 Kendrick Crossing Ln","Louisville","KY","40291"
44837,"5930 Midnight Ln","Louisville","KY","40229"
44838,"4554 S 3rd St","Louisville","KY","40214"
44839,"2032 Alta Ave","Louisville","KY","40205"
44840,"4223 Stilger Cir","Louisville","KY","40299"
44841,"12115 Dixon Park Blvd","Louisville","KY","40299"
44842,"909 Camden Ave","Louisville","KY","40215"
44843,"824 Huntington Rd","Louisville","KY","40207"
44844,"4904 Clovernook Rd","Louisville","KY","40207"
44845,"804 S 40th St","Louisville","KY","40211"
44846,"1154 Euclid Ave","Louisville","KY","40208"
44847,"10707 Rock Moss Ct","Louisville","KY","40291"
44848,"624 Wataga Dr","Louisville","KY","40206"
44849,"6416 Kenjoy Dr","Louisville","KY","40214"
44850,"700 Palatka Rd","Louisville","KY","40214"
44851,"1812 Grand Ridge Rd","Louisville","KY","40214"
44852,"8200 Michael Ray Dr","Louisville","KY","40219"
44853,"1302 Weyler Ave","Louisville","KY","40215"
44854,"640 Country Club Rd","Louisville","KY","40206"
44855,"3201 Trail Ridge Rd","Louisville","KY","40241"
44856,"9611 Moorfield Cir","Louisville","KY","40241"
44857,"3740 Avon Ct","Louisville","KY","40220"
44858,"5500 Knobview Ln","Louisville","KY","40219"
44859,"2002 Lowell Ave","Louisville","KY","40205"
44860,"8313 Michael Ray Dr","Louisville","KY","40219"
44861,"4101 Plymouth Rd","Louisville","KY","40207"
44862,"1837 W Gaulbert Ave","Louisville","KY","40210"
44863,"3012 Linwood Ave","Louisville","KY","40210"
44864,"4107 Hurstbourne Woods Dr","Louisville","KY","40299"
44865,"10005 Mary Dell Ln","Louisville","KY","40291"
44866,"6808 Homestead Dr","Louisville","KY","40214"
44867,"8606 Chipstone Ct","Louisville","KY","40299"
44868,"705 Winding Oaks Trl","Louisville","KY","40223"
44869,"511 Running Creek Pl","Louisville","KY","40243"
44870,"4603 Ash Ave","Louisville","KY","40258"
44871,"2803 Norton Ct","Louisville","KY","40213"
44872,"418 E Oak St","Louisville","KY","40203"
44873,"4102 Roy Dr","Louisville","KY","40220"
44874,"2117 Dumesnil St","Louisville","KY","40210"
44875,"2317 Saint Louis Ave","Louisville","KY","40210"
44876,"2226 Richland Ave","Louisville","KY","40218"
44877,"334 Crator Dr","Louisville","KY","40229"
44878,"1468 Saint James Ct","Louisville","KY","40208"
44879,"2 Muirfield Pl","Louisville","KY","40222"
44880,"2165 Eastview Ave","Louisville","KY","40205"
44881,"4017 Shady Villa Dr","Louisville","KY","40219"
44882,"12419 Berrytown Rd","Louisville","KY","40223"
44883,"4810 Clipping Ct","Louisville","KY","40241"
44884,"8704 Villanova Ct","Louisville","KY","40220"
44885,"1314 Central Ave","Louisville","KY","40208"
44886,"5924 Grandel Blvd","Louisville","KY","40258"
44887,"2808 Rio Rita Ave","Louisville","KY","40220"
44888,"10928 Fairway Pointe Dr","Louisville","KY","40241"
44889,"112 Fenley Ave","Louisville","KY","40206"
44890,"3617 Sudbury Ln","Louisville","KY","40220"
44891,"430 Marquette Dr","Louisville","KY","40222"
44892,"4507 Hazelwood Ave","Louisville","KY","40214"
44893,"11205 Fairmount Rd","Louisville","KY","40291"
44894,"1410 Lancaster Essex Ct","Louisville","KY","40242"
44895,"192 Crescent Ave","Louisville","KY","40206"
44896,"7705 Burr Ln","Louisville","KY","40214"
44897,"13507 Broken Branch Way","Louisville","KY","40245"
44898,"3609 Powell Ave","Louisville","KY","40215"
44899,"532 W Whitney Ave","Louisville","KY","40215"
44900,"728 Zorn Ave","Apt 6","Louisville",
44901,"3732 Glen Oak Dr","Louisville","KY","40218"
44902,"5114 Yaupon Ln","Louisville","KY","40213"
44903,"12405 Saint Clair Dr","Louisville","KY","40243"
44904,"3606 Indocin Ct","Louisville","KY","40220"
44905,"9904 Timberwood Cir","Louisville","KY","40223"
44906,"2417 Merriwood Dr","Louisville","KY","40299"
44907,"2703 Lamont Rd","Louisville","KY","40205"
44908,"2433 Lamborne Blvd","Louisville","KY","40272"
44909,"1354 Olive St","Louisville","KY","40211"
44910,"3311 Kirby Ave","Louisville","KY","40211"
44911,"6210 Green Manor Dr","Louisville","KY","40228"
44912,"3501 Illinois Ave","Apt A10","Louisville",
44913,"8318 Terry Rd","Louisville","KY","40258"
44914,"6411 Oak Valley Dr","Louisville","KY","40214"
44915,"10007 Northridge Ct","Louisville","KY","40272"
44916,"3206 Hikes Ln","Apt 2","Louisville",
44917,"3206 Hikes Ln","Apt 1","Louisville",
44918,"3206 Hikes Ln","Apt 3","Louisville",
44919,"3206 Hikes Ln","Apt 4","Louisville",
44920,"3508 Locust Ave","Louisville","KY","40299"
44921,"2709 Montana Ave","Louisville","KY","40208"
44922,"9001 Seaforth Way","Louisville","KY","40258"
44923,"2035 Lynn Lea Rd","Louisville","KY","40216"
44924,"14304 Lake Forest Dr","Louisville","KY","40245"
44925,"6808 Glendale Rd","Louisville","KY","40291"
44926,"10005 Lancewood Rd","Louisville","KY","40229"
44927,"74 College Ct","Louisville","KY","40203"
44928,"10916 Hollyview Ct","Louisville","KY","40299"
44929,"3914 Pinoak View Ct","Louisville","KY","40299"
44930,"221 Hillcrest Ave","Louisville","KY","40206"
44931,"9610 Shoshone Way","Louisville","KY","40258"
44932,"405 W Southside Ct","Louisville","KY","40214"
44933,"13504 Rock Bay Ct","Louisville","KY","40245"
44934,"2415 Hawthorne Ave","Louisville","KY","40205"
44935,"4814 S 6th St","Louisville","KY","40214"
44936,"711 N 36th St","Louisville","KY","40212"
44937,"9802 Nordic Dr","Louisville","KY","40272"
44938,"209 Dorshire Ct","Louisville","KY","40245"
44939,"11504 Saratoga Hill Ct","Louisville","KY","40299"
44940,"3023 Wayside Dr","Louisville","KY","40216"
44941,"8321 Regency Woods Way","Louisville","KY","40220"
44942,"7068 Wildwood Cir","Apt 152","Louisville",
44943,"740 Zorn Ave","Apt 3J","Louisville",
44944,"2314 Payne St","Louisville","KY","40206"
44945,"8824 Mountain Brook Dr","Louisville","KY","40272"
44946,"812 High School Dr","Louisville","KY","40219"
44947,"8815 William Penn Way","Louisville","KY","40228"
44948,"1924 Goldsmith Ln","Unit 27","Louisville",
44949,"3014 Huberta Dr","Louisville","KY","40216"
44950,"1215 Rufer Ave","Louisville","KY","40204"
44951,"7909 Bluebonnet Rd","Louisville","KY","40258"
44952,"3414 Peleske Dr","Louisville","KY","40216"
44953,"5411 Sunset Dr","Louisville","KY","40219"
44954,"10504 Edgewater Rd","Louisville","KY","40223"
44955,"4023 S 5th St","Louisville","KY","40214"
44956,"9905 Normie Ln","Louisville","KY","40229"
44957,"11713 Fountain Hall Ct","Louisville","KY","40299"
44958,"8602 Charing Cross Rd","Louisville","KY","40222"
44959,"8710 Hi View Ln","Louisville","KY","40272"
44960,"7814 Barbour Manor Dr","Louisville","KY","40241"
44961,"4806 Grecian Ct","Louisville","KY","40272"
44962,"3766 Rosemont Blvd","Louisville","KY","40218"
44963,"6303 Two Springs Ln","Louisville","KY","40207"
44964,"12400 Hedgeapple Way","Louisville","KY","40272"
44965,"10008 Seatonville Rd","Louisville","KY","40291"
44966,"4305 Shasta Trl","Louisville","KY","40213"
44967,"181 N Ewing Ave","Louisville","KY","40206"
44968,"3524 Terrier Ln","Louisville","KY","40218"
44969,"3005 Harrison Ave","Louisville","KY","40217"
44970,"8701 Raintree Dr","Louisville","KY","40220"
44971,"2135 East Ln","Louisville","KY","40216"
44972,"4117 Hillview Ave","Louisville","KY","40216"
44973,"630 Rubel Ave","Louisville","KY","40204"
44974,"8003 Linda Rd","Louisville","KY","40219"
44975,"9804 Gandy Rd","Louisville","KY","40272"
44976,"1817 Bainbridge Row Dr","Louisville","KY","40207"
44977,"2015 Keeneland Blvd","Louisville","KY","40223"
44978,"4740 Bellevue Ave","Louisville","KY","40215"
44979,"8206 Sprint Ct","Louisville","KY","40291"
44980,"306 Harpers Ferry Rd","Louisville","KY","40214"
44981,"2608 Neblett Ave","Louisville","KY","40216"
44982,"2339 Farnsley Rd","Louisville","KY","40216"
44983,"2419 Marguerite Dr","Louisville","KY","40216"
44984,"9912 Winged Foot Dr","Louisville","KY","40223"
44985,"1722 Clayton Rd","Louisville","KY","40205"
44986,"316 Pencross Pl","Louisville","KY","40223"
44987,"10514 Eagle Pines Ln","Louisville","KY","40223"
44988,"2503 Franklin Ave","Louisville","KY","40216"
44989,"9119 Pine Lake Dr","Louisville","KY","40220"
44990,"3631 River Park Dr","Louisville","KY","40211"
44991,"4200 Hill Top Rd","Louisville","KY","40207"
44992,"4905 Dee Rd","Louisville","KY","40219"
44993,"7905 Gainsborough Ct","Louisville","KY","40291"
44994,"5123 Oaklawn Park Dr","Louisville","KY","40299"
44995,"452 E Lee St","Louisville","KY","40217"
44996,"510 Pennyroyal Way","Louisville","KY","40223"
44997,"1720 Marlow Rd","Louisville","KY","40216"
44998,"6101 Athens Dr","Louisville","KY","40219"
44999,"9201 Walter Ave","Louisville","KY","40229"
45000,"4310 Accomack Dr","Louisville","KY","40241"
45001,"3811 Stone River Ct","Louisville","KY","40299"
45002,"8501 Roseborough Rd","Louisville","KY","40228"
45003,"4001 Brookfield Ave","Louisville","KY","40207"
45004,"904 E Chestnut St","Louisville","KY","40204"
45005,"1804 Wickham Way","Louisville","KY","40223"
45006,"719 Cannons Ln","Louisville","KY","40207"
45007,"916 S 41st St","Louisville","KY","40211"
45008,"4704 S 2nd St","Louisville","KY","40214"
45009,"3203 Pine Forest Ct","Louisville","KY","40272"
45010,"1502 Beech St","Louisville","KY","40211"
45011,"7406 Springvale Dr","Louisville","KY","40241"
45012,"8103 Springlake Dr","Louisville","KY","40241"
45013,"8705 Bristol Oaks Ct","Louisville","KY","40299"
45014,"2310 Oregon Ave","Louisville","KY","40210"
45015,"233 Bonnie Ln","Louisville","KY","40218"
45016,"5601 Pavilion Way","Louisville","KY","40291"
45017,"601 Auburn Oaks Dr","Louisville","KY","40214"
45018,"9204 Fenmore Ave","Louisville","KY","40272"
45019,"5513 La Vel Ln","Louisville","KY","40216"
45020,"5004 Abbydale Ct","Louisville","KY","40229"
45021,"10623 Hite Creek Rd","Louisville","KY","40241"
45022,"3503 Westwood Farms Dr","Louisville","KY","40220"
45023,"13200 Forge Cir","Louisville","KY","40272"
45024,"12101 Bay Run Dr","Louisville","KY","40245"
45025,"8428 Newstead Ave","Louisville","KY","40219"
45026,"6704 Zeus Ct","Louisville","KY","40258"
45027,"7419 Old North Church Rd","Louisville","KY","40214"
45028,"819 Foxwood Ave","Louisville","KY","40223"
45029,"5502 Barksdale Dr","Louisville","KY","40258"
45030,"4112 Dellridge Dr","Louisville","KY","40207"
45031,"2608 Marguerite Dr","Louisville","KY","40216"
45032,"1428 Thornberry Ave","Louisville","KY","40215"
45033,"7115 Field Ridge Ct","Louisville","KY","40291"
45034,"9212 Pensive Ln","Louisville","KY","40272"
45035,"5211 Witten Dr","Louisville","KY","40258"
45036,"106 Juneau Dr","Louisville","KY","40243"
45037,"8710 Wharton Ct","Louisville","KY","40291"
45038,"3 Canterbury Dr","Louisville","KY","40220"
45039,"517 N Watterson Trl","Louisville","KY","40243"
45040,"2403 Langdon Dr","Louisville","KY","40242"
45041,"9810 Longwood Cir","Louisville","KY","40223"
45042,"13503 Saddlecreek Dr","Louisville","KY","40245"
45043,"106 S 37th St","Louisville","KY","40212"
45044,"10542 Eagle Pines Ln","Louisville","KY","40223"
45045,"5918 Ashwood Bluff Dr","Louisville","KY","40207"
45046,"6121 Cooper Chapel Rd","Louisville","KY","40229"
45047,"10802 Golden Maple Pl","Louisville","KY","40223"
45048,"806 Pine Way","Louisville","KY","40223"
45049,"5016 Sunday Dr","Louisville","KY","40219"
45050,"6406 Regal Rd","Louisville","KY","40222"
45051,"650 N 23rd St","Louisville","KY","40212"
45052,"9008 Duxbury Rd","Louisville","KY","40242"
45053,"1882 Rutherford Ave","Louisville","KY","40205"
45054,"1419 S Floyd St","Louisville","KY","40208"
45055,"828 Fetter Ave","Louisville","KY","40217"
45056,"8623 Summertree Ln","Louisville","KY","40291"
45057,"1061 Dixon Ave","Louisville","KY","40217"
45058,"1705 Spruce Ln","Louisville","KY","40207"
45059,"2614 W Madison St","Louisville","KY","40211"
45060,"6962 Textile Ave","Louisville","KY","40258"
45061,"2004 Newmarket Dr","Louisville","KY","40222"
45062,"5730 Southern Pkwy","Louisville","KY","40214"
45063,"8714 Thompson Ln","Louisville","KY","40258"
45064,"9918 Wyncliff Ct","Louisville","KY","40241"
45065,"2112 Saint Louis Ave","Louisville","KY","40210"
45066,"1314 Villa Park Dr","Louisville","KY","40219"
45067,"2810 Brookdale Ave","Louisville","KY","40220"
45068,"3016 Fleming Ave","Louisville","KY","40206"
45069,"5334 Oak Lea Dr","Louisville","KY","40216"
45070,"8803 Beulah Church Rd","Louisville","KY","40291"
45071,"10101 Nanka Rd","Louisville","KY","40272"
45072,"4708 Crawford Ave","Louisville","KY","40258"
45073,"5404 W Pages Ln","Louisville","KY","40258"
45074,"3403 Westwood Farms Dr","Louisville","KY","40220"
45075,"255 Kenoak Dr","Louisville","KY","40214"
45076,"1110 Payne St","Louisville","KY","40204"
45077,"1109 Payne St","Louisville","KY","40204"
45078,"2708 Alps Rd","Louisville","KY","40216"
45079,"603 Grant Ave","Louisville","KY","40222"
45080,"810 Bowmore Pl","Louisville","KY","40243"
45081,"310 E Southside Ct","Louisville","KY","40214"
45082,"6617 Vandre Ave","Louisville","KY","40228"
45083,"8002 Stonemeadow Dr","Louisville","KY","40218"
45084,"4308 Lakelet Way","Louisville","KY","40299"
45085,"1404 Valley Dr","Louisville","KY","40213"
45086,"1536 Eskridge Ln","Louisville","KY","40216"
45087,"2174 Emerson Ave","Louisville","KY","40205"
45088,"5214 Twinkle Dr","Louisville","KY","40258"
45089,"7310 Vincent Way","Louisville","KY","40214"
45090,"7924 Candleglow Ln","Louisville","KY","40214"
45091,"3721 Carol Rd","Louisville","KY","40218"
45092,"7912 Poinsettia Dr","Louisville","KY","40258"
45093,"5814 Spicewood Ln","Louisville","KY","40219"
45094,"3915 Rock Bay Dr","Louisville","KY","40245"
45095,"11826 Olde Spring Rd","Louisville","KY","40245"
45096,"4024 Clyde Dr","Louisville","KY","40216"
45097,"1916 Hillcircle Rd","Louisville","KY","40214"
45098,"1719 S Wheatmore Dr","Louisville","KY","40215"
45099,"322 N Bonner Ave","Louisville","KY","40207"
45100,"1912 Rutherford Ave","Louisville","KY","40205"
45101,"713 Homestead Blvd","Louisville","KY","40207"
45102,"107 Sweetbriar Ln","Louisville","KY","40207"
45103,"7708 Marie Anna Dr","Louisville","KY","40258"
45104,"3029 Hikes Ln","Louisville","KY","40220"
45105,"3383 Dearcy Ave","Louisville","KY","40215"
45106,"1215 Bourbon Ave","Louisville","KY","40213"
45107,"1025 Dixon Ave","Louisville","KY","40217"
45108,"10927 Youngtown Dr","Louisville","KY","40272"
45109,"4523 Coffee Tree Ln","Louisville","KY","40299"
45110,"6816 Monty Ln","Louisville","KY","40291"
45111,"10818 Hobbs Station Rd","Louisville","KY","40223"
45112,"4516 Chenwood Ln","Louisville","KY","40299"
45113,"5404 Pawnee Trl","Louisville","KY","40207"
45114,"7509 Sherrard Dr","Louisville","KY","40258"
45115,"18401 Bridgemore Ln","Louisville","KY","40245"
45116,"742 Logan St","Louisville","KY","40204"
45117,"2219 Grinstead Dr","Louisville","KY","40204"
45118,"12605 Bay Arbor Pl","Louisville","KY","40245"
45119,"9001 Hi View Ln","Louisville","KY","40272"
45120,"1693 Harold Ave","Louisville","KY","40210"
45121,"927 Burton Ave","Louisville","KY","40208"
45122,"5407 Bold Venture Rd","Louisville","KY","40272"
45123,"3 Thyme Ct","Louisville","KY","40258"
45124,"8515 Claudia Dr","Louisville","KY","40219"
45125,"231 Claremont Ave","Louisville","KY","40206"
45126,"5404 Stephen Foster Ave","Louisville","KY","40213"
45127,"3133 Eagle Pass","Louisville","KY","40213"
45128,"10925 Hobbs Station Rd","Louisville","KY","40223"
45129,"10524 Eagle Pines Ln","Louisville","KY","40223"
45130,"238 Delmont Ave","Louisville","KY","40206"
45131,"1602 S 28th St","Louisville","KY","40211"
45132,"1814 Magazine St","Louisville","KY","40203"
45133,"6620 Gabriel Dr","Louisville","KY","40258"
45134,"606 Baxter Ave","Louisville","KY","40204"
45135,"16901 Hidden Pond Ct","Louisville","KY","40245"
45136,"230 Pennsylvania Ave","Louisville","KY","40206"
45137,"11703 Saratoga Ridge Dr","Louisville","KY","40299"
45138,"7910 Brynwood Ln","Louisville","KY","40291"
45139,"9820 Winged Foot Dr","Louisville","KY","40223"
45140,"3110 Tucker Station Rd","Louisville","KY","40299"
45141,"7705 Pine Ridge Rd","Louisville","KY","40241"
45142,"1113 Blackthorn Rd","Louisville","KY","40299"
45143,"2800 Ralph Ave","Louisville","KY","40216"
45144,"1107 S Brook St","Louisville","KY","40203"
45145,"1590 Raydale Dr","Louisville","KY","40219"
45146,"3202 La Vel Ln","Louisville","KY","40216"
45147,"4301 Vermont Ave","Louisville","KY","40211"
45148,"4012 North Ln","Louisville","KY","40216"
45149,"8608 Blue Lick Rd","Louisville","KY","40219"
45150,"5114 Graston Ct","Louisville","KY","40216"
45151,"4809 Valley Station Rd","Louisville","KY","40272"
45152,"1935 Gardiner Ln","Apt C36","Louisville",
45153,"915 Woodland Heights Dr","Louisville","KY","40245"
45154,"1374 Trinity Park Dr","Louisville","KY","40213"
45155,"3108 Plover Rd","Louisville","KY","40213"
45156,"8702 Shepherds Ct","Louisville","KY","40291"
45157,"4249 Roosevelt Ave","Louisville","KY","40213"
45158,"1411 Old Mill Rd","Louisville","KY","40242"
45159,"8001 Greenway Dr","Louisville","KY","40222"
45160,"2305 Hale Ave","Louisville","KY","40210"
45161,"2418 Franklin Ave","Louisville","KY","40216"
45162,"204 Waterleaf Way","Louisville","KY","40207"
45163,"1816 Cimmaron Trl","Louisville","KY","40223"
45164,"4011 Wooded Way","Louisville","KY","40219"
45165,"9322 Fern Bluff Ln","Louisville","KY","40229"
45166,"2108 Westridge Rd","Louisville","KY","40242"
45167,"3320 Garland Ave","Louisville","KY","40211"
45168,"732 Brookline Ave","Louisville","KY","40214"
45169,"4203 Martha Ave","Louisville","KY","40220"
45170,"6705 Connelly Ct","Louisville","KY","40258"
45171,"4902 Hillview Dr","Louisville","KY","40258"
45172,"9709 Cedar Lake Dr","Louisville","KY","40291"
45173,"1801 Spring Dr","Apt I","Louisville",
45174,"2308 Medford Ln","Louisville","KY","40218"
45175,"8401 Bayou Way","Louisville","KY","40242"
45176,"7815 Axtell Ave","Louisville","KY","40258"
45177,"1206 Fruitful Ct","Louisville","KY","40214"
45178,"239 Pennsylvania Ave","Louisville","KY","40206"
45179,"4002 Rivulet Ln","Louisville","KY","40299"
45180,"6302 Big Ben Dr","Louisville","KY","40291"
45181,"8801 Loch Lea Ln","Louisville","KY","40291"
45182,"5114 Joy Dr","Louisville","KY","40216"
45183,"3821 Darlene Dr","Louisville","KY","40216"
45184,"9102 Talitha Dr","Louisville","KY","40299"
45185,"1727 San Jose Ave","Louisville","KY","40216"
45186,"12006 Brookmoor Dr","Louisville","KY","40243"
45187,"12110 Dixon Park Blvd","Louisville","KY","40299"
45188,"8600 Tannen Dr","Louisville","KY","40242"
45189,"2325 Montgomery St","Louisville","KY","40212"
45190,"2711 Taylor Blvd","Louisville","KY","40208"
45191,"4426 Baygarden Ct","Louisville","KY","40245"
45192,"117 Lyndon Ln","Louisville","KY","40222"
45193,"2520 Meadow Dr","Louisville","KY","40218"
45194,"4516 Saratoga Woods Dr","Louisville","KY","40299"
45195,"4846 Brenda Dr","Louisville","KY","40219"
45196,"300 Monohan Dr","Louisville","KY","40207"
45197,"506 Wilderness Rd","Louisville","KY","40214"
45198,"2117 Palatka Rd","Louisville","KY","40214"
45199,"3604 Brad Ct","Louisville","KY","40220"
45200,"6302 Dewitt Dr","Louisville","KY","40258"
45201,"4603 Jolynn Dr","Louisville","KY","40299"
45202,"1431 Morton Ave","Louisville","KY","40204"
45203,"4903 Ulrich Rd","Louisville","KY","40299"
45204,"3400 Hanover Ct","Louisville","KY","40207"
45205,"3118 Goose Creek Rd","Louisville","KY","40241"
45206,"2422 Montgomery St","Louisville","KY","40212"
45207,"919 Camden Ave","Louisville","KY","40215"
45208,"8411 Acme Way","Louisville","KY","40219"
45209,"1607 Grove Ave","Louisville","KY","40213"
45210,"332 Kenwood Hill Rd","Louisville","KY","40214"
45211,"8904 Morning Park Dr","Louisville","KY","40220"
45212,"2722 W Main St","Louisville","KY","40212"
45213,"227 S 41st St","Louisville","KY","40212"
45214,"2908 Cromarty Way","Louisville","KY","40218"
45215,"3713 Trail Ridge Rd","Louisville","KY","40241"
45216,"188 Mills Dr","Louisville","KY","40216"
45217,"2924 Arlington Rd","Louisville","KY","40220"
45218,"13 Arrowhead Rd","Louisville","KY","40207"
45219,"3032 Hartlage Ct","Louisville","KY","40216"
45220,"1845 Shady Ln","Louisville","KY","40205"
45221,"311 Iola Rd","Louisville","KY","40207"
45222,"1385 Waxwing Pl","Louisville","KY","40223"
45223,"5901 Maryman Rd","Louisville","KY","40258"
45224,"223 Travois Rd","Louisville","KY","40207"
45225,"8502 Jenny Lind Dr","Louisville","KY","40219"
45226,"6200 Terry Rd","Louisville","KY","40258"
45227,"6605 Sky Blue Ave","Louisville","KY","40258"
45228,"2808 Cleveland Blvd","Louisville","KY","40206"
45229,"2015 Dixie Garden Dr","Louisville","KY","40272"
45230,"1704 Fraser Dr","Louisville","KY","40205"
45231,"4954 Winding Spring Cir","Louisville","KY","40245"
45232,"6307 Farmhill Ct","Louisville","KY","40291"
45233,"822 W Evelyn Ave","Louisville","KY","40215"
45234,"302 Short Rd","Louisville","KY","40207"
45235,"4411 Deepwood Dr","Louisville","KY","40241"
45236,"2909 Petty Jay Rd","Louisville","KY","40220"
45237,"3419 Deibel Way","Louisville","KY","40220"
45238,"4208 Hillbrook Dr","Louisville","KY","40220"
45239,"206 Highwood Dr","Louisville","KY","40206"
45240,"5310 Rural Way","Louisville","KY","40218"
45241,"303 Willow Stone Way","Louisville","KY","40223"
45242,"10702 Bayport Rd","Louisville","KY","40299"
45243,"523 Harris Pl","Louisville","KY","40222"
45244,"1105 Farman Ct","Louisville","KY","40219"
45245,"4213 Bryant Park Dr","Louisville","KY","40299"
45246,"4410 Signal Hill Rd","Louisville","KY","40207"
45247,"538 Primrose Way","Louisville","KY","40206"
45248,"7207 Billie Ln","Louisville","KY","40219"
45249,"5314 Billtown Rd","Louisville","KY","40299"
45250,"12411 Brothers Ave","Louisville","KY","40243"
45251,"10106 Horseshoe Trce","Louisville","KY","40223"
45252,"3214 Lemmah Dr","Louisville","KY","40216"
45253,"9506 Gutenberg Rd","Louisville","KY","40299"
45254,"5821 Bonfire Dr","Louisville","KY","40207"
45255,"4703 Wooded Oak Cir","Louisville","KY","40245"
45256,"3305 Quinton Dr","Louisville","KY","40216"
45257,"6716 Musket Dr","Louisville","KY","40228"
45258,"7007 Briscoe Ln","Louisville","KY","40228"
45259,"6915 Fernhaven Rd","Louisville","KY","40228"
45260,"8703 Valeridge Ct","Louisville","KY","40242"
45261,"902 Glenbrook Rd","Louisville","KY","40223"
45262,"6809 Holly Lake Dr","Louisville","KY","40291"
45263,"4813 Clipping Ct","Louisville","KY","40241"
45264,"3209 Villanova Dr","Louisville","KY","40220"
45265,"5903 Halma Dr","Louisville","KY","40272"
45266,"8506 Summer Haven Ct","Louisville","KY","40258"
45267,"6354 Limewood Cir","Louisville","KY","40222"
45268,"101 Southwestern Pkwy","Louisville","KY","40212"
45269,"6907 Shibley Ave","Louisville","KY","40291"
45270,"1210 Union Ave","Louisville","KY","40213"
45271,"7309 Edenderry Ln","Louisville","KY","40219"
45272,"233 Eldorado Ave","Louisville","KY","40218"
45273,"1237 Schiller Ave","Louisville","KY","40204"
45274,"122 N Longworth Ave","Louisville","KY","40212"
45275,"3427 Indian Lake Dr","Louisville","KY","40241"
45276,"6916 Samuel Long Way","Louisville","KY","40229"
45277,"1773 Dixdale Ave","Louisville","KY","40210"
45278,"3703 Modesto Rd","Louisville","KY","40299"
45279,"1400 Hawkshead Ln","Louisville","KY","40220"
45280,"3126 Roypom Dr","Louisville","KY","40220"
45281,"124 Mccready Ave","Louisville","KY","40206"
45282,"8805 Old Ironsides Dr","Louisville","KY","40228"
45283,"5205 Saint Gabriel Ct","Louisville","KY","40291"
45284,"3409 Rainview Cir","Louisville","KY","40220"
45285,"2704 Hounz Ln","Louisville","KY","40223"
45286,"12308 Brookgreen Dr","Louisville","KY","40243"
45287,"1420 Longfield Ave","Louisville","KY","40215"
45288,"6911 Samuel Long Way","Louisville","KY","40229"
45289,"4001 Fairfield Meadows Dr","Louisville","KY","40245"
45290,"801 S 39th St","Louisville","KY","40211"
45291,"3755 Glenmeade Rd","Louisville","KY","40218"
45292,"7403 Arapaho Dr","Louisville","KY","40214"
45293,"1701 Sutherland Dr","Louisville","KY","40205"
45294,"4600 Wolfcreek Pkwy","Louisville","KY","40241"
45295,"2216 Richland Ave","Louisville","KY","40218"
45296,"3034 Rosedale Blvd","Louisville","KY","40220"
45297,"1033 Lydia St","Louisville","KY","40217"
45298,"2412 Helen Ave","Louisville","KY","40216"
45299,"3364 Eastside Dr","Louisville","KY","40220"
45300,"4042 Lisa Ave","Louisville","KY","40216"
45301,"201 Blackburn Ave","Louisville","KY","40206"
45302,"5504 Arvis Dr","Louisville","KY","40216"
45303,"2649 Taylorsville Rd","Apt 2D","Louisville",
45304,"1112 Crosstimbers Dr","Louisville","KY","40245"
45305,"10100 Merioneth Dr","Louisville","KY","40299"
45306,"3801 Melda Ln","Louisville","KY","40219"
45307,"7713 Lesane Dr","Louisville","KY","40214"
45308,"9028 Auburn Woods Rd","Louisville","KY","40214"
45309,"8012 Cedar Glen Ln","Louisville","KY","40291"
45310,"14301 Fairfield Hill Dr","Louisville","KY","40245"
45311,"4635 S 1st St","Louisville","KY","40214"
45312,"5130 Hunters Point Cir","Louisville","KY","40216"
45313,"303 S Beckley Station Rd","Louisville","KY","40245"
45314,"1651 Hale Ave","Louisville","KY","40210"
45315,"4902 Forest Park Dr","Louisville","KY","40219"
45316,"1030 Minor Ln","Louisville","KY","40219"
45317,"3910 Northwestern Pkwy","Louisville","KY","40212"
45318,"1516 Dumesnil St","Louisville","KY","40210"
45319,"912 Longfield Ave","Louisville","KY","40215"
45320,"1541 Catalpa St","Louisville","KY","40211"
45321,"933 Samuel St","Louisville","KY","40204"
45322,"4914 Lagoona Dr","Louisville","KY","40219"
45323,"5436 Carol Way","Louisville","KY","40214"
45324,"1903 Riva Ridge Rd","Louisville","KY","40214"
45325,"10204 Windrow Ct","Louisville","KY","40223"
45326,"3512 Del Park Ter","Louisville","KY","40211"
45327,"2619 Cleveland Blvd","Louisville","KY","40206"
45328,"1445 Cypress St","Louisville","KY","40210"
45329,"8602 Binnacle Ct","Louisville","KY","40220"
45330,"4627 Saratoga Hill Rd","Louisville","KY","40299"
45331,"5102 Oaklawn Park Dr","Louisville","KY","40299"
45332,"4722 Fairway Pointe Ct","Louisville","KY","40241"
45333,"4514 Cordova Rd","Louisville","KY","40207"
45334,"16208 Pamela Jo Ave","Louisville","KY","40245"
45335,"8107 Devonshire Dr","Louisville","KY","40258"
45336,"8301 Regency Woods Way","Louisville","KY","40220"
45337,"2502 Hawthorne Ave","Louisville","KY","40205"
45338,"947 E Oak St","Louisville","KY","40204"
45339,"1433 Longfield Ave","Louisville","KY","40215"
45340,"5204 Woodhill Ln","Louisville","KY","40219"
45341,"1110 Longfield Ave","Louisville","KY","40215"
45342,"3701 Endeavor Way","Louisville","KY","40219"
45343,"14008 Rolling Springs Ct","Louisville","KY","40245"
45344,"12231 Somerset Dr","Louisville","KY","40229"
45345,"435 S 17th St","Louisville","KY","40203"
45346,"10216 Eve Dr","Louisville","KY","40272"
45347,"11720 Robinlynn Ln","Louisville","KY","40243"
45348,"2513 Magazine St","Louisville","KY","40211"
45349,"4508 Virginia Ave","Louisville","KY","40211"
45350,"10702 Torrington Rd","Louisville","KY","40272"
45351,"6702 Briscoe Ln","Louisville","KY","40228"
45352,"4411 Rockwood Dr","Louisville","KY","40220"
45353,"269 Granvil Dr","Louisville","KY","40218"
45354,"3820 Darlene Dr","Louisville","KY","40216"
45355,"3603 Wheeler Ave","Louisville","KY","40215"
45356,"502 Browns Ln","Louisville","KY","40207"
45357,"4216 Wilshire Ave","Louisville","KY","40216"
45358,"2026 Lancashire Ave","Louisville","KY","40205"
45359,"3606 Foreman Ln","Louisville","KY","40219"
45360,"3303 Dumesnil St","Louisville","KY","40211"
45361,"3517 Colmar Dr","Louisville","KY","40211"
45362,"2903 Bradford Grove Ln","Louisville","KY","40220"
45363,"503 Ridgewood Rd","Louisville","KY","40207"
45364,"115 Ridgeway Ave","Louisville","KY","40207"
45365,"10201 Moonlight Way","Louisville","KY","40272"
45366,"7907 Jonquil Dr","Louisville","KY","40258"
45367,"4800 Bold Ct","Louisville","KY","40218"
45368,"1318 Larchmont Ave","Louisville","KY","40215"
45369,"5114 Roederer Dr","Louisville","KY","40219"
45370,"110 N 38th St","Louisville","KY","40212"
45371,"226 N Longworth Ave","Louisville","KY","40212"
45372,"9110 Felsmere Cir","Louisville","KY","40241"
45373,"9516 Wood Hollow Rd","Louisville","KY","40229"
45374,"6803 Rock Hollow Dr","Louisville","KY","40219"
45375,"8604 Shebly Ct","Louisville","KY","40291"
45376,"3111 Oriole Dr","Louisville","KY","40213"
45377,"1719 Loney Ln","Louisville","KY","40216"
45378,"1720 Loney Ln","Louisville","KY","40216"
45379,"10710 Bayport Rd","Louisville","KY","40299"
45380,"11502 Hopi Ct","Louisville","KY","40299"
45381,"9413 Walhampton Dr","Louisville","KY","40242"
45382,"4911 Daleray Dr","Louisville","KY","40219"
45383,"8901 Thompson Ln","Louisville","KY","40258"
45384,"1047 Barret Ave","Louisville","KY","40204"
45385,"8605 Wintergreen Ct","Louisville","KY","40242"
45386,"1411 Twin Ridge Rd","Louisville","KY","40242"
45387,"13013 Ashlawn Dr","Louisville","KY","40272"
45388,"301 S Hubbards Ln","Louisville","KY","40207"
45389,"11206 Kendalton Pl","Louisville","KY","40241"
45390,"12515 Brothers Ave","Louisville","KY","40243"
45391,"1915 Wickham Way","Louisville","KY","40223"
45392,"6225 Middlerose Cir","Louisville","KY","40272"
45393,"4103 Elmwood Ave","Louisville","KY","40207"
45394,"1101 E Breckinridge St","Louisville","KY","40204"
45395,"409 S 27th St","Louisville","KY","40212"
45396,"4504 Chenwood Ln","Louisville","KY","40299"
45397,"4215 Stilger Cir","Louisville","KY","40299"
45398,"411 Old Towne Rd","Louisville","KY","40214"
45399,"8910 Nottingham Pkwy","Louisville","KY","40222"
45400,"4418 Mount Vernon Rd","Louisville","KY","40220"
45401,"11017 Chapel Hill Rd","Louisville","KY","40229"
45402,"8115 Springlake Dr","Louisville","KY","40241"
45403,"3035 Casswood Dr","Louisville","KY","40220"
45404,"204 1/2 N 34th St","Louisville","KY","40212"
45405,"4700 Palma Rd","Louisville","KY","40272"
45406,"1115 Kaiser Ct","Louisville","KY","40211"
45407,"11011 Saybrook Ct","Louisville","KY","40229"
45408,"8312 Pandorea Dr","Louisville","KY","40258"
45409,"420 Cooper St","Louisville","KY","40204"
45410,"17119 Mallet Hill Dr","Louisville","KY","40245"
45411,"505 Indian Ridge Rd","Louisville","KY","40207"
45412,"104 Chestnut Glen Dr","Louisville","KY","40245"
45413,"6604 Bilsim Ln","Louisville","KY","40291"
45414,"8206 Westray Ln","Louisville","KY","40219"
45415,"4107 Stone Lakes Dr","Louisville","KY","40299"
45416,"10503 Eagle Pines Ln","Louisville","KY","40223"
45417,"10009 Whipps Mill Rd","Louisville","KY","40223"
45418,"10917 Youngtown Dr","Louisville","KY","40272"
45419,"9031 Auburn Woods Rd","Louisville","KY","40214"
45420,"2609 Benoch Ave","Louisville","KY","40216"
45421,"2615 Benoch Ave","Louisville","KY","40216"
45422,"2613 Benoch Ave","Louisville","KY","40216"
45423,"2619 Benoch Ave","Louisville","KY","40216"
45424,"2621 Benoch Ave","Louisville","KY","40216"
45425,"2617 Benoch Ave","Louisville","KY","40216"
45426,"2611 Benoch Ave","Louisville","KY","40216"
45427,"8201 Eagle Creek Dr","Louisville","KY","40222"
45428,"408 Donard Park Ave","Louisville","KY","40218"
45429,"317 E Saint Catherine St","Louisville","KY","40203"
45430,"297 Spring Lake Ct","Louisville","KY","40229"
45431,"342 S 43rd St","Louisville","KY","40212"
45432,"6014 Crockett Dr","Louisville","KY","40258"
45433,"1420 Weyler Ave","Louisville","KY","40215"
45434,"3101 Springstead Cir","Louisville","KY","40241"
45435,"4313 Conaem Dr","Louisville","KY","40213"
45436,"3031 Talisman Rd","Louisville","KY","40220"
45437,"3145 Commander Dr","Louisville","KY","40220"
45438,"903 Texas Ave","Louisville","KY","40217"
45439,"4011 Melda Ln","Louisville","KY","40219"
45440,"14011 Broadripple Pl","Louisville","KY","40299"
45441,"315 N 25th St","Louisville","KY","40212"
45442,"3412 Eastside Dr","Louisville","KY","40220"
45443,"7006 Linton Ct","Louisville","KY","40258"
45444,"7409 Lesane Dr","Louisville","KY","40214"
45445,"3437 Hurstbourne Ridge Blvd","Louisville","KY","40299"
45446,"5705 Robinwood Rd","Louisville","KY","40218"
45447,"6003 Mercury Dr","Louisville","KY","40291"
45448,"3027 Don Dee Dr","Louisville","KY","40220"
45449,"1614 N English Station Rd","Louisville","KY","40223"
45450,"5115 Mercury Dr","Louisville","KY","40258"
45451,"2608 Swing Dr","Louisville","KY","40299"
45452,"6609 Sun Ray Dr","Louisville","KY","40272"
45453,"1518 Hawkshead Ln","Louisville","KY","40220"
45454,"928 Lake Forest Pkwy","Louisville","KY","40245"
45455,"6101 Sheila Rd","Louisville","KY","40219"
45456,"5222 Poplar Level Rd","Louisville","KY","40219"
45457,"5220 Poplar Level Rd","Louisville","KY","40219"
45458,"2412 Branning Rd","Louisville","KY","40222"
45459,"316 Spring House Ln","Louisville","KY","40229"
45460,"7612 Market Cart Way","Louisville","KY","40291"
45461,"10900 Blackwood Rd","Louisville","KY","40299"
45462,"6701 Scenic Trl","Louisville","KY","40272"
45463,"3601 Winchester Rd","Louisville","KY","40207"
45464,"3908 Rock Bay Dr","Louisville","KY","40245"
45465,"1802 Grantham Ct","Louisville","KY","40222"
45466,"3646 Windward Way","Louisville","KY","40220"
45467,"5124 Lammers Ln","Louisville","KY","40219"
45468,"816 Iroquois Ave","Louisville","KY","40214"
45469,"3608 Susanna Dr","Louisville","KY","40213"
45470,"7424 Nottoway Cir","Louisville","KY","40214"
45471,"9116 Felsmere Cir","Louisville","KY","40241"
45472,"9304 Pagoda Dr","Louisville","KY","40229"
45473,"629 Lynn St","Louisville","KY","40217"
45474,"4720 Dohn Rd","Louisville","KY","40216"
45475,"3742 Rouge Way","Louisville","KY","40218"
45476,"1107 Tallow Ln","Louisville","KY","40214"
45477,"2018 San Jose Ave","Louisville","KY","40216"
45478,"9920 Nameless Way","Louisville","KY","40229"
45479,"6014 Gellhaus Ln","Louisville","KY","40299"
45480,"12301 Old Lucas Ln","Louisville","KY","40223"
45481,"10502 Nanka Rd","Louisville","KY","40272"
45482,"4311 Diamond Way","Louisville","KY","40216"
45483,"4312 Lowe Rd","Louisville","KY","40220"
45484,"1808 Girard Dr","Louisville","KY","40222"
45485,"7205 Ivan Ct","Louisville","KY","40214"
45486,"4003 Dellafay Dr","Louisville","KY","40219"
45487,"4207 Lake Dreamland Dr","Louisville","KY","40216"
45488,"5108 Green Cove Cir","Louisville","KY","40218"
45489,"2237 W Kentucky St","Louisville","KY","40210"
45490,"8002 Arnoldtown Rd","Louisville","KY","40214"
45491,"8320 Zelma Fields Ave","Louisville","KY","40228"
45492,"200 Ridgeway Ave","Louisville","KY","40207"
45493,"1001 Minor Ln","Louisville","KY","40219"
45494,"648 S Shelby St","Louisville","KY","40202"
45495,"3501 Greenwood Ave","Louisville","KY","40211"
45496,"1346 S 1st St","Louisville","KY","40208"
45497,"5405 Euclid Ave","Louisville","KY","40272"
45498,"9 Canterbury Dr","Louisville","KY","40220"
45499,"13323 Horncastle Way","Louisville","KY","40272"
45500,"3508 Dumesnil St","Louisville","KY","40211"
45501,"3904 Rock Bay Dr","Louisville","KY","40245"
45502,"4811 Wooded Oak Cir","Louisville","KY","40245"
45503,"12109 Old Shelbyville Rd","Louisville","KY","40243"
45504,"112 Evergreen Rd","Louisville","KY","40243"
45505,"509 Plainview Ave","Louisville","KY","40223"
45506,"2311 Magazine St","Louisville","KY","40211"
45507,"3302 Garland Ave","Louisville","KY","40211"
45508,"7501 Nicole Ct","Louisville","KY","40220"
45509,"3802 Chatham Rd","Louisville","KY","40218"
45510,"133 Northwestern Pkwy","Louisville","KY","40212"
45511,"7412 Rainbow Dr","Louisville","KY","40272"
45512,"312 Mccready Ave","Louisville","KY","40206"
45513,"4204 Laura Ave","Louisville","KY","40216"
45514,"3610 Stanton Blvd","Louisville","KY","40220"
45515,"1702 Meyers Ln","Louisville","KY","40216"
45516,"3511 Grand Ave","Louisville","KY","40211"
45517,"5605 Dorinda Dr","Louisville","KY","40258"
45518,"8301 Huntsman Trl","Louisville","KY","40291"
45519,"1115 Southwestern Pkwy","Louisville","KY","40211"
45520,"4620 Vinita Way","Louisville","KY","40272"
45521,"8204 Cris Dr","Louisville","KY","40291"
45522,"6906 Blackhorse Dr","Louisville","KY","40291"
45523,"1154 S Brook St","Louisville","KY","40203"
45524,"4503 Sunridge Ave","Louisville","KY","40220"
45525,"1902 Strathmoor Blvd","Louisville","KY","40205"
45526,"6113 Dobson Ct","Louisville","KY","40229"
45527,"205 Granvil Dr","Louisville","KY","40218"
45528,"1701 Windsor Pl","Louisville","KY","40204"
45529,"921 S Preston St","Louisville","KY","40203"
45530,"5610 Bradbury Ave","Louisville","KY","40258"
45531,"710 Marquette Dr","Louisville","KY","40222"
45532,"3721 Saint Francis Ave","Louisville","KY","40218"
45533,"9412 Dalton Dr","Louisville","KY","40272"
45534,"3704 Iron Horse Way","Louisville","KY","40272"
45535,"2559 Woodbourne Ave","Louisville","KY","40205"
45536,"2219 Woodford Pl","Louisville","KY","40205"
45537,"11604 Little Ln","Louisville","KY","40223"
45538,"2608 Briargate Ave","Louisville","KY","40216"
45539,"2107 Rockford Ln","Louisville","KY","40216"
45540,"7201 Mount Washington Rd","Louisville","KY","40229"
45541,"1600 Gardiner Ln","Apt 119","Louisville",
45542,"14313 Micawber Way","Louisville","KY","40245"
45543,"2207 S 23rd St","Louisville","KY","40216"
45544,"319 N 30th St","Louisville","KY","40212"
45545,"2502 Stephan Rd","Louisville","KY","40214"
45546,"515 Dale Ave","Louisville","KY","40214"
45547,"1600 Sutherland Dr","Louisville","KY","40205"
45548,"3026 Boaires Ln","Louisville","KY","40220"
45549,"4031 S 1st St","Louisville","KY","40214"
45550,"914 Burning Springs Cir","Louisville","KY","40223"
45551,"7833 Whipperwill Rd","Louisville","KY","40214"
45552,"6914 Sky Blue Ave","Louisville","KY","40258"
45553,"7416 Edenroc Ln","Louisville","KY","40258"
45554,"3922 Massie Ave","Unit 12","Louisville",
45555,"2505 Bradley Ave","Louisville","KY","40217"
45556,"7500 Plain Field Ct","Louisville","KY","40220"
45557,"129 N 39th St","Louisville","KY","40212"
45558,"3204 Dewdrop Ct","Louisville","KY","40220"
45559,"3807 Greenwood Ave","Louisville","KY","40211"
45560,"3911 W Muhammad Ali Blvd","Louisville","KY","40212"
45561,"6706 Longlake Dr","Louisville","KY","40291"
45562,"1008 E Saint Catherine St","Louisville","KY","40204"
45563,"4311 E Pages Ln","Louisville","KY","40272"
45564,"3010 Murray Hill Pike","Louisville","KY","40241"
45565,"1809 Eddy St","Louisville","KY","40203"
45566,"3812 Billtown Rd","Louisville","KY","40299"
45567,"9600 Somerford Ct","Louisville","KY","40242"
45568,"3909 Keal Run Way","Louisville","KY","40241"
45569,"7600 Cedar Hollow Dr","Louisville","KY","40291"
45570,"3527 Wheeler Ave","Louisville","KY","40215"
45571,"2310 Franklin Ave","Louisville","KY","40216"
45572,"3152 Bohannon Ave","Louisville","KY","40215"
45573,"2900 Harrison Ave","Louisville","KY","40217"
45574,"3303 Moulton Ln","Louisville","KY","40218"
45575,"3213 Dumesnil St","Louisville","KY","40211"
45576,"4919 Tubman Ct","Louisville","KY","40218"
45577,"174 William St","Louisville","KY","40206"
45578,"4000 Carol Rd","Louisville","KY","40218"
45579,"475 Shreve Dr","Louisville","KY","40222"
45580,"517 Eastern Pkwy","Louisville","KY","40217"
45581,"210 Crescent Ct","Louisville","KY","40206"
45582,"7405 Blue Wing Dr","Louisville","KY","40258"
45583,"2209 Wadsworth Ave","Louisville","KY","40205"
45584,"8702 Villanova Ct","Louisville","KY","40220"
45585,"6718 Crispa Ct","Louisville","KY","40228"
45586,"9802 Whipps Mill Rd","Unit 1","Louisville",
45587,"209 Marengo Dr","Louisville","KY","40243"
45588,"5802 Loretta St","Louisville","KY","40213"
45589,"2028 Midland Ave","Louisville","KY","40204"
45590,"727 Speckert Ct","Louisville","KY","40203"
45591,"615 S 43rd St","Louisville","KY","40211"
45592,"1334 Cypress St","Louisville","KY","40211"
45593,"118 Mcarthur Dr","Louisville","KY","40207"
45594,"241 Albany Ave","Louisville","KY","40206"
45595,"1012 Clerkenwell Rd","Louisville","KY","40207"
45596,"511 Kentucky Ave","Louisville","KY","40222"
45597,"2730 W Madison St","Louisville","KY","40211"
45598,"3415 Sample Way","Louisville","KY","40245"
45599,"509 Kentucky Ave","Louisville","KY","40222"
45600,"4818 Wooded Oak Cir","Louisville","KY","40245"
45601,"1042 Runell Rd","Louisville","KY","40214"
45602,"3020 Eleanor Ave","Louisville","KY","40205"
45603,"279 Shady Brook Ln","Louisville","KY","40229"
45604,"415 Lochinvar Pl","Louisville","KY","40243"
45605,"9911 Mcneely Lake Dr","Louisville","KY","40229"
45606,"2015 Fairway Vista Dr","Louisville","KY","40245"
45607,"6140 Cherry Hill Ct","Louisville","KY","40229"
45608,"4105 Buttonbush Meadow Ct","Louisville","KY","40241"
45609,"9600 Locust Ln","Louisville","KY","40299"
45610,"4605 Vinita Way","Louisville","KY","40272"
45611,"10705 Deshane Pl","Louisville","KY","40272"
45612,"4139 Churchman Ave","Louisville","KY","40215"
45613,"2241 Osage Ave","Louisville","KY","40210"
45614,"10216 Eve Adam Dr","Louisville","KY","40272"
45615,"10511 Eagle Pines Ln","Louisville","KY","40223"
45616,"3413 Hale Ave","Louisville","KY","40211"
45617,"7900 Deronia Ave","Louisville","KY","40222"
45618,"7807 Legler Dr","Louisville","KY","40258"
45619,"517 Pennyroyal Way","Louisville","KY","40223"
45620,"12406 Alfred Berry Ct","Louisville","KY","40223"
45621,"5303 Katy Belle Ct","Louisville","KY","40213"
45622,"1105 Colonel Anderson Pkwy","Louisville","KY","40222"
45623,"4219 Stilger Cir","Louisville","KY","40299"
45624,"1706 W Breckinridge St","Louisville","KY","40210"
45625,"8602 Glenhope Dr","Louisville","KY","40291"
45626,"306 Westgate Terrace Ct","Louisville","KY","40207"
45627,"6904 Charles Lindsey Ct","Louisville","KY","40229"
45628,"10000 Lauralynn Ct","Louisville","KY","40299"
45629,"5507 Mae Ct","Louisville","KY","40214"
45630,"618 Kathleen Ave","Louisville","KY","40215"
45631,"7008 Brook Bend Way","Louisville","KY","40229"
45632,"1345 Forest Dr","Louisville","KY","40219"
45633,"7709 Columbine Dr","Louisville","KY","40258"
45634,"2413 Chattesworth Ln","Louisville","KY","40242"
45635,"12010 Brinley Ave","Louisville","KY","40243"
45636,"12514 Gemini Way","Louisville","KY","40243"
45637,"3801 Flowering Grove Ct","Louisville","KY","40241"
45638,"6919 Samuel Long Way","Louisville","KY","40229"
45639,"4503 Breton Ct","Louisville","KY","40229"
45640,"10224 Closterwood Dr","Louisville","KY","40229"
45641,"706 Winkler Ave","Louisville","KY","40208"
45642,"639 Ervay Ave","Louisville","KY","40217"
45643,"1111 Bentwood Place Ct","Louisville","KY","40207"
45644,"3308 Terrier Ln","Louisville","KY","40218"
45645,"1402 Somerhill Way","Louisville","KY","40223"
45646,"5519 Cannonwood Dr","Louisville","KY","40229"
45647,"3336 Cornelia Dr","Louisville","KY","40220"
45648,"5201 Silverton Ln","Louisville","KY","40241"
45649,"521 Fenley Ave","Louisville","KY","40222"
45650,"414 Willow Stone Way","Louisville","KY","40223"
45651,"4641 Cane Run Rd","Louisville","KY","40216"
45652,"4422 Dover Rd","Louisville","KY","40216"
45653,"9411 Megan Jay Ct","Louisville","KY","40299"
45654,"3509 Lodge Ln","Apt 219","Louisville",
45655,"1711 Adelia Ave","Louisville","KY","40210"
45656,"1704 W Breckinridge St","Louisville","KY","40210"
45657,"7311 Verona Way","Louisville","KY","40218"
45658,"3507 Mina Ct","Louisville","KY","40220"
45659,"2719 Elliott Ave","Louisville","KY","40211"
45660,"6117 Red Spruce Dr","Louisville","KY","40229"
45661,"1200 Twin Willows Ln","Louisville","KY","40214"
45662,"219 S Hite Ave","Louisville","KY","40206"
45663,"2314 Strathmoor Blvd","Louisville","KY","40205"
45664,"1432 Indiana Ave","Louisville","KY","40213"
45665,"735 S 36th St","Louisville","KY","40211"
45666,"211 Angeletta Way","Louisville","KY","40214"
45667,"3700 Springhurst Blvd","Louisville","KY","40241"
45668,"829 W Florence Ave","Louisville","KY","40215"
45669,"9315 Pagoda Dr","Louisville","KY","40229"
45670,"3204 Bridwell Dr","Louisville","KY","40216"
45671,"1040 Clay Ave","Louisville","KY","40219"
45672,"7804 Cliffs Edge Ct","Louisville","KY","40241"
45673,"4930 Garden Green Way","Louisville","KY","40218"
45674,"415 N 20th St","Louisville","KY","40203"
45675,"1721 Larkmoor Ln","Louisville","KY","40218"
45676,"8806 Raintree Dr","Louisville","KY","40220"
45677,"2615 Narragansett Dr","Louisville","KY","40210"
45678,"3405 Colson Ct","Louisville","KY","40220"
45679,"1916 Swainsboro Dr","Louisville","KY","40218"
45680,"205 Heady Ave","Louisville","KY","40207"
45681,"406 Whiteheath Ln","Louisville","KY","40243"
45682,"5011 Feys Dr","Louisville","KY","40216"
45683,"5418 Antle Dr","Louisville","KY","40229"
45684,"1720 Cloverbrook Dr","Louisville","KY","40215"
45685,"7736 Dominique Dr","Louisville","KY","40228"
45686,"5822 Lake Erie Dr","Louisville","KY","40291"
45687,"218 Smithfields Rd","Louisville","KY","40207"
45688,"7104 Sun Valley Dr","Louisville","KY","40272"
45689,"4507 Pondoray Ct","Louisville","KY","40241"
45690,"4524 Oak Pointe Dr","Louisville","KY","40245"
45691,"2402 Mammoth Way","Louisville","KY","40299"
45692,"204 Stillwood Ct","Louisville","KY","40223"
45693,"4627 Oak Pointe Dr","Louisville","KY","40245"
45694,"10205 Charleswood Rd","Louisville","KY","40229"
45695,"2319 Stannye Dr","Louisville","KY","40222"
45696,"120 Prairie Ct","Louisville","KY","40229"
45697,"10505 Seatonville Rd","Louisville","KY","40291"
45698,"10522 Firview Ct","Louisville","KY","40299"
45699,"4307 Saratoga Woods Dr","Louisville","KY","40299"
45700,"2917 Montgomery St","Louisville","KY","40212"
45701,"2532 Jenlee Ln","Louisville","KY","40216"
45702,"9918 Hofelich Ln","Louisville","KY","40291"
45703,"3117 Talisman Rd","Louisville","KY","40220"
45704,"2215 Date St","Louisville","KY","40210"
45705,"2513 Cedar St","Louisville","KY","40212"
45706,"5718 Morrison Ave","Louisville","KY","40214"
45707,"5104 Constance Dr","Louisville","KY","40272"
45708,"8303 Regency Woods Way","Louisville","KY","40220"
45709,"4415 Virginia Ave","Louisville","KY","40211"
45710,"1115 Springview Dr","Louisville","KY","40219"
45711,"9903 Shelbyville Rd","Louisville","KY","40223"
45712,"2223 Flat Rock Rd","Louisville","KY","40245"
45713,"321 Sage Rd","Louisville","KY","40207"
45714,"9310 Springmont Pl","Louisville","KY","40241"
45715,"9829 Longwood Cir","Louisville","KY","40223"
45716,"8319 Eagle Creek Dr","Louisville","KY","40222"
45717,"4312 Saratoga Hill Rd","Louisville","KY","40299"
45718,"4211 S 1st St","Louisville","KY","40214"
45719,"3138 Sunny Ln","Louisville","KY","40205"
45720,"8704 Zabel Way","Louisville","KY","40291"
45721,"14714 Forest Creek Way","Louisville","KY","40245"
45722,"4532 Lincoln Rd","Louisville","KY","40220"
45723,"8203 Old Westport Rd","Louisville","KY","40222"
45724,"1514 Taylor Ave","Louisville","KY","40213"
45725,"1420 Oakwood Ave","Louisville","KY","40215"
45726,"2502 Bolling Ave","Louisville","KY","40210"
45727,"7405 Spring House Ln","Louisville","KY","40291"
45728,"9124 Gayle Dr","Louisville","KY","40272"
45729,"5408 Layne Rd","Louisville","KY","40219"
45730,"5302 Craigs Creek Dr","Louisville","KY","40241"
45731,"8219 Grandel Pl","Louisville","KY","40258"
45732,"516 E Barbee Ave","Louisville","KY","40217"
45733,"223 Amy Ave","Louisville","KY","40212"
45734,"3821 Fieldside Cir","Louisville","KY","40299"
45735,"5913 Paul Revere Ct","Louisville","KY","40229"
45736,"4312 S Church Way","Louisville","KY","40207"
45737,"207 Wiseland Way","Louisville","KY","40229"
45738,"4725 Wooded Oak Cir","Louisville","KY","40245"
45739,"4401 Dyer Ave","Louisville","KY","40213"
45740,"3328 Woodland Dr","Louisville","KY","40216"
45741,"839 Iroquois Ave","Louisville","KY","40214"
45742,"1366 S 20th St","Louisville","KY","40210"
45743,"102 Promenade Ct","Louisville","KY","40223"
45744,"4915 Friden Way","Louisville","KY","40214"
45745,"7604 Kendrick Crossing Ln","Louisville","KY","40291"
45746,"530 Eastern Pkwy","Louisville","KY","40217"
45747,"1320 Southgate Ave","Louisville","KY","40215"
45748,"6903 S Watterson Trl","Louisville","KY","40291"
45749,"2515 W Market St","Louisville","KY","40212"
45750,"219 Derby Ave","Louisville","KY","40218"
45751,"1521 Knight Rd","Louisville","KY","40216"
45752,"724 Cedar Grove Ct","Louisville","KY","40212"
45753,"3451 Illinois Ave","Louisville","KY","40213"
45754,"4015 Saint Francis Ln","Louisville","KY","40218"
45755,"5108 Johnsontown Rd","Louisville","KY","40272"
45756,"12310 Kingsley Dr","Louisville","KY","40229"
45757,"1504 Turquoise Dr","Louisville","KY","40214"
45758,"8212 Adams Run Rd","Louisville","KY","40228"
45759,"1409 Community Way","Louisville","KY","40222"
45760,"4403 Hunsinger Ln","Louisville","KY","40220"
45761,"708 Winding Oaks Trl","Louisville","KY","40223"
45762,"4000 Saratoga Woods Dr","Louisville","KY","40299"
45763,"9718 White Blossom Blvd","Louisville","KY","40241"
45764,"620 Willowhurst Pl","Louisville","KY","40223"
45765,"4613 Scott Ct","Louisville","KY","40299"
45766,"4236 Bayberry Dr","Louisville","KY","40216"
45767,"2607 Lindsay Ave","Louisville","KY","40206"
45768,"6903 Charles Lindsey Ct","Louisville","KY","40229"
45769,"3306 Colonial Manor Cir","Unit 2A","Louisville",
45770,"1844 Alfresco Pl","Louisville","KY","40205"
45771,"2205 Woodford Pl","Louisville","KY","40205"
45772,"4413 Chenwood Ln","Louisville","KY","40299"
45773,"315 N 24th St","Louisville","KY","40212"
45774,"1414 Eagle Run Dr","Louisville","KY","40222"
45775,"7423 Justan Ave","Louisville","KY","40214"
45776,"10507 Saint Roche Dr","Louisville","KY","40299"
45777,"4320 Malcolm Ave","Louisville","KY","40215"
45778,"7903 Barbour Manor Dr","Louisville","KY","40241"
45779,"10709 Leven Blvd","Louisville","KY","40229"
45780,"12102 Winding Spring Ct","Louisville","KY","40245"
45781,"6308 Apex Dr","Louisville","KY","40219"
45782,"1009 Williamsburg Ct","Louisville","KY","40207"
45783,"963 Whetstone Way","Louisville","KY","40223"
45784,"3008 Beaumont Rd","Louisville","KY","40205"
45785,"705 Oxmoor Woods Pkwy","Louisville","KY","40222"
45786,"3143 Talisman Rd","Louisville","KY","40220"
45787,"12309 Somerset Dr","Louisville","KY","40229"
45788,"9502 Blue Ribbon Ct","Louisville","KY","40291"
45789,"1333 Hull St","Louisville","KY","40204"
45790,"2534 Broadmeade Rd","Louisville","KY","40205"
45791,"2506 Taylorsville Rd","Louisville","KY","40205"
45792,"1313 Southwestern Pkwy","Louisville","KY","40211"
45793,"1852 Date St","Louisville","KY","40210"
45794,"1033 Mary St","Louisville","KY","40204"
45795,"5108 Delaware Dr","Louisville","KY","40218"
45796,"11011 Altsheler Pl","Louisville","KY","40229"
45797,"7522 Westdale Rd","Louisville","KY","40222"
45798,"8508 Atrium Dr","Apt 1101","Louisville",
45799,"5601 Secret Way","Louisville","KY","40272"
45800,"8701 Hickory Ct","Louisville","KY","40242"
45801,"9917 Evening Star Dr","Louisville","KY","40272"
45802,"4313 Lambert Rd","Louisville","KY","40219"
45803,"5305 Pacer Ln","Apt 104","Louisville",
45804,"7215 Woolrich Rd","Louisville","KY","40222"
45805,"312 Northwestern Pkwy","Louisville","KY","40212"
45806,"7702 Six Mile Ln","Louisville","KY","40220"
45807,"8602 Chipstone Ct","Louisville","KY","40299"
45808,"8700 Zabel Way","Louisville","KY","40291"
45809,"1608 Stevens Ave","Louisville","KY","40205"
45810,"147 Winston Ct","Louisville","KY","40229"
45811,"1718 Parkridge Pkwy","Louisville","KY","40214"
45812,"4223 Jackson Ave","Louisville","KY","40213"
45813,"314 E Southside Ct","Louisville","KY","40214"
45814,"5510 Ripple Ln","Louisville","KY","40218"
45815,"1230 Belmar Dr","Louisville","KY","40213"
45816,"305 N 42nd St","Louisville","KY","40212"
45817,"5521 Dione Ave","Louisville","KY","40216"
45818,"3023 Aubert Ave","Louisville","KY","40206"
45819,"10904 Bardstown Woods Ct","Louisville","KY","40291"
45820,"3619 Dell Rd","Louisville","KY","40299"
45821,"2910 Slevin St","Louisville","KY","40212"
45822,"9424 Wessex Pl","Louisville","KY","40222"
45823,"1718 Magazine St","Louisville","KY","40203"
45824,"5418 Count Fleet Dr","Louisville","KY","40272"
45825,"1126 Rammers Ave","Louisville","KY","40204"
45826,"13703 Broken Branch Way","Louisville","KY","40245"
45827,"1350 Lillian Ave","Louisville","KY","40208"
45828,"3812 Nanz Ave","Apt 3","Louisville",
45829,"1615 Two Springs Pl","Louisville","KY","40207"
45830,"6214 Nigel Dr","Louisville","KY","40216"
45831,"3018 Beaumont Rd","Louisville","KY","40205"
45832,"3803 Cane Run Rd","Louisville","KY","40211"
45833,"112 Ambling Way","Louisville","KY","40243"
45834,"6607 Sylvania 4 Rd","Louisville","KY","40258"
45835,"6603 Sylvania 4 Rd","Louisville","KY","40258"
45836,"5412 Lithia Dr","Louisville","KY","40241"
45837,"4102 Manner Dale Dr","Louisville","KY","40220"
45838,"2725 Field Ave","Louisville","KY","40206"
45839,"4711 Saint Rita Dr","Louisville","KY","40219"
45840,"4508 W Market St","Louisville","KY","40212"
45841,"11707 Sun Beam Ct","Louisville","KY","40272"
45842,"4216 Algonquin Pkwy","Louisville","KY","40211"
45843,"373 N 41st St","Louisville","KY","40212"
45844,"2700 W Madison St","Louisville","KY","40211"
45845,"9623 Combs Ln","Louisville","KY","40258"
45846,"1725 Nelson Ave","Louisville","KY","40216"
45847,"8608 Devonshire Dr","Louisville","KY","40258"
45848,"5914 Mount Everest Dr","Louisville","KY","40216"
45849,"3800 Klonway Ct","Louisville","KY","40220"
45850,"2326 Gladstone Ave","Louisville","KY","40205"
45851,"1902 Alfresco Pl","Louisville","KY","40205"
45852,"2430 Aintree Way","Louisville","KY","40220"
45853,"10101 Pennyrile Ct","Louisville","KY","40299"
45854,"9614 Camille Dr","Louisville","KY","40299"
45855,"1507 Hawkshead Ln","Louisville","KY","40220"
45856,"735 E Breckinridge St","Louisville","KY","40203"
45857,"8004 Stonemeadow Dr","Louisville","KY","40218"
45858,"823 Foxgate Rd","Louisville","KY","40223"
45859,"7124 Ethan Allen Way","Louisville","KY","40272"
45860,"4958 Winding Spring Cir","Louisville","KY","40245"
45861,"8207 Michael Ray Dr","Louisville","KY","40219"
45862,"3634 Warner Ave","Louisville","KY","40207"
45863,"5417 Pawnee Trl","Louisville","KY","40207"
45864,"396 Spring House Ln","Louisville","KY","40229"
45865,"4514 Jewell Ave","Louisville","KY","40212"
45866,"7308 Dunkirk Ln","Louisville","KY","40272"
45867,"1335 Hull St","Louisville","KY","40204"
45868,"6105 Arlone Ct","Louisville","KY","40216"
45869,"820 Circle Hill Rd","Louisville","KY","40207"
45870,"4102 Napanee Rd","Louisville","KY","40207"
45871,"5016 Lively Ct","Louisville","KY","40218"
45872,"7317 Ridge Creek Rd","Louisville","KY","40291"
45873,"303 Ash Run Rd","Louisville","KY","40245"
45874,"303 Fairmeade Rd","Louisville","KY","40207"
45875,"2017 Floradora Dr","Louisville","KY","40272"
45876,"4814 Swallow Rd","Louisville","KY","40213"
45877,"1303 Hepburn Ave","Louisville","KY","40204"
45878,"9004 Willow Springs Dr","Louisville","KY","40242"
45879,"13612 Bohannon Ave","Louisville","KY","40272"
45880,"13610 Bohannon Ave","Louisville","KY","40272"
45881,"1269 Eastern Pkwy","Louisville","KY","40204"
45882,"2822 Delor Ave","Louisville","KY","40217"
45883,"219 Blossom Ln","Louisville","KY","40229"
45884,"3432 Wizard Ave","Louisville","KY","40215"
45885,"1642 Eastern Pkwy","Louisville","KY","40204"
45886,"8321 Woodsman Ct","Louisville","KY","40219"
45887,"8912 Brandywyne Dr","Louisville","KY","40291"
45888,"10906 Easum Rd","Louisville","KY","40299"
45889,"1529 Arcade Ave","Louisville","KY","40215"
45890,"3324 Cawein Way","Louisville","KY","40220"
45891,"10904 Shady Hollow Dr","Louisville","KY","40241"
45892,"3517 Sample Way","Louisville","KY","40245"
45893,"11000 Oliverda Dr","Louisville","KY","40272"
45894,"219 Blossom Rd","Louisville","KY","40229"
45895,"3325 Hudson Ave","Louisville","KY","40211"
45896,"3327 Hudson Ave","Louisville","KY","40211"
45897,"616 Logsdon Ct","Louisville","KY","40243"
45898,"1509 Donard Park Ave","Louisville","KY","40218"
45899,"1721 Southlake Dr","Louisville","KY","40223"
45900,"2203 Mary Catherine Dr","Louisville","KY","40216"
45901,"7506 Stayman Way","Louisville","KY","40228"
45902,"8614 Cotswold Dr","Louisville","KY","40258"
45903,"6514 Lovers Ln","Louisville","KY","40291"
45904,"4503 Kingsley Dr","Louisville","KY","40229"
45905,"7202 Meadow Ridge Dr","Louisville","KY","40218"
45906,"4607 Bardstown Rd","Louisville","KY","40218"
45907,"2912 W Muhammad Ali Blvd","Louisville","KY","40212"
45908,"5108 Firwood Ln","Louisville","KY","40291"
45909,"1713 Meyers Ln","Louisville","KY","40216"
45910,"129 Tanglewood Trl","Louisville","KY","40223"
45911,"7331 Paiute Rd","Louisville","KY","40214"
45912,"6622 Sun Ray Dr","Louisville","KY","40272"
45913,"326 S 39th St","Louisville","KY","40212"
45914,"119 Starlite Dr","Louisville","KY","40229"
45915,"8904 Spalago Ct","Louisville","KY","40299"
45916,"5702 Hasbrook Dr","Louisville","KY","40229"
45917,"811 S 41st St","Louisville","KY","40211"
45918,"3309 Terrier Ln","Louisville","KY","40218"
45919,"11602 Sun Dial Ct","Louisville","KY","40272"
45920,"224 Bonner Ave","Louisville","KY","40207"
45921,"4311 Wingate Rd","Louisville","KY","40207"
45922,"5604 Alicante Ln","Louisville","KY","40272"
45923,"3313 Mid Dale Ln","Louisville","KY","40220"
45924,"1027 Sylvia St","Louisville","KY","40217"
45925,"4604 Saint Rita Dr","Louisville","KY","40219"
45926,"6703 Fenwick Dr","Louisville","KY","40228"
45927,"3501 Illinois Ave","Apt A13","Louisville",
45928,"9216 Springbrooke Cir","Louisville","KY","40241"
45929,"10701 Eagle Ridge Pl","Louisville","KY","40223"
45930,"4303 Jasper Ct","Louisville","KY","40272"
45931,"3423 Blanton Ln","Louisville","KY","40214"
45932,"12931 Wooded Forest Rd","Louisville","KY","40243"
45933,"611 Briar Hill Rd","Louisville","KY","40206"
45934,"2709 Audley Dr","Louisville","KY","40206"
45935,"1252 Euclid Ave","Louisville","KY","40208"
45936,"203 Dorsey Way","Louisville","KY","40223"
45937,"5302 Southern Pkwy","Louisville","KY","40214"
45938,"9000 Ferndale Rd","Louisville","KY","40291"
45939,"6811 Windhurst Rd","Louisville","KY","40207"
45940,"34 Eastover Ct","Louisville","KY","40206"
45941,"8207 Limehouse Ln","Louisville","KY","40220"
45942,"1631 Stafford Ave","Louisville","KY","40216"
45943,"2211 Beargrass Ave","Louisville","KY","40218"
45944,"1008 Woodway Ln","Louisville","KY","40211"
45945,"9509 Tiverton Way","Louisville","KY","40242"
45946,"4728 Bellevue Ave","Louisville","KY","40215"
45947,"1657 Harold Ave","Louisville","KY","40210"
45948,"2501 Grand Ave","Louisville","KY","40210"
45949,"1862 Overlook Ter","Louisville","KY","40205"
45950,"9203 Hampton Ridge Ct","Louisville","KY","40220"
45951,"3026 Lake Vista Dr","Louisville","KY","40241"
45952,"7200 Apple Mill Dr","Louisville","KY","40228"
45953,"2517 Steeplechase Dr","Louisville","KY","40299"
45954,"500 Foxgate Rd","Louisville","KY","40223"
45955,"101 W Whitney Ave","Louisville","KY","40214"
45956,"3818 Crestridge Dr","Louisville","KY","40272"
45957,"8603 Holston Rd","Louisville","KY","40222"
45958,"311 Creason Ct","Unit 104","Louisville",
45959,"3001 Piedmont Dr","Louisville","KY","40205"
45960,"13608 Greystone Ave","Louisville","KY","40272"
45961,"9711 Lanesboro Way","Louisville","KY","40242"
45962,"186 Western Rd","Louisville","KY","40229"
45963,"6803 Hill Peak Ct","Louisville","KY","40214"
45964,"4104 Buttonbush Meadow Ct","Louisville","KY","40241"
45965,"736 Gheens Ave","Louisville","KY","40214"
45966,"1764 Bolling Ave","Louisville","KY","40210"
45967,"1064 Cherokee Rd","Louisville","KY","40204"
45968,"8213 Sandidge Dr","Louisville","KY","40228"
45969,"6403 Sonnette Way","Louisville","KY","40258"
45970,"260 Saunders Ave","Louisville","KY","40206"
45971,"1132 Okolona Ter","Louisville","KY","40219"
45972,"9734 Boxford Way","Louisville","KY","40242"
45973,"4419 Saratoga Woods Dr","Louisville","KY","40299"
45974,"6118 Gloria Ln","Louisville","KY","40213"
45975,"3002 Curran Rd","Louisville","KY","40205"
45976,"1905 Warrington Way","Louisville","KY","40222"
45977,"2419 Briargate Ave","Louisville","KY","40216"
45978,"8110 Cloudcroft Ln","Louisville","KY","40220"
45979,"602 Windsor Keep Dr","Louisville","KY","40222"
45980,"4323 Whitmore Ave","Louisville","KY","40215"
45981,"1300 Everett Ave","Apt 2","Louisville",
45982,"10503 Hobbs Station Rd","Louisville","KY","40223"
45983,"3608 Northwestern Pkwy","Louisville","KY","40212"
45984,"4606 W Jefferson St","Louisville","KY","40212"
45985,"5905 Carmelwood Dr","Louisville","KY","40229"
45986,"5817 Benny Rd","Louisville","KY","40258"
45987,"1320 Scholar St","Louisville","KY","40213"
45988,"3503 Prestwood Dr","Louisville","KY","40219"
45989,"3402 Coventry Greens Ct","Louisville","KY","40241"
45990,"1869 Alfresco Pl","Louisville","KY","40205"
45991,"8410 Damascus Cir","Louisville","KY","40228"
45992,"3315 Stratford Ave","Louisville","KY","40218"
45993,"9717 White Blossom Blvd","Louisville","KY","40241"
45994,"3200 Stegner Ave","Louisville","KY","40216"
45995,"2901 Slevin St","Louisville","KY","40212"
45996,"2246 Date St","Louisville","KY","40210"
45997,"3715 Kahlert Ave","Louisville","KY","40215"
45998,"10505 Eagle Pines Ln","Louisville","KY","40223"
45999,"5621 Mary Ellen Dr","Louisville","KY","40214"
46000,"4724 S 3rd St","Louisville","KY","40214"
46001,"442 S 38th St","Louisville","KY","40212"
46002,"1121 Lavista Way","Louisville","KY","40219"
46003,"4003 Carol Rd","Louisville","KY","40218"
46004,"2806 Dell Brooke Ave","Louisville","KY","40220"
46005,"9215 James Hill Rd","Louisville","KY","40272"
46006,"10307 Amy Lynn Ct","Louisville","KY","40223"
46007,"3503 Templeton Ct","Louisville","KY","40214"
46008,"1803 Austinwood Pl","Louisville","KY","40214"
46009,"11706 Kings Ln","Louisville","KY","40243"
46010,"3219 Stegner Ave","Louisville","KY","40216"
46011,"1524 Berry Blvd","Louisville","KY","40215"
46012,"9100 Prospect St","Louisville","KY","40242"
46013,"541 Forum Ave","Louisville","KY","40214"
46014,"4110 Cliffs Edge Ln","Louisville","KY","40241"
46015,"8102 Ferndale Rd","Louisville","KY","40291"
46016,"8010 Ferndale Rd","Louisville","KY","40291"
46017,"4416 Mount Vernon Rd","Louisville","KY","40220"
46018,"8710 Oldbury Pl","Louisville","KY","40222"
46019,"12603 Bay Arbor Pl","Louisville","KY","40245"
46020,"3613 Winchester Rd","Louisville","KY","40207"
46021,"129 Cambridge Dr","Louisville","KY","40214"
46022,"3306 Bohannon Ave","Louisville","KY","40215"
46023,"4205 Stone Lakes Dr","Louisville","KY","40299"
46024,"731 Southwestern Pkwy","Louisville","KY","40211"
46025,"2230 Amboy Dr","Louisville","KY","40216"
46026,"325 E Kentucky St","Louisville","KY","40203"
46027,"2157 Winston Ave","Louisville","KY","40205"
46028,"8002 Carnation Dr","Louisville","KY","40258"
46029,"4303 Malcolm Ave","Louisville","KY","40215"
46030,"1917 Manor House Dr","Louisville","KY","40220"
46031,"4502 Dove Park Blvd","Louisville","KY","40299"
46032,"1922 W Madison St","Louisville","KY","40203"
46033,"1916 W Madison St","Louisville","KY","40203"
46034,"10906 Bardstown Woods Ct","Louisville","KY","40291"
46035,"531 Vineleaf Dr","Louisville","KY","40222"
46036,"9915 Lancewood Rd","Louisville","KY","40229"
46037,"3207 Rainview Cir","Louisville","KY","40220"
46038,"1525 W Jefferson St","Louisville","KY","40203"
46039,"902 Woodland Heights Dr","Louisville","KY","40245"
46040,"448 E Lee St","Louisville","KY","40217"
46041,"1803 Fust Ave","Louisville","KY","40216"
46042,"919 Woodland Heights Dr","Louisville","KY","40245"
46043,"3023 Carson Way","Louisville","KY","40205"
46044,"10420 Grafton Hall Rd","Louisville","KY","40272"
46045,"4009 Churchman Ave","Louisville","KY","40215"
46046,"928 Ardmore Dr","Louisville","KY","40217"
46047,"6707 Grandfield Rd","Louisville","KY","40258"
46048,"809 Iroquois Ave","Louisville","KY","40214"
46049,"4332 Vermont Ave","Louisville","KY","40211"
46050,"5560 Bruce Ave","Louisville","KY","40214"
46051,"205 Valley Rd","Louisville","KY","40229"
46052,"5206 Chasewood Pl","Louisville","KY","40229"
46053,"3820 Grand Ave","Louisville","KY","40211"
46054,"2165 Lowell Ave","Louisville","KY","40205"
46055,"10607 Edgewater Rd","Louisville","KY","40223"
46056,"315 Old Harrods Creek Rd","Louisville","KY","40223"
46057,"4008 Wimpole Rd","Louisville","KY","40218"
46058,"1606 Loney Ln","Louisville","KY","40216"
46059,"1514 Quadrant Ave","Louisville","KY","40205"
46060,"5408 Nylon Ct","Louisville","KY","40219"
46061,"3803 Carpenter Dr","Louisville","KY","40229"
46062,"9924 Wyncliff Ct","Louisville","KY","40241"
46063,"6614 Memory Ln","Louisville","KY","40258"
46064,"2218 Perth Ct","Louisville","KY","40216"
46065,"3619 Robin Dr","Louisville","KY","40216"
46066,"5403 Robinwood Rd","Louisville","KY","40218"
46067,"8107 Keira Ridge Ct","Louisville","KY","40291"
46068,"5404 Beth Rd","Louisville","KY","40219"
46069,"2656 Taylorsville Rd","Louisville","KY","40205"
46070,"4144 Wheeler Ave","Louisville","KY","40215"
46071,"839 E Burnett Ave","Louisville","KY","40217"
46072,"4624 Bellevue Ave","Louisville","KY","40215"
46073,"3502 Winterberry Cir","Louisville","KY","40207"
46074,"10527 Leven Blvd","Louisville","KY","40229"
46075,"509 Garden Dr","Louisville","KY","40206"
46076,"3010 Kipling Way","Louisville","KY","40205"
46077,"9908 Park Lake Dr","Louisville","KY","40229"
46078,"7813 Kenhurst Dr","Louisville","KY","40258"
46079,"1407 Audubon Pkwy","Louisville","KY","40213"
46080,"6906 Roseborough Ct","Louisville","KY","40228"
46081,"11016 Eagles Cove Dr","Louisville","KY","40241"
46082,"12003 Edenwood Dr","Louisville","KY","40243"
46083,"1921 Griffiths Ave","Louisville","KY","40203"
46084,"4425 Dannywood Rd","Louisville","KY","40220"
46085,"2724 Shannon Dr","Louisville","KY","40220"
46086,"8224 Adams Run Rd","Louisville","KY","40228"
46087,"3901 S 5th St","Louisville","KY","40214"
46088,"3627 Kahlert Ave","Louisville","KY","40215"
46089,"1903 Magazine St","Louisville","KY","40203"
46090,"2317 W Lee St","Louisville","KY","40210"
46091,"3929 Greenhurst Dr","Louisville","KY","40299"
46092,"7088 Wildwood Cir","Apt 42","Louisville",
46093,"10005 Spruce Grove Dr","Louisville","KY","40299"
46094,"9111 Mahoney Dr","Louisville","KY","40258"
46095,"9404 Springmont Pl","Louisville","KY","40241"
46096,"6604 Skyline Dr","Louisville","KY","40272"
46097,"3425 Indian Lake Dr","Louisville","KY","40241"
46098,"5403 Saint Gabriel Ln","Louisville","KY","40291"
46099,"218 Brown Ave","Louisville","KY","40207"
46100,"1000 Ambridge Dr","Louisville","KY","40207"
46101,"1859 Princeton Dr","Louisville","KY","40205"
46102,"916 Woodland Heights Dr","Louisville","KY","40245"
46103,"1701 S Wheatmore Dr","Louisville","KY","40215"
46104,"1342 Eastern Pkwy","Louisville","KY","40204"
46105,"3403 Nellie Bly Dr","Louisville","KY","40213"
46106,"6711 Fenske Ln","Louisville","KY","40258"
46107,"6807 Spourtland Dr","Louisville","KY","40228"
46108,"205 Travois Rd","Louisville","KY","40207"
46109,"2417 Griffiths Ave","Louisville","KY","40212"
46110,"3019 Dartmouth Ave","Louisville","KY","40205"
46111,"10004 Spruce Grove Dr","Louisville","KY","40299"
46112,"2215 Mahan Dr","Louisville","KY","40299"
46113,"6809 Reelfoot Lake Ct","Louisville","KY","40291"
46114,"2045 Peabody Ln","Louisville","KY","40218"
46115,"2421 Aintree Way","Louisville","KY","40220"
46116,"4333 Taylorsville Rd","Louisville","KY","40220"
46117,"1877 Allgeier Ct","Louisville","KY","40213"
46118,"419 Freeman Ave","Louisville","KY","40214"
46119,"1242 Springdale Dr","Louisville","KY","40213"
46120,"10606 Bayport Rd","Louisville","KY","40299"
46121,"8311 Eagle Creek Dr","Louisville","KY","40222"
46122,"2332 Cross Hill Rd","Louisville","KY","40206"
46123,"1408 Cardinal Dr","Louisville","KY","40213"
46124,"1406 Cardinal Dr","Louisville","KY","40213"
46125,"13511 Springs Station Rd","Louisville","KY","40245"
46126,"12105 Belmont Park Cir","Louisville","KY","40243"
46127,"9507 Gutenberg Rd","Louisville","KY","40299"
46128,"8304 Damascus Cir","Louisville","KY","40228"
46129,"3007 Piedmont Dr","Louisville","KY","40205"
46130,"5223 Benson Ct","Louisville","KY","40272"
46131,"1709 Gresham Rd","Louisville","KY","40205"
46132,"4403 Clarene Dr","Louisville","KY","40216"
46133,"372 Crescent Spring Dr","Louisville","KY","40206"
46134,"1016 Everett Ave","Louisville","KY","40204"
46135,"206 Cornell Pl","Louisville","KY","40207"
46136,"218 Northwestern Pkwy","Louisville","KY","40212"
46137,"1232 Audubon Pkwy","Louisville","KY","40213"
46138,"750 Zorn Ave","Apt 12","Louisville",
46139,"7707 Legler Dr","Louisville","KY","40258"
46140,"6808 Lindsey Wade Ct","Louisville","KY","40229"
46141,"1712 Frankfort Ave","Louisville","KY","40206"
46142,"6307 Yellow Pine Dr","Louisville","KY","40229"
46143,"7203 Greenlawn Rd","Louisville","KY","40222"
46144,"5701 Chestnutwood Way","Louisville","KY","40272"
46145,"800 Cannons Ln","Louisville","KY","40207"
46146,"4630 Varble Ave","Louisville","KY","40211"
46147,"9716 Bay Hill Dr","Louisville","KY","40223"
46148,"1315 Texas Ave","Louisville","KY","40217"
46149,"5001 Mansfield Ln","Louisville","KY","40218"
46150,"1501 Beacon Hill Dr","Louisville","KY","40216"
46151,"2430 Lindbergh Dr","Louisville","KY","40208"
46152,"9936 White Blossom Blvd","Louisville","KY","40241"
46153,"3505 Grannel Ct","Louisville","KY","40214"
46154,"5312 Haventree Ct","Louisville","KY","40229"
46155,"4521 Wolfcreek Pkwy","Louisville","KY","40241"
46156,"3720 Stanton Blvd","Louisville","KY","40220"
46157,"3718 Stanton Blvd","Louisville","KY","40220"
46158,"418 Cooper St","Louisville","KY","40204"
46159,"1393 S 2nd St","Louisville","KY","40208"
46160,"4101 Cliffs Edge Ln","Louisville","KY","40241"
46161,"904 Broadfields Dr","Louisville","KY","40207"
46162,"3822 Hillcreek Rd","Louisville","KY","40220"
46163,"215 Glendora Ave","Louisville","KY","40212"
46164,"3738 Parthenia Ave","Louisville","KY","40215"
46165,"186 Crator Dr","Louisville","KY","40229"
46166,"7205 Rambo Way","Louisville","KY","40228"
46167,"10605 Hobbs Station Rd","Louisville","KY","40223"
46168,"1400 Willow Ave","Apt 1101","Louisville",
46169,"1000 S 45th St","Louisville","KY","40211"
46170,"6313 Price Lane Rd","Louisville","KY","40229"
46171,"6905 Shibley Ave","Louisville","KY","40291"
46172,"2320 Burrell Dr","Louisville","KY","40216"
46173,"1651 Eastern Pkwy","Louisville","KY","40204"
46174,"14402 Fairfield Gardens Dr","Louisville","KY","40245"
46175,"11602 Sun Glow Ct","Louisville","KY","40272"
46176,"3734 Illinois Ave","Louisville","KY","40213"
46177,"2326 Saint Louis Ave","Louisville","KY","40210"
46178,"1209 Curlew Ave","Louisville","KY","40213"
46179,"203 Loganberry Ct","Louisville","KY","40207"
46180,"6510 Miller Park Dr","Louisville","KY","40258"
46181,"14800 Burleigh Pl","Louisville","KY","40245"
46182,"311 Lyndonwoods Cir","Louisville","KY","40222"
46183,"2945 Arlington Rd","Louisville","KY","40220"
46184,"10306 Royce Ct","Apt 201","Louisville",
46185,"10801 Dartford Pl","Louisville","KY","40243"
46186,"3818 Spring Arbor Dr","Louisville","KY","40245"
46187,"3005 Curran Rd","Louisville","KY","40205"
46188,"4314 Lowe Rd","Louisville","KY","40220"
46189,"3245 Cross Bill Rd","Louisville","KY","40213"
46190,"615 Wardshire Pl","Louisville","KY","40223"
46191,"602 M St","Louisville","KY","40208"
46192,"6005 Crockett Dr","Louisville","KY","40258"
46193,"2715 Colin Ave","Louisville","KY","40217"
46194,"311 Cecil Ave","Louisville","KY","40212"
46195,"9703 Tamarisk Pkwy","Louisville","KY","40223"
46196,"10513 Eagle Pines Ln","Louisville","KY","40223"
46197,"1006 S 41st St","Louisville","KY","40211"
46198,"4708 Oak Bend Dr","Louisville","KY","40241"
46199,"211 W Burnett Ave","Louisville","KY","40208"
46200,"5328 Buckner Ave","Louisville","KY","40214"
46201,"7830 Texlyn Ct","Louisville","KY","40258"
46202,"10507 Lawrencekirk Ct","Louisville","KY","40243"
46203,"610 Upland Rd","Louisville","KY","40206"
46204,"1422 Earl Ave","Louisville","KY","40215"
46205,"8112 Keira Ridge Ct","Louisville","KY","40291"
46206,"9738 Hunting Ground Ct","Louisville","KY","40228"
46207,"2618 Taylorsville Rd","Louisville","KY","40205"
46208,"208 Kenli Ct","Louisville","KY","40214"
46209,"10703 Rock Moss Ct","Louisville","KY","40291"
46210,"328 Possum Path","Louisville","KY","40214"
46211,"858 Vine St","Louisville","KY","40204"
46212,"1354 S 1st St","Louisville","KY","40208"
46213,"624 E Ormsby Ave","Louisville","KY","40203"
46214,"4001 Serviceberry Ct","Louisville","KY","40241"
46215,"4504 Dove Park Blvd","Louisville","KY","40299"
46216,"1418 Larchmont Ave","Louisville","KY","40215"
46217,"9924 White Blossom Blvd","Louisville","KY","40241"
46218,"219 Don Allen Rd","Louisville","KY","40207"
46219,"1215 Crown Ave","Louisville","KY","40204"
46220,"2620 Cornwall St","Louisville","KY","40212"
46221,"1326 Shingo Ave","Louisville","KY","40215"
46222,"4302 Fence Pl","Louisville","KY","40241"
46223,"3701 Hillcreek Rd","Louisville","KY","40220"
46224,"11900 E Orell Rd","Louisville","KY","40272"
46225,"11908 E Orell Rd","Louisville","KY","40272"
46226,"6027 Dutschke Rd","Louisville","KY","40272"
46227,"2242 Garland Ave","Louisville","KY","40211"
46228,"682 Madelon Ct","Louisville","KY","40211"
46229,"2712 Lakeside Dr","Louisville","KY","40205"
46230,"117 S 46th St","Louisville","KY","40212"
46231,"4407 Saratoga Woods Dr","Louisville","KY","40299"
46232,"4728 Wooded Oak Cir","Louisville","KY","40245"
46233,"3105 Thousand Oaks Dr","Louisville","KY","40205"
46234,"6308 River Forest Dr","Louisville","KY","40258"
46235,"1901 Magazine St","Louisville","KY","40203"
46236,"1606 S 25th St","Louisville","KY","40210"
46237,"3833 Elmwood Ave","Louisville","KY","40207"
46238,"9003 Admiral Dr","Louisville","KY","40229"
46239,"3507 Calais Dr","Louisville","KY","40299"
46240,"315 Westport Dr","Louisville","KY","40207"
46241,"4210 Holly Tree Dr","Louisville","KY","40241"
46242,"2805 Spring Bud Ct","Louisville","KY","40220"
46243,"3320 Goldsmith Ln","Louisville","KY","40220"
46244,"2203 Briargate Ave","Louisville","KY","40216"
46245,"607 Jarvis Ln","Louisville","KY","40207"
46246,"5 Mango Ct","Louisville","KY","40258"
46247,"10310 Wingfield Rd","Louisville","KY","40291"
46248,"2322 Rockford Ln","Louisville","KY","40216"
46249,"3722 Oboe Dr","Louisville","KY","40216"
46250,"5517 Apache Rd","Louisville","KY","40207"
46251,"1546 Walter Ave","Louisville","KY","40215"
46252,"9819 Oakshire Dr","Louisville","KY","40299"
46253,"5008 Graston Ave","Louisville","KY","40216"
46254,"4702 Kitty Hawk Way","Louisville","KY","40207"
46255,"4306 Murphy Ln","Louisville","KY","40241"
46256,"4600 Wolfspring Dr","Louisville","KY","40241"
46257,"2626 Northwestern Pkwy","Louisville","KY","40212"
46258,"1757 Bernheim Ln","Louisville","KY","40210"
46259,"5331 Julia Rd","Louisville","KY","40258"
46260,"4010 Leland Rd","Louisville","KY","40207"
46261,"1013 Johnson Rd","Louisville","KY","40245"
46262,"3428 Pflanz Ave","Louisville","KY","40212"
46263,"1007 Forest Park Rd","Louisville","KY","40223"
46264,"5205 Silverton Ln","Louisville","KY","40241"
46265,"3746 Illinois Ave","Louisville","KY","40213"
46266,"4628 Hillside Dr","Louisville","KY","40216"
46267,"107 Pennsylvania Ave","Louisville","KY","40206"
46268,"7903 Broadfern Dr","Louisville","KY","40291"
46269,"3034 Talisman Rd","Louisville","KY","40220"
46270,"1317 S Brook St","Louisville","KY","40208"
46271,"1324 Trinity Park Dr","Louisville","KY","40213"
46272,"1235 Lipps Ln","Louisville","KY","40219"
46273,"2132 Duncan St","Louisville","KY","40212"
46274,"3505 Lennox View Ct","Unit 208","Louisville",
46275,"1628 Cedar St","Louisville","KY","40203"
46276,"1905 Baird St","Louisville","KY","40203"
46277,"290 Rogers Ave","Louisville","KY","40229"
46278,"4104 Willow Reed Pl","Louisville","KY","40299"
46279,"13708 Willow Reed Dr","Louisville","KY","40299"
46280,"121 N 39th St","Louisville","KY","40212"
46281,"1507 Edgewood Pl","Louisville","KY","40205"
46282,"2422 Ridgeview Ave","Louisville","KY","40220"
46283,"7107 Green Spring Dr","Louisville","KY","40241"
46284,"1124 Farman Ct","Louisville","KY","40219"
46285,"4612 S 3rd St","Louisville","KY","40214"
46286,"4414 Wilmoth Ave","Louisville","KY","40216"
46287,"2918 Glenafton Ln","Louisville","KY","40217"
46288,"7311 Supremus Dr","Louisville","KY","40214"
46289,"4009 Glen Valley Rd","Louisville","KY","40219"
46290,"6107 Diablo Ct","Louisville","KY","40219"
46291,"5105 Marjorie Dr","Louisville","KY","40229"
46292,"4026 Eden Ln","Louisville","KY","40216"
46293,"10118 Lancewood Rd","Louisville","KY","40229"
46294,"1812 Round Ridge Rd","Louisville","KY","40207"
46295,"13617 Broken Branch Way","Louisville","KY","40245"
46296,"57 Narwood Dr","Louisville","KY","40299"
46297,"6902 Holly Lake Dr","Louisville","KY","40291"
46298,"2604 Dixdale Ave","Louisville","KY","40210"
46299,"4513 S 2nd St","Louisville","KY","40214"
46300,"2945 Six Mile Ln","Louisville","KY","40220"
46301,"1603 S 31st St","Louisville","KY","40211"
46302,"3205 Quinton Dr","Louisville","KY","40216"
46303,"11601 Sun Dial Ct","Louisville","KY","40272"
46304,"502 Hillside Ln","Louisville","KY","40207"
46305,"2006 Ben Ali Rd","Louisville","KY","40223"
46306,"2143 W Gaulbert Ave","Louisville","KY","40210"
46307,"2309 Peaslee Rd","Louisville","KY","40216"
46308,"6204 Morning Glory Ln","Louisville","KY","40258"
46309,"11805 Mondamon Dr","Louisville","KY","40272"
46310,"5304 Hempstead Rd","Louisville","KY","40207"
46311,"207 E Esplanade Ave","Louisville","KY","40214"
46312,"2113 Bruce Ave","Louisville","KY","40218"
46313,"1715 Cardinal Ct","Louisville","KY","40216"
46314,"31 Mockingbird Valley Dr","Louisville","KY","40207"
46315,"3122 S Crums Ln","Louisville","KY","40216"
46316,"8610 Holston Rd","Louisville","KY","40222"
46317,"1623 Cherry Way","Louisville","KY","40216"
46318,"3101 Dale Ann Dr","Louisville","KY","40220"
46319,"7412 Hallmark Dr","Louisville","KY","40258"
46320,"2121 W Kentucky St","Louisville","KY","40210"
46321,"1917 Deerwood Ave","Louisville","KY","40205"
46322,"1341 Earl Ave","Louisville","KY","40215"
46323,"14407 Champion Woods Pl","Louisville","KY","40245"
46324,"1034 W Indian Trl","Louisville","KY","40213"
46325,"502 Pennyroyal Way","Louisville","KY","40223"
46326,"4726 Wooded Oak Cir","Louisville","KY","40245"
46327,"4245 Westport Ter","Louisville","KY","40207"
46328,"3100 Tucker Station Rd","Louisville","KY","40299"
46329,"14406 Dixie Hwy","Louisville","KY","40272"
46330,"2530 Clarendon Ave","Louisville","KY","40205"
46331,"4645 Cliff Ave","Louisville","KY","40215"
46332,"4305 Bank St","Louisville","KY","40212"
46333,"2316 Boulevard","Napoleon","Louisville",
46334,"4516 Estate Dr","Louisville","KY","40216"
46335,"712 Lake Sterling Rd","Louisville","KY","40223"
46336,"3003 Klonway Dr","Louisville","KY","40220"
46337,"1031 Alta Vista Rd","Louisville","KY","40205"
46338,"2836 Whiteway Ave","Louisville","KY","40205"
46339,"3112 Springstead Cir","Louisville","KY","40241"
46340,"11621 Tazwell Dr","Louisville","KY","40245"
46341,"4809 Redwing Way","Louisville","KY","40213"
46342,"8614 Old Bardstown Rd","Louisville","KY","40291"
46343,"2416 Hayward Rd","Louisville","KY","40242"
46344,"10010 Cherry Ridge Dr","Louisville","KY","40291"
46345,"5301 Stephen Foster Ave","Louisville","KY","40213"
46346,"804 Longfield Ave","Louisville","KY","40215"
46347,"409 Birchway Ct","Louisville","KY","40206"
46348,"314 W Kenwood Way","Louisville","KY","40214"
46349,"10009 John Silver Ct","Louisville","KY","40229"
46350,"3123 Bushmill Park","Louisville","KY","40241"
46351,"9905 Tulip Poplar Ct","Louisville","KY","40291"
46352,"204 E Esplanade Ave","Louisville","KY","40214"
46353,"2721 Lindsay Ave","Louisville","KY","40206"
46354,"11106 Albion Dr","Louisville","KY","40272"
46355,"4104 Slack Ave","Louisville","KY","40229"
46356,"9908 Winged Foot Dr","Louisville","KY","40223"
46357,"12406 Bethany Oaks Pkwy","Louisville","KY","40272"
46358,"5511 La Vel Ln","Louisville","KY","40216"
46359,"5803 Grandel Blvd","Louisville","KY","40258"
46360,"130 Travois Rd","Louisville","KY","40207"
46361,"3704 Bashford Ave","Louisville","KY","40218"
46362,"1104 Springside Ct","Louisville","KY","40223"
46363,"13513 Kinross Blvd","Louisville","KY","40272"
46364,"1632 Sale Ave","Louisville","KY","40215"
46365,"448 N 25th St","Louisville","KY","40212"
46366,"445 N 25th St","Louisville","KY","40212"
46367,"2209 W Kentucky St","Louisville","KY","40210"
46368,"3208 Portland Ave","Louisville","KY","40212"
46369,"4326 Cara Way","Louisville","KY","40299"
46370,"3809 Stone River Ct","Louisville","KY","40299"
46371,"11709 Peyote Pl","Louisville","KY","40299"
46372,"1704 Colony Ct","Louisville","KY","40216"
46373,"3710 Downing Way","Louisville","KY","40218"
46374,"4717 Oak Pointe Dr","Louisville","KY","40245"
46375,"2510 W Main St","Louisville","KY","40212"
46376,"10310 Bayport Rd","Louisville","KY","40299"
46377,"7710 Legler Dr","Louisville","KY","40258"
46378,"8017 Harrod Wood Ct","Louisville","KY","40291"
46379,"2502 Crums Ln","Louisville","KY","40216"
46380,"2314 Wetstein Ave","Louisville","KY","40205"
46381,"10705 Bayport Rd","Louisville","KY","40299"
46382,"4313 Lochridge Pkwy","Louisville","KY","40299"
46383,"3721 Endeavor Way","Louisville","KY","40219"
46384,"911 Colonel Anderson Pkwy","Louisville","KY","40222"
46385,"4226 Stilger Cir","Louisville","KY","40299"
46386,"1206 Longfield Ave","Louisville","KY","40215"
46387,"5020 Winding Spring Cir","Louisville","KY","40245"
46388,"5005 Kendall Rd","Louisville","KY","40272"
46389,"7300 Ticonderoga Dr","Louisville","KY","40214"
46390,"3521 Bells Ln","Louisville","KY","40211"
46391,"10706 Hickory Cove Ct","Louisville","KY","40241"
46392,"1514 Beacon Hill Dr","Louisville","KY","40216"
46393,"4104 Mamaroneck Rd","Louisville","KY","40218"
46394,"330 Ethridge Ave","Unit 208","Louisville",
46395,"6902 Lakegreen Ct","Louisville","KY","40291"
46396,"13803 Lakemont Ct","Louisville","KY","40299"
46397,"1535 Goddard Ave","Louisville","KY","40204"
46398,"4833 Brenda Dr","Louisville","KY","40219"
46399,"4807 Burris Dr","Louisville","KY","40291"
46400,"4104 Kousa Ct","Louisville","KY","40241"
46401,"6813 Green Meadow Cir","Louisville","KY","40207"
46402,"9020 Holly Village Ct","Louisville","KY","40242"
46403,"4826 Greenvale Cir","Louisville","KY","40272"
46404,"1276 Morgan Ave","Louisville","KY","40213"
46405,"4207 Gingerwood Dr","Louisville","KY","40220"
46406,"3917 Glen Oak Dr","Louisville","KY","40218"
46407,"7410 Wimstock Ave","Louisville","KY","40272"
46408,"9203 Prospect St","Louisville","KY","40242"
46409,"231 S Shawnee Ter","Louisville","KY","40212"
46410,"543 Sunnyside Dr","Louisville","KY","40206"
46411,"3602 Eastmeadow Ct","Louisville","KY","40258"
46412,"8805 Lakeridge Dr","Louisville","KY","40272"
46413,"1016 King Arthur Ln","Louisville","KY","40222"
46414,"4403 Maxwell Cir","Louisville","KY","40245"
46415,"7609 Yorktown Rd","Louisville","KY","40214"
46416,"4500 Chenwood Ln","Louisville","KY","40299"
46417,"10301 Trotters Pointe Dr","Apt 101","Louisville",
46418,"7311 S Central Ave","Louisville","KY","40222"
46419,"13315 Aiken Rd","Louisville","KY","40223"
46420,"3513 Pirogue Rd","Louisville","KY","40299"
46421,"8005 Greenway Dr","Louisville","KY","40222"
46422,"3331 Alford Ave","Louisville","KY","40212"
46423,"3318 Mid Dale Ln","Louisville","KY","40220"
46424,"229 Ottawa Ave","Louisville","KY","40209"
46425,"12703 Saint Clair Dr","Louisville","KY","40243"
46426,"6916 Beard Ct","Louisville","KY","40228"
46427,"253 Crestwood Ln","Louisville","KY","40229"
46428,"3117 Hikes Ln","Louisville","KY","40220"
46429,"7706 Shaker Mill Rd","Louisville","KY","40220"
46430,"3604 Glencreek Ln","Louisville","KY","40218"
46431,"11302 Willow Stone Ct","Louisville","KY","40223"
46432,"155 Wiltshire Ave","Louisville","KY","40207"
46433,"4913 Axtell Ave","Louisville","KY","40258"
46434,"723 Daneshall Dr","Louisville","KY","40206"
46435,"3310 Lester Ave","Louisville","KY","40215"
46436,"4306 S 3rd St","Louisville","KY","40214"
46437,"2609 Garden Lake Ln","Louisville","KY","40220"
46438,"1101 Alta Vista Rd","Louisville","KY","40205"
46439,"4103 San Marcos Rd","Louisville","KY","40299"
46440,"3508 Ethelwood Dr","Louisville","KY","40299"
46441,"4018 Serene Way","Louisville","KY","40219"
46442,"5413 Laureltree Pl","Louisville","KY","40229"
46443,"2304 Newmarket Dr","Louisville","KY","40222"
46444,"1830 Northwestern Pkwy","Louisville","KY","40203"
46445,"1204 Payne St","Louisville","KY","40204"
46446,"1923 Emerson Ave","Louisville","KY","40205"
46447,"1703 Quarry Hill Rd","Louisville","KY","40213"
46448,"4508 Lunenburg Dr","Louisville","KY","40245"
46449,"608 Winyan Ln","Louisville","KY","40223"
46450,"10202 Afton Rd","Louisville","KY","40223"
46451,"3504 Johnston Way","Louisville","KY","40220"
46452,"3507 Sample Way","Louisville","KY","40245"
46453,"1107 Gagel Ave","Louisville","KY","40216"
46454,"2517 Browns Ln","Louisville","KY","40220"
46455,"5917 Grandel Blvd","Louisville","KY","40258"
46456,"2801 Flora Ave","Louisville","KY","40220"
46457,"3701 Saint Edwards Dr","Louisville","KY","40299"
46458,"3025 Mid Dale Ln","Louisville","KY","40220"
46459,"3713 Grissom Way","Louisville","KY","40229"
46460,"6615 Woodrow Way","Louisville","KY","40228"
46461,"5017 Fay Ave","Louisville","KY","40214"
46462,"1819 W Chestnut St","Louisville","KY","40203"
46463,"1118 Rogers St","Louisville","KY","40204"
46464,"2810 Pomeroy Dr","Louisville","KY","40218"
46465,"6304 Mandeville Rd","Louisville","KY","40228"
46466,"312 Willowbrook Rd","Louisville","KY","40243"
46467,"4201 Taylorsville Rd","Louisville","KY","40220"
46468,"1537 Longfield Ave","Louisville","KY","40215"
46469,"409 Wickfield Dr","Louisville","KY","40245"
46470,"1509 Larchmont Ave","Louisville","KY","40215"
46471,"4000 Heavenly Way","Louisville","KY","40272"
46472,"997 Bluegrass Ave","Louisville","KY","40215"
46473,"102 N 36th St","Louisville","KY","40212"
46474,"1101 Euclid Ave","Louisville","KY","40208"
46475,"3938 Elfin Ave","Louisville","KY","40207"
46476,"8604 Chipstone Ct","Louisville","KY","40299"
46477,"3901 Fairfield Hill Ct","Louisville","KY","40245"
46478,"4005 Cedarway Ct","Louisville","KY","40229"
46479,"2403 Old Hickory Rd","Louisville","KY","40299"
46480,"7614 Norwich Blvd","Louisville","KY","40258"
46481,"4504 Norene Ln","Louisville","KY","40219"
46482,"510 N 31st St","Louisville","KY","40212"
46483,"212 N 23rd St","Louisville","KY","40212"
46484,"7001 Capella Ln","Louisville","KY","40258"
46485,"1726 Larkmoor Ln","Louisville","KY","40218"
46486,"2602 Acushnet Ct","Louisville","KY","40242"
46487,"2018 Floradora Dr","Louisville","KY","40272"
46488,"2422 Bradley Ave","Louisville","KY","40217"
46489,"8516 Bost Ln","Louisville","KY","40219"
46490,"4406 Parker Ave","Louisville","KY","40212"
46491,"1009 Forrest St","Louisville","KY","40217"
46492,"2614 Elliott Ave","Louisville","KY","40211"
46493,"4703 Middlesex Dr","Louisville","KY","40245"
46494,"217 E Oak St","Louisville","KY","40203"
46495,"209 S Madison Ave","Louisville","KY","40243"
46496,"6721 Marian Dr","Louisville","KY","40216"
46497,"8522 Burlingame Rd","Louisville","KY","40219"
46498,"4006 Serene Way","Louisville","KY","40219"
46499,"5919 Grandel Blvd","Louisville","KY","40258"
46500,"4513 Deepwood Dr","Louisville","KY","40241"
46501,"1417 Girard Dr","Louisville","KY","40222"
46502,"3514 Ridge Top Ct","Louisville","KY","40241"
46503,"3670 Lentz Ave","Louisville","KY","40215"
46504,"4020 Pixley Way","Louisville","KY","40219"
46505,"8309 Mckenna Way","Louisville","KY","40291"
46506,"2117 W Madison St","Louisville","KY","40211"
46507,"5009 Fury Way","Louisville","KY","40258"
46508,"3616 Locklee Rd","Louisville","KY","40214"
46509,"1441 Goddard Ave","Louisville","KY","40204"
46510,"100 Lenoak Dr","Louisville","KY","40214"
46511,"3807 Flowering Grove Ct","Louisville","KY","40241"
46512,"84 College Ct","Louisville","KY","40203"
46513,"4006 Saint Germaine Ct","Louisville","KY","40207"
46514,"7101 Rainbow Dr","Louisville","KY","40272"
46515,"214 Don Allen Rd","Louisville","KY","40207"
46516,"4330 Pruitt Ct","Louisville","KY","40218"
46517,"1726 Frankfort Ave","Louisville","KY","40206"
46518,"8300 Zelma Fields Ave","Louisville","KY","40228"
46519,"1729 Luken Dr","Louisville","KY","40216"
46520,"10508 Lawrencekirk Ct","Louisville","KY","40243"
46521,"2207 Wendell Ave","Louisville","KY","40205"
46522,"5014 Invicta Dr","Louisville","KY","40216"
46523,"3507 Pineland Dr","Louisville","KY","40219"
46524,"3307 Frontier Trl","Louisville","KY","40220"
46525,"212 Gatehouse Ln","Louisville","KY","40243"
46526,"2305 Garland Ave","Louisville","KY","40211"
46527,"735 Palatka Rd","Louisville","KY","40214"
46528,"8809 Brittany Dr","Louisville","KY","40220"
46529,"1218 Morgan Ave","Louisville","KY","40213"
46530,"3410 Rainview Cir","Louisville","KY","40220"
46531,"8606 Whipps Bend Rd","Louisville","KY","40222"
46532,"4015 Landherr Dr","Louisville","KY","40299"
46533,"3404 Pflanz Ave","Louisville","KY","40212"
46534,"1223 Bates Ct","Louisville","KY","40204"
46535,"17107 Mallet Hill Dr","Louisville","KY","40245"
46536,"14009 Spring Mill Rd","Louisville","KY","40245"
46537,"6008 Gellhaus Ln","Louisville","KY","40299"
46538,"8600 Devonshire Dr","Louisville","KY","40258"
46539,"12016 E Orell Rd","Louisville","KY","40272"
46540,"8420 Hurstbourne Woods Pl","Louisville","KY","40299"
46541,"124 E Tenny Ave","Louisville","KY","40214"
46542,"10926 Fairway Pointe Dr","Louisville","KY","40241"
46543,"8807 Kings Lynn Ln","Louisville","KY","40220"
46544,"1511 Edgewood Pl","Louisville","KY","40205"
46545,"108 Daryl Ct","Louisville","KY","40214"
46546,"2510 Carolina Ave","Louisville","KY","40205"
46547,"3765 Lentz Ave","Louisville","KY","40215"
46548,"303 Chippendale Ct","Louisville","KY","40214"
46549,"8103 Stonyrun Ct","Louisville","KY","40220"
46550,"1248 S Jackson St","Louisville","KY","40203"
46551,"2528 Ridgewood Ave","Louisville","KY","40217"
46552,"2112 W Ormsby Ave","Louisville","KY","40210"
46553,"3708 Hurstbourne Ridge Blvd","Louisville","KY","40299"
46554,"1325 S 1st St","Louisville","KY","40208"
46555,"1387 Trinity Park Dr","Louisville","KY","40213"
46556,"3011 Wirth Ave","Louisville","KY","40217"
46557,"3008 Shoreham Ln","Louisville","KY","40216"
46558,"652 Edith Rd","Louisville","KY","40206"
46559,"3231 Beals Branch Dr","Louisville","KY","40206"
46560,"4700 Taylor Blvd","Louisville","KY","40215"
46561,"8810 Juniper Springs Pl","Louisville","KY","40242"
46562,"12006 Hilda Ct","Louisville","KY","40272"
46563,"1639 Bernheim Ln","Louisville","KY","40210"
46564,"545 W Whitney Ave","Louisville","KY","40215"
46565,"2308 Valletta Ln","Louisville","KY","40205"
46566,"10008 Anita Blvd","Louisville","KY","40272"
46567,"4908 Shumake Ct","Louisville","KY","40218"
46568,"4407 Culpepper Cir","Louisville","KY","40241"
46569,"13501 Squire Springs Ct","Louisville","KY","40245"
46570,"6109 Applegate Ln","Louisville","KY","40219"
46571,"5311 Chathamwood Dr","Louisville","KY","40229"
46572,"1410 Cadet Ct","Louisville","KY","40222"
46573,"3611 Susan Ln","Louisville","KY","40229"
46574,"10831 Dorton Dr","Louisville","KY","40272"
46575,"3412 Fern Lea Rd","Louisville","KY","40216"
46576,"3313 Moulton Ln","Louisville","KY","40218"
46577,"11705 Veranda Way","Louisville","KY","40299"
46578,"1286 Parkway Gardens Ct","Apt 222","Louisville",
46579,"13611 Broken Branch Way","Louisville","KY","40245"
46580,"6708 Falling Star Dr","Louisville","KY","40272"
46581,"8102 Indian Wells Ct","Louisville","KY","40291"
46582,"12125 Belmont Park Cir","Louisville","KY","40243"
46583,"10710 Grafton Hall Rd","Louisville","KY","40272"
46584,"3005 Eagle Pass","Louisville","KY","40217"
46585,"3725 Chevy Chase Rd","Louisville","KY","40218"
46586,"7102 Hollow Creek Rd","Louisville","KY","40228"
46587,"403 Moser Rd","Louisville","KY","40223"
46588,"4634 Oak Pointe Dr","Louisville","KY","40245"
46589,"9933 White Blossom Blvd","Louisville","KY","40241"
46590,"1010 Parkway Dr","Louisville","KY","40217"
46591,"5204 Nettie Way","Louisville","KY","40258"
46592,"10008 Timberwood Cir","Louisville","KY","40223"
46593,"5807 Jerry Ln","Louisville","KY","40258"
46594,"1017 Lynnhurst Ave","Louisville","KY","40215"
46595,"5814 Alanadale Dr","Louisville","KY","40272"
46596,"6701 Copra Ln","Louisville","KY","40219"
46597,"1133 Rostrevor Cir","Louisville","KY","40205"
46598,"1613 Washington Blvd","Louisville","KY","40242"
46599,"1104 Audubon Pkwy","Louisville","KY","40213"
46600,"4018 Carbine Ln","Louisville","KY","40229"
46601,"11119 Brookstone Ct","Louisville","KY","40223"
46602,"9513 Gutenberg Rd","Louisville","KY","40299"
46603,"3701 Locklee Rd","Louisville","KY","40214"
46604,"13010 Lavenia Ln","Louisville","KY","40272"
46605,"1921 Newburg Rd","Louisville","KY","40205"
46606,"4902 Honeylore Ct","Louisville","KY","40241"
46607,"9925 White Blossom Blvd","Louisville","KY","40241"
46608,"520 Pennyroyal Way","Louisville","KY","40223"
46609,"2935 Bon Air Ave","Louisville","KY","40205"
46610,"2215 Patterson Ave","Louisville","KY","40204"
46611,"4415 Hale Ave","Louisville","KY","40211"
46612,"8601 Chelmer Ln","Louisville","KY","40220"
46613,"2204 Mahan Dr","Louisville","KY","40299"
46614,"1815 Deer Park Ave","Louisville","KY","40205"
46615,"2515 W Madison St","Louisville","KY","40211"
46616,"4618 Taylor Blvd","Louisville","KY","40215"
46617,"371 Overlook Rd","Louisville","KY","40229"
46618,"8012 Aspen Green Ln","Louisville","KY","40291"
46619,"10406 Lakeshore Blf","Louisville","KY","40223"
46620,"7425 Crawfordshire Ln","Louisville","KY","40220"
46621,"4804 Hunters Point Cir","Louisville","KY","40216"
46622,"16711 Polo Fields Ln","Louisville","KY","40245"
46623,"1121 Oneida Ave","Louisville","KY","40214"
46624,"667 Eastlawn Ave","Louisville","KY","40211"
46625,"6004 Alanadale Dr","Louisville","KY","40272"
46626,"2206 Hale Ave","Louisville","KY","40210"
46627,"10416 Lakeshore Blf","Louisville","KY","40223"
46628,"10525 Leven Blvd","Louisville","KY","40229"
46629,"10100 Ivybridge Cir","Louisville","KY","40241"
46630,"402 Christopher Pl","Louisville","KY","40214"
46631,"1040 Oakwood Ave","Louisville","KY","40215"
46632,"9107 Fairridge Dr","Louisville","KY","40229"
46633,"5810 Whispering Hills Blvd","Louisville","KY","40219"
46634,"7702 Chloe Chase","Louisville","KY","40219"
46635,"11605 Summer Glen Way","Louisville","KY","40299"
46636,"618 Hatherleigh Ln","Louisville","KY","40222"
46637,"4421 Lynnview Dr","Louisville","KY","40216"
46638,"4512 Jolynn Dr","Louisville","KY","40299"
46639,"625 S 41st St","Louisville","KY","40211"
46640,"934 Mulberry St","Louisville","KY","40217"
46641,"2117 Mccloskey Ave","Louisville","KY","40210"
46642,"3916 Riveroaks Ln","Louisville","KY","40241"
46643,"1527 Winter Ave","Louisville","KY","40204"
46644,"7526 Merlyn Cir","Louisville","KY","40214"
46645,"9004 Royal Oak Dr","Louisville","KY","40272"
46646,"7811 Carnation Dr","Louisville","KY","40258"
46647,"104 W Burnett Ave","Louisville","KY","40208"
46648,"7100 Birnamwood Dr","Louisville","KY","40258"
46649,"4314 Brownsboro Glen Rd","Louisville","KY","40241"
46650,"4626 Kiefer Rd","Louisville","KY","40216"
46651,"7207 Kort Way","Louisville","KY","40220"
46652,"3445 Larkwood Ave","Louisville","KY","40212"
46653,"3725 Cypress Springs Pl","Louisville","KY","40245"
46654,"10014 Spruce Grove Dr","Louisville","KY","40299"
46655,"425 Swing Ln","Louisville","KY","40207"
46656,"5402 Windy Willow Dr","Louisville","KY","40241"
46657,"4624 Springfield Ct","Louisville","KY","40229"
46658,"6107 Oakdale Ln","Louisville","KY","40219"
46659,"609 Penguin St","Louisville","KY","40217"
46660,"5703 Jeanine Dr","Louisville","KY","40219"
46661,"316 N Hubbards Ln","Louisville","KY","40207"
46662,"4706 Oak Bend Dr","Louisville","KY","40241"
46663,"11202 Garden Trace Dr","Louisville","KY","40229"
46664,"12205 Jonel Ct","Louisville","KY","40245"
46665,"3602 Stacy Ct","Louisville","KY","40214"
46666,"7100 Shibley Ave","Louisville","KY","40291"
46667,"7612 Johnson School Rd","Louisville","KY","40291"
46668,"4403 Burgundy Dr","Louisville","KY","40299"
46669,"1013 Old Cannons Ln","Louisville","KY","40207"
46670,"911 Starlite Ct","Louisville","KY","40207"
46671,"4408 Malcolm Rd","Louisville","KY","40216"
46672,"10516 Yager Ct","Louisville","KY","40241"
46673,"2026 Unity Pl","Louisville","KY","40208"
46674,"4641 Oak Pointe Dr","Louisville","KY","40245"
46675,"2701 Alice Ave","Louisville","KY","40220"
46676,"617 S 38th St","Louisville","KY","40211"
46677,"4106 Willow Reed Pl","Louisville","KY","40299"
46678,"2847 Coleen Ct","Louisville","KY","40206"
46679,"2114 Woodbourne Ave","Louisville","KY","40205"
46680,"1243 Arcade Ave","Louisville","KY","40215"
46681,"687 Breckenridge Ln","Louisville","KY","40207"
46682,"3125 Arterburn Ave","Louisville","KY","40206"
46683,"326 S Peterson Ave","Louisville","KY","40206"
46684,"506 Ridgewood Rd","Louisville","KY","40207"
46685,"1402 Anna Ln","Louisville","KY","40216"
46686,"1714 Dundee Way","Louisville","KY","40205"
46687,"3615 Mud Ln","Louisville","KY","40229"
46688,"7614 Norbourne Ave","Louisville","KY","40222"
46689,"203 E Esplanade Ave","Louisville","KY","40214"
46690,"9814 Longwood Cir","Louisville","KY","40223"
46691,"10305 Long Home Rd","Louisville","KY","40291"
46692,"3305 Mount Shasta Way","Louisville","KY","40241"
46693,"1478 Belmar Dr","Louisville","KY","40213"
46694,"413 Roberts Ave","Louisville","KY","40214"
46695,"236 Delmont Ave","Louisville","KY","40206"
46696,"3412 Pemaquid Rd","Louisville","KY","40218"
46697,"2308 Merrick Rd","Louisville","KY","40207"
46698,"1212 Summit Ave","Louisville","KY","40204"
46699,"3242 Beals Branch Dr","Louisville","KY","40206"
46700,"1375 S 3rd St","Louisville","KY","40208"
46701,"323 Biltmore Rd","Louisville","KY","40207"
46702,"1402 Girard Dr","Louisville","KY","40222"
46703,"2120 Palatka Rd","Louisville","KY","40214"
46704,"7300 Moorman River Ct","Louisville","KY","40272"
46705,"2808 Montgomery St","Louisville","KY","40212"
46706,"2400 Stannye Dr","Louisville","KY","40222"
46707,"1830 Gresham Rd","Louisville","KY","40205"
46708,"11600 Sun Glow Ct","Louisville","KY","40272"
46709,"1514 Berry Blvd","Louisville","KY","40215"
46710,"11002 Bardstown Woods Blvd","Louisville","KY","40291"
46711,"201 Alpha Ave","Louisville","KY","40218"
46712,"411 Whiteheath Ln","Louisville","KY","40243"
46713,"748 S 43rd St","Louisville","KY","40211"
46714,"4405 Kinloch Rd","Louisville","KY","40207"
46715,"7006 Johnsontown Rd","Louisville","KY","40272"
46716,"7721 Nalan Dr","Louisville","KY","40291"
46717,"3906 Woodgate Ln","Louisville","KY","40220"
46718,"5233 Cane Run Rd","Louisville","KY","40216"
46719,"3029 Dartmouth Ave","Louisville","KY","40205"
46720,"1024 Everett Ave","Louisville","KY","40204"
46721,"2134 W Hill St","Louisville","KY","40210"
46722,"1307 S 43rd St","Louisville","KY","40211"
46723,"6302 Green Manor Dr","Louisville","KY","40228"
46724,"2605 Seminary Dr","Louisville","KY","40241"
46725,"4924 Friden Way","Louisville","KY","40214"
46726,"1807 Farnsley Rd","Louisville","KY","40216"
46727,"188 N Bellaire Ave","Louisville","KY","40206"
46728,"5000 Old Federal Rd","Louisville","KY","40207"
46729,"9805 Scrim Ave","Louisville","KY","40272"
46730,"8508 Gregory Way","Louisville","KY","40219"
46731,"509 Indian Ridge Rd","Louisville","KY","40207"
46732,"1534 Lincoln Ave","Louisville","KY","40213"
46733,"9714 White Blossom Blvd","Louisville","KY","40241"
46734,"3043 Cabinwood Dr","Louisville","KY","40220"
46735,"916 E Saint Catherine St","Louisville","KY","40204"
46736,"14507 Clear Meadow Ct","Louisville","KY","40245"
46737,"5919 Arvis Dr","Louisville","KY","40258"
46738,"1616 Gardiner Ln","Apt 100","Louisville",
46739,"1373 Trinity Park Dr","Louisville","KY","40213"
46740,"14310 Lake Forest Dr","Louisville","KY","40245"
46741,"520 Morningside Dr","Louisville","KY","40206"
46742,"5210 E Indian Trl","Louisville","KY","40218"
46743,"5816 Pine Mountain Dr","Louisville","KY","40214"
46744,"7106 Blazier Ct","Louisville","KY","40228"
46745,"1717 Devondale Dr","Louisville","KY","40222"
46746,"3146 Talisman Rd","Louisville","KY","40220"
46747,"2147 W Hill St","Louisville","KY","40210"
46748,"2026 Garland Ave","Louisville","KY","40210"
46749,"2800 Narragansett Dr","Louisville","KY","40210"
46750,"2318 Magazine St","Louisville","KY","40211"
46751,"6507 Green Manor Dr","Louisville","KY","40228"
46752,"724 Colorado Ave","Louisville","KY","40208"
46753,"7913 Canna Dr","Louisville","KY","40258"
46754,"3503 Franklin Ave","Louisville","KY","40213"
46755,"12211 Hideaway Ct","Louisville","KY","40245"
46756,"1006 S 45th St","Louisville","KY","40211"
46757,"217 Declaration Dr","Louisville","KY","40214"
46758,"118 S 46th St","Louisville","KY","40212"
46759,"1236 W Woodlawn Ave","Louisville","KY","40215"
46760,"15006 Galston Blvd","Louisville","KY","40272"
46761,"227 Claremont Ave","Louisville","KY","40206"
46762,"3802 Old Outer Loop","Louisville","KY","40219"
46763,"502 W Florence Ave","Louisville","KY","40215"
46764,"5404 Colonyridge Rd","Louisville","KY","40229"
46765,"1123 Markwell Ln","Louisville","KY","40219"
46766,"3604 Hycliffe Ave","Louisville","KY","40207"
46767,"9205 New Maple Rd","Louisville","KY","40229"
46768,"9206 New Maple Rd","Louisville","KY","40229"
46769,"10605 Seatonville Rd","Louisville","KY","40291"
46770,"4013 Alton Rd","Louisville","KY","40207"
46771,"3605 Templewood Dr","Louisville","KY","40219"
46772,"3904 Elgin Way","Louisville","KY","40216"
46773,"8408 Cloverport Dr","Louisville","KY","40228"
46774,"2013 Woodland Ave","Louisville","KY","40210"
46775,"335 S 43rd St","Louisville","KY","40212"
46776,"3410 Tuba Dr","Louisville","KY","40216"
46777,"5211 Yew Ln","Louisville","KY","40213"
46778,"5302 Sloane Ct","Louisville","KY","40291"
46779,"9518 Fairground Rd","Louisville","KY","40291"
46780,"9520 Fairground Rd","Louisville","KY","40291"
46781,"5304 Oakcreek Ln","Louisville","KY","40291"
46782,"9516 Fairground Rd","Louisville","KY","40291"
46783,"8901 Lantana Dr","Louisville","KY","40229"
46784,"1846 Nobel Pl","Louisville","KY","40216"
46785,"2501 Parkwood Rd","Louisville","KY","40214"
46786,"9515 Plumwood Rd","Louisville","KY","40291"
46787,"9314 Cloverwood Ln","Louisville","KY","40291"
46788,"7106 Nachand Ln","Louisville","KY","40218"
46789,"5810 Bucks Ln","Louisville","KY","40291"
46790,"5002 Fairwood Ln","Louisville","KY","40291"
46791,"3613 Norbourne Blvd","Louisville","KY","40207"
46792,"9514 Fairground Rd","Louisville","KY","40291"
46793,"3600 Cedarwood Way","Louisville","KY","40299"
46794,"6109 Cooper Chapel Rd","Louisville","KY","40229"
46795,"8208 Sandidge Dr","Louisville","KY","40228"
46796,"7022 Irewick Way","Louisville","KY","40272"
46797,"4107 Eden Ln","Louisville","KY","40216"
46798,"4638 Oak Pointe Dr","Louisville","KY","40245"
46799,"3813 Flowering Grove Ct","Louisville","KY","40241"
46800,"711 W Main St","Apt K","Louisville",
46801,"627 S 40th St","Louisville","KY","40211"
46802,"9512 Gateway Dr","Louisville","KY","40299"
46803,"4006 W Muhammad Ali Blvd","Louisville","KY","40212"
46804,"3006 Sherbrooke Rd","Louisville","KY","40205"
46805,"104 Eastbridge Ct","Louisville","KY","40223"
46806,"319 S Ewing Ave","Apt 5","Louisville",
46807,"2102 Farnsley Rd","Louisville","KY","40216"
46808,"8004 Kenhurst Dr","Louisville","KY","40258"
46809,"126 S 46th St","Louisville","KY","40212"
46810,"2851 Cleveland Blvd","Louisville","KY","40206"
46811,"4926 Determine Ln","Louisville","KY","40216"
46812,"4324 Charlotte Ann Dr","Louisville","KY","40216"
46813,"4009 Spring Forest Dr","Louisville","KY","40245"
46814,"9707 Lyric Ln","Louisville","KY","40299"
46815,"3002 Mcmahan Blvd","Louisville","KY","40220"
46816,"754 S Shelby St","Louisville","KY","40203"
46817,"4204 Edgin Ave","Louisville","KY","40216"
46818,"1302 Oxmoor Woods Pkwy","Louisville","KY","40222"
46819,"4178 Sherman Ave","Louisville","KY","40213"
46820,"664 S 40th St","Louisville","KY","40211"
46821,"1414 Lynnhurst Ave","Louisville","KY","40215"
46822,"3512 Algonquin Pkwy","Louisville","KY","40211"
46823,"127 E Tenny Ave","Louisville","KY","40214"
46824,"10247 Dodge Ln","Louisville","KY","40272"
46825,"10330 Amberwell Park Rd","Louisville","KY","40241"
46826,"8410 Saberdee Dr","Louisville","KY","40242"
46827,"12121 Belmont Park Cir","Louisville","KY","40243"
46828,"12109 Dixon Park Blvd","Louisville","KY","40299"
46829,"8403 Wisertown Rd","Louisville","KY","40214"
46830,"914 Minoma Ave","Louisville","KY","40217"
46831,"156 Cactus Ct","Louisville","KY","40229"
46832,"12206 Lucas Ln","Louisville","KY","40223"
46833,"2220 Parkwood Rd","Louisville","KY","40214"
46834,"1421 Rhonda Way","Louisville","KY","40216"
46835,"7201 Ivan Ct","Louisville","KY","40214"
46836,"2024 Marilee Dr","Louisville","KY","40272"
46837,"2725 Rockford Ln","Louisville","KY","40216"
46838,"3915 Napanee Rd","Louisville","KY","40207"
46839,"3222 Graystone Manor Pkwy","Louisville","KY","40241"
46840,"1257 Eastern Pkwy","Louisville","KY","40204"
46841,"713 Talon Pl","Louisville","KY","40223"
46842,"3324 Stratford Ave","Louisville","KY","40218"
46843,"6105 Oaknoll Dr","Louisville","KY","40219"
46844,"5208 Mount Marcy Rd","Louisville","KY","40216"
46845,"653 Locust Ln","Louisville","KY","40217"
46846,"3526 Saint Germaine Ct","Louisville","KY","40207"
46847,"2222 Fairland Ave","Louisville","KY","40218"
46848,"4320 Dover Rd","Louisville","KY","40216"
46849,"7702 Arnoldtown Rd","Louisville","KY","40214"
46850,"1628 Sutherland Dr","Louisville","KY","40205"
46851,"3705 Ethel Ave","Louisville","KY","40218"
46852,"302 S 43rd St","Louisville","KY","40212"
46853,"7302 Wimstock Ave","Louisville","KY","40272"
46854,"9 Grand Avenue Ct","Louisville","KY","40211"
46855,"6107 Kirkwood Ct","Louisville","KY","40229"
46856,"4901 Honeylore Ct","Louisville","KY","40241"
46857,"11904 Wetherby Ave","Louisville","KY","40243"
46858,"4407 Malcolm Rd","Louisville","KY","40216"
46859,"648 S 41st St","Louisville","KY","40211"
46860,"1686 Harold Ave","Louisville","KY","40210"
46861,"4846 S 6th St","Louisville","KY","40214"
46862,"8700 Summertree Ln","Louisville","KY","40291"
46863,"2205 Mahan Dr","Louisville","KY","40299"
46864,"3135 Redbud Ln","Louisville","KY","40220"
46865,"1117 Lake Bluff Cir","Louisville","KY","40245"
46866,"5004 Rossmoor Dr","Louisville","KY","40219"
46867,"202 Choctaw Rd","Louisville","KY","40207"
46868,"2750 Lexington Rd","Louisville","KY","40206"
46869,"14006 Spring Mill Rd","Louisville","KY","40245"
46870,"4511 Mud Ln","Louisville","KY","40229"
46871,"702 Greenvalley Cir","Louisville","KY","40243"
46872,"7310 Keisler Way","Louisville","KY","40222"
46873,"8912 Acushnet Rd","Louisville","KY","40242"
46874,"8922 Lippincott Rd","Louisville","KY","40222"
46875,"8216 Limehouse Ln","Louisville","KY","40220"
46876,"12404 Bethany Oaks Pkwy","Louisville","KY","40272"
46877,"6302 River Forest Dr","Louisville","KY","40258"
46878,"408 N 38th St","Louisville","KY","40212"
46879,"9819 Saturn Dr","Louisville","KY","40229"
46880,"4617 Greenwood Ave","Louisville","KY","40211"
46881,"11710 Cedardale Rd","Louisville","KY","40223"
46882,"8607 Whipps Mill Rd","Louisville","KY","40222"
46883,"3514 Schaffner Dr","Louisville","KY","40216"
46884,"3805 Britt Ln","Louisville","KY","40219"
46885,"6913 Moorewick Way","Louisville","KY","40272"
46886,"443 Lightfoot Rd","Louisville","KY","40207"
46887,"9901 Melissa Dr","Louisville","KY","40223"
46888,"1024 Lampton St","Louisville","KY","40204"
46889,"2118 W Ormsby Ave","Louisville","KY","40210"
46890,"2305 Magazine St","Louisville","KY","40211"
46891,"934 Mckinley Ave","Louisville","KY","40217"
46892,"1019 Berry Blvd","Louisville","KY","40215"
46893,"3914 Therina Way","Louisville","KY","40241"
46894,"4601 Fegenbush Ln","Louisville","KY","40228"
46895,"4642 Oak Pointe Dr","Louisville","KY","40245"
46896,"1005 Cannons Ln","Louisville","KY","40207"
46897,"6206 Chenoweth Run Rd","Louisville","KY","40299"
46898,"4726 Ferrer Way","Louisville","KY","40299"
46899,"149 Ledgewood Ct","Louisville","KY","40229"
46900,"4802 Hunters Point Cir","Louisville","KY","40216"
46901,"1972 Goldsmith Ln","Apt 6","Louisville",
46902,"3308 Stratford Ave","Louisville","KY","40218"
46903,"3737 Penway Ave","Louisville","KY","40211"
46904,"4886 Brenda Dr","Louisville","KY","40219"
46905,"5103 Fairwood Ln","Louisville","KY","40291"
46906,"903 Ambridge Dr","Louisville","KY","40207"
46907,"141 Summers Dr","Louisville","KY","40229"
46908,"110 Willow Stone Way","Louisville","KY","40223"
46909,"1929 Lowell Ave","Louisville","KY","40205"
46910,"6909 Roseborough Ct","Louisville","KY","40228"
46911,"2005 Newmarket Dr","Louisville","KY","40222"
46912,"3211 Hikes Ln","Louisville","KY","40220"
46913,"4006 Heatherview Rd","Louisville","KY","40218"
46914,"150 Pope St","Louisville","KY","40206"
46915,"1402 Thornberry Ave","Louisville","KY","40215"
46916,"1513 Woodluck Ave","Louisville","KY","40205"
46917,"33 Hill Rd","Louisville","KY","40204"
46918,"17 Welby Rd","Louisville","KY","40216"
46919,"2313 Parkwood Rd","Louisville","KY","40214"
46920,"6907 Beard Ct","Louisville","KY","40228"
46921,"1822 W Madison St","Louisville","KY","40203"
46922,"513 School Way","Louisville","KY","40214"
46923,"426 Sprite Rd","Apt 3","Louisville",
46924,"505 Falkirk Ct","Louisville","KY","40243"
46925,"5602 Southland Blvd","Louisville","KY","40214"
46926,"3013 Kaye Lawn Dr","Louisville","KY","40220"
46927,"10902 Hollyview Ct","Louisville","KY","40299"
46928,"8414 Acme Way","Louisville","KY","40219"
46929,"2221 Fort St","Louisville","KY","40217"
46930,"7419 Greenlawn Rd","Louisville","KY","40222"
46931,"3823 Sunrise Way","Louisville","KY","40220"
46932,"3919 Glen Oak Dr","Louisville","KY","40218"
46933,"2214 Landan Dr","Louisville","KY","40218"
46934,"1123 Sylvia St","Louisville","KY","40217"
46935,"8307 Petra Ct","Louisville","KY","40219"
46936,"321 Piatt Pl","Unit 206","Louisville",
46937,"636 Cobblestone Sq","Louisville","KY","40223"
46938,"6408 Linstead Rd","Louisville","KY","40228"
46939,"3807 Britt Ln","Louisville","KY","40219"
46940,"8201 Camberley Dr","Louisville","KY","40222"
46941,"1685 Cheak St","Louisville","KY","40213"
46942,"8027 Aspen Green Ln","Louisville","KY","40291"
46943,"2339 Magazine St","Louisville","KY","40211"
46944,"800 S 40th St","Louisville","KY","40211"
46945,"2120 Algonquin Pkwy","Louisville","KY","40210"
46946,"2341 W Chestnut St","Louisville","KY","40211"
46947,"5402 Sir Barton Dr","Louisville","KY","40272"
46948,"2513 Talbott Ave","Louisville","KY","40205"
46949,"9504 Palladio Ct","Louisville","KY","40299"
46950,"8101 Stonyrun Ct","Louisville","KY","40220"
46951,"3600 W Jefferson St","Louisville","KY","40212"
46952,"1029 Dixon Ave","Louisville","KY","40217"
46953,"522 Gheens Ave","Louisville","KY","40214"
46954,"163 Robin Rd","Louisville","KY","40229"
46955,"4108 Kurtz Ave","Louisville","KY","40229"
46956,"4805 Greymoor Ct","Louisville","KY","40229"
46957,"221 N Hubbards Ln","Louisville","KY","40207"
46958,"307 New England Ct","Louisville","KY","40214"
46959,"8404 Fox Ridge Ct","Louisville","KY","40272"
46960,"5334 Stephan Dr","Louisville","KY","40258"
46961,"2101 Millside Dr","Louisville","KY","40223"
46962,"322 Hillcrest Ave","Louisville","KY","40206"
46963,"305 Oread Rd","Louisville","KY","40207"
46964,"3005 Bunker Hill Dr","Louisville","KY","40205"
46965,"8815 Lakeridge Dr","Louisville","KY","40272"
46966,"5405 Gaskin Ct","Louisville","KY","40229"
46967,"9023 Split Willow Dr","Louisville","KY","40214"
46968,"4510 Taylor Blvd","Louisville","KY","40215"
46969,"3716 Iron Horse Way","Louisville","KY","40272"
46970,"8106 Carnes Dr","Louisville","KY","40219"
46971,"5321 Haventree Pl","Louisville","KY","40229"
46972,"2218 Hawthorne Ave","Louisville","KY","40205"
46973,"2357 Valley Vista Rd","Louisville","KY","40205"
46974,"2704 Wendell Ave","Louisville","KY","40205"
46975,"447 S 32nd St","Louisville","KY","40212"
46976,"5504 Sterling Dr","Louisville","KY","40216"
46977,"10012 Normie Ln","Louisville","KY","40229"
46978,"418 Mockingbird Hill Rd","Louisville","KY","40207"
46979,"7706 Trillium Dr","Louisville","KY","40258"
46980,"8116 Cloudcroft Ln","Louisville","KY","40220"
46981,"1404 S 6th St","Louisville","KY","40208"
46982,"6316 Leisure Ln","Louisville","KY","40229"
46983,"1617 Arcade Ave","Louisville","KY","40215"
46984,"7616 Greenlawn Rd","Louisville","KY","40242"
46985,"4105 Sunset Ave","Louisville","KY","40211"
46986,"617 Ervay Ave","Louisville","KY","40217"
46987,"1882 Ivanhoe Ct","Louisville","KY","40205"
46988,"503 Meadowbrook Ct","Louisville","KY","40214"
46989,"8710 Loch Lea Ln","Louisville","KY","40299"
46990,"3806 Sunrise Way","Louisville","KY","40220"
46991,"5516 Hidden Rd","Louisville","KY","40291"
46992,"4328 Naneen Dr","Louisville","KY","40216"
46993,"204 Bramton Rd","Louisville","KY","40207"
46994,"11711 Halifax Dr","Louisville","KY","40245"
46995,"6623 Lunar Dr","Louisville","KY","40258"
46996,"2925 Pomeroy Dr","Louisville","KY","40218"
46997,"2300 Merrick Rd","Louisville","KY","40207"
46998,"4422 Taylor Blvd","Louisville","KY","40215"
46999,"1103 Juniper Springs Dr","Louisville","KY","40242"
47000,"4921 Unseld Blvd","Louisville","KY","40218"
47001,"2816 Shannon Dr","Louisville","KY","40220"
47002,"1824 Greenwood Ave","Louisville","KY","40210"
47003,"266 Leland Ct","Apt 1","Louisville",
47004,"1500 Sharon Dr","Louisville","KY","40216"
47005,"89 Valley Rd","Louisville","KY","40204"
47006,"1900 Dorothy Ave","Louisville","KY","40205"
47007,"4651 Cane Run Rd","Louisville","KY","40216"
47008,"3100 Woodland Ave","Louisville","KY","40211"
47009,"5400 Southside Dr","Louisville","KY","40214"
47010,"1544 Rangeland Rd","Louisville","KY","40219"
47011,"3007 Wayne Rd","Louisville","KY","40216"
47012,"8803 Timberline Dr","Louisville","KY","40291"
47013,"7907 Brownsboro Rd","Louisville","KY","40241"
47014,"8516 Mingo Ct","Louisville","KY","40220"
47015,"8412 Cloverport Dr","Louisville","KY","40228"
47016,"13113 Lavenia Ln","Louisville","KY","40272"
47017,"1301 Bernheim Ln","Louisville","KY","40210"
47018,"4203 Winnrose Way","Louisville","KY","40211"
47019,"2405 Parliament Ct","Louisville","KY","40272"
47020,"1807 Flagstaff Ct","Louisville","KY","40223"
47021,"10202 Statia Lynn Ct","Louisville","KY","40223"
47022,"8805 Shelbyville Rd","Louisville","KY","40222"
47023,"10304 Southern Meadows Dr","Apt 103","Louisville",
47024,"4743 Walnut Grove Ave","Louisville","KY","40216"
47025,"8600 Birch Ct","Louisville","KY","40242"
47026,"3101 Rosedale Blvd","Louisville","KY","40220"
47027,"3135 Radiance Rd","Louisville","KY","40220"
47028,"3613 Stanton Blvd","Louisville","KY","40220"
47029,"3521 Mayo Dr","Louisville","KY","40218"
47030,"3614 Dell Rd","Louisville","KY","40299"
47031,"5900 Apache Rd","Louisville","KY","40207"
47032,"7603 Charron Rd","Louisville","KY","40220"
47033,"10008 Foxboro Dr","Louisville","KY","40223"
47034,"5222 Mount Holyoke Dr","Louisville","KY","40216"
47035,"7723 Nalan Dr","Louisville","KY","40291"
47036,"4703 Fairway Pointe Ct","Louisville","KY","40241"
47037,"12000 Lavenia Ln","Louisville","KY","40272"
47038,"4120 Dellridge Dr","Louisville","KY","40207"
47039,"5814 Hornbeam Ln","Louisville","KY","40258"
47040,"7418 Tom Joe Dr","Louisville","KY","40242"
47041,"12229 Somerset Dr","Louisville","KY","40229"
47042,"2422 Ashwood Dr","Louisville","KY","40205"
47043,"500 Spring House Ln","Louisville","KY","40229"
47044,"8515 Pennsylvania Run Rd","Louisville","KY","40228"
47045,"2303 Cherokee Pkwy","Louisville","KY","40204"
47046,"1009 Johnson Rd","Louisville","KY","40245"
47047,"2915 Montgomery St","Louisville","KY","40212"
47048,"4407 Virginia Ave","Louisville","KY","40211"
47049,"8015 Woodbury Dr","Louisville","KY","40219"
47050,"7212 Old North Church Rd","Louisville","KY","40214"
47051,"6002 Robinhood Ln","Louisville","KY","40219"
47052,"8718 Chase Tayler Pl","Louisville","KY","40299"
47053,"5521 Delmaria Way","Louisville","KY","40291"
47054,"3413 Pinecroft Dr","Louisville","KY","40219"
47055,"3003 Beaumont Rd","Louisville","KY","40205"
47056,"2325 Cherokee Pkwy","Louisville","KY","40204"
47057,"2923 Portland Ave","Louisville","KY","40212"
47058,"13502 Squire Springs Ct","Louisville","KY","40245"
47059,"4517 Lincoln Rd","Louisville","KY","40220"
47060,"8704 Windsor View Dr","Louisville","KY","40272"
47061,"118 Chestnut Glen Dr","Louisville","KY","40245"
47062,"11 Cardwell Way","Louisville","KY","40220"
47063,"1817 Chaucer Ct","Louisville","KY","40220"
47064,"2538 Rowan St","Louisville","KY","40212"
47065,"103 Dr W J Hodge St","Louisville","KY","40203"
47066,"8500 Ambrosse Ln","Unit 207","Louisville",
47067,"1125 Red Fox Rd","Louisville","KY","40205"
47068,"3044 Wickland Rd","Louisville","KY","40205"
47069,"14407 Lake Forest Dr","Louisville","KY","40245"
47070,"7110 Kentucky Ave","Louisville","KY","40258"
47071,"4807 Fairway Pointe Ct","Louisville","KY","40241"
47072,"7301 Keisler Way","Louisville","KY","40222"
47073,"12204 Old Shelbyville Rd","Louisville","KY","40243"
47074,"2012 Maryland Ave","Louisville","KY","40205"
47075,"6910 Shibley Ave","Louisville","KY","40291"
47076,"3306 Wessel Rd","Louisville","KY","40216"
47077,"1577 Parsons Pl","Apt 1","Louisville",
47078,"1209 Abbeywood Rd","Louisville","KY","40222"
47079,"627 Park Ave","Louisville","KY","40208"
47080,"6805 Homestead Dr","Louisville","KY","40214"
47081,"1308 Crosstimbers Dr","Louisville","KY","40245"
47082,"203 Beckley Woods Dr","Louisville","KY","40245"
47083,"4407 Haney Way","Louisville","KY","40272"
47084,"5615 Mount Washington Rd","Louisville","KY","40229"
47085,"10718 Eagle Ridge Pl","Louisville","KY","40223"
47086,"9209 Eupora Ct","Louisville","KY","40299"
47087,"322 N 18th St","Louisville","KY","40203"
47088,"5511 Halstead Ave","Louisville","KY","40213"
47089,"330 Northwestern Pkwy","Louisville","KY","40212"
47090,"5501 Southern Pkwy","Louisville","KY","40214"
47091,"9213 Lantana Dr","Louisville","KY","40229"
47092,"1311 Highland Ave","Louisville","KY","40204"
47093,"10004 Bentford Dr","Louisville","KY","40272"
47094,"4516 E Pages Ln","Louisville","KY","40272"
47095,"11005 Vantage View Ct","Louisville","KY","40299"
47096,"1401 Hepburn Ave","Louisville","KY","40204"
47097,"2713 Tregaron Ave","Louisville","KY","40299"
47098,"1426 S 32nd St","Louisville","KY","40211"
47099,"9115 Maiden Ct","Louisville","KY","40229"
47100,"5515 Maco Ln","Louisville","KY","40219"
47101,"2308 Darrell Dr","Louisville","KY","40216"
47102,"1712 W Madison St","Louisville","KY","40203"
47103,"30 River Hill Rd","Louisville","KY","40207"
47104,"2407 7th Street Rd","Louisville","KY","40208"
47105,"4119 Bubbling Over Dr","Louisville","KY","40216"
47106,"352 Plaza Ave","Louisville","KY","40218"
47107,"1721 Yale Dr","Louisville","KY","40205"
47108,"604 Wardshire Pl","Louisville","KY","40223"
47109,"1516 Vivian Ln","Louisville","KY","40205"
47110,"2003 Winston Ave","Louisville","KY","40205"
47111,"723 Denmark St","Louisville","KY","40215"
47112,"706 E Oak St","Louisville","KY","40203"
47113,"10203 Blue Creek Dr","Louisville","KY","40229"
47114,"9805 Rowntree Rd","Louisville","KY","40299"
47115,"1702 Adelia Ave","Louisville","KY","40210"
47116,"3608 W Market St","Louisville","KY","40212"
47117,"1904 Claremoor Dr","Louisville","KY","40223"
47118,"6118 Chambers Way","Louisville","KY","40229"
47119,"10312 Moonlight Way","Louisville","KY","40272"
47120,"6307 Greenview Dr","Louisville","KY","40216"
47121,"7105 Wesboro Rd","Louisville","KY","40222"
47122,"835 Clarks Ln","Louisville","KY","40217"
47123,"5915 Bay Pine Dr","Louisville","KY","40219"
47124,"329 N 44th St","Louisville","KY","40212"
47125,"1867 Kendall Ln","Louisville","KY","40216"
47126,"6907 Oakview Ct","Louisville","KY","40291"
47127,"5522 Innwood Dr","Louisville","KY","40214"
47128,"2136 Woodbourne Ave","Louisville","KY","40205"
47129,"6702 Silver Fox Ct","Louisville","KY","40291"
47130,"2908 Swope Rd","Louisville","KY","40241"
47131,"215 Inverness Ave","Louisville","KY","40214"
47132,"6215 Moorhaven Dr","Louisville","KY","40228"
47133,"10524 Pinoak View Dr","Louisville","KY","40299"
47134,"8400 Acme Way","Louisville","KY","40219"
47135,"2510 Manchester Rd","Louisville","KY","40205"
47136,"10906 Alloway Ct","Louisville","KY","40243"
47137,"6202 River Forest Dr","Louisville","KY","40258"
47138,"2815 Utah Ave","Louisville","KY","40208"
47139,"2322 W Madison St","Louisville","KY","40211"
47140,"10418 Sterling Springs Rd","Louisville","KY","40223"
47141,"737 Algonquin Pkwy","Louisville","KY","40208"
47142,"675 S 44th St","Louisville","KY","40211"
47143,"209 Gibson Rd","Louisville","KY","40207"
47144,"2704 Crums Ln","Louisville","KY","40216"
47145,"706 Lake Forest Pkwy","Louisville","KY","40245"
47146,"17003 Camberwell Ct","Louisville","KY","40245"
47147,"1614 Deerwood Ave","Louisville","KY","40205"
47148,"1608 Bonnycastle Ave","Louisville","KY","40205"
47149,"500 Valley College Dr","Louisville","KY","40272"
47150,"3308 Gatecreek Rd","Louisville","KY","40272"
47151,"5611 Wooded Lake Dr","Louisville","KY","40299"
47152,"111 Wickfield Dr","Louisville","KY","40245"
47153,"7324 Windemere Dr","Louisville","KY","40214"
47154,"1107 Ambridge Dr","Louisville","KY","40207"
47155,"4520 Wolfcreek Pkwy","Louisville","KY","40241"
47156,"12101 Belmont Park Cir","Louisville","KY","40243"
47157,"324 Biltmore Rd","Louisville","KY","40207"
47158,"10201 Springside Pl","Louisville","KY","40223"
47159,"7905 Crest Way","Louisville","KY","40219"
47160,"2620 Tregaron Ave","Louisville","KY","40299"
47161,"6303 Nigel Dr","Louisville","KY","40216"
47162,"13209 Meadowlawn Dr","Louisville","KY","40272"
47163,"14118 Beckley Trce","Louisville","KY","40245"
47164,"7910 Poinsettia Dr","Louisville","KY","40258"
47165,"4309 Raven Ridge Dr","Louisville","KY","40216"
47166,"201 Marshall Dr","Louisville","KY","40207"
47167,"6811 Montecito Ln","Louisville","KY","40291"
47168,"213 N 35th St","Louisville","KY","40212"
47169,"1719 Wickham Way","Louisville","KY","40223"
47170,"629 Park Ave","Louisville","KY","40208"
47171,"9910 Arterburn Woods Dr","Louisville","KY","40223"
47172,"2514 Martin Ave","Louisville","KY","40216"
47173,"1301 Bent Willow Ln","Louisville","KY","40214"
47174,"5108 Rookwood Ave","Louisville","KY","40218"
47175,"8003 Woodfern Way","Louisville","KY","40291"
47176,"5215 Rollingwood Trl","Louisville","KY","40214"
47177,"1422 Sylvan Way","Louisville","KY","40205"
47178,"2110 W Kentucky St","Louisville","KY","40210"
47179,"10507 Kovats Ct","Louisville","KY","40223"
47180,"908 Beecher St","Louisville","KY","40215"
47181,"2223 Wrocklage Ave","Louisville","KY","40205"
47182,"3008 Bobolink Rd","Louisville","KY","40217"
47183,"2801 Dandor Rd","Louisville","KY","40220"
47184,"2919 S 5th St","Louisville","KY","40208"
47185,"3100 Vogue Ave","Louisville","KY","40220"
47186,"511 Indian Ridge Rd","Louisville","KY","40207"
47187,"8605 Shelbyville Rd","Apt 211","Louisville",
47188,"2401 Sir Johns Ct","Louisville","KY","40220"
47189,"8711 Lantern Lite Pkwy","Louisville","KY","40220"
47190,"6004 Paula Marie Pl","Louisville","KY","40291"
47191,"2128 Maryland Ave","Louisville","KY","40205"
47192,"6805 Green Manor Dr","Louisville","KY","40228"
47193,"2017 Dubourg Ave","Louisville","KY","40216"
47194,"8439 Robbins Rd","Louisville","KY","40258"
47195,"6728 Leverett Ln","Louisville","KY","40258"
47196,"802 S 35th St","Louisville","KY","40211"
47197,"7010 Brook Bend Way","Louisville","KY","40229"
47198,"212 Logsdon Ct","Louisville","KY","40243"
47199,"3925 S 2nd St","Louisville","KY","40214"
47200,"4327 Meadowbend Way","Louisville","KY","40218"
47201,"109 E Southern Heights Ave","Louisville","KY","40214"
47202,"2027 S Shelby St","Louisville","KY","40217"
47203,"13303 Eastgate Village Dr","Louisville","KY","40223"
47204,"10617 Hite Creek Rd","Louisville","KY","40241"
47205,"6214 Helenjean Way","Louisville","KY","40272"
47206,"5516 Shorewood Dr","Louisville","KY","40214"
47207,"5100 Green Cove Cir","Louisville","KY","40218"
47208,"7807 Ridgehurst Pl","Louisville","KY","40299"
47209,"9403 Fairground Rd","Louisville","KY","40291"
47210,"6709 Sycamore Woods Dr","Louisville","KY","40241"
47211,"1824 Millgate Rd","Louisville","KY","40223"
47212,"11104 Coventry Greens Dr","Louisville","KY","40241"
47213,"9611 Farmstead Ln","Louisville","KY","40291"
47214,"4106 Woods View Pl","Louisville","KY","40245"
47215,"1844 Deerwood Ave","Louisville","KY","40205"
47216,"7115 Manslick Rd","Louisville","KY","40214"
47217,"3013 Talisman Rd","Louisville","KY","40220"
47218,"10406 Monticello Forest Cir","Louisville","KY","40299"
47219,"4816 Nottinghamshire Dr","Louisville","KY","40299"
47220,"11602 Kings Ln","Louisville","KY","40243"
47221,"2605 Ballad Blvd","Louisville","KY","40299"
47222,"6209 River Forest Dr","Louisville","KY","40258"
47223,"6712 Barfield Rd","Louisville","KY","40258"
47224,"8233 Eagle Creek Dr","Louisville","KY","40222"
47225,"2623 Meadow Rd","Louisville","KY","40205"
47226,"2608 Kennersley Dr","Louisville","KY","40242"
47227,"7500 Mallard Dr","Louisville","KY","40258"
47228,"315 Beckley Woods Dr","Louisville","KY","40245"
47229,"3 Woodhill Rd","Louisville","KY","40207"
47230,"8804 Lantern Lite Pkwy","Louisville","KY","40220"
47231,"922 S 39th St","Louisville","KY","40211"
47232,"3006 Galleon Dr","Louisville","KY","40220"
47233,"4016 Spring Mill Pl","Louisville","KY","40245"
47234,"4309 Lakelet Way","Louisville","KY","40299"
47235,"10403 Trotters Pointe Dr","Apt 201","Louisville",
47236,"1926 Cypress St","Louisville","KY","40210"
47237,"4111 Norene Ln","Louisville","KY","40219"
47238,"111 S 19th St","Louisville","KY","40203"
47239,"812 Auburn Oaks Dr","Louisville","KY","40214"
47240,"3408 Lightfoot Ct","Louisville","KY","40207"
47241,"8300 Eagle Creek Dr","Louisville","KY","40222"
47242,"2515 Gardiner Ln","Louisville","KY","40205"
47243,"10406 Livingston Gilbert Ct","Louisville","KY","40223"
47244,"1335 Mchenry St","Louisville","KY","40217"
47245,"7090 Wildwood Cir","Apt 37","Louisville",
47246,"1019 Clay Ave","Louisville","KY","40219"
47247,"1919 Farrington Dr","Louisville","KY","40216"
47248,"501 Finchley Ct","Louisville","KY","40243"
47249,"10111 Park Lake Dr","Louisville","KY","40229"
47250,"4563 Greymont Dr","Louisville","KY","40229"
47251,"213 Fairfax Ave","Apt 9","Louisville",
47252,"5901 Noah Dr","Louisville","KY","40258"
47253,"5501 Chestnutwood Way","Louisville","KY","40272"
47254,"1028 Cherokee Rd","Apt 4","Louisville",
47255,"1926 Goldsmith Ln","Unit 85","Louisville",
47256,"271 Spring Lake Ct","Louisville","KY","40229"
47257,"3012 Parkstone Ct","Louisville","KY","40241"
47258,"9802 Hofelich Ln","Louisville","KY","40291"
47259,"3539 Ramona Ave","Louisville","KY","40220"
47260,"14418 Micawber Way","Louisville","KY","40245"
47261,"13302 Meadowlawn Dr","Louisville","KY","40272"
47262,"10308 Mary Dell Ln","Louisville","KY","40299"
47263,"3906 Keal Run Way","Louisville","KY","40241"
47264,"11802 Poplarwood Dr","Louisville","KY","40272"
47265,"3312 E Indian Trl","Louisville","KY","40213"
47266,"8314 Huntsman Trl","Louisville","KY","40291"
47267,"10303 Old Altar Ct","Louisville","KY","40291"
47268,"9504 Blue Ribbon Ct","Louisville","KY","40291"
47269,"1413 Cadet Ct","Louisville","KY","40222"
47270,"12512 Saint Clair Dr","Louisville","KY","40243"
47271,"1217 Fruitful Ct","Louisville","KY","40214"
47272,"497 Kinglan Rd","Louisville","KY","40207"
47273,"4115 Blossomwood Dr","Louisville","KY","40220"
47274,"8911 Lethborough Dr","Louisville","KY","40299"
47275,"4314 Dover Rd","Louisville","KY","40216"
47276,"8705 Fernview Dr","Louisville","KY","40291"
47277,"1711 Griffin Gate Rd","Louisville","KY","40205"
47278,"118 S Arbor Park","Louisville","KY","40214"
47279,"335 Norbourne Blvd","Louisville","KY","40207"
47280,"8213 Glimmer Way","Louisville","KY","40214"
47281,"4801 Mile Of Sunshine Dr","Louisville","KY","40219"
47282,"14201 Markleham Way","Louisville","KY","40245"
47283,"11604 Sun Dial Ct","Louisville","KY","40272"
47284,"1034 Clayborne Rd","Louisville","KY","40214"
47285,"1810 Allston Ave","Louisville","KY","40210"
47286,"5211 Green Cove Cir","Louisville","KY","40218"
47287,"4502 Lido Ct","Louisville","KY","40219"
47288,"3506 Waterleaf Ct","Louisville","KY","40207"
47289,"10405 Trotters Pointe Dr","Apt 203","Louisville",
47290,"1091 Springview Dr","Louisville","KY","40219"
47291,"4622 Springdale Ct","Louisville","KY","40229"
47292,"3419 Warner Ave","Louisville","KY","40207"
47293,"811 Weller Ave","Louisville","KY","40208"
47294,"2843 Bexley Ct","Louisville","KY","40206"
47295,"3015 Wellbrooke Rd","Louisville","KY","40205"
47296,"7613 Mackie Ln","Louisville","KY","40214"
47297,"10401 Going Ct","Louisville","KY","40241"
47298,"6114 Whispering Hills Blvd","Louisville","KY","40219"
47299,"10604 Charleswood Rd","Louisville","KY","40229"
47300,"327 Cannons Ln","Louisville","KY","40206"
47301,"1315 Lacona Ln","Louisville","KY","40213"
47302,"3707 Wooded Springs Ct","Louisville","KY","40245"
47303,"414 Mockingbird Hill Rd","Louisville","KY","40207"
47304,"3722 Canoe Ln","Louisville","KY","40207"
47305,"10304 Southern Meadows Dr","Apt 202","Louisville",
47306,"3300 Frontier Trl","Louisville","KY","40220"
47307,"5710 Jeanine Dr","Louisville","KY","40219"
47308,"2215 Sycamore Ave","Louisville","KY","40206"
47309,"8117 Sycamore Creek Dr","Louisville","KY","40222"
47310,"3316 Endeavor Way","Louisville","KY","40219"
47311,"904 Delor Ave","Louisville","KY","40217"
47312,"201 N 46th St","Louisville","KY","40212"
47313,"4000 Fairfield Gardens Ct","Louisville","KY","40245"
47314,"4900 Honeylore Ct","Louisville","KY","40241"
47315,"10721 Eagle Ridge Pl","Louisville","KY","40223"
47316,"7909 Daffodil Dr","Louisville","KY","40258"
47317,"2412 Concord Dr","Louisville","KY","40217"
47318,"9408 Burgoo King Rd","Louisville","KY","40272"
47319,"8705 Mount Eastes Ln","Louisville","KY","40291"
47320,"4310 S Church Way","Louisville","KY","40207"
47321,"8904 El Morro Ct","Louisville","KY","40299"
47322,"4411 Broadleaf Dr","Louisville","KY","40216"
47323,"915 Thruston Dr","Louisville","KY","40217"
47324,"4104 Woodgate Ln","Louisville","KY","40220"
47325,"1338 Hemlock St","Louisville","KY","40211"
47326,"751 Blossom Rd","Louisville","KY","40229"
47327,"904 S 45th St","Louisville","KY","40211"
47328,"4003 Spring Mill Pl","Louisville","KY","40245"
47329,"8203 Laurel Grove Ct","Louisville","KY","40228"
47330,"615 Sunnygate Pl","Louisville","KY","40223"
47331,"7507 Tempsclair Rd","Louisville","KY","40220"
47332,"3731 Parthenia Ave","Louisville","KY","40215"
47333,"7307 Rambo Way","Louisville","KY","40228"
47334,"729 Winding Oaks Trl","Louisville","KY","40223"
47335,"148 Orchid Ct","Louisville","KY","40229"
47336,"10210 Eve Dr","Louisville","KY","40272"
47337,"3301 Carson Way","Louisville","KY","40205"
47338,"10903 Bardstown Woods Ct","Louisville","KY","40291"
47339,"11420 Cassidy Ln","Louisville","KY","40229"
47340,"8512 Nottingham Pkwy","Louisville","KY","40222"
47341,"1415 Thornberry Ave","Louisville","KY","40215"
47342,"732 S 43rd St","Louisville","KY","40211"
47343,"6719 Pendleton Rd","Louisville","KY","40272"
47344,"3243 Radiance Rd","Louisville","KY","40220"
47345,"316 N 18th St","Louisville","KY","40203"
47346,"10902 Foxgate Ct","Louisville","KY","40223"
47347,"1820 Lauderdale Rd","Louisville","KY","40205"
47348,"6708 Aron Rd","Louisville","KY","40258"
47349,"11706 Peyote Pl","Louisville","KY","40299"
47350,"5115 Maryview Dr","Louisville","KY","40216"
47351,"2845 Klondike Ln","Louisville","KY","40218"
47352,"2018 Rowan St","Louisville","KY","40203"
47353,"4307 Blue Sky Ct","Louisville","KY","40216"
47354,"1402 Eagle Run Dr","Louisville","KY","40222"
47355,"3705 Fairway Ln","Louisville","KY","40207"
47356,"1019 Carlisle Ave","Louisville","KY","40215"
47357,"4604 Southcrest Dr","Louisville","KY","40215"
47358,"2118 Baringer Ave","Louisville","KY","40204"
47359,"10405 Sandbourne Way","Louisville","KY","40241"
47360,"1429 Valley Dr","Louisville","KY","40213"
47361,"12615 Bay Arbor Pl","Louisville","KY","40245"
47362,"3817 Algonquin Pkwy","Louisville","KY","40211"
47363,"521 Zorn Ave","Apt B2","Louisville",
47364,"8531 Glaser Ln","Louisville","KY","40291"
47365,"2821 Hoock Ave","Louisville","KY","40205"
47366,"1711 Cimmaron Trl","Louisville","KY","40223"
47367,"1833 Speed Ave","Louisville","KY","40205"
47368,"203 Merriman Rd","Louisville","KY","40207"
47369,"2138 Woodbourne Ave","Louisville","KY","40205"
47370,"6505 Delton Rd","Louisville","KY","40258"
47371,"9810 Seville Dr","Louisville","KY","40272"
47372,"11416 Cassidy Ln","Louisville","KY","40229"
47373,"5013 Mile Of Sunshine Dr","Louisville","KY","40219"
47374,"9401 Minute Men Ct","Louisville","KY","40214"
47375,"7804 Manslick Rd","Louisville","KY","40214"
47376,"3802 Buglewood Pl","Louisville","KY","40245"
47377,"9923 White Blossom Blvd","Louisville","KY","40241"
47378,"4902 Hazelwood Ave","Louisville","KY","40214"
47379,"339 Mockingbird Valley Rd","Louisville","KY","40207"
47380,"203 N Watterson Trl","Louisville","KY","40243"
47381,"3209 Glenstone Ct","Louisville","KY","40220"
47382,"6 Sterling Rd","Louisville","KY","40220"
47383,"10809 Waycross Ave","Louisville","KY","40229"
47384,"4911 Shasta Trl","Louisville","KY","40218"
47385,"9009 John Paul Ct","Louisville","KY","40229"
47386,"123 Colonial Dr","Louisville","KY","40207"
47387,"4202 Stone Lakes Dr","Louisville","KY","40299"
47388,"3410 Pemaquid Rd","Louisville","KY","40218"
47389,"2811 Park Brook Ln","Louisville","KY","40213"
47390,"2536 Trevilian Way","Louisville","KY","40205"
47391,"2028 Boulevard","Napoleon","Louisville",
47392,"9107 La Grange Rd","Louisville","KY","40242"
47393,"2513 Alanmede Rd","Louisville","KY","40205"
47394,"8303 Olive Hill Ct","Louisville","KY","40228"
47395,"4832 Brenda Dr","Louisville","KY","40219"
47396,"208 Coralberry Rd","Louisville","KY","40207"
47397,"2315 Stannye Dr","Louisville","KY","40222"
47398,"2303 Garrs Ln","Louisville","KY","40216"
47399,"9310 Le Beau Ct","Louisville","KY","40299"
47400,"3510 Allison Way","Louisville","KY","40220"
47401,"2705 Cedar St","Louisville","KY","40212"
47402,"619 Dresden Ave","Louisville","KY","40215"
47403,"4906 S Watterson Trl","Louisville","KY","40291"
47404,"802 Southwestern Pkwy","Louisville","KY","40211"
47405,"101 Eastbridge Ct","Louisville","KY","40223"
47406,"4318 Vermont Ave","Louisville","KY","40211"
47407,"614 Louis Coleman Jr Dr","Louisville","KY","40211"
47408,"3202 Vale Wood Ct","Louisville","KY","40220"
47409,"2169 Strathmoor Blvd","Louisville","KY","40205"
47410,"11108 Benson Ln","Louisville","KY","40272"
47411,"209 S 43rd St","Louisville","KY","40212"
47412,"4905 Honeylore Ct","Louisville","KY","40241"
47413,"3661 Nichols Meadow Cir","Louisville","KY","40215"
47414,"7908 Kenhurst Dr","Louisville","KY","40258"
47415,"4915 Oak Park Dr","Louisville","KY","40258"
47416,"9905 Windfall Trce","Louisville","KY","40223"
47417,"1211 Tallow Ln","Louisville","KY","40214"
47418,"10800 Woodtwist Ct","Louisville","KY","40291"
47419,"4503 Whitney Hill Ct","Louisville","KY","40299"
47420,"7537 Pimlico Dr","Louisville","KY","40214"
47421,"10301 Timberwood Cir","Louisville","KY","40223"
47422,"2519 Ralph Ave","Louisville","KY","40216"
47423,"150 Tumbleweed Dr","Louisville","KY","40229"
47424,"12812 Ledges Dr","Louisville","KY","40243"
47425,"915 Bluegrass Ave","Louisville","KY","40215"
47426,"3210 Huberta Dr","Louisville","KY","40216"
47427,"509 Tiffany Ln","Louisville","KY","40207"
47428,"7003 Broken Bow Dr","Louisville","KY","40258"
47429,"9510 Slayton Ct","Louisville","KY","40229"
47430,"1307 Garden Hill Pl","Louisville","KY","40245"
47431,"7206 Sky Blue Ave","Louisville","KY","40258"
47432,"3409 Hillvale Rd","Louisville","KY","40241"
47433,"3508 Lodge Ln","Apt 124","Louisville",
47434,"541 N 44th St","Louisville","KY","40212"
47435,"3013 Bunker Hill Dr","Louisville","KY","40205"
47436,"828 Vannah Ave","Louisville","KY","40223"
47437,"3481 Illinois Ave","Louisville","KY","40213"
47438,"4501 Chenwood Ln","Louisville","KY","40299"
47439,"4200 Retreat Rd","Louisville","KY","40219"
47440,"1443 Indiana Ave","Louisville","KY","40213"
47441,"4315 Saratoga Woods Dr","Louisville","KY","40299"
47442,"3810 Fieldside Cir","Louisville","KY","40299"
47443,"4104 Woods View Pl","Louisville","KY","40245"
47444,"2704 Pioneer Rd","Louisville","KY","40216"
47445,"6104 Ashby Ln","Louisville","KY","40272"
47446,"4112 Ciremos Ter","Louisville","KY","40241"
47447,"911 Ahland Rd","Louisville","KY","40207"
47448,"1400 Sylvan Way","Louisville","KY","40205"
47449,"10512 Mcclure Ct","Louisville","KY","40241"
47450,"134 N Galt Ave","Louisville","KY","40206"
47451,"2502 Merriwood Dr","Louisville","KY","40299"
47452,"2304 Duncan St","Louisville","KY","40212"
47453,"2400 Longest Ave","Louisville","KY","40204"
47454,"2300 Pikes Peak Blvd","Louisville","KY","40214"
47455,"7511 3rd Street Rd","Louisville","KY","40214"
47456,"939 Keswick Blvd","Louisville","KY","40217"
47457,"5901 Mount Everest Dr","Louisville","KY","40216"
47458,"4419 Savage Dr","Louisville","KY","40216"
47459,"9006 Holly Village Ct","Louisville","KY","40242"
47460,"3225 Allison Way","Louisville","KY","40220"
47461,"1644 Hale Ave","Louisville","KY","40210"
47462,"4330 Lahnna Dr","Louisville","KY","40216"
47463,"1402 Blue Vale Way","Louisville","KY","40222"
47464,"2105 Leahurst Ct","Louisville","KY","40216"
47465,"1336 Lexington Rd","Louisville","KY","40204"
47466,"3032 Lexington Rd","Louisville","KY","40206"
47467,"3506 Ridge Top Ct","Louisville","KY","40241"
47468,"1014 Mulberry St","Louisville","KY","40217"
47469,"3411 Pemaquid Rd","Louisville","KY","40218"
47470,"1914 Meadowcreek Dr","Louisville","KY","40218"
47471,"1924 Goldsmith Ln","Unit 21","Louisville",
47472,"3407 Newburg Rd","Louisville","KY","40218"
47473,"1926 Goldsmith Ln","Unit 113","Louisville",
47474,"1924 Goldsmith Ln","Unit 2","Louisville",
47475,"1918 Meadowcreek Dr","Louisville","KY","40218"
47476,"1926 Goldsmith Ln","Unit 90","Louisville",
47477,"1926 Goldsmith Ln","Unit 74","Louisville",
47478,"1926 Goldsmith Ln","Unit 64","Louisville",
47479,"1924 Goldsmith Ln","Unit 3","Louisville",
47480,"2000 Grasmere Dr","Apt 2","Louisville",
47481,"2106 Kenilworth Pl","Louisville","KY","40205"
47482,"2000 Spring Dr","Unit 302","Louisville",
47483,"2000 Spring Dr","Unit 304","Louisville",
47484,"2000 Spring Dr","Unit 204","Louisville",
47485,"2000 Spring Dr","Unit 103","Louisville",
47486,"2000 Spring Dr","Unit 203","Louisville",
47487,"2000 Spring Dr","Unit 104","Louisville",
47488,"2000 Spring Dr","Unit 201","Louisville",
47489,"2000 Spring Dr","Unit 301","Louisville",
47490,"1783 W Lee St","Louisville","KY","40210"
47491,"4835 Bellevue Ave","Louisville","KY","40215"
47492,"9903 Head Farm Rd","Louisville","KY","40241"
47493,"1911 Bashford Manor Ln","Louisville","KY","40218"
47494,"2616 Flat Rock Rd","Louisville","KY","40245"
47495,"7501 Adler Way","Louisville","KY","40222"
47496,"719 Colorado Ave","Louisville","KY","40208"
47497,"523 W Florence Ave","Louisville","KY","40215"
47498,"1926 Goldsmith Ln","Unit 105","Louisville",
47499,"4925 Glen Rose Rd","Louisville","KY","40229"
47500,"9906 Wynbrooke Pl","Louisville","KY","40241"
47501,"3720 Rosemont Blvd","Louisville","KY","40218"
47502,"117 Cambridge Station Rd","Louisville","KY","40223"
47503,"4933 Swaps Ln","Louisville","KY","40216"
47504,"3230 Furman Blvd","Louisville","KY","40220"
47505,"7202 Johnsontown Rd","Louisville","KY","40272"
47506,"2347 Delor Ave","Louisville","KY","40217"
47507,"2513 Saint Xavier St","Louisville","KY","40212"
47508,"1828 Olenda Ave","Louisville","KY","40216"
47509,"7006 Dartmoor Dr","Louisville","KY","40222"
47510,"7900 Kenhurst Dr","Louisville","KY","40258"
47511,"10021 Clearcreek Way","Louisville","KY","40223"
47512,"8317 Siesta Way","Louisville","KY","40219"
47513,"6617 Downs Branch Rd","Louisville","KY","40228"
47514,"4915 Poitier Ct","Louisville","KY","40218"
47515,"2105 Glenview Ave","Louisville","KY","40222"
47516,"1411 Lynnhurst Ave","Louisville","KY","40215"
47517,"516 W Oak St","Louisville","KY","40203"
47518,"411 Fairlawn Rd","Louisville","KY","40207"
47519,"9305 Tiverton Way","Louisville","KY","40242"
47520,"1912 Hoke Rd","Louisville","KY","40220"
47521,"3802 Greenwich Rd","Louisville","KY","40218"
47522,"5605 Georgia Ln","Louisville","KY","40219"
47523,"1552 Indiana Ave","Louisville","KY","40213"
47524,"2403 Foxy Poise Rd","Louisville","KY","40220"
47525,"10212 Bluffsprings Trce","Louisville","KY","40223"
47526,"11416 Catalpa View Ct","Louisville","KY","40299"
47527,"11007 Owl Creek Ln","Louisville","KY","40223"
47528,"3620 Gateview Cir","Louisville","KY","40272"
47529,"3513 Forest Brook Dr","Louisville","KY","40207"
47530,"2515 Cottonwood Dr","Louisville","KY","40242"
47531,"503 W Kenwood Dr","Louisville","KY","40214"
47532,"1730 Frankfort Ave","Louisville","KY","40206"
47533,"6312 Leisure Ln","Louisville","KY","40229"
47534,"10511 Pebblestone Cir","Louisville","KY","40229"
47535,"10502 Pebblestone Cir","Louisville","KY","40229"
47536,"3505 Westwood Farms Dr","Louisville","KY","40220"
47537,"4123 Brentler Rd","Louisville","KY","40241"
47538,"2714 Alanmede Rd","Louisville","KY","40205"
47539,"116 Fairmeade Rd","Louisville","KY","40207"
47540,"8603 Juarez Ct","Louisville","KY","40219"
47541,"837 Clarks Ln","Louisville","KY","40217"
47542,"911 Lydia St","Louisville","KY","40217"
47543,"1737 Gregg Ave","Louisville","KY","40210"
47544,"7917 Trillium Dr","Louisville","KY","40258"
47545,"8102 Tolls Ln","Louisville","KY","40214"
47546,"11603 Chenoweth Hills Pl","Louisville","KY","40299"
47547,"3002 Lynnwood Way","Louisville","KY","40299"
47548,"505 Pennyroyal Way","Louisville","KY","40223"
47549,"211 S Madison Ave","Louisville","KY","40243"
47550,"74 Callabell Rd","Louisville","KY","40206"
47551,"11904 Locust Rd","Louisville","KY","40243"
47552,"9811 Melissa Dr","Louisville","KY","40223"
47553,"11106 Finchley Rd","Louisville","KY","40243"
47554,"2617 Cedar St","Louisville","KY","40212"
47555,"5520 Hempstead Rd","Louisville","KY","40207"
47556,"9512 Michael Edward Dr","Louisville","KY","40291"
47557,"1819 Deer Park Ave","Louisville","KY","40205"
47558,"6104 Kirkwood Ct","Louisville","KY","40229"
47559,"4403 Charlotte Ann Dr","Louisville","KY","40216"
47560,"2926 Field Ave","Louisville","KY","40206"
47561,"7904 Ivory Ct","Louisville","KY","40219"
47562,"7115 Meihaus Way","Louisville","KY","40272"
47563,"4908 Garden Green Way","Louisville","KY","40218"
47564,"1529 Anna Ln","Louisville","KY","40216"
47565,"4305 Culpepper Cir","Louisville","KY","40241"
47566,"6906 Mariposa Dr","Louisville","KY","40214"
47567,"13001 Hidden Springs Rd","Louisville","KY","40272"
47568,"340 Ridgeway Ave","Louisville","KY","40207"
47569,"3239 Cawein Way","Louisville","KY","40220"
47570,"6802 Bainbridge Ct","Louisville","KY","40228"
47571,"10417 Wemberley Hill Blvd","Louisville","KY","40241"
47572,"1212 1/2 S 41st St","Louisville","KY","40211"
47573,"1212 S 41st St","Louisville","KY","40211"
47574,"703 E Burnett Ave","Louisville","KY","40217"
47575,"6927 Colrain Cir","Louisville","KY","40258"
47576,"4035 Brookfield Ave","Louisville","KY","40207"
47577,"5231 Mount Holyoke Dr","Louisville","KY","40216"
47578,"11704 Sun Beam Ct","Louisville","KY","40272"
47579,"9358 Loch Lea Ln","Louisville","KY","40291"
47580,"1503 Sylvan Wynde","Louisville","KY","40205"
47581,"2013 Ben Ali Rd","Louisville","KY","40223"
47582,"2505 Delor Ave","Louisville","KY","40217"
47583,"1038 S 26th St","Louisville","KY","40210"
47584,"4601 Tween Rd","Louisville","KY","40207"
47585,"4708 Nottinghamshire Dr","Louisville","KY","40299"
47586,"6517 Moorman Rd","Louisville","KY","40272"
47587,"915 S 45th St","Louisville","KY","40211"
47588,"3806 Pecanwood Way","Louisville","KY","40299"
47589,"4507 Fox Run Rd","Louisville","KY","40207"
47590,"11118 Brookstone Ct","Louisville","KY","40223"
47591,"8802 Morning Park Dr","Louisville","KY","40220"
47592,"408 Sprite Rd","Louisville","KY","40207"
47593,"8935 La Costa Rd","Louisville","KY","40299"
47594,"1004 Hess Ln","Louisville","KY","40217"
47595,"3522 Capri Dr","Louisville","KY","40218"
47596,"5200 Woodhill Ln","Louisville","KY","40219"
47597,"1029 Sarah Dr","Louisville","KY","40219"
47598,"8203 Granwyn Ct","Louisville","KY","40258"
47599,"1236 Castlewood Dell","Louisville","KY","40204"
47600,"1406 Mark Trail Rd","Louisville","KY","40242"
47601,"13908 Rolling Springs Pl","Louisville","KY","40245"
47602,"3005 Lowell Ave","Louisville","KY","40205"
47603,"7809 Canonero Way","Louisville","KY","40291"
47604,"5411 Anatahan Ct","Louisville","KY","40272"
47605,"5012 Wabash Pl","Louisville","KY","40214"
47606,"1903 Balfour Dr","Louisville","KY","40242"
47607,"8011 Greenhurst Ct","Louisville","KY","40299"
47608,"3309 Clarinet Dr","Louisville","KY","40216"
47609,"10797 Millers Ln","Louisville","KY","40272"
47610,"1726 Griffin Gate Rd","Louisville","KY","40205"
47611,"3208 Hikes Ln","Apt 3","Louisville",
47612,"3208 Hikes Ln","Apt 2","Louisville",
47613,"3208 Hikes Ln","Apt 4","Louisville",
47614,"3208 Hikes Ln","Apt 1","Louisville",
47615,"2711 Wingfield Ln","Louisville","KY","40210"
47616,"4703 Andrea Way","Louisville","KY","40219"
47617,"4015 Massie Ave","Louisville","KY","40207"
47618,"581 Sunset Rd","Louisville","KY","40206"
47619,"9909 Blue Lick Rd","Louisville","KY","40229"
47620,"3105 Kinvara Ln","Louisville","KY","40242"
47621,"1128 E Saint Catherine St","Louisville","KY","40204"
47622,"437 Knightsbridge Rd","Louisville","KY","40206"
47623,"10200 Poco Pl","Louisville","KY","40291"
47624,"9000 Thompson Ln","Louisville","KY","40258"
47625,"2527 Gardiner Ln","Louisville","KY","40205"
47626,"1529 Christy Ave","Louisville","KY","40204"
47627,"8704 Denise Dr","Louisville","KY","40219"
47628,"3003 Brownsboro Rd","Louisville","KY","40206"
47629,"14002 Spring Mill Rd","Louisville","KY","40245"
47630,"9108 Willowcreek Dr","Louisville","KY","40219"
47631,"3811 Zaring Mill Cir","Louisville","KY","40241"
47632,"6003 Hurstview Rd","Louisville","KY","40291"
47633,"3307 Clarinet Dr","Louisville","KY","40216"
47634,"4511 Lincoln Rd","Louisville","KY","40220"
47635,"4108 Woods View Pl","Louisville","KY","40245"
47636,"9506 Palladio Ct","Louisville","KY","40299"
47637,"6019 Princess Way","Louisville","KY","40219"
47638,"4210 Machupe Dr","Louisville","KY","40241"
47639,"5506 Brinson Dr","Louisville","KY","40216"
47640,"3528 Woodruff Ave","Louisville","KY","40215"
47641,"2019 Sherwood Ave","Louisville","KY","40205"
47642,"13006 Trump Ave","Louisville","KY","40299"
47643,"7708 Charron Ct","Louisville","KY","40220"
47644,"412 Christopher Pl","Louisville","KY","40214"
47645,"1710 Hasty Way","Louisville","KY","40216"
47646,"9412 Doewood Ln","Louisville","KY","40291"
47647,"10622 Gleneagle Pl","Louisville","KY","40223"
47648,"422 Deerfield Ln","Louisville","KY","40207"
47649,"415 Glensford Dr","Louisville","KY","40245"
47650,"1306 Forest Garden Ct","Louisville","KY","40223"
47651,"5515 Mcdeane Rd","Louisville","KY","40216"
47652,"7724 Nalan Dr","Louisville","KY","40291"
47653,"9243 Chenault Rd","Louisville","KY","40272"
47654,"1969 Richmond Dr","Louisville","KY","40205"
47655,"3022 Melbourne Ave","Louisville","KY","40220"
47656,"1614 Dixdale Ave","Louisville","KY","40210"
47657,"8611 Linda Rd","Louisville","KY","40219"
47658,"7604 Newton Ct","Louisville","KY","40228"
47659,"5513 Hasbrook Dr","Louisville","KY","40229"
47660,"1710 Quarry Hill Rd","Louisville","KY","40213"
47661,"8415 Oxford Woods Ct","Louisville","KY","40222"
47662,"1085 Springview Dr","Louisville","KY","40219"
47663,"1511 Turquoise Dr","Louisville","KY","40214"
47664,"9209 Hi View Ln","Louisville","KY","40272"
47665,"9904 Sprig Way","Louisville","KY","40291"
47666,"129 N 19th St","Louisville","KY","40203"
47667,"2001 Kendall Ln","Louisville","KY","40216"
47668,"332 Norbourne Blvd","Louisville","KY","40207"
47669,"388 Spring Lake Ct","Louisville","KY","40229"
47670,"9304 Smyrna Pkwy","Louisville","KY","40229"
47671,"4716 Dohn Rd","Louisville","KY","40216"
47672,"5811 Harrison Ave","Louisville","KY","40291"
47673,"11620 Chenoweth Hills Pl","Louisville","KY","40299"
47674,"4323 Saratoga Hill Rd","Louisville","KY","40299"
47675,"12299 E Orell Rd","Louisville","KY","40272"
47676,"3330 Breaux Dr","Louisville","KY","40220"
47677,"6506 Applegate Ln","Louisville","KY","40228"
47678,"708 Windsor Keep Dr","Louisville","KY","40222"
47679,"2713 Rockford Ln","Louisville","KY","40216"
47680,"2803 Fairview Ave","Louisville","KY","40208"
47681,"954 Burton Ave","Louisville","KY","40208"
47682,"7404 Beauty Ct","Louisville","KY","40228"
47683,"2107 Dogoon Dr","Louisville","KY","40223"
47684,"3516 Deibel Way","Louisville","KY","40220"
47685,"9912 Evening Star Dr","Louisville","KY","40272"
47686,"3903 Fairfield Hill Ct","Louisville","KY","40245"
47687,"5508 Barksdale Dr","Louisville","KY","40258"
47688,"2505 Colonel Dr","Louisville","KY","40242"
47689,"2000 Cedarcrest Dr","Louisville","KY","40242"
47690,"14014 Spring Mill Rd","Louisville","KY","40245"
47691,"7013 Sun Valley Dr","Louisville","KY","40272"
47692,"9802 Granbury Pl","Louisville","KY","40241"
47693,"4107 Dienes Way","Louisville","KY","40216"
47694,"9614 Farmstead Ln","Louisville","KY","40291"
47695,"8100 Lacevine Rd","Louisville","KY","40220"
47696,"1406 Stonewall Way","Louisville","KY","40242"
47697,"314 Fairmeade Rd","Louisville","KY","40207"
47698,"4879 Brenda Dr","Louisville","KY","40219"
47699,"2305 S 35th St","Louisville","KY","40211"
47700,"4908 S 3rd St","Louisville","KY","40214"
47701,"1109 Lake Bluff Cir","Louisville","KY","40245"
47702,"2012 Leahurst Ct","Louisville","KY","40216"
47703,"12627 Bay Arbor Pl","Louisville","KY","40245"
47704,"4903 Woodcock Cir","Louisville","KY","40213"
47705,"3600 Briarglen Ln","Louisville","KY","40220"
47706,"3416 Ingle Ave","Louisville","KY","40207"
47707,"7103 Birnamwood Dr","Louisville","KY","40258"
47708,"5405 Saint Gabriel Ln","Louisville","KY","40291"
47709,"10113 Coralwood Dr","Louisville","KY","40229"
47710,"2923 Winterhaven Rd","Louisville","KY","40220"
47711,"5607 Crabapple Ct","Louisville","KY","40219"
47712,"8900 Nottingham Pkwy","Louisville","KY","40222"
47713,"2107 Lakeland Rd","Louisville","KY","40223"
47714,"4723 Fairway Pointe Ct","Louisville","KY","40241"
47715,"12130 Belmont Park Cir","Louisville","KY","40243"
47716,"3711 Hillsboro Rd","Louisville","KY","40207"
47717,"4717 E Manslick Rd","Louisville","KY","40219"
47718,"6015 Highgrade Dr","Louisville","KY","40291"
47719,"7602 Johnson School Rd","Louisville","KY","40291"
47720,"4602 Johanna Ct","Louisville","KY","40229"
47721,"784 Overdale Dr","Louisville","KY","40229"
47722,"10204 El Ventoso Ct","Louisville","KY","40291"
47723,"11114 Herring Ct","Louisville","KY","40291"
47724,"9500 Idlewood Ct","Louisville","KY","40291"
47725,"9703 Fairwood Ct","Louisville","KY","40291"
47726,"8821 William Penn Way","Louisville","KY","40228"
47727,"514 Brandon Rd","Louisville","KY","40207"
47728,"4219 W Muhammad Ali Blvd","Louisville","KY","40212"
47729,"606 Cobblestone Sq","Louisville","KY","40223"
47730,"4119 Morgan Jaymes Dr","Louisville","KY","40299"
47731,"409 Bromwell Dr","Louisville","KY","40245"
47732,"4005 Spring Mill Pl","Louisville","KY","40245"
47733,"8809 Kings Lynn Ln","Louisville","KY","40220"
47734,"8215 Laurel Grove Ct","Louisville","KY","40228"
47735,"3006 Shallcross Way","Louisville","KY","40222"
47736,"3016 Freys Hill Rd","Louisville","KY","40241"
47737,"10014 Amrona Ave","Louisville","KY","40272"
47738,"7307 Ridan Way","Louisville","KY","40214"
47739,"6009 Stone Bluff Rd","Louisville","KY","40291"
47740,"4408 Haney Way","Louisville","KY","40272"
47741,"714 Palatka Rd","Louisville","KY","40214"
47742,"10326 Gina Dr","Louisville","KY","40223"
47743,"4609 Southcrest Dr","Louisville","KY","40215"
47744,"1409 Paul Ave","Louisville","KY","40215"
47745,"4111 Crestview Rd","Louisville","KY","40207"
47746,"6908 Colrain Cir","Louisville","KY","40258"
47747,"4017 Landherr Dr","Louisville","KY","40299"
47748,"4010 Whiteblossom Estates Ct","Louisville","KY","40241"
47749,"5606 Brokers Tip Ln","Louisville","KY","40272"
47750,"238 Carey Ave","Louisville","KY","40218"
47751,"429 Club Ln","Louisville","KY","40207"
47752,"576 Lilly Ave","Louisville","KY","40217"
47753,"9023 Lethborough Dr","Louisville","KY","40299"
47754,"5503 Idlewood Ln","Louisville","KY","40291"
47755,"5811 Noah Dr","Louisville","KY","40258"
47756,"3507 Lennox View Ct","Unit 309","Louisville",
47757,"3905 Elmwood Ave","Louisville","KY","40207"
47758,"4908 Wabash Pl","Louisville","KY","40214"
47759,"6814 Creston Dr","Louisville","KY","40258"
47760,"6806 Yuma Way","Louisville","KY","40258"
47761,"14409 Maple Ridge Pl","Louisville","KY","40245"
47762,"10210 Hartley Dr","Louisville","KY","40223"
47763,"1913 Upper Hunters Trce","Louisville","KY","40216"
47764,"7507 Nachand Ln","Louisville","KY","40218"
47765,"907 Woodland Heights Dr","Louisville","KY","40245"
47766,"105 W Woodlawn Ave","Louisville","KY","40214"
47767,"9807 Holiday Dr","Louisville","KY","40272"
47768,"9506 Blue Ribbon Ct","Louisville","KY","40291"
47769,"8314 Creek Trail Ct","Louisville","KY","40291"
47770,"3011 Ashview Ter","Louisville","KY","40217"
47771,"7302 Olde Nantucket Cv","Louisville","KY","40214"
47772,"220 Cumberland Ave","Louisville","KY","40214"
47773,"11705 Peyote Pl","Louisville","KY","40299"
47774,"6726 Leverett Ln","Louisville","KY","40258"
47775,"1446 Goddard Ave","Louisville","KY","40204"
47776,"15 Hallsdale Dr","Louisville","KY","40220"
47777,"3528 Allison Way","Louisville","KY","40220"
47778,"3308 Trail Ridge Rd","Louisville","KY","40241"
47779,"2613 Elliott Ave","Louisville","KY","40211"
47780,"1842 Speed Ave","Louisville","KY","40205"
47781,"11011 Greenock Ct","Louisville","KY","40243"
47782,"702 Wickfield Dr","Louisville","KY","40245"
47783,"6709 Greenlawn Rd","Louisville","KY","40222"
47784,"6808 Downs Branch Rd","Louisville","KY","40228"
47785,"1412 Southgate Ave","Louisville","KY","40215"
47786,"7013 Green Spring Dr","Louisville","KY","40241"
47787,"1112 Barret Ave","Louisville","KY","40204"
47788,"1102 Barret Ave","Louisville","KY","40204"
47789,"1219 Eastern Pkwy","Louisville","KY","40204"
47790,"5106 Queens Castle Rd","Louisville","KY","40229"
47791,"4003 Spring Forest Dr","Louisville","KY","40245"
47792,"1515 Anna Ln","Louisville","KY","40216"
47793,"6102 Schreiner Ct","Louisville","KY","40219"
47794,"8304 Tolls Ln","Louisville","KY","40214"
47795,"8718 Chelmer Ln","Louisville","KY","40220"
47796,"5415 Sunnybrook Dr","Louisville","KY","40214"
47797,"8620 Michael Ray Dr","Louisville","KY","40219"
47798,"2431 Griffiths Ave","Louisville","KY","40212"
47799,"4323 Lynnview Dr","Louisville","KY","40216"
47800,"759 Logan St","Louisville","KY","40204"
47801,"4903 Margo Ave","Louisville","KY","40258"
47802,"9812 Creekwood Rd","Louisville","KY","40223"
47803,"1146 Charles St","Louisville","KY","40204"
47804,"301 Ash Run Rd","Louisville","KY","40245"
47805,"5922 Grandel Blvd","Louisville","KY","40258"
47806,"1134 Cecil Ave","Louisville","KY","40211"
47807,"926 Westview Dr","Louisville","KY","40214"
47808,"2600 Stephan Rd","Louisville","KY","40214"
47809,"320 N Shawnee Ter","Louisville","KY","40212"
47810,"9903 Casteel Ct","Louisville","KY","40241"
47811,"11703 Slate Run Dr","Louisville","KY","40229"
47812,"704 Winding Oaks Trl","Louisville","KY","40223"
47813,"1408 Lillian Ave","Louisville","KY","40208"
47814,"575 Overlook Rd","Louisville","KY","40229"
47815,"3504 Ripple Creek Dr","Louisville","KY","40229"
47816,"405 Duff Ln","Louisville","KY","40207"
47817,"1203 Mcbroom Ct","Louisville","KY","40214"
47818,"2819 Garfield Ave","Louisville","KY","40212"
47819,"4527 S 2nd St","Louisville","KY","40214"
47820,"4822 S 2nd St","Louisville","KY","40214"
47821,"1609 Sutherland Dr","Louisville","KY","40205"
47822,"2605 Hedgepath Trl","Louisville","KY","40245"
47823,"3506 Huon Dr","Louisville","KY","40218"
47824,"6801 Yvonne Ct","Louisville","KY","40228"
47825,"3310 Willow Way","Louisville","KY","40218"
47826,"14129 Spring Mill Rd","Louisville","KY","40245"
47827,"3507 Nellie Bly Dr","Louisville","KY","40213"
47828,"7111 Meadow Ridge Dr","Louisville","KY","40218"
47829,"4805 Wooded Oak Cir","Louisville","KY","40245"
47830,"5205 Plume Dr","Louisville","KY","40258"
47831,"12202 Ridge Crest Dr","Louisville","KY","40243"
47832,"9702 Hunting Ground Ct","Louisville","KY","40228"
47833,"10515 Kovats Ct","Louisville","KY","40223"
47834,"318 Brunswick Rd","Louisville","KY","40207"
47835,"113 Gardiner Lake Rd","Louisville","KY","40205"
47836,"225 Circle Valley Dr","Louisville","KY","40229"
47837,"4105 Martha Ave","Louisville","KY","40220"
47838,"8206 Happiness Way","Louisville","KY","40291"
47839,"5617 Mount Washington Rd","Louisville","KY","40229"
47840,"5410 Laureltree Pl","Louisville","KY","40229"
47841,"1402 Cadet Ct","Louisville","KY","40222"
47842,"9317 Coolridge Dr","Louisville","KY","40229"
47843,"7306 Austinwood Rd","Louisville","KY","40214"
47844,"1802 Milburt Dr","Louisville","KY","40223"
47845,"3631 Windward Way","Louisville","KY","40220"
47846,"2805 Thames Ave","Louisville","KY","40220"
47847,"3005 River Park Dr","Louisville","KY","40211"
47848,"1610 Herr Ln","Louisville","KY","40222"
47849,"5616 Grandel Blvd","Louisville","KY","40258"
47850,"8100 Red Cedar Way","Louisville","KY","40219"
47851,"9724 White Blossom Blvd","Louisville","KY","40241"
47852,"825 Hazel St","Louisville","KY","40211"
47853,"2603 Fallen Leaf Ct","Louisville","KY","40241"
47854,"3413 Barclay Dr","Louisville","KY","40299"
47855,"10902 Bardstown Woods Ct","Louisville","KY","40291"
47856,"5802 Morning Glory Ln","Louisville","KY","40258"
47857,"1102 English Ave","Louisville","KY","40217"
47858,"936 W Evelyn Ave","Louisville","KY","40215"
47859,"1000 S 40th St","Louisville","KY","40211"
47860,"1512 Shingo Ave","Louisville","KY","40215"
47861,"435 Shady Brook Ln","Louisville","KY","40229"
47862,"1095 Springview Dr","Louisville","KY","40219"
47863,"1430 S 7th St","Louisville","KY","40208"
47864,"4800 Billtown Rd","Louisville","KY","40299"
47865,"5309 Rookwood Ave","Louisville","KY","40218"
47866,"14710 Forest Creek Way","Louisville","KY","40245"
47867,"4707 Jolynn Dr","Louisville","KY","40299"
47868,"1591 Sadie Ln","Louisville","KY","40216"
47869,"6612 Sun Ray Dr","Louisville","KY","40272"
47870,"4907 Flushing Way","Louisville","KY","40272"
47871,"3409 Neal Dr","Louisville","KY","40299"
47872,"3506 Historic Dr","Louisville","KY","40299"
47873,"2117 Walnut Pl","Louisville","KY","40205"
47874,"4813 Saint Leo Pl","Louisville","KY","40214"
47875,"10908 Sweet Water Dr","Louisville","KY","40241"
47876,"3001 Westfair Cv","Louisville","KY","40241"
47877,"3408 Emerald Dr","Louisville","KY","40299"
47878,"6715 Fenske Ln","Louisville","KY","40258"
47879,"1119 Rogers St","Louisville","KY","40204"
47880,"6307 Moorhaven Dr","Louisville","KY","40228"
47881,"807 Auburn Oaks Dr","Louisville","KY","40214"
47882,"219 Hillcrest Ave","Louisville","KY","40206"
47883,"10107 Pennyrile Ct","Louisville","KY","40299"
47884,"706 Yorkwood Pl","Louisville","KY","40223"
47885,"3828 Spring Arbor Dr","Louisville","KY","40245"
47886,"2308 Duncan St","Louisville","KY","40212"
47887,"6914 Shareith Dr","Louisville","KY","40228"
47888,"7100 Dittmar Dr","Louisville","KY","40219"
47889,"2131 Lowell Ave","Louisville","KY","40205"
47890,"545 Mockingbird Valley Rd","Louisville","KY","40207"
47891,"4714 Van Hoose Rd","Louisville","KY","40216"
47892,"2807 Floore Ct","Louisville","KY","40299"
47893,"706 Creel Ave","Louisville","KY","40208"
47894,"1608 Night Hawk Ct","Louisville","KY","40223"
47895,"8800 Hudson Ln","Louisville","KY","40291"
47896,"1123 Girard Dr","Louisville","KY","40222"
47897,"5407 Sprigwood Ln","Louisville","KY","40291"
47898,"7305 Apple Mill Dr","Louisville","KY","40228"
47899,"719 Winding Oaks Trl","Louisville","KY","40223"
47900,"7634 White Post Way","Louisville","KY","40220"
47901,"600 Turnstile Trce","Louisville","KY","40223"
47902,"9021 Holly Village Ct","Louisville","KY","40242"
47903,"12214 Somerset Dr","Louisville","KY","40229"
47904,"2078 Ravinia Ave","Louisville","KY","40205"
47905,"2823 Griffiths Ave","Louisville","KY","40212"
47906,"507 Oxford Pl","Louisville","KY","40207"
47907,"9217 Trentham Ln","Louisville","KY","40242"
47908,"2531 Saint Xavier St","Louisville","KY","40212"
47909,"3713 Downing Way","Louisville","KY","40218"
47910,"8409 Michael Ray Dr","Louisville","KY","40219"
47911,"2401 Tregaron Ave","Louisville","KY","40299"
47912,"1679 Harold Ave","Louisville","KY","40210"
47913,"6707 Manslick Rd","Louisville","KY","40214"
47914,"4850 S 6th St","Louisville","KY","40214"
47915,"2043 Douglass Blvd","Apt 11","Louisville",
47916,"2034 Tyler Ln","Louisville","KY","40205"
47917,"3520 Grandview Ave","Louisville","KY","40207"
47918,"603 Rothbury Ln","Louisville","KY","40243"
47919,"1160 Algonquin Pkwy","Louisville","KY","40208"
47920,"7905 Kenhurst Dr","Louisville","KY","40258"
47921,"2511 Top Hill Rd","Louisville","KY","40206"
47922,"1906 Cimmaron Trl","Louisville","KY","40223"
47923,"5 Mockingbird Pl","Louisville","KY","40207"
47924,"2607 Kennersley Dr","Louisville","KY","40242"
47925,"4822 Greenvale Cir","Louisville","KY","40272"
47926,"9901 Glenda Ct","Louisville","KY","40223"
47927,"3854 Darlene Dr","Louisville","KY","40216"
47928,"2811 Richland Ave","Louisville","KY","40220"
47929,"8403 Biggin Hill Ln","Louisville","KY","40220"
47930,"5209 Silverton Ln","Louisville","KY","40241"
47931,"7405 Kort Way","Louisville","KY","40220"
47932,"1525 Beech St","Louisville","KY","40211"
47933,"10002 Anita Blvd","Louisville","KY","40272"
47934,"307 Bent Tree Ct","Louisville","KY","40223"
47935,"11602 E Arbor Dr","Louisville","KY","40223"
47936,"300 Short St","Louisville","KY","40212"
47937,"4106 Shady Villa Dr","Louisville","KY","40219"
47938,"5702 Emmalee Dr","Louisville","KY","40219"
47939,"1109 Fox Glen Way","Louisville","KY","40242"
47940,"4712 Oak Pointe Dr","Louisville","KY","40245"
47941,"12304 Davidson Dr","Louisville","KY","40243"
47942,"6613 Woodrow Way","Louisville","KY","40228"
47943,"609 Maylawn Ave","Louisville","KY","40217"
47944,"1225 Larchmont Ave","Louisville","KY","40215"
47945,"7019 Hadley Ct","Louisville","KY","40241"
47946,"3004 Velden Dr","Louisville","KY","40220"
47947,"3823 Ormond Rd","Louisville","KY","40207"
47948,"3421 Brookhollow Dr","Louisville","KY","40220"
47949,"8904 Mountain Brook Dr","Louisville","KY","40272"
47950,"572 Upland Rd","Louisville","KY","40206"
47951,"14020 Spring Mill Rd","Louisville","KY","40245"
47952,"6628 Sun Ray Dr","Louisville","KY","40272"
47953,"8618 Birch Ct","Louisville","KY","40242"
47954,"2005 Ayars Ct","Louisville","KY","40218"
47955,"9433 Fairground Rd","Louisville","KY","40291"
47956,"4504 Oak Pointe Dr","Louisville","KY","40245"
47957,"4001 Cantle Point Ct","Louisville","KY","40245"
47958,"10400 Whipps Mill Rd","Louisville","KY","40223"
47959,"6707 Glenbrook Ave","Louisville","KY","40216"
47960,"2011 Challedon Way","Louisville","KY","40223"
47961,"5629 Fox Horn Cir","Louisville","KY","40216"
47962,"3625 W Kentucky St","Louisville","KY","40211"
47963,"2317 Allston Ave","Louisville","KY","40210"
47964,"5208 Fawnwood Ln","Louisville","KY","40291"
47965,"331 Piatt Pl","Unit 208","Louisville",
47966,"5615 Jeanine Dr","Louisville","KY","40219"
47967,"11414 Flowervale Ln","Louisville","KY","40272"
47968,"7502 Apple Blossom Pl","Louisville","KY","40228"
47969,"4144 W Kentucky St","Louisville","KY","40211"
47970,"409 Christopher Pl","Louisville","KY","40214"
47971,"3613 Vanguard Dr","Louisville","KY","40229"
47972,"5908 Grandel Meadow Ct","Louisville","KY","40258"
47973,"519 E Barbee Ave","Louisville","KY","40217"
47974,"3822 Chatham Rd","Louisville","KY","40218"
47975,"5012 Oak Park Dr","Louisville","KY","40258"
47976,"1102 Crosstimbers Dr","Louisville","KY","40245"
47977,"8513 Branchtree Pl","Louisville","KY","40228"
47978,"9406 Fairground Rd","Louisville","KY","40291"
47979,"6410 Bilsim Ln","Louisville","KY","40291"
47980,"7608 Nottoway Cir","Louisville","KY","40214"
47981,"5912 Creighton Hill Rd","Louisville","KY","40207"
47982,"113 S Spring St","Louisville","KY","40206"
47983,"7607 Garden View Ct","Louisville","KY","40220"
47984,"6013 Grandel Pointe Ct","Louisville","KY","40258"
47985,"7112 Dittmar Dr","Louisville","KY","40219"
47986,"7200 Greenlawn Rd","Louisville","KY","40222"
47987,"1714 Gresham Rd","Louisville","KY","40205"
47988,"3027 Bon Air Ave","Louisville","KY","40205"
47989,"113 Freeman Ave","Louisville","KY","40214"
47990,"211 Harlan Ave","Louisville","KY","40214"
47991,"1848 W Gaulbert Ave","Louisville","KY","40210"
47992,"4801 Libby Ln","Louisville","KY","40272"
47993,"253 El Conquistador Pl","Louisville","KY","40220"
47994,"4419 Southridge Dr","Louisville","KY","40272"
47995,"1615 Sale Ave","Louisville","KY","40215"
47996,"4421 Buttonbush Glen Dr","Louisville","KY","40241"
47997,"6605 Evening Tide Ct","Louisville","KY","40272"
47998,"8414 Wisertown Rd","Louisville","KY","40214"
47999,"3802 Charter Oaks Dr","Apt 3","Louisville",
48000,"5712 Spicewood Ln","Louisville","KY","40219"
48001,"1028 Hess Ln","Louisville","KY","40217"
48002,"1808 Roosevelt Ave","Louisville","KY","40242"
48003,"3019 Lake Vista Dr","Louisville","KY","40241"
48004,"4508 Dover Rd","Louisville","KY","40216"
48005,"9218 Alexander Ave","Louisville","KY","40272"
48006,"3911 Stone Hollow Dr","Louisville","KY","40299"
48007,"7619 Pintail Dr","Louisville","KY","40258"
48008,"3611 Kings Hwy","Louisville","KY","40220"
48009,"3407 Historic Dr","Louisville","KY","40299"
48010,"3602 Dell Rd","Louisville","KY","40299"
48011,"2627 Merhoff St","Louisville","KY","40217"
48012,"2325 Dumesnil St","Louisville","KY","40210"
48013,"121 N 35th St","Louisville","KY","40212"
48014,"4701 Seville Dr","Louisville","KY","40272"
48015,"8609 Banbridge Rd","Louisville","KY","40242"
48016,"10906 Sweet Water Dr","Louisville","KY","40241"
48017,"4908 Hunters Point Cir","Louisville","KY","40216"
48018,"2002 Redleaf Dr","Louisville","KY","40242"
48019,"10623 Grecian Rd","Louisville","KY","40272"
48020,"4203 Mimosa View Dr","Louisville","KY","40299"
48021,"6707 Morocco Dr","Louisville","KY","40214"
48022,"3102 Ralph Ave","Louisville","KY","40216"
48023,"1503 Paula Ct","Louisville","KY","40216"
48024,"10214 Brownhurst Ct","Louisville","KY","40241"
48025,"3123 Lake Vista Dr","Louisville","KY","40241"
48026,"6000 Athens Dr","Louisville","KY","40219"
48027,"8600 Hi View Ln","Louisville","KY","40272"
48028,"201 Fairmeade Rd","Louisville","KY","40207"
48029,"2519 Legene Ct","Louisville","KY","40216"
48030,"9311 Springbrooke Cir","Louisville","KY","40241"
48031,"7502 Eider Dr","Louisville","KY","40258"
48032,"10304 Royce Ct","Apt 101","Louisville",
48033,"300 Pencross Pl","Louisville","KY","40223"
48034,"4318 Brownsboro Glen Rd","Louisville","KY","40241"
48035,"2924 Nepperhan Rd","Louisville","KY","40218"
48036,"908 Wagner Ave","Louisville","KY","40217"
48037,"3740 Marvin Ave","Louisville","KY","40218"
48038,"1325 E Main St","Louisville","KY","40206"
48039,"1107 Flat Rock Rd","Louisville","KY","40245"
48040,"8611 Lambach Ln","Louisville","KY","40220"
48041,"2927 White Plains Rd","Louisville","KY","40218"
48042,"231 Moser Rd","Louisville","KY","40223"
48043,"1744 Deer Park Ave","Louisville","KY","40205"
48044,"5502 Hasbrook Dr","Louisville","KY","40229"
48045,"3232 W Jefferson St","Louisville","KY","40212"
48046,"6207 Six Mile Ln","Louisville","KY","40218"
48047,"9007 Artis Way","Louisville","KY","40291"
48048,"8513 Thompson Ln","Louisville","KY","40258"
48049,"6001 Morning Glory Ln","Louisville","KY","40258"
48050,"6002 Morning Glory Ln","Louisville","KY","40258"
48051,"669 S Barbee Way","Louisville","KY","40217"
48052,"9201 3rd Street Rd","Louisville","KY","40272"
48053,"9209 Omar Khayyam Blvd","Louisville","KY","40272"
48054,"545 Forum Ave","Louisville","KY","40214"
48055,"4823 Andalusia Ln","Louisville","KY","40272"
48056,"1110 Goss Ave","Louisville","KY","40217"
48057,"1011 Charles St","Louisville","KY","40204"
48058,"5424 Count Fleet Dr","Louisville","KY","40272"
48059,"629 Atwood St","Louisville","KY","40217"
48060,"1109 Glenlake Way","Louisville","KY","40245"
48061,"11011 Waycross Ave","Louisville","KY","40229"
48062,"10014 West Ave","Louisville","KY","40272"
48063,"7602 Nancy Ln","Louisville","KY","40258"
48064,"5609 Littleridge Dr","Louisville","KY","40229"
48065,"805 Huntington Rd","Louisville","KY","40207"
48066,"4516 Rose Farm Dr","Louisville","KY","40258"
48067,"4911 Invicta Dr","Louisville","KY","40216"
48068,"4415 Eagles Cove Ct","Louisville","KY","40241"
48069,"9909 White Blossom Blvd","Louisville","KY","40241"
48070,"4814 Burkhead Ave","Louisville","KY","40258"
48071,"7508 Nancy Ln","Louisville","KY","40258"
48072,"3802 Zaring Mill Cir","Louisville","KY","40241"
48073,"6807 Reelfoot Lake Ct","Louisville","KY","40291"
48074,"11713 Leemont Dr","Louisville","KY","40272"
48075,"107 N 36th St","Louisville","KY","40212"
48076,"6715 Brighton Springs Ln","Louisville","KY","40291"
48077,"10921 Fairway Pointe Dr","Louisville","KY","40241"
48078,"1501 Sharon Dr","Louisville","KY","40216"
48079,"228 Iroquois Ave","Louisville","KY","40214"
48080,"4705 Vagabond Ln","Louisville","KY","40219"
48081,"6006 Athens Dr","Louisville","KY","40219"
48082,"7626 Beech Spring Ct","Louisville","KY","40241"
48083,"1029 Runell Rd","Louisville","KY","40214"
48084,"5804 Alanadale Dr","Louisville","KY","40272"
48085,"5028 Cane Run Rd","Louisville","KY","40216"
48086,"6603 Bluegill Blvd","Louisville","KY","40229"
48087,"13015 Lavenia Ln","Louisville","KY","40272"
48088,"13700 Saddlecreek Dr","Louisville","KY","40245"
48089,"10105 Cardigan Dr","Louisville","KY","40299"
48090,"1707 Devondale Dr","Louisville","KY","40222"
48091,"2010 Saint Louis Ave","Louisville","KY","40210"
48092,"2939 Alford Ave","Louisville","KY","40212"
48093,"243 Bonnie Ln","Louisville","KY","40218"
48094,"6016 Dutchmans Ln","Louisville","KY","40205"
48095,"10004 Glen Meadow Rd","Louisville","KY","40241"
48096,"1534 S 30th St","Louisville","KY","40211"
48097,"10004 Charleswood Rd","Louisville","KY","40229"
48098,"2819 Whitlock St","Louisville","KY","40213"
48099,"5676 Mark Dr","Louisville","KY","40258"
48100,"222 N 36th St","Louisville","KY","40212"
48101,"5011 Railroad Ave","Louisville","KY","40258"
48102,"1328 Rufer Ave","Louisville","KY","40204"
48103,"10402 Southern Meadows Dr","Apt 201","Louisville",
48104,"9001 Seaton Springs Pkwy","Louisville","KY","40222"
48105,"7115 Meadow Ridge Dr","Louisville","KY","40218"
48106,"3114 Morning Park Ct","Louisville","KY","40220"
48107,"3814 Susan Ln","Louisville","KY","40229"
48108,"626 Park Ave","Louisville","KY","40208"
48109,"6312 Lure Ct","Louisville","KY","40229"
48110,"706 Locust Pointe Pl","Louisville","KY","40245"
48111,"10404 Southern Meadows Dr","Apt 104","Louisville",
48112,"10905 Sweet Water Dr","Louisville","KY","40241"
48113,"4523 Wolfcreek Pkwy","Louisville","KY","40241"
48114,"8905 Ayrshire Ave","Louisville","KY","40222"
48115,"5301 Haventree Pl","Louisville","KY","40229"
48116,"2620 Colin Ave","Louisville","KY","40217"
48117,"7048 Wildwood Cir","Apt 197","Louisville",
48118,"101 N 42nd St","Louisville","KY","40212"
48119,"716 S 42nd St","Louisville","KY","40211"
48120,"3317 Natchez Ln","Louisville","KY","40206"
48121,"8133 Lake Ave","Apt B9","Louisville",
48122,"6912 Chartwell Ct","Louisville","KY","40241"
48123,"8618 Longborough Way","Louisville","KY","40299"
48124,"6612 Miller Park Dr","Louisville","KY","40258"
48125,"3113 Lake Vista Dr","Louisville","KY","40241"
48126,"3413 Audubon Ridge Ct","Louisville","KY","40213"
48127,"3501 Illinois Ave","Apt B12","Louisville",
48128,"5211 Ronwood Dr","Louisville","KY","40219"
48129,"3021 Meadowview Cir","Louisville","KY","40220"
48130,"4513 Wolfspring Dr","Louisville","KY","40241"
48131,"114 N 35th St","Louisville","KY","40212"
48132,"6808 Montecito Ln","Louisville","KY","40291"
48133,"10602 Stonebreaker Rd","Louisville","KY","40291"
48134,"613 E Ormsby Ave","Louisville","KY","40203"
48135,"5017 Acapolca Way","Louisville","KY","40219"
48136,"8304 Happiness Way","Louisville","KY","40291"
48137,"4203 W Broadway","Louisville","KY","40211"
48138,"11606 Sun Dial Ct","Louisville","KY","40272"
48139,"390 Meadowood Rd","Louisville","KY","40229"
48140,"4906 Mount Holyoke Dr","Louisville","KY","40216"
48141,"8326 Siesta Way","Louisville","KY","40219"
48142,"2514 Walbrook Dr","Louisville","KY","40222"
48143,"2717 S 5th St","Louisville","KY","40208"
48144,"3605 Briarglen Ln","Louisville","KY","40220"
48145,"2130 Sherwood Ave","Louisville","KY","40205"
48146,"527 Camp St","Louisville","KY","40203"
48147,"4413 Burgundy Dr","Louisville","KY","40299"
48148,"7248 Heatherly Sq","Louisville","KY","40242"
48149,"6910 Memory Ln","Louisville","KY","40258"
48150,"213 Thompson Ave","Louisville","KY","40206"
48151,"7202 Rainbow Dr","Louisville","KY","40272"
48152,"3225 W Kentucky St","Louisville","KY","40211"
48153,"7404 Eric Edward Way","Louisville","KY","40220"
48154,"4200 Naomi Dr","Louisville","KY","40219"
48155,"106 Northwestern Pkwy","Louisville","KY","40212"
48156,"106 Crescent Ct","Louisville","KY","40206"
48157,"103 Wickfield Dr","Louisville","KY","40245"
48158,"118 Hillcrest Ave","Louisville","KY","40206"
48159,"4124 La Salle Ave","Louisville","KY","40215"
48160,"2303 W Gaulbert Ave","Louisville","KY","40210"
48161,"1674 Harold Ave","Louisville","KY","40210"
48162,"712 Elsmere Cir","Louisville","KY","40223"
48163,"5507 Arvis Dr","Louisville","KY","40216"
48164,"408 Eastgate Vlg","Wynde","Louisville",
48165,"7002 Mary Laverne Dr","Louisville","KY","40219"
48166,"1606 Sutherland Dr","Louisville","KY","40205"
48167,"8212 Twin Lakes Ct","Louisville","KY","40214"
48168,"1617 Rangeland Rd","Louisville","KY","40219"
48169,"4601 Slate Run Ct","Louisville","KY","40229"
48170,"2538 Dell Rd","Louisville","KY","40205"
48171,"4107 Chenoweth Run Rd","Louisville","KY","40299"
48172,"1113 Cardinal Dr","Louisville","KY","40213"
48173,"4206 Dover Rd","Louisville","KY","40216"
48174,"4210 S 1st St","Louisville","KY","40214"
48175,"4111 Lambert Ave","Louisville","KY","40218"
48176,"101 Spring Garden Dr","Louisville","KY","40218"
48177,"3612 Hopewell Rd","Louisville","KY","40299"
48178,"10103 Donau Ln","Louisville","KY","40272"
48179,"4522 Norene Ln","Louisville","KY","40219"
48180,"111 Pope St","Louisville","KY","40206"
48181,"1924 Goldsmith Ln","Unit 33","Louisville",
48182,"4805 Burris Dr","Louisville","KY","40291"
48183,"9813 Titan Dr","Louisville","KY","40229"
48184,"410 Mockingbird Valley Rd","Apt 15","Louisville",
48185,"3100 Longford Ln","Louisville","KY","40242"
48186,"2214 Wrocklage Ave","Louisville","KY","40205"
48187,"8714 Lakeridge Dr","Louisville","KY","40272"
48188,"9903 Wyncliff Ct","Louisville","KY","40241"
48189,"5853 New Cut Rd","Louisville","KY","40214"
48190,"5011 Lively Ct","Louisville","KY","40218"
48191,"505 Ledges Ct","Louisville","KY","40243"
48192,"2317 Thurman Dr","Louisville","KY","40216"
48193,"8005 Emerald Green Way","Louisville","KY","40291"
48194,"4200 San Marcos Rd","Louisville","KY","40299"
48195,"14116 Beckley Trce","Louisville","KY","40245"
48196,"10108 Natalie Way","Louisville","KY","40299"
48197,"2919 Avon Rd","Louisville","KY","40220"
48198,"3813 Hycliffe Ave","Louisville","KY","40207"
48199,"7201 Meadow Ridge Dr","Louisville","KY","40218"
48200,"122 Marshall Dr","Louisville","KY","40207"
48201,"5813 Coach Gate Wynde","Apt 186","Louisville",
48202,"3921 Vantage Pl","Louisville","KY","40299"
48203,"4714 Lunenburg Dr","Louisville","KY","40245"
48204,"1815 Crossgate Ln","Louisville","KY","40222"
48205,"4619 Middleburg Ct","Louisville","KY","40241"
48206,"3408 Endeavor Way","Louisville","KY","40219"
48207,"4813 Burris Dr","Louisville","KY","40291"
48208,"5600 Ridgecrest Rd","Louisville","KY","40218"
48209,"4306 Saint Rene Ct","Louisville","KY","40299"
48210,"8604 Perry Rd","Louisville","KY","40222"
48211,"3333 Bon Air Ave","Louisville","KY","40220"
48212,"8512 River Terrace Dr","Louisville","KY","40258"
48213,"2205 Gursky Ct","Louisville","KY","40223"
48214,"11719 Montwood Ln","Louisville","KY","40272"
48215,"5404 Dahl Rd","Louisville","KY","40213"
48216,"6114 Loretta St","Louisville","KY","40213"
48217,"1654 Cowling Ave","Louisville","KY","40205"
48218,"302 Coatbridge Pl","Louisville","KY","40243"
48219,"6502 Moorhaven Dr","Louisville","KY","40228"
48220,"2227 Peaslee Rd","Louisville","KY","40216"
48221,"6406 Farmstead Ct","Louisville","KY","40291"
48222,"3604 Otter Ct","Louisville","KY","40219"
48223,"4143 Hale Ave","Louisville","KY","40211"
48224,"410 Christopher Pl","Louisville","KY","40214"
48225,"5610 Mosswood Ln","Louisville","KY","40291"
48226,"8000 Red Cedar Way","Louisville","KY","40219"
48227,"920 S 32nd St","Louisville","KY","40211"
48228,"8607 Longborough Way","Louisville","KY","40299"
48229,"2903 Swope Rd","Louisville","KY","40241"
48230,"10415 Forest Garden Ln","Louisville","KY","40223"
48231,"10515 Leven Blvd","Louisville","KY","40229"
48232,"4004 Parthenia Ave","Louisville","KY","40215"
48233,"2312 Becker Ct","Louisville","KY","40216"
48234,"17201 Mallet Hill Dr","Louisville","KY","40245"
48235,"3410 Dell Rd","Louisville","KY","40299"
48236,"8813 Michael Edward Dr","Louisville","KY","40291"
48237,"6603 Queens Falls Ct","Louisville","KY","40229"
48238,"6200 River Terrace Pl","Louisville","KY","40258"
48239,"6806 Spourtland Dr","Louisville","KY","40228"
48240,"309 Mcarthur Dr","Louisville","KY","40207"
48241,"3614 Rock Bay Dr","Louisville","KY","40245"
48242,"1040 Parkway Dr","Louisville","KY","40217"
48243,"2804 Yorkshire Blvd","Louisville","KY","40220"
48244,"2629 Neblett Ave","Louisville","KY","40216"
48245,"6105 Dalia Ct","Louisville","KY","40272"
48246,"7312 Fieldstone Way","Louisville","KY","40291"
48247,"4628 Kiefer Rd","Louisville","KY","40216"
48248,"4104 Dellafay Dr","Louisville","KY","40219"
48249,"5402 Beth Rd","Louisville","KY","40219"
48250,"10310 Glenmary Farm Dr","Louisville","KY","40291"
48251,"8602 Cheffield Dr","Louisville","KY","40222"
48252,"4222 Bank St","Louisville","KY","40212"
48253,"2103 Dahlia Ave","Louisville","KY","40205"
48254,"3616 Saint Edwards Dr","Louisville","KY","40299"
48255,"3473 Glendale Ave","Louisville","KY","40215"
48256,"3602 W Broadway","Louisville","KY","40211"
48257,"517 Candlelight Ln","Louisville","KY","40214"
48258,"356 Spring Lake Ct","Louisville","KY","40229"
48259,"203 Alvina Way","Louisville","KY","40214"
48260,"4208 Wilshire Ave","Louisville","KY","40216"
48261,"2211 Federal Hill Dr","Louisville","KY","40299"
48262,"1236 Keswick Blvd","Louisville","KY","40217"
48263,"8002 Hunter Green Way","Louisville","KY","40291"
48264,"6313 Faris Way","Louisville","KY","40272"
48265,"1305 Leighton Cir","Louisville","KY","40222"
48266,"7914 Princess Wood Ct","Louisville","KY","40214"
48267,"2852 Hikes Ln","Louisville","KY","40218"
48268,"608 Briar Hill Rd","Louisville","KY","40206"
48269,"3225 Trail Ridge Rd","Louisville","KY","40241"
48270,"7604 Lancelot Ct","Louisville","KY","40222"
48271,"4110 Samoset Ct","Louisville","KY","40299"
48272,"1712 Hale Ave","Louisville","KY","40210"
48273,"8603 Chelmer Ln","Louisville","KY","40220"
48274,"6900 Beard Ct","Louisville","KY","40228"
48275,"229 Fairmeade Rd","Louisville","KY","40207"
48276,"8910 Bluebell Dr","Louisville","KY","40219"
48277,"1841 W Lee St","Louisville","KY","40210"
48278,"8708 Summertree Ln","Louisville","KY","40291"
48279,"422 Iola Rd","Louisville","KY","40207"
48280,"107 E Esplanade Ave","Louisville","KY","40214"
48281,"10013 Lancewood Rd","Louisville","KY","40229"
48282,"209 Ashbury Rd","Louisville","KY","40214"
48283,"10417 Forest Garden Ln","Louisville","KY","40223"
48284,"3300 Mount Rainier Dr","Louisville","KY","40241"
48285,"6887 Green Meadow Cir","Louisville","KY","40207"
48286,"305 Dogwood Ln","Louisville","KY","40214"
48287,"4205 Machupe Dr","Louisville","KY","40241"
48288,"9016 Dove Creek Ct","Louisville","KY","40242"
48289,"9105 Royal Oak Dr","Louisville","KY","40272"
48290,"7400 Gaymont Dr","Louisville","KY","40214"
48291,"4401 Kurtz Ave","Louisville","KY","40229"
48292,"406 Spring Lake Ct","Louisville","KY","40229"
48293,"1654 Algonquin Pkwy","Louisville","KY","40210"
48294,"4005 Wimpole Rd","Louisville","KY","40218"
48295,"2420 Montgomery St","Louisville","KY","40212"
48296,"13002 Turner Ct","Louisville","KY","40299"
48297,"9002 Terry Rd","Louisville","KY","40258"
48298,"4207 Martha Ave","Louisville","KY","40220"
48299,"8609 Branchtree Pl","Louisville","KY","40228"
48300,"8516 River Terrace Dr","Louisville","KY","40258"
48301,"2116 Eastview Ave","Louisville","KY","40205"
48302,"9402 Walhampton Dr","Louisville","KY","40242"
48303,"1605 Bank St","Louisville","KY","40203"
48304,"7619 Arnoldtown Rd","Louisville","KY","40214"
48305,"5203 Amestree Pl","Louisville","KY","40229"
48306,"4007 Sea Wave Ct","Louisville","KY","40229"
48307,"5509 Jeanine Dr","Louisville","KY","40219"
48308,"9610 Westport Rd","Apt 6","Louisville",
48309,"9623 Seaton Brooke Ln","Louisville","KY","40291"
48310,"5027 Cronin Dr","Louisville","KY","40245"
48311,"5510 Knobview Ln","Louisville","KY","40219"
48312,"1337 Quincy St","Louisville","KY","40206"
48313,"12401 Brierly Hill Pl","Louisville","KY","40299"
48314,"1810 W Madison St","Louisville","KY","40203"
48315,"1227 Navajo Ct","Louisville","KY","40207"
48316,"14404 Maple Ridge Pl","Louisville","KY","40245"
48317,"6902 Sandstone Blvd","Louisville","KY","40219"
48318,"6806 Beackstone Ct","Louisville","KY","40228"
48319,"109 Cornell Pl","Louisville","KY","40207"
48320,"3237 Schneiter Ave","Louisville","KY","40215"
48321,"2221 Cottage Ln","Louisville","KY","40216"
48322,"11702 Robindale Rd","Louisville","KY","40243"
48323,"8702 Mount Eastes Ln","Louisville","KY","40291"
48324,"8921 Thelma Ln","Louisville","KY","40220"
48325,"3608 Briarglen Ln","Louisville","KY","40220"
48326,"5205 Rosette Blvd","Louisville","KY","40218"
48327,"10514 Glenmary Farm Dr","Louisville","KY","40291"
48328,"2605 Hampstead Dr","Louisville","KY","40216"
48329,"127 Tumbleweed Dr","Louisville","KY","40229"
48330,"5111 Maple Spring Dr","Louisville","KY","40229"
48331,"10408 Villa Dr","Louisville","KY","40272"
48332,"403 Marengo Dr","Louisville","KY","40243"
48333,"6203 Innes Trace Rd","Louisville","KY","40222"
48334,"6804 Sylvania 4 Rd","Louisville","KY","40258"
48335,"1021 E Burnett Ave","Louisville","KY","40217"
48336,"6900 Chartwell Ct","Louisville","KY","40241"
48337,"6310 May Pen Rd","Louisville","KY","40228"
48338,"6106 Rodes Dr","Louisville","KY","40222"
48339,"10605 Garden Creek Pl","Louisville","KY","40223"
48340,"212 Claremont Ave","Louisville","KY","40206"
48341,"11008 Taylorsville Rd","Louisville","KY","40299"
48342,"6909 Colrain Cir","Louisville","KY","40258"
48343,"9803 Springbark Dr","Louisville","KY","40241"
48344,"2010 Fairway Vista Dr","Louisville","KY","40245"
48345,"2717 Delor Ave","Louisville","KY","40217"
48346,"7007 Rainbow Dr","Louisville","KY","40272"
48347,"1600 Dundee Way","Louisville","KY","40205"
48348,"8409 Arnoldtown Rd","Louisville","KY","40214"
48349,"9007 Bingham Dr","Louisville","KY","40242"
48350,"4907 Grant Ave","Louisville","KY","40214"
48351,"2035 S Shelby St","Louisville","KY","40217"
48352,"2118 W Main St","Louisville","KY","40212"
48353,"13321 Tennis Blvd","Louisville","KY","40272"
48354,"1311 Tennessee Ave","Louisville","KY","40208"
48355,"7700 Beagle Pl","Louisville","KY","40219"
48356,"10408 Pebblestone Cir","Louisville","KY","40229"
48357,"2627 Rowan St","Louisville","KY","40212"
48358,"1515 Morton Ave","Louisville","KY","40204"
48359,"10520 Sawyer Pl","Louisville","KY","40241"
48360,"502 Valley College Dr","Louisville","KY","40272"
48361,"906 Franklin St","Louisville","KY","40206"
48362,"715 Circle Hill Rd","Louisville","KY","40207"
48363,"4505 Gothic Ct","Louisville","KY","40299"
48364,"9319 Tiverton Way","Louisville","KY","40242"
48365,"420 W Breckinridge St","Apt C4","Louisville",
48366,"3624 Kelly Way","Louisville","KY","40220"
48367,"11006 Bardstown Woods Blvd","Louisville","KY","40291"
48368,"3002 Shoreham Ln","Louisville","KY","40216"
48369,"6000 Hackney Coach Dr","Louisville","KY","40207"
48370,"14008 Spring Mill Rd","Louisville","KY","40245"
48371,"16109 Eastwood Cut Off Rd","Louisville","KY","40245"
48372,"1624 E Rockford Ln","Louisville","KY","40216"
48373,"11709 Herrick Ln","Louisville","KY","40243"
48374,"11712 Wareing Ct","Louisville","KY","40272"
48375,"8605 Binnacle Ct","Louisville","KY","40220"
48376,"4520 Janice Way","Louisville","KY","40216"
48377,"9200 Old Bardstown Rd","Louisville","KY","40291"
48378,"818 Gagel Ave","Louisville","KY","40216"
48379,"824 Gagel Ave","Louisville","KY","40216"
48380,"8610 Timberline Dr","Louisville","KY","40291"
48381,"3922 S 5th St","Louisville","KY","40214"
48382,"3307 Grand Ave","Louisville","KY","40211"
48383,"1724 Model Rd","Louisville","KY","40216"
48384,"7410 Ronan Dr","Louisville","KY","40258"
48385,"416 N Beckley Station Rd","Louisville","KY","40245"
48386,"2226 Saratoga Dr","Louisville","KY","40205"
48387,"710 E Oak St","Louisville","KY","40203"
48388,"2528 Broadmeade Rd","Louisville","KY","40205"
48389,"4312 Wingate Rd","Louisville","KY","40207"
48390,"5210 Fisherman Ct","Louisville","KY","40241"
48391,"2511 Mavis Ct","Louisville","KY","40216"
48392,"5900 Noah Ct","Louisville","KY","40258"
48393,"3813 Stone River Ct","Louisville","KY","40299"
48394,"4415 Culpepper Cir","Louisville","KY","40241"
48395,"3401 Mina Ct","Louisville","KY","40220"
48396,"7803 Tip Top Ln","Louisville","KY","40219"
48397,"1604 Girard Dr","Louisville","KY","40222"
48398,"2114 Ronnie Ave","Louisville","KY","40216"
48399,"3803 Therina Way","Louisville","KY","40241"
48400,"1578 S Shelby St","Louisville","KY","40217"
48401,"4618 Shenandoah Dr","Louisville","KY","40241"
48402,"4804 Lawrie Ln","Louisville","KY","40214"
48403,"3717 Downing Way","Louisville","KY","40218"
48404,"4709 Church Rd","Louisville","KY","40272"
48405,"4300 Dannywood Rd","Louisville","KY","40220"
48406,"8113 Florist Rd","Louisville","KY","40228"
48407,"5204 General Ln","Louisville","KY","40218"
48408,"2426 W Main St","Louisville","KY","40212"
48409,"1410 Olive St","Louisville","KY","40210"
48410,"8307 Delido Rd","Louisville","KY","40219"
48411,"8701 Gentry Ln","Louisville","KY","40291"
48412,"6401 Glenwood Rd","Louisville","KY","40222"
48413,"3544 Terrier Ln","Louisville","KY","40218"
48414,"112 Gibson Rd","Louisville","KY","40207"
48415,"361 Southwestern Pkwy","Louisville","KY","40212"
48416,"216 Shawnee Dr","Louisville","KY","40212"
48417,"2104 Ronnie Ave","Louisville","KY","40216"
48418,"4017 Meadow Crest Ct","Louisville","KY","40245"
48419,"6702 Glendale Rd","Louisville","KY","40291"
48420,"1532 Berry Blvd","Louisville","KY","40215"
48421,"6901 Spourtland Dr","Louisville","KY","40228"
48422,"1925 Farrington Dr","Louisville","KY","40216"
48423,"3502 Maalox Ct","Louisville","KY","40220"
48424,"3208 Seneca Park Rd","Louisville","KY","40207"
48425,"3712 Glengyle Ave","Louisville","KY","40218"
48426,"7317 Ridan Way","Louisville","KY","40214"
48427,"4509 Epinay Ct","Louisville","KY","40272"
48428,"2709 Pindell Ave","Louisville","KY","40217"
48429,"4024 Springhill Rd","Louisville","KY","40207"
48430,"741 Gheens Ave","Louisville","KY","40214"
48431,"5806 Dellrose Dr","Louisville","KY","40258"
48432,"301 Fall Harvest Ct","Louisville","KY","40223"
48433,"2227 Liverpool Ln","Louisville","KY","40218"
48434,"8207 Sandidge Dr","Louisville","KY","40228"
48435,"314 Short St","Louisville","KY","40212"
48436,"3021 Bradford Grove Ln","Louisville","KY","40220"
48437,"3912 Chenoweth Run Rd","Louisville","KY","40299"
48438,"8212 Madrone Ave","Louisville","KY","40258"
48439,"3902 Benje Way","Louisville","KY","40241"
48440,"2513 Alexander Ave","Louisville","KY","40217"
48441,"5914 Middleground Dr","Louisville","KY","40272"
48442,"6706 Memory Ln","Louisville","KY","40258"
48443,"2403 Pikes Peak Blvd","Louisville","KY","40214"
48444,"3508 Sample Way","Louisville","KY","40245"
48445,"4609 Johanna Ct","Louisville","KY","40229"
48446,"5903 Oakdale Ln","Louisville","KY","40219"
48447,"190 Hillside Ln","Louisville","KY","40229"
48448,"607 Duvall St","Louisville","KY","40217"
48449,"4616 Pulaski Ct","Louisville","KY","40245"
48450,"10918 Fairway Pointe Dr","Louisville","KY","40241"
48451,"1705 Bonnyville Blvd","Louisville","KY","40216"
48452,"5446 Southview Dr","Louisville","KY","40214"
48453,"116 Alpha Ave","Louisville","KY","40218"
48454,"1025 Milton St","Louisville","KY","40217"
48455,"4819 Middlesex Dr","Louisville","KY","40245"
48456,"5409 S Watterson Trl","Louisville","KY","40291"
48457,"1011 Ballard St","Louisville","KY","40204"
48458,"9920 Michaele Ln","Louisville","KY","40299"
48459,"478 Shady Brook Ln","Louisville","KY","40229"
48460,"2403 7th Street Rd","Louisville","KY","40208"
48461,"509 Village Lake Dr","Louisville","KY","40245"
48462,"2817 Esther Blvd","Louisville","KY","40220"
48463,"1224 S Floyd St","Louisville","KY","40203"
48464,"224 Bonnie Ln","Louisville","KY","40218"
48465,"4027 Fayette Ave","Louisville","KY","40213"
48466,"3728 Hurstbourne Ridge Blvd","Louisville","KY","40299"
48467,"713 Eastgate Village Pl","Louisville","KY","40223"
48468,"9106 Artis Way","Louisville","KY","40291"
48469,"14008 Petwood Blvd","Louisville","KY","40272"
48470,"5423 Count Fleet Dr","Louisville","KY","40272"
48471,"1602 Westmoorland Way","Louisville","KY","40242"
48472,"17005 Camberwell Ct","Louisville","KY","40245"
48473,"9611 Thor Ave","Louisville","KY","40229"
48474,"10403 Sandbourne Way","Louisville","KY","40241"
48475,"1910 Balfour Dr","Louisville","KY","40242"
48476,"900 Dorsey Ln","Louisville","KY","40223"
48477,"2940 Grinstead Dr","Louisville","KY","40206"
48478,"149 Wiltshire Ave","Louisville","KY","40207"
48479,"4217 Lambert Rd","Louisville","KY","40219"
48480,"6623 Sun Ray Dr","Louisville","KY","40272"
48481,"3218 Bon Air Ave","Louisville","KY","40220"
48482,"8806 Artis Way","Louisville","KY","40291"
48483,"4802 Greenvale Cir","Louisville","KY","40272"
48484,"3207 Bon Air Ave","Louisville","KY","40220"
48485,"1909 Hollen Rd","Louisville","KY","40222"
48486,"500 Wallace Ave","Louisville","KY","40207"
48487,"5107 Rossmoor Dr","Louisville","KY","40219"
48488,"3909 Plymouth Rd","Louisville","KY","40207"
48489,"11107 Herring Ct","Louisville","KY","40291"
48490,"8105 Stonyrun Ct","Louisville","KY","40220"
48491,"3302 Stratford Ave","Louisville","KY","40218"
48492,"709 Beechwood Rd","Louisville","KY","40207"
48493,"1836 Grand Ridge Rd","Louisville","KY","40214"
48494,"7214 Gerber Ave","Louisville","KY","40214"
48495,"5803 Whispering Hills Blvd","Louisville","KY","40219"
48496,"10412 Millers Ln","Louisville","KY","40272"
48497,"1405 Wills Ct","Louisville","KY","40211"
48498,"9208 Watterson Trl","Louisville","KY","40299"
48499,"3915 Tally Ho Ct","Louisville","KY","40299"
48500,"2220 Bradford Dr","Louisville","KY","40218"
48501,"1826 W Madison St","Louisville","KY","40203"
48502,"9113 Lantana Dr","Louisville","KY","40229"
48503,"4505 Chenwood Ln","Louisville","KY","40299"
48504,"2517 Top Hill Rd","Louisville","KY","40206"
48505,"4327 Diamond Way","Louisville","KY","40216"
48506,"2340 Alexander Ave","Louisville","KY","40217"
48507,"4617 Saint Rita Dr","Louisville","KY","40219"
48508,"3402 Gatecreek Rd","Louisville","KY","40272"
48509,"6404 Billtown Rd","Louisville","KY","40299"
48510,"8916 Willow Springs Dr","Louisville","KY","40242"
48511,"1935 Gardiner Ln","Apt A7","Louisville",
48512,"504 Colorado Ave","Louisville","KY","40208"
48513,"10610 Black Iron Rd","Louisville","KY","40291"
48514,"6300 Rocky Mountain Dr","Louisville","KY","40228"
48515,"323 S 39th St","Louisville","KY","40212"
48516,"4 Settlers Trce","Louisville","KY","40291"
48517,"11504 Magnolia View Ct","Louisville","KY","40299"
48518,"4021 S 1st St","Louisville","KY","40214"
48519,"11706 Golden Light Ct","Louisville","KY","40272"
48520,"4217 Narcissus Dr","Louisville","KY","40219"
48521,"4200 Nachand Ln","Louisville","KY","40218"
48522,"7009 Briscoe Ln","Louisville","KY","40228"
48523,"12007 Parkland Ct","Louisville","KY","40243"
48524,"3932 Nanz Ave","Louisville","KY","40207"
48525,"3357 Taylor Blvd","Louisville","KY","40215"
48526,"10718 Spring Lawn Dr","Louisville","KY","40291"
48527,"9503 Blue Ribbon Ct","Louisville","KY","40291"
48528,"1507 Tyler Park Dr","Louisville","KY","40204"
48529,"14427 Old Henry Rd","Louisville","KY","40245"
48530,"5529 Halstead Ave","Louisville","KY","40213"
48531,"2908 N Melrose Dr","Louisville","KY","40299"
48532,"2822 Hoock Ave","Louisville","KY","40205"
48533,"209 Southwood Ter","Louisville","KY","40214"
48534,"6342 Hunters Grove Rd","Louisville","KY","40216"
48535,"3473 Illinois Ave","Louisville","KY","40213"
48536,"1007 Fenley Ave","Louisville","KY","40222"
48537,"12110 E Orell Rd","Louisville","KY","40272"
48538,"8807 Gutenberg Rd","Louisville","KY","40299"
48539,"1028 Carlisle Ave","Louisville","KY","40215"
48540,"4500 Cod Dr","Louisville","KY","40272"
48541,"10503 Trotters Pointe Dr","Apt 301","Louisville",
48542,"2625 Olive St","Louisville","KY","40210"
48543,"136 N 39th St","Louisville","KY","40212"
48544,"529 Forum Ave","Louisville","KY","40214"
48545,"5512 Grandel Blvd","Louisville","KY","40258"
48546,"5307 Hempstead Rd","Louisville","KY","40207"
48547,"728 S 37th St","Louisville","KY","40211"
48548,"800 Rubel Ave","Louisville","KY","40204"
48549,"4200 S Park Rd","Louisville","KY","40219"
48550,"10203 Glenmary Farm Dr","Louisville","KY","40291"
48551,"5901 Burlington Ave","Louisville","KY","40222"
48552,"802 Perryman Rd","Louisville","KY","40207"
48553,"1733 Kensington Place Ln","Louisville","KY","40205"
48554,"3309 Northwestern Pkwy","Louisville","KY","40212"
48555,"513 Camden Ave","Louisville","KY","40215"
48556,"1124 S Brook St","Louisville","KY","40203"
48557,"6 Addison Ct","Louisville","KY","40216"
48558,"5317 Twinkle Dr","Louisville","KY","40258"
48559,"1536 Catalpa St","Louisville","KY","40211"
48560,"1003 Lodge Hill Rd","Louisville","KY","40223"
48561,"3501 Decatur Ct","Louisville","KY","40218"
48562,"4509 Trey Ct","Louisville","KY","40220"
48563,"8307 La Grange Rd","Louisville","KY","40222"
48564,"9702 Springwater Ct","Louisville","KY","40229"
48565,"2807 Cleveland Blvd","Louisville","KY","40206"
48566,"2810 Lexham Rd","Louisville","KY","40220"
48567,"4019 Quiet Way","Louisville","KY","40219"
48568,"12400 Kingsley Dr","Louisville","KY","40229"
48569,"3146 Radiance Rd","Louisville","KY","40220"
48570,"9403 Hunter Rd","Louisville","KY","40242"
48571,"514 Morningside Dr","Louisville","KY","40206"
48572,"5513 Mcdeane Rd","Louisville","KY","40216"
48573,"1559 S 23rd St","Louisville","KY","40210"
48574,"4718 Fox Den Ct","Louisville","KY","40241"
48575,"3346 Dayton Ave","Louisville","KY","40207"
48576,"621 Cecil Ave","Louisville","KY","40211"
48577,"417 Wood Rd","Louisville","KY","40222"
48578,"6119 Arlone Ct","Louisville","KY","40216"
48579,"8204 Nottingham Pkwy","Louisville","KY","40222"
48580,"2515 Top Hill Rd","Louisville","KY","40206"
48581,"4003 Serviceberry Ct","Louisville","KY","40241"
48582,"6212 Glen Hill Rd","Louisville","KY","40222"
48583,"4514 Portico Ct","Louisville","KY","40299"
48584,"10003 Seatonville Rd","Louisville","KY","40291"
48585,"3 Bayside Ct","Louisville","KY","40216"
48586,"8302 Cabin Hill Rd","Louisville","KY","40291"
48587,"1118 S 32nd St","Louisville","KY","40211"
48588,"7402 Wesboro Rd","Louisville","KY","40242"
48589,"205 Cannons Ln","Louisville","KY","40206"
48590,"2515 Melody Way","Louisville","KY","40299"
48591,"4425 Sanders Ln","Louisville","KY","40216"
48592,"11817 Robindale Rd","Louisville","KY","40243"
48593,"3129 Hunsinger Blvd","Louisville","KY","40220"
48594,"1765 Bernheim Ln","Louisville","KY","40210"
48595,"1591 Cooper Ave","Louisville","KY","40219"
48596,"8607 Raintree Dr","Louisville","KY","40220"
48597,"1923 Overlook Ter","Louisville","KY","40205"
48598,"4419 Bays End Ct","Louisville","KY","40245"
48599,"7713 Daffodil Dr","Louisville","KY","40258"
48600,"1611 Dawn Dr","Louisville","KY","40216"
48601,"345 N 22nd St","Louisville","KY","40212"
48602,"6508 Spencerwood Ct","Louisville","KY","40229"
48603,"6903 Colrain Cir","Louisville","KY","40258"
48604,"3814 Flowering Grove Ct","Louisville","KY","40241"
48605,"9206 Lethborough Dr","Louisville","KY","40299"
48606,"2913 W Market St","Louisville","KY","40212"
48607,"508 Donard Park Ave","Louisville","KY","40218"
48608,"9504 Erin Way","Louisville","KY","40223"
48609,"2308 Village Dr","Louisville","KY","40205"
48610,"8201 Granwood Ln","Louisville","KY","40258"
48611,"2422 Weber Ln","Louisville","KY","40216"
48612,"6821 Copra Ln","Louisville","KY","40219"
48613,"9506 Farnham Dr","Louisville","KY","40223"
48614,"1133 Charles St","Louisville","KY","40204"
48615,"3505 Orbit Ct","Louisville","KY","40229"
48616,"2704 Summerfield Dr","Louisville","KY","40220"
48617,"202 Fairfax Ave","Louisville","KY","40207"
48618,"4018 Clyde Dr","Louisville","KY","40216"
48619,"7116 Meadow Ridge Dr","Louisville","KY","40218"
48620,"371 N 26th St","Louisville","KY","40212"
48621,"2617 W Market St","Louisville","KY","40212"
48622,"1219 Everett Ave","Louisville","KY","40204"
48623,"9600 Cambridge Commons Ct","Louisville","KY","40291"
48624,"660 N Barbee Way","Louisville","KY","40217"
48625,"121 Vernon Ave","Louisville","KY","40206"
48626,"3617 Susan Ln","Louisville","KY","40229"
48627,"4003 Blanton Ln","Louisville","KY","40216"
48628,"4605 Spen Lea Rd","Louisville","KY","40216"
48629,"210 Pope St","Louisville","KY","40206"
48630,"2731 Chase Ct","Louisville","KY","40211"
48631,"9812 Lanesboro Way","Louisville","KY","40242"
48632,"9115 Cedar Creek Rd","Louisville","KY","40291"
48633,"622 S 15th St","Louisville","KY","40203"
48634,"13808 Forest Bend Cir","Louisville","KY","40245"
48635,"8710 Stockport Rd","Louisville","KY","40222"
48636,"4610 Andalusia Ln","Louisville","KY","40272"
48637,"4012 Saint Germaine Ct","Louisville","KY","40207"
48638,"4812 Valley Station Rd","Louisville","KY","40272"
48639,"3709 Oboe Dr","Louisville","KY","40216"
48640,"8403 Carmil Dr","Louisville","KY","40291"
48641,"9219 Vevey Rd","Louisville","KY","40291"
48642,"3603 Brownsboro Rd","Apt 6","Louisville",
48643,"5316 Velle Vista Dr","Louisville","KY","40272"
48644,"4407 Oboe Dr","Louisville","KY","40216"
48645,"200 Monohan Dr","Louisville","KY","40207"
48646,"1218 Winterbranch Way","Louisville","KY","40245"
48647,"896 Eastern Pkwy","Louisville","KY","40217"
48648,"821 S Shelby St","Louisville","KY","40203"
48649,"1028 Euclid Ave","Louisville","KY","40208"
48650,"3030 Breckenridge Ln","Apt 115","Louisville",
48651,"10307 Parkstone Dr","Louisville","KY","40241"
48652,"2513 Boulevard","Napoleon","Louisville",
48653,"2605 Goldsmith Ln","Louisville","KY","40218"
48654,"8817 Moody Rd","Louisville","KY","40219"
48655,"10104 Greenfield Woods Cir","Louisville","KY","40258"
48656,"3508 Indocin Ct","Louisville","KY","40220"
48657,"7904 Machupe Ct","Louisville","KY","40241"
48658,"437 E Lee St","Louisville","KY","40217"
48659,"12815 Ledges Dr","Louisville","KY","40243"
48660,"1213 Park Hills Dr","Louisville","KY","40207"
48661,"4121 Willowview Blvd","Louisville","KY","40299"
48662,"4204 Machupe Dr","Louisville","KY","40241"
48663,"1912 Floradora Dr","Louisville","KY","40272"
48664,"2517 Gardiner Ln","Louisville","KY","40205"
48665,"1638 Jaeger Ave","Louisville","KY","40205"
48666,"430 W Southside Ct","Louisville","KY","40214"
48667,"634 S 37th St","Louisville","KY","40211"
48668,"6007 Grandel Pointe Ct","Louisville","KY","40258"
48669,"2104 Date St","Louisville","KY","40210"
48670,"334 Blankenbaker Ln","Louisville","KY","40207"
48671,"5512 Pavilion Way","Louisville","KY","40291"
48672,"2226 Beargrass Ave","Louisville","KY","40218"
48673,"2208 Bell Tavern Ct","Louisville","KY","40207"
48674,"4603 Primula Way","Louisville","KY","40272"
48675,"14506 Clear Meadow Ct","Louisville","KY","40245"
48676,"4502 Saratoga Hill Rd","Louisville","KY","40299"
48677,"2107 East Ln","Louisville","KY","40216"
48678,"3002 Spencer Ave","Louisville","KY","40205"
48679,"8323 Huntsman Trl","Louisville","KY","40291"
48680,"6806 Mckeever Ln","Louisville","KY","40258"
48681,"7923 Candleglow Ln","Louisville","KY","40214"
48682,"1438 Taylor Ave","Louisville","KY","40213"
48683,"5013 Oldshire Rd","Louisville","KY","40229"
48684,"8316 Mcnair Rd","Louisville","KY","40214"
48685,"4405 Saint Regis Ln","Louisville","KY","40220"
48686,"8001 Perchwood Ct","Louisville","KY","40291"
48687,"5912 Full Moon Ct","Louisville","KY","40216"
48688,"3332 Bon Air Ave","Louisville","KY","40220"
48689,"7605 Wolfspring Ct","Louisville","KY","40241"
48690,"13806 Lakemont Ct","Louisville","KY","40299"
48691,"9062 Fern Creek Rd","Louisville","KY","40291"
48692,"9915 Spring Ridge Dr","Louisville","KY","40223"
48693,"10509 Pebblestone Cir","Louisville","KY","40229"
48694,"109 W Wellington Ave","Louisville","KY","40214"
48695,"415 Roberts Ave","Louisville","KY","40214"
48696,"5416 Logwood Ave","Louisville","KY","40272"
48697,"620 Inverness Ave","Louisville","KY","40214"
48698,"3812 Shannon Run Trl","Louisville","KY","40299"
48699,"86 Valley Rd","Louisville","KY","40204"
48700,"1016 Hess Ln","Louisville","KY","40217"
48701,"301 Pencross Pl","Louisville","KY","40223"
48702,"5110 Yaupon Ln","Louisville","KY","40213"
48703,"12615 Towne Creek Rd","Louisville","KY","40243"
48704,"2811 Montgomery St","Louisville","KY","40212"
48705,"8104 Woodfern Way","Louisville","KY","40291"
48706,"2240 Wynnewood Cir","Louisville","KY","40222"
48707,"2105 Old Hickory Rd","Louisville","KY","40299"
48708,"10802 Glenway Pl","Louisville","KY","40291"
48709,"2119 Douglass Blvd","Louisville","KY","40205"
48710,"1919 Strathmoor Blvd","Louisville","KY","40205"
48711,"4901 Preston Dr","Louisville","KY","40213"
48712,"204 Holliswood Rd","Louisville","KY","40222"
48713,"2508 Hawthorne Ave","Louisville","KY","40205"
48714,"4620 Wooded Oak Cir","Louisville","KY","40245"
48715,"10720 Hite Creek Rd","Louisville","KY","40241"
48716,"1110 Lone Oak Ave","Louisville","KY","40219"
48717,"1543 Glenrock Rd","Louisville","KY","40216"
48718,"2211 Alta Ave","Louisville","KY","40205"
48719,"10203 Blue Ridge Ct","Louisville","KY","40223"
48720,"815 S 42nd St","Louisville","KY","40211"
48721,"2526 Glenmary Ave","Louisville","KY","40204"
48722,"601 Briar Hill Rd","Louisville","KY","40206"
48723,"722 Wicklow Rd","Louisville","KY","40207"
48724,"7404 Stanhope Ct","Louisville","KY","40258"
48725,"1803 Claremoor Dr","Louisville","KY","40223"
48726,"4104 Hunsinger Woods Pl","Louisville","KY","40220"
48727,"1135 W Indian Trl","Louisville","KY","40213"
48728,"3412 River Park Dr","Louisville","KY","40211"
48729,"10901 Spring Run Ct","Louisville","KY","40291"
48730,"3514 Virginia Ave","Louisville","KY","40211"
48731,"139 S Bayly Ave","Louisville","KY","40206"
48732,"4704 Glenna Way","Louisville","KY","40219"
48733,"6712 Sycamore Woods Dr","Louisville","KY","40241"
48734,"2800 Pomeroy Dr","Louisville","KY","40218"
48735,"321 Old Harrods Creek Rd","Louisville","KY","40223"
48736,"4509 Southern Pkwy","Louisville","KY","40214"
48737,"2216 Saint Xavier St","Louisville","KY","40212"
48738,"640 Louis Coleman Jr Dr","Louisville","KY","40211"
48739,"3730 Rosemont Blvd","Louisville","KY","40218"
48740,"5701 Jessamine Ln","Louisville","KY","40258"
48741,"6614 Evening Tide Ct","Louisville","KY","40272"
48742,"4614 Pulaski Ct","Louisville","KY","40245"
48743,"5602 Robinwood Rd","Louisville","KY","40218"
48744,"1908 Maricopa Ct","Louisville","KY","40223"
48745,"3430 W Jefferson St","Louisville","KY","40212"
48746,"3312 Heather Ln","Louisville","KY","40218"
48747,"443 Rosewood Ct","Louisville","KY","40223"
48748,"3904 Fairfield Hill Ct","Louisville","KY","40245"
48749,"1861 Princeton Dr","Louisville","KY","40205"
48750,"3907 Stone Hollow Dr","Louisville","KY","40299"
48751,"10748 Hobbs Station Rd","Louisville","KY","40223"
48752,"4822 Redstart Rd","Louisville","KY","40213"
48753,"1515 Anderson St","Louisville","KY","40210"
48754,"2319 Thistledawn Dr","Louisville","KY","40216"
48755,"5604 Nally Ct","Louisville","KY","40216"
48756,"1723 Pershing Ave","Louisville","KY","40242"
48757,"1516 Catalpa St","Louisville","KY","40211"
48758,"3003 Westfair Cv","Louisville","KY","40241"
48759,"1379 Waxwing Pl","Louisville","KY","40223"
48760,"3908 Hillcross Dr","Louisville","KY","40229"
48761,"4718 S Rutland Ave","Louisville","KY","40215"
48762,"3318 Cawein Way","Louisville","KY","40220"
48763,"675 Eastlawn Ave","Louisville","KY","40211"
48764,"4926 Garden Green Way","Louisville","KY","40218"
48765,"5408 S Watterson Trl","Louisville","KY","40291"
48766,"3321 Dean Dr","Louisville","KY","40220"
48767,"3941 Northwestern Pkwy","Louisville","KY","40212"
48768,"8619 Running Fox Cir","Louisville","KY","40291"
48769,"7206 Greenlawn Rd","Louisville","KY","40222"
48770,"3706 Winchester Rd","Louisville","KY","40207"
48771,"2636 Rowan St","Louisville","KY","40212"
48772,"5106 Laughlin Ave","Louisville","KY","40214"
48773,"1532 Rosewood Ave","Louisville","KY","40204"
48774,"3901 Forest Crest Way","Louisville","KY","40245"
48775,"3330 Oleanda Ave","Louisville","KY","40215"
48776,"10905 Bardstown Woods Blvd","Louisville","KY","40291"
48777,"4714 Oak Bend Dr","Louisville","KY","40241"
48778,"322 Norbourne Blvd","Louisville","KY","40207"
48779,"1368 Cypress St","Louisville","KY","40211"
48780,"3324 Dumesnil St","Louisville","KY","40211"
48781,"4205 Lucas Ct","Louisville","KY","40213"
48782,"5608 Morrison Ave","Louisville","KY","40214"
48783,"10802 Turfland Way","Louisville","KY","40241"
48784,"2920 Kings Bridge Rd","Louisville","KY","40220"
48785,"122 N 34th St","Louisville","KY","40212"
48786,"11303 Coolwood Rd","Louisville","KY","40223"
48787,"514 Spring House Ln","Louisville","KY","40229"
48788,"1809 Neville Dr","Louisville","KY","40216"
48789,"512 Nickleby Way","Louisville","KY","40245"
48790,"1412 Willow Ave","Apt 51","Louisville",
48791,"2715 S 6th St","Louisville","KY","40208"
48792,"620 S 15th St","Louisville","KY","40203"
48793,"1000 Minor Ln","Louisville","KY","40219"
48794,"1384 S 3rd St","Louisville","KY","40208"
48795,"1619 Thornberry Ave","Louisville","KY","40215"
48796,"928 Ash St","Louisville","KY","40217"
48797,"6421 Tradesmill Dr","Louisville","KY","40291"
48798,"2708 Brownsboro Rd","Louisville","KY","40206"
48799,"5809 Stone Bluff Rd","Louisville","KY","40291"
48800,"7406 Ridan Way","Louisville","KY","40214"
48801,"2714 Riedling Dr","Apt 1","Louisville",
48802,"3912 Stony Brook Dr","Louisville","KY","40299"
48803,"819 Iroquois Ave","Louisville","KY","40214"
48804,"529 E Saint Catherine St","Louisville","KY","40203"
48805,"4410 Jewell Ave","Louisville","KY","40212"
48806,"8807 Bluebell Dr","Louisville","KY","40219"
48807,"2700 Riedling Dr","Louisville","KY","40206"
48808,"9603 Hudson Ln","Louisville","KY","40291"
48809,"13413 Diane Rd","Louisville","KY","40272"
48810,"5509 Ripple Ln","Louisville","KY","40218"
48811,"7301 Ethan Allen Way","Louisville","KY","40272"
48812,"2616 Greenwood Ave","Louisville","KY","40211"
48813,"4300 E Indian Trl","Louisville","KY","40213"
48814,"10005 Colonel Hancock Dr","Louisville","KY","40291"
48815,"4505 Saratoga Hill Rd","Louisville","KY","40299"
48816,"4619 Andalusia Ln","Louisville","KY","40272"
48817,"10509 Glenmary Farm Dr","Louisville","KY","40291"
48818,"4627 S 6th St","Louisville","KY","40214"
48819,"3915 Stone Hollow Dr","Louisville","KY","40299"
48820,"2602 Bradford Dr","Louisville","KY","40218"
48821,"9213 Sue Helen Dr","Louisville","KY","40299"
48822,"2022 Garland Ave","Louisville","KY","40210"
48823,"6808 Spring Lawn Ct","Louisville","KY","40291"
48824,"6903 John Paul Ln","Louisville","KY","40229"
48825,"1311 Southgate Ave","Louisville","KY","40215"
48826,"2700 Parklawn Dr","Louisville","KY","40217"
48827,"6212 Scottwood Dr","Louisville","KY","40258"
48828,"4620 Westchester Ave","Louisville","KY","40211"
48829,"1725 Shelby Rd","Louisville","KY","40213"
48830,"10130 Closterwood Dr","Louisville","KY","40229"
48831,"4021 Landherr Dr","Louisville","KY","40299"
48832,"8716 Wyndridge Creek Way","Louisville","KY","40242"
48833,"11210 Kendalton Pl","Louisville","KY","40241"
48834,"1606 Al Mara Cir","Louisville","KY","40205"
48835,"205 Wakefield Trce","Louisville","KY","40245"
48836,"9313 Justine Ct","Louisville","KY","40299"
48837,"8920 Brandywyne Dr","Louisville","KY","40291"
48838,"8909 William Penn Way","Louisville","KY","40228"
48839,"4400 Arroyo Trl","Louisville","KY","40229"
48840,"4518 Wolfspring Dr","Louisville","KY","40241"
48841,"2011 Bruce Ave","Louisville","KY","40218"
48842,"1840 Nobel Pl","Louisville","KY","40216"
48843,"8220 Grandel Pl","Louisville","KY","40258"
48844,"1318 Eastern Pkwy","Apt 4","Louisville",
48845,"4007 Druid Hills Rd","Louisville","KY","40207"
48846,"26 Lake Ave","Louisville","KY","40206"
48847,"9621 Combs Ln","Louisville","KY","40258"
48848,"10204 Hartley Dr","Louisville","KY","40223"
48849,"8908 Mountain Brook Dr","Louisville","KY","40272"
48850,"5019 Cronin Dr","Louisville","KY","40245"
48851,"7211 Rambo Way","Louisville","KY","40228"
48852,"531 Gheens Ave","Louisville","KY","40214"
48853,"4001 Woodruff Ave","Louisville","KY","40215"
48854,"3007 S 6th St","Louisville","KY","40208"
48855,"10303 Mary Dell Ln","Louisville","KY","40299"
48856,"1561 Indiana Ave","Louisville","KY","40213"
48857,"721 Eastgate Village Pl","Louisville","KY","40223"
48858,"1806 Grand Ridge Rd","Louisville","KY","40214"
48859,"2509 Titleist Rd","Louisville","KY","40242"
48860,"2601 Drayton Dr","Louisville","KY","40205"
48861,"6506 Moorhaven Dr","Louisville","KY","40228"
48862,"811 Tucker Station Rd","Louisville","KY","40243"
48863,"1128 Hull St","Louisville","KY","40204"
48864,"3015 Lake Vista Dr","Louisville","KY","40241"
48865,"4407 S 2nd St","Louisville","KY","40214"
48866,"12000 Bettye Ann Ct","Louisville","KY","40299"
48867,"123 Cambridge Dr","Louisville","KY","40214"
48868,"8305 Science Hill Ct","Louisville","KY","40228"
48869,"1405 Anna Ln","Louisville","KY","40216"
48870,"1405 Oxmoor Woods Pkwy","Louisville","KY","40222"
48871,"8010 Grandmeadow Ln","Louisville","KY","40258"
48872,"11514 Leemont Dr","Louisville","KY","40272"
48873,"1020 Highland Ave","Louisville","KY","40204"
48874,"1402 Audubon Pkwy","Louisville","KY","40213"
48875,"10916 Nagel Ct","Louisville","KY","40241"
48876,"276 Jennymac Dr","Louisville","KY","40229"
48877,"5127 Hunters Point Cir","Louisville","KY","40216"
48878,"7810 Kenhurst Dr","Louisville","KY","40258"
48879,"8100 Windsor Lakes Ct","Louisville","KY","40214"
48880,"3616 Ripple Creek Dr","Louisville","KY","40229"
48881,"3650 Powell Ave","Louisville","KY","40215"
48882,"2409 Meadow Dr","Louisville","KY","40218"
48883,"10617 Sycamore Ct","Louisville","KY","40223"
48884,"3900 Forest Crest Way","Louisville","KY","40245"
48885,"2005 Rowan St","Louisville","KY","40203"
48886,"4017 Burrell Dr","Louisville","KY","40216"
48887,"8201 Granwyn Ct","Louisville","KY","40258"
48888,"5311 Tahia Dr","Louisville","KY","40216"
48889,"4611 Pulaski Ct","Louisville","KY","40245"
48890,"9700 Rocky Trl","Louisville","KY","40299"
48891,"402 Nickleby Way","Louisville","KY","40245"
48892,"3500 Lenoir Ave","Louisville","KY","40216"
48893,"7019 Chippenham Rd","Louisville","KY","40222"
48894,"608 Hatherleigh Ln","Louisville","KY","40222"
48895,"4413 Lincoln Rd","Louisville","KY","40220"
48896,"505 Eastern Pkwy","Louisville","KY","40217"
48897,"2705 Alanmede Rd","Louisville","KY","40205"
48898,"9208 Woodhurst Ct","Louisville","KY","40222"
48899,"13001 Lavenia Ln","Louisville","KY","40272"
48900,"1834 Grand Ave","Louisville","KY","40210"
48901,"3133 Maywood Pl","Louisville","KY","40220"
48902,"2307 Chalmer Ct","Louisville","KY","40216"
48903,"3108 Verne Ct","Louisville","KY","40205"
48904,"4920 Stokes Ct","Louisville","KY","40218"
48905,"1412 Weyler Ave","Louisville","KY","40215"
48906,"8908 Loch Lea Ln","Louisville","KY","40291"
48907,"2906 Cambridge Rd","Louisville","KY","40220"
48908,"2907 Cannons Ln","Louisville","KY","40205"
48909,"3610 Garland Ave","Louisville","KY","40211"
48910,"3835 Peachtree Ave","Louisville","KY","40215"
48911,"3221 Grand Ave","Louisville","KY","40211"
48912,"7106 Kena Ln","Louisville","KY","40258"
48913,"3200 Bridwell Dr","Louisville","KY","40216"
48914,"420 Deerfield Ln","Louisville","KY","40207"
48915,"5518 Garrow Ave","Louisville","KY","40219"
48916,"6704 Fenske Ln","Louisville","KY","40258"
48917,"4866 Brenda Dr","Louisville","KY","40219"
48918,"8003 Cortland Dr","Louisville","KY","40228"
48919,"9609 Hofelich Ln","Louisville","KY","40291"
48920,"3101 Lemmah Dr","Louisville","KY","40216"
48921,"2803 Marguerite Dr","Louisville","KY","40216"
48922,"916 Eastern Pkwy","Louisville","KY","40217"
48923,"9809 Hillary Ct","Louisville","KY","40291"
48924,"1419 Cloverhills Dr","Louisville","KY","40216"
48925,"428 S 16th St","Louisville","KY","40203"
48926,"1020 Clayborne Rd","Louisville","KY","40214"
48927,"2311 Seneca Valley Rd","Louisville","KY","40205"
48928,"2402 Emil Ave","Louisville","KY","40217"
48929,"3909 Valley Station Rd","Louisville","KY","40272"
48930,"812 Brookhill Rd","Louisville","KY","40223"
48931,"3004 Winterhaven Rd","Louisville","KY","40220"
48932,"1517 S 31st St","Louisville","KY","40211"
48933,"2302 Northfield Dr","Louisville","KY","40222"
48934,"7915 Edsel Ln","Louisville","KY","40291"
48935,"17219 Mallet Hill Dr","Louisville","KY","40245"
48936,"5008 Dee Rd","Louisville","KY","40219"
48937,"546 Circle Valley Dr","Louisville","KY","40229"
48938,"109 E Collins Ct","Louisville","KY","40214"
48939,"5103 Sprucewood Dr","Louisville","KY","40291"
48940,"921 Burton Ave","Louisville","KY","40208"
48941,"917 Burton Ave","Louisville","KY","40208"
48942,"203 Sycamore Dr","Louisville","KY","40223"
48943,"9902 Vega Ln","Louisville","KY","40272"
48944,"1444 Eastern Pkwy","Louisville","KY","40204"
48945,"518 School Way","Louisville","KY","40214"
48946,"1043 Oakwood Ave","Louisville","KY","40215"
48947,"6500 Moorman Rd","Louisville","KY","40272"
48948,"8513 Ferndale Rd","Louisville","KY","40291"
48949,"738 Burton Ave","Louisville","KY","40208"
48950,"1917 Farrington Dr","Louisville","KY","40216"
48951,"1733 Fernwood Ave","Louisville","KY","40205"
48952,"1104 Moser Rd","Louisville","KY","40223"
48953,"9716 Sue Helen Dr","Louisville","KY","40299"
48954,"3620 Garland Ave","Louisville","KY","40211"
48955,"5315 Kilmer Blvd","Louisville","KY","40213"
48956,"3415 W Market St","Louisville","KY","40212"
48957,"909 Burning Springs Cir","Louisville","KY","40223"
48958,"504 Club Ln","Louisville","KY","40207"
48959,"2837 Yorkshire Blvd","Louisville","KY","40220"
48960,"6351 Limewood Cir","Louisville","KY","40222"
48961,"14407 Forest Glenn Ct","Louisville","KY","40245"
48962,"6306 Yellow Pine Dr","Louisville","KY","40229"
48963,"4502 Forest Ridge Ct","Louisville","KY","40219"
48964,"4904 Cronin Dr","Louisville","KY","40245"
48965,"300 Sprite Rd","Louisville","KY","40207"
48966,"1405 Northwind Rd","Louisville","KY","40207"
48967,"8901 Ayrshire Ave","Louisville","KY","40222"
48968,"10409 Black Iron Rd","Louisville","KY","40291"
48969,"1819 Sherwood Ave","Louisville","KY","40205"
48970,"1802 Tyler Ln","Louisville","KY","40205"
48971,"9403 Exhibition Ct","Louisville","KY","40291"
48972,"1722 Kennedy Rd","Louisville","KY","40216"
48973,"215 S Keats Ave","Louisville","KY","40206"
48974,"11009 Torrington Rd","Louisville","KY","40272"
48975,"3906 Fairfield Hill Ct","Louisville","KY","40245"
48976,"7318 Paiute Rd","Louisville","KY","40214"
48977,"4716 S Rutland Ave","Louisville","KY","40215"
48978,"1350 Forest Dr","Louisville","KY","40219"
48979,"6012 Highgrade Dr","Louisville","KY","40291"
48980,"12409 Bethany Oaks Pkwy","Louisville","KY","40272"
48981,"7706 Sunbury Ln","Louisville","KY","40220"
48982,"1714 Chichester Ave","Louisville","KY","40205"
48983,"163 Gillette Ave","Louisville","KY","40214"
48984,"413 Iola Rd","Louisville","KY","40207"
48985,"2118 New Main St","Louisville","KY","40206"
48986,"13917 Petwood Blvd","Louisville","KY","40272"
48987,"830 Hazel St","Louisville","KY","40211"
48988,"2505 Brownsboro Rd","Apt A5","Louisville",
48989,"5013 Paramount Dr","Louisville","KY","40258"
48990,"3419 Audubon Ridge Ct","Louisville","KY","40213"
48991,"3700 Shannon Run Trl","Louisville","KY","40299"
48992,"10513 Grecian Rd","Louisville","KY","40272"
48993,"2415 Rudy Ln","Louisville","KY","40207"
48994,"1519 Anderson St","Louisville","KY","40210"
48995,"1818 S 23rd St","Louisville","KY","40210"
48996,"3804 Charter Oaks Dr","Apt 4","Louisville",
48997,"3303 Powell Ave","Louisville","KY","40215"
48998,"13005 Turner Ct","Louisville","KY","40299"
48999,"4004 Hycliffe Ave","Louisville","KY","40207"
49000,"8909 Royal Oak Dr","Louisville","KY","40272"
49001,"1069 E Oak St","Louisville","KY","40204"
49002,"824 Circle Hill Rd","Louisville","KY","40207"
49003,"4501 S 6th St","Apt 53","Louisville",
49004,"2014 Cedarcrest Dr","Louisville","KY","40242"
49005,"9004 Billingsgate Pl","Louisville","KY","40242"
49006,"3720 Bristol Oaks Dr","Louisville","KY","40299"
49007,"1303 Bentwood Way","Louisville","KY","40223"
49008,"13701 Willow Reed Dr","Louisville","KY","40299"
49009,"219 Delmont Ave","Louisville","KY","40206"
49010,"7310 Daisy Ave","Louisville","KY","40258"
49011,"9813 Bentford Dr","Louisville","KY","40272"
49012,"8700 Meadow Spring Way","Louisville","KY","40291"
49013,"9115 New Maple Rd","Louisville","KY","40229"
49014,"4922 Garden Green Way","Louisville","KY","40218"
49015,"6706 Crispa Ct","Louisville","KY","40228"
49016,"225 Oxford Pl","Louisville","KY","40207"
49017,"6101 Baylor Ct","Louisville","KY","40222"
49018,"4824 Fielding Way","Louisville","KY","40216"
49019,"935 Palatka Rd","Louisville","KY","40214"
49020,"115 Johnson Rd","Louisville","KY","40245"
49021,"6703 Bedford Ln","Louisville","KY","40222"
49022,"14017 Waters Edge Dr","Louisville","KY","40245"
49023,"2515 Alexander Ave","Louisville","KY","40217"
49024,"8908 Collingwood Rd","Louisville","KY","40299"
49025,"513 Indian Ridge Rd","Louisville","KY","40207"
49026,"2657 Dixdale Ave","Louisville","KY","40210"
49027,"2315 Cherokee Pkwy","Louisville","KY","40204"
49028,"711 Hollingsworth Pl","Louisville","KY","40207"
49029,"10200 Ledbury Way","Louisville","KY","40223"
49030,"14106 Henderson Ave","Louisville","KY","40272"
49031,"3603 Plymouth Rd","Louisville","KY","40207"
49032,"2615 Mccoy Way","Louisville","KY","40205"
49033,"1222 Summit Ave","Louisville","KY","40204"
49034,"12609 Westport Ridge Way","Louisville","KY","40245"
49035,"4614 Vinita Way","Louisville","KY","40272"
49036,"3012 Rockaway Dr","Louisville","KY","40216"
49037,"3114 Kingswood Way","Louisville","KY","40216"
49038,"3627 Regatta Way","Louisville","KY","40211"
49039,"723 Swan St","Louisville","KY","40204"
49040,"2900 Flair Knoll Ct","Louisville","KY","40216"
49041,"2214 Farnsley Rd","Louisville","KY","40216"
49042,"9011 Royal Oak Dr","Louisville","KY","40272"
49043,"8937 Preston Hwy","Louisville","KY","40219"
49044,"1429 Indiana Ave","Louisville","KY","40213"
49045,"3622 Downing Way","Louisville","KY","40218"
49046,"600 Compton St","Louisville","KY","40208"
49047,"408 Freeman Ave","Louisville","KY","40214"
49048,"8160 Blake Ln","Louisville","KY","40258"
49049,"4021 Hale Ave","Louisville","KY","40211"
49050,"618 S 15th St","Louisville","KY","40203"
49051,"6619 Putman Ave","Louisville","KY","40216"
49052,"648 Eastlawn Ave","Louisville","KY","40211"
49053,"3110 Tremont Dr","Louisville","KY","40205"
49054,"3515 Robin Dr","Louisville","KY","40216"
49055,"4201 Winnrose Way","Louisville","KY","40211"
49056,"720 Eastgate Village Pl","Louisville","KY","40223"
49057,"4731 Ferrer Way","Louisville","KY","40299"
49058,"2105 Belmont Rd","Louisville","KY","40218"
49059,"4308 Westport Rd","Louisville","KY","40207"
49060,"1928 Rutherford Ave","Louisville","KY","40205"
49061,"4603 Edgebourne Ct","Louisville","KY","40299"
49062,"7007 Linton Ct","Louisville","KY","40258"
49063,"109 Declaration Dr","Louisville","KY","40214"
49064,"6114 Red Spruce Dr","Louisville","KY","40229"
49065,"3823 Northumberland Dr","Louisville","KY","40245"
49066,"8593 Robbins Rd","Louisville","KY","40258"
49067,"13504 Horncastle Way","Louisville","KY","40272"
49068,"3002 Monica Lynn Dr","Louisville","KY","40216"
49069,"271 Evangeline Ave","Louisville","KY","40214"
49070,"6700 Morning Star Way","Louisville","KY","40272"
49071,"4105 Pecunnie Way","Louisville","KY","40218"
49072,"3033 Peale Ave","Louisville","KY","40205"
49073,"2215 Burwell Ave","Louisville","KY","40210"
49074,"216 Bramton Rd","Louisville","KY","40207"
49075,"10111 Headley Hill Rd","Louisville","KY","40223"
49076,"6904 Capella Ln","Louisville","KY","40258"
49077,"198 Westwind Rd","Louisville","KY","40207"
49078,"2833 Rowan St","Louisville","KY","40212"
49079,"2938 Lexington Rd","Louisville","KY","40206"
49080,"11613 Chinook Ct","Louisville","KY","40299"
49081,"4211 Southern Pkwy","Louisville","KY","40214"
49082,"4201 S 1st St","Louisville","KY","40214"
49083,"3219 Wellingmoor Ave","Louisville","KY","40218"
49084,"10600 Red Birch Ct","Louisville","KY","40223"
49085,"2307 Broadmeade Rd","Louisville","KY","40205"
49086,"5429 Sunnybrook Dr","Louisville","KY","40214"
49087,"949 S Clay St","Louisville","KY","40203"
49088,"6 Dupont Way","Apt 5","Louisville",
49089,"1517 E Breckinridge St","Louisville","KY","40204"
49090,"8606 Branchtree Pl","Louisville","KY","40228"
49091,"13603 Brooksong Ct","Louisville","KY","40245"
49092,"4106 Manner Dale Dr","Louisville","KY","40220"
49093,"4119 Angel Ter","Louisville","KY","40299"
49094,"8003 Autumn Leaf Ct","Louisville","KY","40220"
49095,"13705 Saddlecreek Dr","Louisville","KY","40245"
49096,"14107 Beckley Trce","Louisville","KY","40245"
49097,"2422 W Main St","Louisville","KY","40212"
49098,"2424 W Main St","Louisville","KY","40212"
49099,"2311 Grand Ave","Louisville","KY","40210"
49100,"2320 Valletta Ln","Louisville","KY","40205"
49101,"8205 Jonathan Ct","Louisville","KY","40228"
49102,"372 N 41st St","Louisville","KY","40212"
49103,"2002 Bainbridge Row Dr","Louisville","KY","40207"
49104,"570 Sunnyside Dr","Louisville","KY","40206"
49105,"1905 Bashford Manor Ln","Louisville","KY","40218"
49106,"1430 Goddard Ave","Louisville","KY","40204"
49107,"5726 Southern Pkwy","Louisville","KY","40214"
49108,"5604 Clearridge Pl","Louisville","KY","40229"
49109,"9705 Tiverton Way","Louisville","KY","40242"
49110,"1822 Millgate Rd","Louisville","KY","40223"
49111,"3208 Flair Knoll Dr","Louisville","KY","40216"
49112,"808 Auburn Oaks Dr","Louisville","KY","40214"
49113,"1835 Olenda Ave","Louisville","KY","40216"
49114,"3715 Cutler Rd","Louisville","KY","40219"
49115,"1436 Christy Ave","Louisville","KY","40204"
49116,"1508 Thackeray Dr","Louisville","KY","40205"
49117,"10305 Trotters Pointe Dr","Apt 204","Louisville",
49118,"1358 S 26th St","Louisville","KY","40210"
49119,"251 Kenoak Dr","Louisville","KY","40214"
49120,"1430 Debarr St","Louisville","KY","40204"
49121,"4100 Narcissus Dr","Louisville","KY","40219"
49122,"8407 Eagle Creek Dr","Louisville","KY","40222"
49123,"5511 Saxon Blvd","Louisville","KY","40219"
49124,"14027 Spring Mill Rd","Louisville","KY","40245"
49125,"2400 Elkhorn Ln","Louisville","KY","40216"
49126,"8105 Bohannon Station Rd","Louisville","KY","40291"
49127,"3404 Garland Ave","Louisville","KY","40211"
49128,"12103 Ellingsworth Ln","Louisville","KY","40243"
49129,"1789 W Lee St","Louisville","KY","40210"
49130,"3714 Warren Ave","Louisville","KY","40215"
49131,"2235 Dumesnil St","Louisville","KY","40210"
49132,"1013 E Washington St","Louisville","KY","40206"
49133,"2710 Tregaron Ave","Louisville","KY","40299"
49134,"10803 Bell Rock Ct","Louisville","KY","40243"
49135,"4163 Craig Ave","Louisville","KY","40215"
49136,"3421 Hale Ave","Louisville","KY","40211"
49137,"615 Country Club Rd","Louisville","KY","40206"
49138,"1920 Strathmoor Blvd","Louisville","KY","40205"
49139,"8812 Terry Rd","Louisville","KY","40258"
49140,"628 Country Club Rd","Louisville","KY","40206"
49141,"6021 Cooper Chapel Rd","Louisville","KY","40229"
49142,"8413 Fox Ridge Ct","Louisville","KY","40272"
49143,"9703 Anita Blvd","Louisville","KY","40272"
49144,"3011 Kaye Lawn Dr","Louisville","KY","40220"
49145,"3710 Fairway Ln","Louisville","KY","40207"
49146,"1703 W Saint Catherine St","Louisville","KY","40210"
49147,"2015 Grasmere Dr","Louisville","KY","40205"
49148,"3909 Woodgate Ln","Louisville","KY","40220"
49149,"4204 Savage Dr","Louisville","KY","40216"
49150,"5112 David Way","Louisville","KY","40229"
49151,"231 Overlook Rd","Louisville","KY","40229"
49152,"10609 Sycamore Ct","Louisville","KY","40223"
49153,"2127 Griffiths Ave","Louisville","KY","40212"
49154,"3231 Lencott Dr","Louisville","KY","40216"
49155,"4400 Goffner Ct","Louisville","KY","40218"
49156,"4914 Swaps Ln","Louisville","KY","40216"
49157,"8515 Linda Rd","Louisville","KY","40219"
49158,"10506 Tarrytowne Rd","Louisville","KY","40272"
49159,"9505 Cochise Way","Louisville","KY","40258"
49160,"4506 Norene Ln","Louisville","KY","40219"
49161,"10813 Ballardsville Rd","Louisville","KY","40241"
49162,"280 Stonehenge Dr","Apt 103","Louisville",
49163,"2410 Slevin St","Louisville","KY","40212"
49164,"9800 Reynolda Rd","Louisville","KY","40223"
49165,"3625 Johnston Way","Louisville","KY","40220"
49166,"8612 Michael Edward Dr","Louisville","KY","40291"
49167,"112 Fontaine Landing Ct","Louisville","KY","40212"
49168,"7441 Star Ln","Louisville","KY","40214"
49169,"9806 Seville Dr","Louisville","KY","40272"
49170,"9704 El Prado St","Louisville","KY","40272"
49171,"1118 Tennessee Ave","Louisville","KY","40208"
49172,"1141 Saint Michael Pl","Louisville","KY","40204"
49173,"1679 Mercer Ave","Louisville","KY","40213"
49174,"6912 Kentucky Ave","Louisville","KY","40258"
49175,"6702 Rutledge Rd","Louisville","KY","40258"
49176,"2220 Wrocklage Ave","Louisville","KY","40205"
49177,"3113 Dale Ann Dr","Louisville","KY","40220"
49178,"2315 W Hill St","Louisville","KY","40210"
49179,"829 Beecher St","Louisville","KY","40215"
49180,"506 Shady Brook Ln","Louisville","KY","40229"
49181,"3535 Lentz Ave","Louisville","KY","40215"
49182,"4309 Dawkins Ct","Louisville","KY","40229"
49183,"1413 Morton Ave","Louisville","KY","40204"
49184,"203 Highwood Dr","Louisville","KY","40206"
49185,"9815 Agena Dr","Louisville","KY","40229"
49186,"3802 Flowering Grove Ct","Louisville","KY","40241"
49187,"4104 Benbow Dr","Louisville","KY","40229"
49188,"8915 Fox Chase Pl","Louisville","KY","40228"
49189,"916 Brierly Hill Ct","Louisville","KY","40299"
49190,"1508 Norris Pl","Louisville","KY","40205"
49191,"13102 Trump Ave","Louisville","KY","40299"
49192,"3506 W Kentucky St","Louisville","KY","40211"
49193,"8708 Shepherds Ct","Louisville","KY","40291"
49194,"5709 Walnut Way","Louisville","KY","40229"
49195,"8501 Burlingame Rd","Louisville","KY","40219"
49196,"7903 Canonero Way","Louisville","KY","40291"
49197,"4831 Wooded Oak Cir","Louisville","KY","40245"
49198,"4402 Mann Ave","Louisville","KY","40215"
49199,"828 S 38th St","Louisville","KY","40211"
49200,"2506 Osage Ave","Louisville","KY","40210"
49201,"10611 Helmsdale Ln","Louisville","KY","40243"
49202,"5600 Applegate Ln","Louisville","KY","40219"
49203,"9815 Northridge Dr","Louisville","KY","40272"
49204,"6701 Kings Falls Ct","Louisville","KY","40229"
49205,"214 Mcarthur Dr","Louisville","KY","40207"
49206,"8303 Candleworth Dr","Louisville","KY","40214"
49207,"10412 Saint Rene Rd","Louisville","KY","40299"
49208,"12004 Hudson View Ct","Louisville","KY","40299"
49209,"10502 Southern Meadows Dr","Apt 301","Louisville",
49210,"7801 Fair Ln","Louisville","KY","40291"
49211,"9915 Wyncliff Ct","Louisville","KY","40241"
49212,"1814 Arboro Pl","Louisville","KY","40220"
49213,"13714 Willow Reed Dr","Louisville","KY","40299"
49214,"514 N Birchwood Ave","Louisville","KY","40206"
49215,"10511 Mcclure Ct","Louisville","KY","40241"
49216,"9805 Sunway Dr","Louisville","KY","40272"
49217,"1741 Luken Dr","Louisville","KY","40216"
49218,"809 Moser Rd","Louisville","KY","40223"
49219,"1102 Lehigh Ave","Louisville","KY","40215"
49220,"7801 Whipperwill Rd","Louisville","KY","40214"
49221,"1905 Grand Ridge Rd","Louisville","KY","40214"
49222,"8418 Hurstbourne Woods Pl","Louisville","KY","40299"
49223,"5200 Doyle Dr","Louisville","KY","40216"
49224,"10501 Leven Blvd","Louisville","KY","40229"
49225,"8625 Shelbyville Rd","Apt 104","Louisville",
49226,"1302 Killiney Pl","Louisville","KY","40207"
49227,"1514 W Chestnut St","Louisville","KY","40203"
49228,"4505 Epinay Ct","Louisville","KY","40272"
49229,"4548 Greymont Dr","Louisville","KY","40229"
49230,"2080 Ravinia Ave","Louisville","KY","40205"
49231,"5400 Johnsontown Rd","Louisville","KY","40272"
49232,"10814 Waycross Ave","Louisville","KY","40229"
49233,"2103 Ashcraft Ln","Louisville","KY","40242"
49234,"519 Dresden Ave","Louisville","KY","40215"
49235,"3337 Schneiter Ave","Louisville","KY","40215"
49236,"1733 Frankfort Ave","Louisville","KY","40206"
49237,"401 Dorsey Way","Louisville","KY","40223"
49238,"11514 Magnolia View Ct","Louisville","KY","40299"
49239,"1503 Eagle Nest Way","Louisville","KY","40222"
49240,"9807 Meadow Vale Dr","Louisville","KY","40242"
49241,"9800 River Birch Ct","Louisville","KY","40291"
49242,"7902 Fir Green Way","Louisville","KY","40291"
49243,"1901 Nocturne Dr","Louisville","KY","40272"
49244,"11703 Leemont Dr","Louisville","KY","40272"
49245,"8605 Smithton Rd","Louisville","KY","40219"
49246,"4904 Lea Ann Way","Louisville","KY","40219"
49247,"4939 W Pages Ln","Louisville","KY","40258"
49248,"4712 Lynn Lea Rd","Louisville","KY","40216"
49249,"8506 Atrium Dr","Apt 1009","Louisville",
49250,"4601 Walden Dr","Louisville","KY","40229"
49251,"4326 Dover Rd","Louisville","KY","40216"
49252,"309 N 27th St","Louisville","KY","40212"
49253,"728 Gheens Ave","Louisville","KY","40214"
49254,"6706 Shibley Ave","Louisville","KY","40291"
49255,"3014 Hermany Ct","Louisville","KY","40206"
49256,"4302 Lakelet Way","Louisville","KY","40299"
49257,"8013 Apple Valley Dr","Louisville","KY","40228"
49258,"13602 Greystone Ave","Louisville","KY","40272"
49259,"3100 Sora Ave","Louisville","KY","40213"
49260,"315 Ring Rd","Louisville","KY","40207"
49261,"2317 Landrum Ave","Louisville","KY","40216"
49262,"2207 Weber Ave","Louisville","KY","40205"
49263,"4304 Winchester Rd","Louisville","KY","40207"
49264,"3801 Breckenridge Ln","Louisville","KY","40218"
49265,"1815 Farnsley Rd","Louisville","KY","40216"
49266,"1617 Bonnycastle Ave","Louisville","KY","40205"
49267,"631 Iroquois Ave","Louisville","KY","40214"
49268,"5205 Woodhill Ln","Louisville","KY","40219"
49269,"10914 Chenwood Ct","Louisville","KY","40299"
49270,"917 Rosemary Dr","Louisville","KY","40213"
49271,"7104 Cape Cod Ct","Louisville","KY","40214"
49272,"10500 Southern Meadows Dr","Apt 202","Louisville",
49273,"2205 Northfield Dr","Louisville","KY","40222"
49274,"2805 Mayford Way","Louisville","KY","40220"
49275,"9204 Colonel Cummins Rd","Louisville","KY","40228"
49276,"2425 W Chestnut St","Louisville","KY","40211"
49277,"10621 Grecian Rd","Louisville","KY","40272"
49278,"437 Whiteheath Ln","Louisville","KY","40243"
49279,"5017 Cane Run Rd","Louisville","KY","40216"
49280,"1018 Springview Dr","Louisville","KY","40219"
49281,"3718 Longview Rd","Louisville","KY","40299"
49282,"7906 Fir Green Way","Louisville","KY","40291"
49283,"8707 Stockport Rd","Louisville","KY","40222"
49284,"6305 Linstead Rd","Louisville","KY","40228"
49285,"2201 Date St","Louisville","KY","40210"
49286,"4107 Larkwood Ave","Louisville","KY","40212"
49287,"611 Colorado Ave","Louisville","KY","40208"
49288,"13712 Willow Reed Dr","Louisville","KY","40299"
49289,"2101 Glenworth Ave","Louisville","KY","40218"
49290,"105 N Bellaire Ave","Louisville","KY","40206"
49291,"5325 Barnes Dr","Louisville","KY","40219"
49292,"1836 Bonnycastle Ave","Louisville","KY","40205"
49293,"252 Knollwood Cir","Louisville","KY","40229"
49294,"4015 Napanee Rd","Louisville","KY","40207"
49295,"6612 Everton Dr","Louisville","KY","40258"
49296,"4009 Meadow Crest Ct","Louisville","KY","40245"
49297,"4811 E Manslick Rd","Louisville","KY","40219"
49298,"1105 Evergreen Rd","Louisville","KY","40223"
49299,"1305 Old Mill Rd","Louisville","KY","40242"
49300,"1838 W Hill St","Louisville","KY","40210"
49301,"1806 Edenside Ave","Louisville","KY","40204"
49302,"1611 S 28th St","Louisville","KY","40211"
49303,"2420 Meadow Rd","Louisville","KY","40205"
49304,"9706 Lanesboro Way","Louisville","KY","40242"
49305,"5809 Mount Everest Dr","Louisville","KY","40216"
49306,"8311 Roseborough Rd","Louisville","KY","40228"
49307,"10805 Willow Lake Ct","Louisville","KY","40223"
49308,"7713 3rd Street Rd","Louisville","KY","40214"
49309,"1515 Aletha Dr","Louisville","KY","40219"
49310,"1052 Parkway Dr","Louisville","KY","40217"
49311,"4437 Malcolm Rd","Louisville","KY","40216"
49312,"731 Gagel Ave","Louisville","KY","40216"
49313,"1627 Crossridge Ln","Louisville","KY","40222"
49314,"2506 Clearbrook Dr","Louisville","KY","40220"
49315,"2611 Garland Ave","Louisville","KY","40211"
49316,"830 Reading Rd","Louisville","KY","40217"
49317,"405 Kentucky Ave","Louisville","KY","40222"
49318,"1921 Rutherford Ave","Louisville","KY","40205"
49319,"4511 Dover Rd","Louisville","KY","40216"
49320,"3806 Debson Way","Louisville","KY","40241"
49321,"4404 Alicent Ct","Louisville","KY","40207"
49322,"7033 Alma June Way","Louisville","KY","40228"
49323,"8613 River Terrace Dr","Louisville","KY","40258"
49324,"901 Woodland Heights Dr","Louisville","KY","40245"
49325,"2315 Perth Dr","Louisville","KY","40216"
49326,"12500 Bridgetown Pl","Louisville","KY","40245"
49327,"740 Zorn Ave","Apt 2F","Louisville",
49328,"10601 Wildflower Woods Ct","Louisville","KY","40299"
49329,"869 Midway Ave","Louisville","KY","40211"
49330,"1129 Rammers Ave","Louisville","KY","40204"
49331,"1402 Highland Ave","Louisville","KY","40204"
49332,"11007 Altsheler Pl","Louisville","KY","40229"
49333,"4717 Bellevue Ave","Louisville","KY","40215"
49334,"4160 Sherman Ave","Louisville","KY","40213"
49335,"13108 Lavenia Ln","Louisville","KY","40272"
49336,"11200 Taco Ct","Louisville","KY","40229"
49337,"9017 Artis Way","Louisville","KY","40291"
49338,"327 N 24th St","Louisville","KY","40212"
49339,"221 Alger Ave","Louisville","KY","40214"
49340,"8212 Pandorea Dr","Louisville","KY","40258"
49341,"8100 Cortland Dr","Louisville","KY","40228"
49342,"1717 Marlow Rd","Louisville","KY","40216"
49343,"808 Starlite Dr","Louisville","KY","40207"
49344,"10007 Sunkist Way","Louisville","KY","40272"
49345,"3114 Indian Lake Dr","Louisville","KY","40241"
49346,"5517 Westhall Ave","Louisville","KY","40214"
49347,"8616 River Terrace Dr","Louisville","KY","40258"
49348,"4500 Mount Vernon Rd","Louisville","KY","40220"
49349,"3537 Wheeler Ave","Louisville","KY","40215"
49350,"913 Burton Ave","Louisville","KY","40208"
49351,"1515 Vivian Ln","Louisville","KY","40205"
49352,"10607 Farm Oaks Ct","Louisville","KY","40241"
49353,"2137 Mccloskey Ave","Louisville","KY","40210"
49354,"634 Harrison Ave","Louisville","KY","40217"
49355,"3517 Kerry Dr","Louisville","KY","40218"
49356,"3427 Fernheather Dr","Louisville","KY","40216"
49357,"3010 Zorn Ave","Louisville","KY","40206"
49358,"805 Chamberry Dr","Louisville","KY","40207"
49359,"4103 Stone Lakes Dr","Louisville","KY","40299"
49360,"3920 Napanee Rd","Louisville","KY","40207"
49361,"4616 Hanford Ln","Louisville","KY","40207"
49362,"4107 Spyglass Ct","Louisville","KY","40229"
49363,"8220 Rochelle Rd","Louisville","KY","40228"
49364,"276 Saguaro Dr","Louisville","KY","40229"
49365,"6883 Green Meadow Cir","Louisville","KY","40207"
49366,"7703 Tip Top Ln","Louisville","KY","40219"
49367,"112 Willow Stone Way","Louisville","KY","40223"
49368,"1411 Paul Ave","Louisville","KY","40215"
49369,"10414 Forest Garden Ln","Louisville","KY","40223"
49370,"16507 Taunton Vale Rd","Louisville","KY","40245"
49371,"2506 Lorene Ave","Louisville","KY","40216"
49372,"611 Hatherleigh Ln","Louisville","KY","40222"
49373,"6505 Gabriel Dr","Louisville","KY","40258"
49374,"6621 Sun Ray Dr","Louisville","KY","40272"
49375,"800 S 31st St","Louisville","KY","40211"
49376,"5609 Random Way","Louisville","KY","40291"
49377,"2809 Murray Hill Pike","Louisville","KY","40242"
49378,"4318 Lynnbrook Dr","Louisville","KY","40220"
49379,"9513 Old Six Mile Ln","Louisville","KY","40299"
49380,"4243 Westport Ter","Louisville","KY","40207"
49381,"4203 Lake Dreamland Dr","Louisville","KY","40216"
49382,"8012 Brookglen Ct","Louisville","KY","40220"
49383,"9304 Waltlee Rd","Louisville","KY","40291"
49384,"11202 Hasbrook Ct","Louisville","KY","40229"
49385,"115 Northwestern Pkwy","Louisville","KY","40212"
49386,"6208 Mount Everest Dr","Louisville","KY","40216"
49387,"9227 Vevey Rd","Louisville","KY","40291"
49388,"4627 Lunenburg Dr","Louisville","KY","40245"
49389,"4808 Tipton Pl","Louisville","KY","40272"
49390,"360 Overlook Rd","Louisville","KY","40229"
49391,"8818 Tranquil Valley Ln","Louisville","KY","40299"
49392,"4005 Northwestern Pkwy","Louisville","KY","40212"
49393,"1722 Kensington Place Ln","Louisville","KY","40205"
49394,"4702 Clarion Ct","Louisville","KY","40216"
49395,"1302 S 43rd St","Louisville","KY","40211"
49396,"508 Foxwick Ct","Louisville","KY","40223"
49397,"4011 Taylor Blvd","Louisville","KY","40215"
49398,"3817 Hillcross Dr","Louisville","KY","40229"
49399,"1506 Polo Fields Ct","Louisville","KY","40245"
49400,"2017 Nocturne Dr","Louisville","KY","40272"
49401,"3122 Roypom Dr","Louisville","KY","40220"
49402,"668 S 37th St","Louisville","KY","40211"
49403,"4307 Meadowbend Way","Louisville","KY","40218"
49404,"2324 Farnsley Rd","Louisville","KY","40216"
49405,"3107 Vogue Ave","Louisville","KY","40220"
49406,"2118 Elvira Ct","Louisville","KY","40216"
49407,"11510 Saratoga Hill Ct","Louisville","KY","40299"
49408,"10016 Silverwood Ln","Louisville","KY","40272"
49409,"3501 Susanna Dr","Louisville","KY","40213"
49410,"7910 Stonemeadow Dr","Louisville","KY","40218"
49411,"7062 Wildwood Cir","Apt 128","Louisville",
49412,"4501 Saint Rita Dr","Louisville","KY","40219"
49413,"11704 Slate Run Dr","Louisville","KY","40229"
49414,"6204 Big Ben Dr","Louisville","KY","40291"
49415,"5312 Billtown Rd","Louisville","KY","40299"
49416,"10913 Youngtown Dr","Louisville","KY","40272"
49417,"3918 Grandview Ave","Louisville","KY","40207"
49418,"621 Inverness Ave","Louisville","KY","40214"
49419,"6504 Moorhaven Dr","Louisville","KY","40228"
49420,"411 Freeman Ave","Louisville","KY","40214"
49421,"323 El Conquistador Pl","Louisville","KY","40220"
49422,"1404 Mccoy Ave","Louisville","KY","40215"
49423,"8110 Linda Rd","Louisville","KY","40219"
49424,"901 Cath Cart Ct","Louisville","KY","40207"
49425,"5025 Cronin Dr","Louisville","KY","40245"
49426,"4606 Glenna Way","Louisville","KY","40219"
49427,"6201 Nigel Dr","Louisville","KY","40216"
49428,"323 S Wenzel St","Louisville","KY","40204"
49429,"3503 Graham Rd","Louisville","KY","40207"
49430,"8402 Acme Way","Louisville","KY","40219"
49431,"9400 Bayberry Green Ln","Louisville","KY","40291"
49432,"5506 Bruns Dr","Louisville","KY","40216"
49433,"9009 Duxbury Rd","Louisville","KY","40242"
49434,"1849 Woodfill Way","Louisville","KY","40205"
49435,"1909 Grand Ridge Rd","Louisville","KY","40214"
49436,"500 Penwood Rd","Louisville","KY","40206"
49437,"7505 Saddle Horse Way","Louisville","KY","40291"
49438,"1048 Reasor Ave","Louisville","KY","40217"
49439,"11309 Oakhurst Rd","Louisville","KY","40245"
49440,"5123 Cool Brook Rd","Louisville","KY","40291"
49441,"4503 Lido Ct","Louisville","KY","40219"
49442,"6004 W Pages Ln","Louisville","KY","40258"
49443,"6008 Santa Fe Trl","Louisville","KY","40258"
49444,"1701 Devondale Dr","Louisville","KY","40222"
49445,"2015 W Market St","Louisville","KY","40203"
49446,"4715 Oak Bend Dr","Louisville","KY","40241"
49447,"4700 Carolina Springs Ct","Louisville","KY","40299"
49448,"10818 Silvermoon Ct","Louisville","KY","40241"
49449,"175 Western Rd","Louisville","KY","40229"
49450,"2225 Richland Ave","Louisville","KY","40218"
49451,"4814 Clipping Ct","Louisville","KY","40241"
49452,"3512 Hughes Rd","Louisville","KY","40207"
49453,"2501 Bank St","Louisville","KY","40212"
49454,"9505 Blue Ribbon Ct","Louisville","KY","40291"
49455,"3612 Hurstbourne Ridge Blvd","Louisville","KY","40299"
49456,"2712 Wilson Ave","Louisville","KY","40211"
49457,"722 S 45th St","Louisville","KY","40211"
49458,"2 Ava Ct","Louisville","KY","40216"
49459,"7912 Grenelle Dr","Louisville","KY","40228"
49460,"4232 Bayberry Dr","Louisville","KY","40216"
49461,"10805 Briar Turn Dr","Louisville","KY","40291"
49462,"3013 Somber Way","Louisville","KY","40220"
49463,"3238 Beals Branch Dr","Louisville","KY","40206"
49464,"4940 Forest Park Dr","Louisville","KY","40219"
49465,"734 Yorkwood Pl","Louisville","KY","40223"
49466,"2605 Garden Lake Ln","Louisville","KY","40220"
49467,"430 Whiteheath Ln","Louisville","KY","40243"
49468,"16901 Shelbyville Rd","Louisville","KY","40245"
49469,"2723 Lamont Rd","Louisville","KY","40205"
49470,"9115 Wooddale Dr","Louisville","KY","40272"
49471,"2103 Bashford Manor Ln","Louisville","KY","40218"
49472,"5936 Midnight Ln","Louisville","KY","40229"
49473,"1929 Nelson Ave","Louisville","KY","40216"
49474,"4617 Dohn Rd","Louisville","KY","40216"
49475,"3422 Burrell Dr","Louisville","KY","40216"
49476,"3702 Fairway Ln","Louisville","KY","40207"
49477,"5319 Tahia Dr","Louisville","KY","40216"
49478,"14401 Broad Oak Pl","Louisville","KY","40245"
49479,"3630 Gateview Cir","Louisville","KY","40272"
49480,"14001 Broadripple Pl","Louisville","KY","40299"
49481,"1805 Tyler Pkwy","Louisville","KY","40204"
49482,"621 Sunnygate Pl","Louisville","KY","40223"
49483,"3212 Rainview Cir","Louisville","KY","40220"
49484,"9010 Nottingham Pkwy","Louisville","KY","40222"
49485,"943 Keswick Blvd","Louisville","KY","40217"
49486,"5501 Westhall Ave","Louisville","KY","40214"
49487,"213 Ash Run Rd","Louisville","KY","40245"
49488,"4615 Wooded Oak Cir","Louisville","KY","40245"
49489,"11009 Lehr Rd","Louisville","KY","40272"
49490,"4817 Clipping Ct","Louisville","KY","40241"
49491,"10502 Southern Meadows Dr","Apt 302","Louisville",
49492,"8003 Stonemeadow Dr","Louisville","KY","40218"
49493,"728 M St","Louisville","KY","40208"
49494,"1024 W Whitney Ave","Louisville","KY","40215"
49495,"6406 Kenmore Ave","Louisville","KY","40216"
49496,"8801 Kings Lynn Ln","Louisville","KY","40220"
49497,"3711 Hycliffe Ave","Louisville","KY","40207"
49498,"8139 Lake Ave","Apt C6","Louisville",
49499,"10523 Sawyer Pl","Louisville","KY","40241"
49500,"3311 Palmer Ln","Louisville","KY","40218"
49501,"1575 Raydale Dr","Louisville","KY","40219"
49502,"629 Rubel Ave","Louisville","KY","40204"
49503,"5600 Whispering Hills Blvd","Louisville","KY","40219"
49504,"1102 Carlimar Ln","Louisville","KY","40222"
49505,"1102 Rostrevor Cir","Louisville","KY","40205"
49506,"215 Welburn Dr","Louisville","KY","40218"
49507,"10505 Trotters Pointe Dr","Apt 101","Louisville",
49508,"10702 Hobbs Station Rd","Louisville","KY","40223"
49509,"3404 Colson Ct","Louisville","KY","40220"
49510,"3016 Bunker Hill Dr","Louisville","KY","40205"
49511,"4446 Buttonbush Glen Dr","Louisville","KY","40241"
49512,"5425 Pawnee Trl","Louisville","KY","40207"
49513,"1103 Lodge Hill Rd","Louisville","KY","40223"
49514,"3145 Pamela Way","Louisville","KY","40220"
49515,"1712 Marwood Pl","Louisville","KY","40213"
49516,"1900 Nelson Ave","Louisville","KY","40216"
49517,"4217 Morgan Jaymes Dr","Louisville","KY","40299"
49518,"10012 Donau Ln","Louisville","KY","40272"
49519,"2701 Flat Rock Rd","Louisville","KY","40245"
49520,"6501 Daverman Ct","Louisville","KY","40228"
49521,"716 Inverness Ave","Louisville","KY","40214"
49522,"3615 Brookhollow Dr","Louisville","KY","40220"
49523,"12503 Bridgetown Pl","Louisville","KY","40245"
49524,"3528 Westwood Farms Dr","Louisville","KY","40220"
49525,"1110 S 1st St","Louisville","KY","40203"
49526,"2922 W Muhammad Ali Blvd","Louisville","KY","40212"
49527,"8309 Linda Rd","Louisville","KY","40219"
49528,"9410 Ponder Ln","Louisville","KY","40272"
49529,"9627 Combs Ln","Louisville","KY","40258"
49530,"4010 Meadow Crest Ct","Louisville","KY","40245"
49531,"609 Nottingham Pkwy","Louisville","KY","40222"
49532,"4402 Renaissance Dr","Louisville","KY","40299"
49533,"6900 Day Break Ct","Louisville","KY","40272"
49534,"2501 Old Hickory Rd","Louisville","KY","40299"
49535,"517 Leyton Ave","Louisville","KY","40222"
49536,"616 Dorsey Way","Louisville","KY","40223"
49537,"13110 Lavenia Ln","Louisville","KY","40272"
49538,"8510 Ambrosse Ln","Unit 205","Louisville",
49539,"13100 Trump Ave","Louisville","KY","40299"
49540,"13215 Eastgate Village Dr","Louisville","KY","40223"
49541,"1372 Cypress St","Louisville","KY","40211"
49542,"2818 Deshler Dr","Louisville","KY","40213"
49543,"5118 Rural Way","Louisville","KY","40218"
49544,"7274 Helen Ave","Louisville","KY","40258"
49545,"4516 Taylor Blvd","Louisville","KY","40215"
49546,"1935 Gardiner Ln","Apt D45","Louisville",
49547,"4008 Greenwood Ave","Louisville","KY","40211"
49548,"2138 Columbia St","Louisville","KY","40212"
49549,"802 Stoneykirk Dr","Louisville","KY","40223"
49550,"11807 Oakfield Dr","Louisville","KY","40245"
49551,"7700 Shaker Mill Rd","Louisville","KY","40220"
49552,"7717 Ridgehurst Pl","Louisville","KY","40299"
49553,"4105 Norene Ln","Louisville","KY","40219"
49554,"3606 Dell Rd","Louisville","KY","40299"
49555,"2705 Cleveland Blvd","Louisville","KY","40206"
49556,"6700 Cassidy Cir","Louisville","KY","40229"
49557,"2701 Trumpetvine Rd","Louisville","KY","40220"
49558,"1325 Trinity Park Dr","Louisville","KY","40213"
49559,"8506 Glendale Trce","Louisville","KY","40291"
49560,"1613 Arcade Ave","Louisville","KY","40215"
49561,"10603 S Dodge Ln","Louisville","KY","40272"
49562,"3104 Springcrest Dr","Louisville","KY","40241"
49563,"5604 Mockernut Ln","Louisville","KY","40258"
49564,"8492 Sally Dr","Louisville","KY","40258"
49565,"416 N 43rd St","Louisville","KY","40212"
49566,"10204 Capron Ln","Louisville","KY","40241"
49567,"2626 S 5th St","Louisville","KY","40208"
49568,"8210 Seaforth Dr","Louisville","KY","40258"
49569,"14510 Clear Meadow Ct","Louisville","KY","40245"
49570,"4513 Dove Park Blvd","Louisville","KY","40299"
49571,"1246 S 16th St","Louisville","KY","40210"
49572,"128 S 42nd St","Louisville","KY","40212"
49573,"5404 Robinwood Rd","Louisville","KY","40218"
49574,"6802 Astral Dr","Louisville","KY","40258"
49575,"5003 Broadmoor Blvd","Louisville","KY","40218"
49576,"5104 Mansfield Ln","Louisville","KY","40218"
49577,"1706 Brentmoor Ln","Louisville","KY","40223"
49578,"1837 Grand Ridge Rd","Louisville","KY","40214"
49579,"4735 S 3rd St","Louisville","KY","40214"
49580,"9623 El Prado St","Louisville","KY","40272"
49581,"6902 Brook Bend Way","Louisville","KY","40229"
49582,"1928 W Chestnut St","Louisville","KY","40203"
49583,"1422 Huntoon Ave","Louisville","KY","40215"
49584,"1039 Seelbach Ave","Louisville","KY","40215"
49585,"2323 Thistledawn Dr","Louisville","KY","40216"
49586,"2069 Douglass Blvd","Louisville","KY","40205"
49587,"13004 Turner Ct","Louisville","KY","40299"
49588,"1914 Swainsboro Dr","Louisville","KY","40218"
49589,"4402 Mackenzie Pl","Louisville","KY","40241"
49590,"137 Woodmore Ave","Louisville","KY","40214"
49591,"822 Lake Forest Pkwy","Louisville","KY","40245"
49592,"4501 Old Watterson Dr","Louisville","KY","40299"
49593,"10708 Eagle Ridge Pl","Louisville","KY","40223"
49594,"1039 Milton St","Louisville","KY","40217"
49595,"4418 Brownhurst Way","Louisville","KY","40241"
49596,"7202 Chestnut Tree Ln","Louisville","KY","40291"
49597,"2320 Tyler Ln","Louisville","KY","40205"
49598,"8005 Bluebonnet Rd","Louisville","KY","40258"
49599,"5903 Bocagrande Dr","Louisville","KY","40219"
49600,"6113 Loretta St","Louisville","KY","40213"
49601,"2806 Lexham Rd","Louisville","KY","40220"
49602,"8709 Clover Ct","Louisville","KY","40242"
49603,"7307 Lora Dr","Louisville","KY","40214"
49604,"3925 Vantage Pl","Louisville","KY","40299"
49605,"3029 Beaumont Rd","Louisville","KY","40205"
49606,"3209 Norma Ln","Louisville","KY","40220"
49607,"4202 Cutliff Dr","Louisville","KY","40218"
49608,"4812 Middlesex Dr","Louisville","KY","40245"
49609,"100 S 29th St","Louisville","KY","40212"
49610,"3603 Kahlert Ave","Louisville","KY","40215"
49611,"3001 Winterhaven Rd","Louisville","KY","40220"
49612,"146 Mohawk Ave","Louisville","KY","40214"
49613,"4222 Orchard Way","Louisville","KY","40216"
49614,"709 Iowa Ave","Louisville","KY","40208"
49615,"223 Ring Rd","Louisville","KY","40207"
49616,"7408 Kort Way","Louisville","KY","40220"
49617,"3512 Vermont Ave","Louisville","KY","40211"
49618,"9011 Split Willow Dr","Louisville","KY","40214"
49619,"3912 Stone Hollow Dr","Louisville","KY","40299"
49620,"168 E Francis Ave","Louisville","KY","40214"
49621,"4014 Meadow Crest Ct","Louisville","KY","40245"
49622,"8524 Gregory Way","Louisville","KY","40219"
49623,"7217 Kort Way","Louisville","KY","40220"
49624,"1714 Colsterworth Ln","Louisville","KY","40215"
49625,"7507 White Post Way","Louisville","KY","40220"
49626,"1017 Forrest St","Louisville","KY","40217"
49627,"2207 Douglass Woods Ct","Louisville","KY","40205"
49628,"6708 Moorhampton Dr","Louisville","KY","40228"
49629,"508 Virginia Ave","Louisville","KY","40222"
49630,"11903 Wetherby Ave","Louisville","KY","40243"
49631,"3404 Gatecreek Rd","Louisville","KY","40272"
49632,"9405 Moonridge Pl","Louisville","KY","40229"
49633,"3514 Colonial Springs Rd","Louisville","KY","40245"
49634,"11603 Sun Dial Ct","Louisville","KY","40272"
49635,"333 Lennox Ave","Louisville","KY","40209"
49636,"111 Blossom Rd","Louisville","KY","40229"
49637,"3904 Meadow Ridge Pl","Louisville","KY","40218"
49638,"2321 Tyler Ln","Louisville","KY","40205"
49639,"723 Inverness Ave","Louisville","KY","40214"
49640,"2912 N Melrose Dr","Louisville","KY","40299"
49641,"900 Dana Marie Dr","Louisville","KY","40223"
49642,"3818 Washington Sq","Apt 8","Louisville",
49643,"3907 Elmwood Ave","Louisville","KY","40207"
49644,"5423 Galaxie Dr","Louisville","KY","40258"
49645,"34 Narwood Dr","Louisville","KY","40299"
49646,"637 Bishop St","Louisville","KY","40204"
49647,"2612 Meadow Rd","Louisville","KY","40205"
49648,"10613 Taylorsville Rd","Louisville","KY","40299"
49649,"5510 Jeanine Dr","Louisville","KY","40219"
49650,"211 Ridgeway Ave","Louisville","KY","40207"
49651,"7601 Ledge Pointe Ct","Louisville","KY","40291"
49652,"1710 Bolling Ave","Louisville","KY","40210"
49653,"3913 Napanee Rd","Louisville","KY","40207"
49654,"5506 Johnsontown Rd","Louisville","KY","40272"
49655,"6002 S 3rd St","Louisville","KY","40214"
49656,"10521 Parkerwood Pl","Louisville","KY","40229"
49657,"252 Eldorado Ave","Louisville","KY","40218"
49658,"905 Ahland Rd","Louisville","KY","40207"
49659,"3522 Powell Ave","Louisville","KY","40215"
49660,"129 W Garrett St","Louisville","KY","40214"
49661,"1603 Eskridge Ln","Louisville","KY","40216"
49662,"3802 Billtown Rd","Louisville","KY","40299"
49663,"6504 Delton Rd","Louisville","KY","40258"
49664,"8218 Afterglow Dr","Louisville","KY","40214"
49665,"11711 Kewana Ct","Louisville","KY","40299"
49666,"8201 Burning Tree Ct","Louisville","KY","40291"
49667,"3114 Huberta Dr","Louisville","KY","40216"
49668,"6359 Doe Run Rd","Louisville","KY","40216"
49669,"13519 Arbor Crest Cir","Louisville","KY","40245"
49670,"2206 Cottage Ln","Louisville","KY","40216"
49671,"9207 Springbrooke Cir","Louisville","KY","40241"
49672,"14111 Beckley Trce","Louisville","KY","40245"
49673,"5407 Laureltree Pl","Louisville","KY","40229"
49674,"5335 Logwood Ave","Louisville","KY","40272"
49675,"3705 Glenmeade Rd","Louisville","KY","40218"
49676,"1900 The Meadow Rd","Louisville","KY","40223"
49677,"830 S 41st St","Louisville","KY","40211"
49678,"9510 Doewood Ln","Louisville","KY","40291"
49679,"175 N Bellaire Ave","Louisville","KY","40206"
49680,"3811 Vanguard Dr","Louisville","KY","40229"
49681,"8311 Herrington Ct","Louisville","KY","40228"
49682,"8405 Happiness Way","Louisville","KY","40291"
49683,"9717 Somerford Rd","Louisville","KY","40242"
49684,"12014 Brinley Ave","Louisville","KY","40243"
49685,"913 Burning Springs Cir","Louisville","KY","40223"
49686,"10916 Grafton Hall Rd","Louisville","KY","40272"
49687,"102 Pope St","Louisville","KY","40206"
49688,"9011 Admont Ct","Louisville","KY","40220"
49689,"14038 Spring Mill Rd","Louisville","KY","40245"
49690,"315 Hillcrest Ave","Louisville","KY","40206"
49691,"4801 Chenwood Ln","Louisville","KY","40299"
49692,"3921 Landherr Dr","Louisville","KY","40299"
49693,"224 Smithfields Rd","Louisville","KY","40207"
49694,"6705 Skyline Dr","Louisville","KY","40272"
49695,"2935 Yorkshire Blvd","Louisville","KY","40220"
49696,"5516 Random Way","Louisville","KY","40291"
49697,"9234 Chenault Rd","Louisville","KY","40272"
49698,"1618 Cherry Way","Louisville","KY","40216"
49699,"8317 Eagle Creek Dr","Louisville","KY","40222"
49700,"3315 Allison Way","Louisville","KY","40220"
49701,"310 N 23rd St","Louisville","KY","40212"
49702,"4001 Leland Rd","Louisville","KY","40207"
49703,"2723 Victor Pl","Louisville","KY","40206"
49704,"8020 Apple Valley Dr","Louisville","KY","40228"
49705,"1505 Highland Ave","Louisville","KY","40204"
49706,"407 Christopher Pl","Louisville","KY","40214"
49707,"2307 Merrick Rd","Louisville","KY","40207"
49708,"3675 Parthenia Ave","Louisville","KY","40215"
49709,"519 Moser Rd","Louisville","KY","40223"
49710,"4512 Dannywood Rd","Louisville","KY","40220"
49711,"3016 Beaumont Rd","Louisville","KY","40205"
49712,"10205 El Ventoso Ct","Louisville","KY","40291"
49713,"11707 Leemont Dr","Louisville","KY","40272"
49714,"1761 W Gaulbert Ave","Louisville","KY","40210"
49715,"7701 Oswego Cir","Louisville","KY","40214"
49716,"2505 Brownsboro Rd","Apt A10","Louisville",
49717,"1424 E Breckinridge St","Louisville","KY","40204"
49718,"5206 Windy Willow Dr","Louisville","KY","40241"
49719,"3903 Kirby Ln","Louisville","KY","40299"
49720,"238 Alpha Ave","Louisville","KY","40218"
49721,"3219 Ainslie Way","Louisville","KY","40220"
49722,"4100 Manner Dale Dr","Louisville","KY","40220"
49723,"357 N 41st St","Louisville","KY","40212"
49724,"7704 Hoover Way","Louisville","KY","40219"
49725,"3139 Taylor Blvd","Louisville","KY","40215"
49726,"493 Hillview Blvd","Louisville","KY","40229"
49727,"405 Southwestern Pkwy","Louisville","KY","40212"
49728,"11703 Mondamon Dr","Louisville","KY","40272"
49729,"102 Bellemeade Rd","Louisville","KY","40222"
49730,"5419 Sunset Dr","Louisville","KY","40219"
49731,"5416 Azalea Ln","Louisville","KY","40258"
49732,"6110 Blevins Gap Rd","Louisville","KY","40272"
49733,"11803 Oakfield Dr","Louisville","KY","40245"
49734,"144 Tanglewood Trl","Louisville","KY","40223"
49735,"1049 Clayborne Rd","Louisville","KY","40214"
49736,"5802 Bocagrande Dr","Louisville","KY","40219"
49737,"1313 Homeview Dr","Louisville","KY","40215"
49738,"631 Ervay Ave","Louisville","KY","40217"
49739,"7611 Rosemary Ln","Louisville","KY","40214"
49740,"2221 Mary Catherine Dr","Louisville","KY","40216"
49741,"3601 Glencreek Ln","Louisville","KY","40218"
49742,"2108 Peabody Ln","Louisville","KY","40218"
49743,"2110 Boulevard","Napoleon","Louisville",
49744,"4404 Leeds Rd","Louisville","KY","40216"
49745,"1738 Harvard Dr","Louisville","KY","40205"
49746,"9810 Spring Pointe Ct","Louisville","KY","40229"
49747,"4322 S 1st St","Louisville","KY","40214"
49748,"3007 Windsor Lakes Pkwy","Louisville","KY","40214"
49749,"718 Circle Hill Rd","Louisville","KY","40207"
49750,"4614 S 6th St","Apt 1","Louisville",
49751,"10007 Shirewick Way","Louisville","KY","40272"
49752,"8415 Acme Way","Louisville","KY","40219"
49753,"3311 Fernheather Dr","Louisville","KY","40216"
49754,"3603 Windward Way","Louisville","KY","40220"
49755,"418 Louis Coleman Jr Dr","Louisville","KY","40212"
49756,"3800 Pecanwood Way","Louisville","KY","40299"
49757,"5205 Charlbury Ct","Louisville","KY","40241"
49758,"611 Southwestern Pkwy","Louisville","KY","40211"
49759,"219 N Hubbards Ln","Louisville","KY","40207"
49760,"2072 Ravinia Ave","Louisville","KY","40205"
49761,"7206 Kort Way","Louisville","KY","40220"
49762,"3810 Lees Ln","Louisville","KY","40216"
49763,"3805 Layside Dr","Louisville","KY","40220"
49764,"7410 Colt Dr","Louisville","KY","40214"
49765,"5815 Jerry Ln","Louisville","KY","40258"
49766,"8615 Devonshire Dr","Louisville","KY","40258"
49767,"1238 S 16th St","Louisville","KY","40210"
49768,"11127 Brookstone Ct","Louisville","KY","40223"
49769,"10609 Avenel Ct","Louisville","KY","40291"
49770,"7100 Bedum Ln","Louisville","KY","40258"
49771,"7726 Shaker Mill Rd","Louisville","KY","40220"
49772,"14512 Clear Meadow Ct","Louisville","KY","40245"
49773,"5611 Grandel Blvd","Louisville","KY","40258"
49774,"4180 Lyndon Way","Unit 308","Louisville",
49775,"3405 Richmont Rd","Louisville","KY","40216"
49776,"8700 Granny Smith Ct","Louisville","KY","40228"
49777,"8614 Birch Ct","Louisville","KY","40242"
49778,"5110 Terrace Green Cir","Louisville","KY","40218"
49779,"405 Springwood Ln","Louisville","KY","40207"
49780,"1924 Goldsmith Ln","Unit 47","Louisville",
49781,"3901 Norbourne Blvd","Louisville","KY","40207"
49782,"14609 Lake Bluff Pl","Louisville","KY","40245"
49783,"10411 Forest Garden Ln","Louisville","KY","40223"
49784,"1521 Crosstimbers Dr","Louisville","KY","40245"
49785,"1287 Farmdale Ave","Louisville","KY","40213"
49786,"3212 Huberta Dr","Louisville","KY","40216"
49787,"1029 Cristland Rd","Louisville","KY","40214"
49788,"7201 Hollow Creek Rd","Louisville","KY","40228"
49789,"2112 S Shelby St","Louisville","KY","40217"
49790,"2901 Wimpole Ct","Louisville","KY","40218"
49791,"8701 Rambo Ct","Louisville","KY","40228"
49792,"1002 Eigelbach Ave","Louisville","KY","40217"
49793,"1813 Flagstaff Ct","Louisville","KY","40223"
49794,"8304 Ponsit Ln","Louisville","KY","40219"
49795,"3200 Appleton Ct","Louisville","KY","40216"
49796,"5708 Lagoona Dr","Louisville","KY","40219"
49797,"216 S 39th St","Louisville","KY","40212"
49798,"6802 Windhurst Rd","Louisville","KY","40207"
49799,"3502 Lodge Ln","Apt 134","Louisville",
49800,"708 Hollingsworth Pl","Louisville","KY","40207"
49801,"200 Prestwick Pl","Louisville","KY","40243"
49802,"3004 Wickland Rd","Louisville","KY","40205"
49803,"3406 Cane Run Rd","Louisville","KY","40211"
49804,"4542 S 2nd St","Louisville","KY","40214"
49805,"6001 Count Turf Dr","Louisville","KY","40272"
49806,"4107 Sunflower Ave","Louisville","KY","40216"
49807,"1615 Deer Park Ave","Louisville","KY","40205"
49808,"1506 Aletha Dr","Louisville","KY","40219"
49809,"7321 Southside Dr","Louisville","KY","40214"
49810,"1607 Bank St","Louisville","KY","40203"
49811,"2906 Alford Ave","Louisville","KY","40212"
49812,"2125 Douglass Blvd","Louisville","KY","40205"
49813,"3722 Marvin Ave","Louisville","KY","40218"
49814,"14007 Laclara Way","Louisville","KY","40299"
49815,"4204 Stone Lakes Dr","Louisville","KY","40299"
49816,"6315 Montego Bay Rd","Louisville","KY","40228"
49817,"1101 Girard Dr","Louisville","KY","40222"
49818,"4414 Newport Rd","Louisville","KY","40218"
49819,"8713 Brittany Dr","Louisville","KY","40220"
49820,"12217 Ridgemont Rd","Louisville","KY","40229"
49821,"885 Clarks Ln","Louisville","KY","40217"
49822,"1211 Becker Ave","Louisville","KY","40213"
49823,"1028 E Kentucky St","Louisville","KY","40204"
49824,"5403 Pavilion Way","Louisville","KY","40291"
49825,"5623 New Cut Rd","Louisville","KY","40214"
49826,"1831 Edgeland Ave","Louisville","KY","40204"
49827,"3605 Vanguard Dr","Louisville","KY","40229"
49828,"3315 Dumesnil St","Louisville","KY","40211"
49829,"3112 Oriole Dr","Louisville","KY","40213"
49830,"2101 Rowan St","Louisville","KY","40212"
49831,"3811 Algonquin Pkwy","Louisville","KY","40211"
49832,"4533 Picadilly Ave","Louisville","KY","40215"
49833,"9607 Fairground Rd","Louisville","KY","40291"
49834,"11824 Garr Ave","Louisville","KY","40223"
49835,"1919 Lower Hunters Trce","Louisville","KY","40216"
49836,"1929 Roanoke Ave","Louisville","KY","40205"
49837,"7103 Mckenna Ct","Louisville","KY","40291"
49838,"3510 Olive Rd","Louisville","KY","40219"
49839,"4215 Lambert Rd","Louisville","KY","40219"
49840,"2703 Sharon Way","Louisville","KY","40220"
49841,"3719 Powell Ave","Louisville","KY","40215"
49842,"11109 Herring Ct","Louisville","KY","40291"
49843,"537 S 22nd St","Louisville","KY","40211"
49844,"2312 Standard Ave","Louisville","KY","40210"
49845,"1012 S 26th St","Louisville","KY","40210"
49846,"8704 Sonora Trl","Louisville","KY","40299"
49847,"2368 Carlton Ter","Louisville","KY","40205"
49848,"4207 Stone Lakes Dr","Louisville","KY","40299"
49849,"3035 Cabinwood Dr","Louisville","KY","40220"
49850,"207 S 38th St","Louisville","KY","40212"
49851,"7916 Trillium Dr","Louisville","KY","40258"
49852,"2214 Garland Ave","Louisville","KY","40211"
49853,"4311 Northwood Dr","Louisville","KY","40220"
49854,"2504 Parliament Ct","Louisville","KY","40272"
49855,"1328 Olive St","Louisville","KY","40211"
49856,"9000 Seaforth Way","Louisville","KY","40258"
49857,"8106 Judge Blvd","Louisville","KY","40219"
49858,"4 Nichols Dr","Louisville","KY","40215"
49859,"5526 Garrow Ave","Louisville","KY","40219"
49860,"7023 Alma June Way","Louisville","KY","40228"
49861,"113 S 46th St","Louisville","KY","40212"
49862,"117 N Shawnee Ter","Louisville","KY","40212"
49863,"7901 Candleglow Ln","Louisville","KY","40214"
49864,"3912 W Muhammad Ali Blvd","Louisville","KY","40212"
49865,"5830 Lake Erie Dr","Louisville","KY","40291"
49866,"4019 Glen Valley Rd","Louisville","KY","40219"
49867,"1945 Payne St","Louisville","KY","40206"
49868,"9810 Springbark Dr","Louisville","KY","40241"
49869,"7209 Wood Briar Rd","Louisville","KY","40241"
49870,"6502 Hollow Tree Rd","Louisville","KY","40228"
49871,"7214 Heatherly Sq","Louisville","KY","40242"
49872,"1433 S 8th St","Louisville","KY","40208"
49873,"9222 Vevey Rd","Louisville","KY","40291"
49874,"1460 S 8th St","Louisville","KY","40208"
49875,"5910 Santa Fe Trl","Louisville","KY","40258"
49876,"10805 Anton Ct","Louisville","KY","40229"
49877,"8206 Denise Dr","Louisville","KY","40219"
49878,"1719 Gresham Rd","Louisville","KY","40205"
49879,"13910 Laclara Way","Louisville","KY","40299"
49880,"2311 Lonesome Hollow Rd","Louisville","KY","40272"
49881,"7105 Mckenna Ct","Louisville","KY","40291"
49882,"3303 Springstead Cir","Louisville","KY","40241"
49883,"720 Creel Ave","Louisville","KY","40208"
49884,"5101 Reed Ave","Louisville","KY","40214"
49885,"1427 Eastern Pkwy","Louisville","KY","40204"
49886,"1764 Casselberry Rd","Louisville","KY","40205"
49887,"3325 Grandview Ave","Louisville","KY","40207"
49888,"4512 Lambert Rd","Louisville","KY","40219"
49889,"9814 Lanesboro Way","Louisville","KY","40242"
49890,"7404 Cross Creek Ct","Louisville","KY","40228"
49891,"3809 Therina Way","Louisville","KY","40241"
49892,"8200 Saint Andrews Church Rd","Louisville","KY","40258"
49893,"4825 Fielding Way","Louisville","KY","40216"
49894,"2001 Upper Hunters Trce","Louisville","KY","40216"
49895,"5908 Woodhaven Ridge Ct","Louisville","KY","40291"
49896,"105 Juneau Dr","Louisville","KY","40243"
49897,"12409 Saw Mill Rd","Louisville","KY","40272"
49898,"4103 Caven Ct","Louisville","KY","40229"
49899,"616 Woodlake Dr","Louisville","KY","40245"
49900,"211 S Peterson Ave","Louisville","KY","40206"
49901,"227 Fairmeade Rd","Louisville","KY","40207"
49902,"638 S 2nd St","Apt 6","Louisville",
49903,"3809 Glenwillow Way","Louisville","KY","40299"
49904,"11110 Herring Ct","Louisville","KY","40291"
49905,"2603 Alva Dr","Louisville","KY","40216"
49906,"56 Harwood Rd","Louisville","KY","40222"
49907,"1043 Eigelbach Ave","Louisville","KY","40217"
49908,"10104 Kimblewick Dr","Louisville","KY","40223"
49909,"2617 Wilburlook Ln","Louisville","KY","40220"
49910,"2915 Arden Rd","Louisville","KY","40220"
49911,"1035 Hillview Blvd","Louisville","KY","40229"
49912,"4014 Plymouth Rd","Louisville","KY","40207"
49913,"11205 New Stone Ct","Louisville","KY","40223"
49914,"4030 Midland Ave","Louisville","KY","40220"
49915,"8012 Grenelle Dr","Louisville","KY","40228"
49916,"7003 Shareith Dr","Louisville","KY","40228"
49917,"10208 Zix Dr","Louisville","KY","40223"
49918,"2726 Hollywood Ter","Apt 103","Louisville",
49919,"3114 Radiance Rd","Louisville","KY","40220"
49920,"510 N 39th St","Louisville","KY","40212"
49921,"11712 Mahogany Dr","Louisville","KY","40272"
49922,"1816 Spring Dr","Louisville","KY","40205"
49923,"1715 Meadowgate Ln","Louisville","KY","40223"
49924,"4234 Lynnbrook Dr","Louisville","KY","40220"
49925,"3110 Kinvara Ln","Louisville","KY","40242"
49926,"4116 Northumberland Dr","Louisville","KY","40245"
49927,"10503 Forest Garden Ln","Louisville","KY","40223"
49928,"9002 Nottingham Pkwy","Louisville","KY","40222"
49929,"9107 Auburn Woods Ct","Louisville","KY","40214"
49930,"7929 Nottoway Cir","Louisville","KY","40214"
49931,"5424 Tracy Way","Louisville","KY","40214"
49932,"9823 Oakshire Dr","Louisville","KY","40299"
49933,"1122 Holly Springs Dr","Louisville","KY","40242"
49934,"7905 Fir Green Way","Louisville","KY","40291"
49935,"631 Emily Rd","Louisville","KY","40206"
49936,"10309 Chimney Ridge Ct","Louisville","KY","40299"
49937,"13807 Forest Bend Cir","Louisville","KY","40245"
49938,"14104 Willow Grove Way","Louisville","KY","40245"
49939,"5907 Chenoweth Run Rd","Louisville","KY","40299"
49940,"4303 Windward Pl","Louisville","KY","40207"
49941,"8617 Lakeridge Dr","Louisville","KY","40272"
49942,"3620 Ripple Creek Dr","Louisville","KY","40229"
49943,"4005 Naomi Dr","Louisville","KY","40219"
49944,"4305 Southern Pkwy","Louisville","KY","40214"
49945,"4903 Friden Way","Louisville","KY","40214"
49946,"421 W Kenwood Dr","Louisville","KY","40214"
49947,"3003 Bobolink Rd","Louisville","KY","40217"
49948,"6912 Charmon Ave","Louisville","KY","40219"
49949,"9735 Hunting Ground Ct","Louisville","KY","40228"
49950,"2608 Landor Ave","Louisville","KY","40205"
49951,"3103 Martha Ct","Louisville","KY","40220"
49952,"11900 Queen Annes Ct","Louisville","KY","40245"
49953,"2006 The Meadow Rd","Louisville","KY","40223"
49954,"1132 Eastern Pkwy","Louisville","KY","40217"
49955,"2330 Alta Ave","Louisville","KY","40205"
49956,"344 Meadowood Rd","Louisville","KY","40229"
49957,"8403 Saint George Ln","Louisville","KY","40220"
49958,"2630 Mccoy Way","Louisville","KY","40205"
49959,"3011 River Park Dr","Louisville","KY","40211"
49960,"323 Shawnee Dr","Louisville","KY","40212"
49961,"2504 Pikes Peak Blvd","Louisville","KY","40214"
49962,"5009 New Cut Rd","Louisville","KY","40214"
49963,"9401 Bronzeridge Pl","Louisville","KY","40229"
49964,"1325 Earl Ave","Louisville","KY","40215"
49965,"1118 Cecil Ave","Louisville","KY","40211"
49966,"7701 Lesane Dr","Louisville","KY","40214"
49967,"8139 Lake Ave","Apt C10","Louisville",
49968,"5502 Count Fleet Dr","Louisville","KY","40272"
49969,"8508 Glendale Trce","Louisville","KY","40291"
49970,"1500 Castlewood Ave","Louisville","KY","40204"
49971,"7810 Delightful Way","Louisville","KY","40291"
49972,"10106 Ledbury Way","Louisville","KY","40223"
49973,"191 Allison Ct","Louisville","KY","40229"
49974,"3833 Spring Arbor Dr","Louisville","KY","40245"
49975,"4713 Oak Pointe Dr","Louisville","KY","40245"
49976,"6600 Amigo Ct","Louisville","KY","40291"
49977,"1408 Larchmont Ave","Louisville","KY","40215"
49978,"1401 Wurtele Ave","Louisville","KY","40208"
49979,"2312 Franklin Ave","Louisville","KY","40216"
49980,"10516 Leven Blvd","Louisville","KY","40229"
49981,"4210 Willowview Blvd","Louisville","KY","40299"
49982,"2403 Longest Ave","Louisville","KY","40204"
49983,"3005 Kemo Way","Louisville","KY","40222"
49984,"13907 Laclara Way","Louisville","KY","40299"
49985,"4911 Nottinghamshire Dr","Louisville","KY","40299"
49986,"513 Cornell Pl","Louisville","KY","40207"
49987,"8008 Stonemeadow Dr","Louisville","KY","40218"
49988,"7509 Jennifer Pl","Louisville","KY","40220"
49989,"394 Mockingbird Valley Rd","Louisville","KY","40207"
49990,"8711 Terry Rd","Louisville","KY","40258"
49991,"530 Atwood St","Louisville","KY","40217"
49992,"816 S 32nd St","Louisville","KY","40211"
49993,"5914 Trappers Ridge Cir","Louisville","KY","40216"
49994,"1940 Bonnycastle Ave","Louisville","KY","40205"
49995,"6701 Shaffer Ln","Louisville","KY","40291"
49996,"1109 Garden Creek Cir","Louisville","KY","40223"
49997,"1616 Loney Ln","Louisville","KY","40216"
49998,"7721 Burr Ln","Louisville","KY","40214"
49999,"623 Darnay Pl","Louisville","KY","40245"
50000,"3310 Bank St","Louisville","KY","40212"
