{
"type": "FeatureCollection",
"name": "Jefferson_County_KY_Schools",
"crs": { "type": "name", "properties": { "name": "urn:ogc:def:crs:OGC:1.3:CRS84" } },
"features": [
{ "type": "Feature", "properties": { "OBJECTID": 1, "LEVEL_": "C", "LOC_TYPE": "JCPS", "LOC": 165, "SCH_NAME": "BROWN SCHOOL", "ADDRESS": "546 S 1ST ST", "CITY": "LOUISVILLE", "ST": "KY", "ZIP": 40202, "PHONE": "485-8216", "SCH_AB": "BROWN", "SCH_WEB": "https://www.jefferson.kyschools.us/schools/profiles/brown" }, "geometry": { "type": "Point", "coordinates": [ -85.753186451201216, 38.250184845207173 ] } },
{ "type": "Feature", "properties": { "OBJECTID": 2, "LEVEL_": "C", "LOC_TYPE": "JCPS", "LOC": 186, "SCH_NAME": "ESL NEWCOMER ACADEMY", "ADDRESS": "3741 PULLIAM DR", "CITY": "LOUISVILLE", "ST": "KY", "ZIP": 40218, "PHONE": "485-6324", "SCH_AB": "NEWCOMER", "SCH_WEB": "https://www.jefferson.kyschools.us/schools/profiles/esl-newcomer-academy" }, "geometry": { "type": "Point", "coordinates": [ -85.64338968465438, 38.204235486704881 ] } },
{ "type": "Feature", "properties": { "OBJECTID": 3, "LEVEL_": "C", "LOC_TYPE": "JCPS", "LOC": 201, "SCH_NAME": "PHOENIX SCHOOL OF DISCOVERY", "ADDRESS": "502 WOOD RD", "CITY": "LOUISVILLE", "ST": "KY", "ZIP": 40222, "PHONE": "485-7700", "SCH_AB": "PHOENIX", "SCH_WEB": "https://www.jefferson.kyschools.us/schools/profiles/phoenix-school-discovery" }, "geometry": { "type": "Point", "coordinates": [ -85.605255885776572, 38.255981391824406 ] } },
{ "type": "Feature", "properties": { "OBJECTID": 4, "LEVEL_": "S", "LOC_TYPE": "JCPS", "LOC": 155, "SCH_NAME": "MOORE HIGH", "ADDRESS": "6415 OUTER LOOP", "CITY": "LOUISVILLE", "ST": "KY", "ZIP": 40228, "PHONE": "485-8304", "SCH_AB": "MOORE TRAD", "SCH_WEB": "https://www.jefferson.kyschools.us/schools/profiles/moore-traditional" }, "geometry": { "type": "Point", "coordinates": [ -85.638558042792468, 38.139663789570527 ] } },
{ "type": "Feature", "properties": { "OBJECTID": 5, "LEVEL_": "E", "LOC_TYPE": "JCPS", "LOC": 185, "SCH_NAME": "ATKINSON ELEMENTARY", "ADDRESS": "2811 DUNCAN ST", "CITY": "LOUISVILLE", "ST": "KY", "ZIP": 40212, "PHONE": "485-8203", "SCH_AB": "ATKINSON", "SCH_WEB": "https://www.jefferson.kyschools.us/schools/profiles/atkinson-academy" }, "geometry": { "type": "Point", "coordinates": [ -85.797839116074584, 38.265001515495307 ] } },
{ "type": "Feature", "properties": { "OBJECTID": 6, "LEVEL_": "E", "LOC_TYPE": "JCPS", "LOC": 127, "SCH_NAME": "AUBURNDALE ELEMENTARY", "ADDRESS": "5749 NEW CUT RD", "CITY": "LOUISVILLE", "ST": "KY", "ZIP": 40214, "PHONE": "485-8204", "SCH_AB": "AUBURNDALE", "SCH_WEB": "https://www.jefferson.kyschools.us/schools/profiles/auburndale" }, "geometry": { "type": "Point", "coordinates": [ -85.771032187572786, 38.135029972342402 ] } },
{ "type": "Feature", "properties": { "OBJECTID": 7, "LEVEL_": "E", "LOC_TYPE": "JCPS", "LOC": 44, "SCH_NAME": "AUDUBON TRADITIONAL ELEM", "ADDRESS": "1051 HESS LN", "CITY": "LOUISVILLE", "ST": "KY", "ZIP": 40217, "PHONE": "485-8205", "SCH_AB": "AUDUBON TRAD", "SCH_WEB": "https://www.jefferson.kyschools.us/schools/profiles/audubon" }, "geometry": { "type": "Point", "coordinates": [ -85.731275280911674, 38.208122571756817 ] } },
{ "type": "Feature", "properties": { "OBJECTID": 8, "LEVEL_": "E", "LOC_TYPE": "JCPS", "LOC": 55, "SCH_NAME": "BATES ELEMENTARY", "ADDRESS": "7601 BARDSTOWN RD", "CITY": "LOUISVILLE", "ST": "KY", "ZIP": 40291, "PHONE": "485-8208", "SCH_AB": "BATES", "SCH_WEB": "https://www.jefferson.kyschools.us/schools/profiles/bates" }, "geometry": { "type": "Point", "coordinates": [ -85.578671941819579, 38.137218896010829 ] } },
{ "type": "Feature", "properties": { "OBJECTID": 9, "LEVEL_": "E", "LOC_TYPE": "JCPS", "LOC": 149, "SCH_NAME": "BLAKE ELEMENTARY", "ADDRESS": "3801 BONAVENTURE BV", "CITY": "LOUISVILLE", "ST": "KY", "ZIP": 40219, "PHONE": "485-8210", "SCH_AB": "BLAKE", "SCH_WEB": "https://www.jefferson.kyschools.us/schools/profiles/blake" }, "geometry": { "type": "Point", "coordinates": [ -85.694007122122471, 38.123364940185652 ] } },
{ "type": "Feature", "properties": { "OBJECTID": 10, "LEVEL_": "E", "LOC_TYPE": "JCPS", "LOC": 225, "SCH_NAME": "BLOOM ELEMENTARY", "ADDRESS": "1627 LUCIA AV", "CITY": "LOUISVILLE", "ST": "KY", "ZIP": 40204, "PHONE": "485-8211", "SCH_AB": "BLOOM", "SCH_WEB": "https://www.jefferson.kyschools.us/schools/profiles/bloom" }, "geometry": { "type": "Point", "coordinates": [ -85.719725173253252, 38.236712067277722 ] } },
{ "type": "Feature", "properties": { "OBJECTID": 11, "LEVEL_": "E", "LOC_TYPE": "JCPS", "LOC": 91, "SCH_NAME": "BLUE LICK ELEMENTARY", "ADDRESS": "9801 BLUE LICK RD", "CITY": "LOUISVILLE", "ST": "KY", "ZIP": 40229, "PHONE": "485-8212", "SCH_AB": "BLUE LICK ELEM", "SCH_WEB": "https://www.jefferson.kyschools.us/schools/profiles/blue-lick" }, "geometry": { "type": "Point", "coordinates": [ -85.691315726973201, 38.106316055192039 ] } },
{ "type": "Feature", "properties": { "OBJECTID": 12, "LEVEL_": "E", "LOC_TYPE": "JCPS", "LOC": 94, "SCH_NAME": "BOWEN ELEMENTARY", "ADDRESS": "1601 ROOSEVELT AV", "CITY": "LOUISVILLE", "ST": "KY", "ZIP": 40222, "PHONE": "485-8213", "SCH_AB": "BOWEN", "SCH_WEB": "https://www.jefferson.kyschools.us/schools/profiles/bowen" }, "geometry": { "type": "Point", "coordinates": [ -85.581608142792177, 38.269904042254652 ] } },
{ "type": "Feature", "properties": { "OBJECTID": 13, "LEVEL_": "E", "LOC_TYPE": "JCPS", "LOC": 260, "SCH_NAME": "BRANDEIS ELEMENTARY", "ADDRESS": "2817 W KENTUCKY ST", "CITY": "LOUISVILLE", "ST": "KY", "ZIP": 40211, "PHONE": "485-8214", "SCH_AB": "BRANDEIS", "SCH_WEB": "https://www.jefferson.kyschools.us/schools/profiles/brandeis" }, "geometry": { "type": "Point", "coordinates": [ -85.800238696650325, 38.244314195284794 ] } },
{ "type": "Feature", "properties": { "OBJECTID": 14, "LEVEL_": "E", "LOC_TYPE": "JCPS", "LOC": 38, "SCH_NAME": "BRECKINRIDGE/FRANKLIN ELEM", "ADDRESS": "1351 PAYNE ST", "CITY": "LOUISVILLE", "ST": "KY", "ZIP": 40206, "PHONE": "485-8215", "SCH_AB": "BRECKINRIDGE/FRANKLIN", "SCH_WEB": "https://www.jefferson.kyschools.us/schools/profiles/breckinridge-franklin" }, "geometry": { "type": "Point", "coordinates": [ -85.723482779661069, 38.249525484744204 ] } },
{ "type": "Feature", "properties": { "OBJECTID": 15, "LEVEL_": "E", "LOC_TYPE": "JCPS", "LOC": 243, "SCH_NAME": "BYCK ELEMENTARY", "ADDRESS": "2328 CEDAR ST", "CITY": "LOUISVILLE", "ST": "KY", "ZIP": 40212, "PHONE": "485-8221", "SCH_AB": "BYCK", "SCH_WEB": "https://www.jefferson.kyschools.us/schools/profiles/byck" }, "geometry": { "type": "Point", "coordinates": [ -85.790270249018448, 38.255690465368922 ] } },
{ "type": "Feature", "properties": { "OBJECTID": 16, "LEVEL_": "E", "LOC_TYPE": "JCPS", "LOC": 4, "SCH_NAME": "CAMP TAYLOR ELEMENTARY", "ADDRESS": "1446 BELMAR DR", "CITY": "LOUISVILLE", "ST": "KY", "ZIP": 40213, "PHONE": "485-8222", "SCH_AB": "CAMP TAYLOR", "SCH_WEB": "https://www.jefferson.kyschools.us/schools/profiles/camp-taylor" }, "geometry": { "type": "Point", "coordinates": [ -85.719055276203477, 38.196464153559369 ] } },
{ "type": "Feature", "properties": { "OBJECTID": 17, "LEVEL_": "E", "LOC_TYPE": "JCPS", "LOC": 5, "SCH_NAME": "CANE RUN ELEMENTARY", "ADDRESS": "3951 CANE RUN RD", "CITY": "LOUISVILLE", "ST": "KY", "ZIP": 40211, "PHONE": "485-8223", "SCH_AB": "CANE RUN", "SCH_WEB": "https://www.jefferson.kyschools.us/schools/profiles/cane-run" }, "geometry": { "type": "Point", "coordinates": [ -85.822079919521997, 38.20963655994975 ] } },
{ "type": "Feature", "properties": { "OBJECTID": 18, "LEVEL_": "E", "LOC_TYPE": "JCPS", "LOC": 680, "SCH_NAME": "CARTER TRADITIONAL ELEM", "ADDRESS": "3600 BOHNE AV", "CITY": "LOUISVILLE", "ST": "KY", "ZIP": 40211, "PHONE": "485-8225", "SCH_AB": "CARTER", "SCH_WEB": "https://www.jefferson.kyschools.us/schools/profiles/carter" }, "geometry": { "type": "Point", "coordinates": [ -85.814830379995698, 38.228146861377581 ] } },
{ "type": "Feature", "properties": { "OBJECTID": 19, "LEVEL_": "H", "LOC_TYPE": "JCPS", "LOC": 285, "SCH_NAME": "CENTER AT RIVERPORT", "ADDRESS": "7401 RIVERPORT DR", "CITY": "LOUISVILLE", "ST": "KY", "ZIP": 40258, "PHONE": "933-1849", "SCH_AB": "CENTER AT RIVERPORT", "SCH_WEB": " " }, "geometry": { "type": "Point", "coordinates": [ -85.892050255961706, 38.167103159944887 ] } },
{ "type": "Feature", "properties": { "OBJECTID": 20, "LEVEL_": "E", "LOC_TYPE": "JCPS", "LOC": 102, "SCH_NAME": "CHANCEY ELEMENTARY", "ADDRESS": "4301 MURPHY LN", "CITY": "LOUISVILLE", "ST": "KY", "ZIP": 40241, "PHONE": "485-8387", "SCH_AB": "CHANCEY", "SCH_WEB": "https://www.jefferson.kyschools.us/schools/profiles/chancey" }, "geometry": { "type": "Point", "coordinates": [ -85.535195933411103, 38.307051002737332 ] } },
{ "type": "Feature", "properties": { "OBJECTID": 21, "LEVEL_": "E", "LOC_TYPE": "JCPS", "LOC": 46, "SCH_NAME": "CHENOWETH ELEMENTARY", "ADDRESS": "3622 BROWNSBORO RD", "CITY": "LOUISVILLE", "ST": "KY", "ZIP": 40207, "PHONE": "485-8227", "SCH_AB": "CHENOWETH", "SCH_WEB": "https://www.jefferson.kyschools.us/schools/profiles/chenoweth" }, "geometry": { "type": "Point", "coordinates": [ -85.669319045114747, 38.262830867656675 ] } },
{ "type": "Feature", "properties": { "OBJECTID": 22, "LEVEL_": "E", "LOC_TYPE": "JCPS", "LOC": 323, "SCH_NAME": "COCHRAN ELEMENTARY", "ADDRESS": "500 W GAULBERT AV", "CITY": "LOUISVILLE", "ST": "KY", "ZIP": 40208, "PHONE": "485-8230", "SCH_AB": "COCHRAN", "SCH_WEB": "https://www.jefferson.kyschools.us/schools/profiles/cochran" }, "geometry": { "type": "Point", "coordinates": [ -85.764760783662666, 38.224704447751819 ] } },
{ "type": "Feature", "properties": { "OBJECTID": 23, "LEVEL_": "E", "LOC_TYPE": "JCPS", "LOC": 83, "SCH_NAME": "COCHRANE ELEMENTARY", "ADDRESS": "2511 TREGARON AV", "CITY": "LOUISVILLE", "ST": "KY", "ZIP": 40299, "PHONE": "485-8231", "SCH_AB": "COCHRANE", "SCH_WEB": "https://www.jefferson.kyschools.us/schools/profiles/cochrane" }, "geometry": { "type": "Point", "coordinates": [ -85.574401383749304, 38.210044988922277 ] } },
{ "type": "Feature", "properties": { "OBJECTID": 24, "LEVEL_": "E", "LOC_TYPE": "JCPS", "LOC": 660, "SCH_NAME": "COLERIDGE TAYLOR MONTESSORI", "ADDRESS": "1115 W CHESTNUT ST", "CITY": "LOUISVILLE", "ST": "KY", "ZIP": 40203, "PHONE": "485-8232", "SCH_AB": "COLERIDGE-TAYLOR", "SCH_WEB": "https://www.jefferson.kyschools.us/schools/profiles/coleridge-taylor" }, "geometry": { "type": "Point", "coordinates": [ -85.770116204325063, 38.250996435108235 ] } },
{ "type": "Feature", "properties": { "OBJECTID": 25, "LEVEL_": "E", "LOC_TYPE": "JCPS", "LOC": 60, "SCH_NAME": "CORAL RIDGE ELEMENTARY", "ADDRESS": "10608 NATIONAL TP", "CITY": "LOUISVILLE", "ST": "KY", "ZIP": 40118, "PHONE": "485-8234", "SCH_AB": "CORAL RIDGE", "SCH_WEB": "https://www.jefferson.kyschools.us/schools/profiles/coral-ridge" }, "geometry": { "type": "Point", "coordinates": [ -85.739047089677612, 38.095032507966799 ] } },
{ "type": "Feature", "properties": { "OBJECTID": 26, "LEVEL_": "E", "LOC_TYPE": "JCPS", "LOC": 92, "SCH_NAME": "CRUMS LANE ELEMENTARY", "ADDRESS": "3212 S CRUMS LN", "CITY": "LOUISVILLE", "ST": "KY", "ZIP": 40216, "PHONE": "485-8236", "SCH_AB": "CRUMS LANE", "SCH_WEB": "https://www.jefferson.kyschools.us/schools/profiles/crums-lane" }, "geometry": { "type": "Point", "coordinates": [ -85.839075778835621, 38.192885060113241 ] } },
{ "type": "Feature", "properties": { "OBJECTID": 27, "LEVEL_": "E", "LOC_TYPE": "JCPS", "LOC": 82, "SCH_NAME": "DIXIE ELEMENTARY", "ADDRESS": "10201 CASA LANDA DR", "CITY": "LOUISVILLE", "ST": "KY", "ZIP": 40272, "PHONE": "485-8238", "SCH_AB": "DIXIE", "SCH_WEB": "https://www.jefferson.kyschools.us/schools/profiles/dixie" }, "geometry": { "type": "Point", "coordinates": [ -85.872060735836413, 38.108082907683396 ] } },
{ "type": "Feature", "properties": { "OBJECTID": 28, "LEVEL_": "E", "LOC_TYPE": "JCPS", "LOC": 156, "SCH_NAME": "DUNN ELEMENTARY", "ADDRESS": "2010 RUDY LN", "CITY": "LOUISVILLE", "ST": "KY", "ZIP": 40207, "PHONE": "485-8240", "SCH_AB": "DUNN", "SCH_WEB": "https://www.jefferson.kyschools.us/schools/profiles/dunn" }, "geometry": { "type": "Point", "coordinates": [ -85.643862030064312, 38.28404938965943 ] } },
{ "type": "Feature", "properties": { "OBJECTID": 29, "LEVEL_": "E", "LOC_TYPE": "JCPS", "LOC": 131, "SCH_NAME": "EISENHOWER ELEMENTARY", "ADDRESS": "5300 JESSAMINE LN", "CITY": "LOUISVILLE", "ST": "KY", "ZIP": 40258, "PHONE": "485-8244", "SCH_AB": "EISENHOWER", "SCH_WEB": "https://www.jefferson.kyschools.us/schools/profiles/eisenhower" }, "geometry": { "type": "Point", "coordinates": [ -85.854999909934079, 38.137573960727252 ] } },
{ "type": "Feature", "properties": { "OBJECTID": 30, "LEVEL_": "E", "LOC_TYPE": "JCPS", "LOC": 240, "SCH_NAME": "ENGELHARD ELEMENTARY", "ADDRESS": "1004 S 1ST ST", "CITY": "LOUISVILLE", "ST": "KY", "ZIP": 40203, "PHONE": "485-8246", "SCH_AB": "ENGELHARD", "SCH_WEB": "https://www.jefferson.kyschools.us/schools/profiles/engelhard" }, "geometry": { "type": "Point", "coordinates": [ -85.755158268521015, 38.238096739400419 ] } },
{ "type": "Feature", "properties": { "OBJECTID": 31, "LEVEL_": "E", "LOC_TYPE": "JCPS", "LOC": 10, "SCH_NAME": "FAIRDALE ELEMENTARY", "ADDRESS": "10104 MITCHELL HILL RD", "CITY": "LOUISVILLE", "ST": "KY", "ZIP": 40118, "PHONE": "485-8247", "SCH_AB": "FAIRDALE ELEM", "SCH_WEB": "https://www.jefferson.kyschools.us/schools/profiles/fairdale" }, "geometry": { "type": "Point", "coordinates": [ -85.762355337028609, 38.104801044532117 ] } },
{ "type": "Feature", "properties": { "OBJECTID": 32, "LEVEL_": "E", "LOC_TYPE": "JCPS", "LOC": 212, "SCH_NAME": "FARMER ELEMENTARY", "ADDRESS": "6405 GELLHAUS LN", "CITY": "LOUISVILLE", "ST": "KY", "ZIP": 40299, "PHONE": "485-8625", "SCH_AB": "FARMER", "SCH_WEB": "https://www.jefferson.kyschools.us/schools/profiles/farmer" }, "geometry": { "type": "Point", "coordinates": [ -85.546041593290411, 38.151122891828322 ] } },
{ "type": "Feature", "properties": { "OBJECTID": 33, "LEVEL_": "E", "LOC_TYPE": "JCPS", "LOC": 11, "SCH_NAME": "FERN CREEK ELEMENTARY", "ADDRESS": "8815 FERNDALE RD", "CITY": "LOUISVILLE", "ST": "KY", "ZIP": 40291, "PHONE": "485-8250", "SCH_AB": "FERN CREEK ELEM", "SCH_WEB": "https://www.jefferson.kyschools.us/schools/profiles/fern-creek-elementary" }, "geometry": { "type": "Point", "coordinates": [ -85.595196551946231, 38.15673654933677 ] } },
{ "type": "Feature", "properties": { "OBJECTID": 34, "LEVEL_": "E", "LOC_TYPE": "JCPS", "LOC": 250, "SCH_NAME": "FIELD ELEMENTARY", "ADDRESS": "120 SACRED HEART LN", "CITY": "LOUISVILLE", "ST": "KY", "ZIP": 40206, "PHONE": "485-8252", "SCH_AB": "FIELD", "SCH_WEB": "https://www.jefferson.kyschools.us/schools/profiles/field" }, "geometry": { "type": "Point", "coordinates": [ -85.678288285195677, 38.252222047213365 ] } },
{ "type": "Feature", "properties": { "OBJECTID": 35, "LEVEL_": "E", "LOC_TYPE": "JCPS", "LOC": 270, "SCH_NAME": "FOSTER TRADITIONAL ACADEMY", "ADDRESS": "1401 S 41ST ST", "CITY": "LOUISVILLE", "ST": "KY", "ZIP": 40211, "PHONE": "485-8253", "SCH_AB": "FOSTER", "SCH_WEB": "https://www.jefferson.kyschools.us/schools/profiles/foster" }, "geometry": { "type": "Point", "coordinates": [ -85.820626467772641, 38.236882350207161 ] } },
{ "type": "Feature", "properties": { "OBJECTID": 36, "LEVEL_": "E", "LOC_TYPE": "JCPS", "LOC": 290, "SCH_NAME": "FRAYSER ELEMENTARY", "ADDRESS": "1230 LARCHMONT AV", "CITY": "LOUISVILLE", "ST": "KY", "ZIP": 40215, "PHONE": "485-8255", "SCH_AB": "FRAYSER", "SCH_WEB": "https://www.jefferson.kyschools.us/schools/profiles/frayser" }, "geometry": { "type": "Point", "coordinates": [ -85.779919539705404, 38.20848079871493 ] } },
{ "type": "Feature", "properties": { "OBJECTID": 37, "LEVEL_": "E", "LOC_TYPE": "JCPS", "LOC": 61, "SCH_NAME": "GOLDSMITH ELEMENTARY", "ADDRESS": "3520 GOLDSMITH LN", "CITY": "LOUISVILLE", "ST": "KY", "ZIP": 40220, "PHONE": "485-8258", "SCH_AB": "GOLDSMITH LANE", "SCH_WEB": "https://www.jefferson.kyschools.us/schools/profiles/goldsmith" }, "geometry": { "type": "Point", "coordinates": [ -85.655984849487098, 38.207898340388141 ] } },
{ "type": "Feature", "properties": { "OBJECTID": 38, "LEVEL_": "E", "LOC_TYPE": "JCPS", "LOC": 13, "SCH_NAME": "GREATHOUSE/SHRYOCK TRAD ELEM", "ADDRESS": "2700 BROWNS LN", "CITY": "LOUISVILLE", "ST": "KY", "ZIP": 40220, "PHONE": "485-8259", "SCH_AB": "GREATHOUSE/SHYROCK", "SCH_WEB": "https://www.jefferson.kyschools.us/schools/profiles/greathouse-shryock" }, "geometry": { "type": "Point", "coordinates": [ -85.622623332186009, 38.226184440282729 ] } },
{ "type": "Feature", "properties": { "OBJECTID": 39, "LEVEL_": "E", "LOC_TYPE": "JCPS", "LOC": 14, "SCH_NAME": "GREENWOOD ELEMENTARY", "ADDRESS": "5801 GREENWOOD RD", "CITY": "LOUISVILLE", "ST": "KY", "ZIP": 40258, "PHONE": "485-8260", "SCH_AB": "GREENWOOD", "SCH_WEB": "https://www.jefferson.kyschools.us/schools/profiles/greenwood" }, "geometry": { "type": "Point", "coordinates": [ -85.861173758460112, 38.145414178690572 ] } },
{ "type": "Feature", "properties": { "OBJECTID": 40, "LEVEL_": "E", "LOC_TYPE": "JCPS", "LOC": 115, "SCH_NAME": "GUTERMUTH ELEMENTARY", "ADDRESS": "1500 SANDERS LN", "CITY": "LOUISVILLE", "ST": "KY", "ZIP": 40216, "PHONE": "485-8261", "SCH_AB": "GUTERMUTH", "SCH_WEB": "https://www.jefferson.kyschools.us/schools/profiles/gutermuth" }, "geometry": { "type": "Point", "coordinates": [ -85.807516147374599, 38.177858996547606 ] } },
{ "type": "Feature", "properties": { "OBJECTID": 41, "LEVEL_": "E", "LOC_TYPE": "JCPS", "LOC": 121, "SCH_NAME": "HARTSTERN ELEMENTARY", "ADDRESS": "5200 MORNINGSIDE WY", "CITY": "LOUISVILLE", "ST": "KY", "ZIP": 40219, "PHONE": "485-8262", "SCH_AB": "HARTSTERN", "SCH_WEB": "https://www.jefferson.kyschools.us/schools/profiles/hartstern" }, "geometry": { "type": "Point", "coordinates": [ -85.666574841591924, 38.141668511025387 ] } },
{ "type": "Feature", "properties": { "OBJECTID": 42, "LEVEL_": "E", "LOC_TYPE": "JCPS", "LOC": 48, "SCH_NAME": "HAWTHORNE ELEMENTARY", "ADDRESS": "2301 CLARENDON AV", "CITY": "LOUISVILLE", "ST": "KY", "ZIP": 40205, "PHONE": "485-8263", "SCH_AB": "HAWTHORNE", "SCH_WEB": "https://www.jefferson.kyschools.us/schools/profiles/hawthorne" }, "geometry": { "type": "Point", "coordinates": [ -85.671560960039102, 38.218661487496917 ] } },
{ "type": "Feature", "properties": { "OBJECTID": 43, "LEVEL_": "E", "LOC_TYPE": "JCPS", "LOC": 300, "SCH_NAME": "HAZELWOOD ELEMENTARY", "ADDRESS": "1325 BLUEGRASS AV", "CITY": "LOUISVILLE", "ST": "KY", "ZIP": 40215, "PHONE": "485-8264", "SCH_AB": "HAZELWOOD", "SCH_WEB": "https://www.jefferson.kyschools.us/schools/profiles/hazelwood" }, "geometry": { "type": "Point", "coordinates": [ -85.785585590066788, 38.180844912654123 ] } },
{ "type": "Feature", "properties": { "OBJECTID": 44, "LEVEL_": "E", "LOC_TYPE": "JCPS", "LOC": 95, "SCH_NAME": "HITE ELEMENTARY", "ADDRESS": "12408 OLD SHELBYVILLE RD", "CITY": "LOUISVILLE", "ST": "KY", "ZIP": 40243, "PHONE": "485-8267", "SCH_AB": "HITE", "SCH_WEB": "https://www.jefferson.kyschools.us/schools/profiles/hite" }, "geometry": { "type": "Point", "coordinates": [ -85.523880274071672, 38.238065702412065 ] } },
{ "type": "Feature", "properties": { "OBJECTID": 45, "LEVEL_": "E", "LOC_TYPE": "JCPS", "LOC": 76, "SCH_NAME": "INDIAN TRAIL ELEMENTARY", "ADDRESS": "3709 E INDIAN TL", "CITY": "LOUISVILLE", "ST": "KY", "ZIP": 40213, "PHONE": "485-8268", "SCH_AB": "INDIAN TRAIL", "SCH_WEB": "https://www.jefferson.kyschools.us/schools/profiles/indian-trail" }, "geometry": { "type": "Point", "coordinates": [ -85.690698138094263, 38.171220435971577 ] } },
{ "type": "Feature", "properties": { "OBJECTID": 46, "LEVEL_": "E", "LOC_TYPE": "JCPS", "LOC": 325, "SCH_NAME": "JACOB ELEMENTARY", "ADDRESS": "3701 E WHEATMORE DR", "CITY": "LOUISVILLE", "ST": "KY", "ZIP": 40215, "PHONE": "485-8271", "SCH_AB": "JACOB ELEM", "SCH_WEB": "https://www.jefferson.kyschools.us/schools/profiles/jacob" }, "geometry": { "type": "Point", "coordinates": [ -85.795707041121915, 38.191907934352649 ] } },
{ "type": "Feature", "properties": { "OBJECTID": 47, "LEVEL_": "E", "LOC_TYPE": "JCPS", "LOC": 166, "SCH_NAME": "JEFFERSONTOWN ELEMENTARY", "ADDRESS": "3610 CEDARWOOD WY", "CITY": "LOUISVILLE", "ST": "KY", "ZIP": 40299, "PHONE": "485-8274", "SCH_AB": "JEFFERSONTOWN ELEM", "SCH_WEB": "https://www.jefferson.kyschools.us/schools/profiles/jeffersontown-elementary" }, "geometry": { "type": "Point", "coordinates": [ -85.583977410642433, 38.190365624277923 ] } },
{ "type": "Feature", "properties": { "OBJECTID": 48, "LEVEL_": "E", "LOC_TYPE": "JCPS", "LOC": 106, "SCH_NAME": "JOHNSONTOWN ROAD ELEMENTARY", "ADDRESS": "7201 JOHNSONTOWN RD", "CITY": "LOUISVILLE", "ST": "KY", "ZIP": 40272, "PHONE": "485-8278", "SCH_AB": "JOHNSONTOWN ROAD", "SCH_WEB": "https://www.jefferson.kyschools.us/schools/profiles/johnsontown-road" }, "geometry": { "type": "Point", "coordinates": [ -85.89322575686505, 38.117215908119718 ] } },
{ "type": "Feature", "properties": { "OBJECTID": 49, "LEVEL_": "E", "LOC_TYPE": "JCPS", "LOC": 720, "SCH_NAME": "KENNEDY MONTESSORI ELEMENTARY", "ADDRESS": "3800 GIBSON LN", "CITY": "LOUISVILLE", "ST": "KY", "ZIP": 40211, "PHONE": "485-8280", "SCH_AB": "KENNEDY", "SCH_WEB": "https://www.jefferson.kyschools.us/schools/profiles/kennedy-montessori" }, "geometry": { "type": "Point", "coordinates": [ -85.818762676888113, 38.231571646986957 ] } },
{ "type": "Feature", "properties": { "OBJECTID": 50, "LEVEL_": "E", "LOC_TYPE": "JCPS", "LOC": 59, "SCH_NAME": "KENWOOD ELEMENTARY", "ADDRESS": "7420 JUSTAN AV", "CITY": "LOUISVILLE", "ST": "KY", "ZIP": 40214, "PHONE": "485-8283", "SCH_AB": "KENWOOD", "SCH_WEB": "https://www.jefferson.kyschools.us/schools/profiles/kenwood" }, "geometry": { "type": "Point", "coordinates": [ -85.787249022601046, 38.145503392528006 ] } },
{ "type": "Feature", "properties": { "OBJECTID": 51, "LEVEL_": "E", "LOC_TYPE": "JCPS", "LOC": 79, "SCH_NAME": "KERRICK ELEMENTARY", "ADDRESS": "2210 UPPER HUNTERS TC", "CITY": "LOUISVILLE", "ST": "KY", "ZIP": 40216, "PHONE": "485-8284", "SCH_AB": "KERRICK", "SCH_WEB": "https://www.jefferson.kyschools.us/schools/profiles/kerrick" }, "geometry": { "type": "Point", "coordinates": [ -85.837189871557896, 38.165874611046192 ] } },
{ "type": "Feature", "properties": { "OBJECTID": 52, "LEVEL_": "E", "LOC_TYPE": "JCPS", "LOC": 432, "SCH_NAME": "KING ELEMENTARY", "ADDRESS": "4325 VERMONT AV", "CITY": "LOUISVILLE", "ST": "KY", "ZIP": 40211, "PHONE": "485-8285", "SCH_AB": "KING", "SCH_WEB": "https://www.jefferson.kyschools.us/schools/profiles/king" }, "geometry": { "type": "Point", "coordinates": [ -85.823429631628514, 38.257844332781524 ] } },
{ "type": "Feature", "properties": { "OBJECTID": 53, "LEVEL_": "E", "LOC_TYPE": "JCPS", "LOC": 134, "SCH_NAME": "KLONDIKE LANE ELEMENTARY", "ADDRESS": "3807 KLONDIKE LN", "CITY": "LOUISVILLE", "ST": "KY", "ZIP": 40218, "PHONE": "485-8286", "SCH_AB": "KLONDIKE LANE", "SCH_WEB": "https://www.jefferson.kyschools.us/schools/profiles/klondike" }, "geometry": { "type": "Point", "coordinates": [ -85.637253884630226, 38.209030632777939 ] } },
{ "type": "Feature", "properties": { "OBJECTID": 54, "LEVEL_": "E", "LOC_TYPE": "JCPS", "LOC": 145, "SCH_NAME": "LAUKHUF ELEMENTARY", "ADDRESS": "5100 CAPEWOOD DR", "CITY": "LOUISVILLE", "ST": "KY", "ZIP": 40229, "PHONE": "485-8289", "SCH_AB": "LAUKHUF", "SCH_WEB": "https://www.jefferson.kyschools.us/schools/profiles/laukhuf" }, "geometry": { "type": "Point", "coordinates": [ -85.664718450156116, 38.100218467590274 ] } },
{ "type": "Feature", "properties": { "OBJECTID": 55, "LEVEL_": "E", "LOC_TYPE": "JCPS", "LOC": 126, "SCH_NAME": "LAYNE ELEMENTARY", "ADDRESS": "9831 EAST AV", "CITY": "LOUISVILLE", "ST": "KY", "ZIP": 40272, "PHONE": "485-8290", "SCH_AB": "LAYNE", "SCH_WEB": "https://www.jefferson.kyschools.us/schools/profiles/layne" }, "geometry": { "type": "Point", "coordinates": [ -85.84774460517805, 38.110670465006017 ] } },
{ "type": "Feature", "properties": { "OBJECTID": 56, "LEVEL_": "E", "LOC_TYPE": "JCPS", "LOC": 520, "SCH_NAME": "LINCOLN ELEMENTARY", "ADDRESS": "930 E MAIN ST", "CITY": "LOUISVILLE", "ST": "KY", "ZIP": 40206, "PHONE": "485-8291", "SCH_AB": "LINCOLN", "SCH_WEB": "https://www.jefferson.kyschools.us/schools/profiles/lincoln" }, "geometry": { "type": "Point", "coordinates": [ -85.734903353978964, 38.25389680064935 ] } },
{ "type": "Feature", "properties": { "OBJECTID": 57, "LEVEL_": "E", "LOC_TYPE": "JCPS", "LOC": 146, "SCH_NAME": "LOWE ELEMENTARY", "ADDRESS": "210 OXFORDSHIRE LN", "CITY": "LOUISVILLE", "ST": "KY", "ZIP": 40222, "PHONE": "485-8293", "SCH_AB": "LOWE", "SCH_WEB": "https://www.jefferson.kyschools.us/schools/profiles/lowe" }, "geometry": { "type": "Point", "coordinates": [ -85.592139733738563, 38.2451694175546 ] } },
{ "type": "Feature", "properties": { "OBJECTID": 58, "LEVEL_": "E", "LOC_TYPE": "JCPS", "LOC": 107, "SCH_NAME": "LUHR ELEMENTARY", "ADDRESS": "6900 FEGENBUSH LN", "CITY": "LOUISVILLE", "ST": "KY", "ZIP": 40228, "PHONE": "485-8295", "SCH_AB": "LUHR", "SCH_WEB": "https://www.jefferson.kyschools.us/schools/profiles/luhr" }, "geometry": { "type": "Point", "coordinates": [ -85.629655610166566, 38.149377654248241 ] } },
{ "type": "Feature", "properties": { "OBJECTID": 59, "LEVEL_": "E", "LOC_TYPE": "JCPS", "LOC": 480, "SCH_NAME": "MAUPIN ELEMENTARY", "ADDRESS": "1312 CATALPA ST", "CITY": "LOUISVILLE", "ST": "KY", "ZIP": 40211, "PHONE": "485-8310", "SCH_AB": "MAUPIN", "SCH_WEB": "https://www.jefferson.kyschools.us/schools/profiles/maupin" }, "geometry": { "type": "Point", "coordinates": [ -85.802253454082944, 38.235542982308118 ] } },
{ "type": "Feature", "properties": { "OBJECTID": 60, "LEVEL_": "E", "LOC_TYPE": "JCPS", "LOC": 440, "SCH_NAME": "MCFERRAN PREPARATORY", "ADDRESS": "1900 S 7TH ST", "CITY": "LOUISVILLE", "ST": "KY", "ZIP": 40208, "PHONE": "485-8297", "SCH_AB": "MCFERRAN", "SCH_WEB": "https://www.jefferson.kyschools.us/schools/profiles/mcferran" }, "geometry": { "type": "Point", "coordinates": [ -85.77599239756789, 38.221780377949671 ] } },
{ "type": "Feature", "properties": { "OBJECTID": 61, "LEVEL_": "E", "LOC_TYPE": "JCPS", "LOC": 22, "SCH_NAME": "MEDORA ELEMENTARY", "ADDRESS": "11801 DEERING RD", "CITY": "LOUISVILLE", "ST": "KY", "ZIP": 40272, "PHONE": "485-8298", "SCH_AB": "MEDORA", "SCH_WEB": "https://www.jefferson.kyschools.us/schools/profiles/medora" }, "geometry": { "type": "Point", "coordinates": [ -85.874866246489972, 38.09018007327024 ] } },
{ "type": "Feature", "properties": { "OBJECTID": 62, "LEVEL_": "E", "LOC_TYPE": "JCPS", "LOC": 24, "SCH_NAME": "MIDDLETOWN ELEMENTARY", "ADDRESS": "218 N MADISON AV", "CITY": "LOUISVILLE", "ST": "KY", "ZIP": 40243, "PHONE": "485-8300", "SCH_AB": "MIDDLETOWN", "SCH_WEB": "https://www.jefferson.kyschools.us/schools/profiles/middletown" }, "geometry": { "type": "Point", "coordinates": [ -85.541831104293408, 38.248561044135407 ] } },
{ "type": "Feature", "properties": { "OBJECTID": 63, "LEVEL_": "E", "LOC_TYPE": "JCPS", "LOC": 147, "SCH_NAME": "MILL CREEK ELEMENTARY", "ADDRESS": "3816 DIXIE HY", "CITY": "LOUISVILLE", "ST": "KY", "ZIP": 40216, "PHONE": "485-8301", "SCH_AB": "MILL CREEK", "SCH_WEB": "https://www.jefferson.kyschools.us/schools/profiles/mill-creek" }, "geometry": { "type": "Point", "coordinates": [ -85.810290839528605, 38.198527117080594 ] } },
{ "type": "Feature", "properties": { "OBJECTID": 64, "LEVEL_": "E", "LOC_TYPE": "JCPS", "LOC": 99, "SCH_NAME": "MINORS LANE ELEMENTARY", "ADDRESS": "8510 MINOR LN", "CITY": "LOUISVILLE", "ST": "KY", "ZIP": 40219, "PHONE": "485-8303", "SCH_AB": "MINORS LANE", "SCH_WEB": "https://www.jefferson.kyschools.us/schools/profiles/minors-lane" }, "geometry": { "type": "Point", "coordinates": [ -85.714359819737552, 38.125346375042682 ] } },
{ "type": "Feature", "properties": { "OBJECTID": 65, "LEVEL_": "E", "LOC_TYPE": "JCPS", "LOC": 96, "SCH_NAME": "NORTON ELEMENTARY", "ADDRESS": "8101 BROWNSBORO RD", "CITY": "LOUISVILLE", "ST": "KY", "ZIP": 40222, "PHONE": "485-8308", "SCH_AB": "NORTON", "SCH_WEB": "https://www.jefferson.kyschools.us/schools/profiles/norton" }, "geometry": { "type": "Point", "coordinates": [ -85.59977137064854, 38.297711541714065 ] } },
{ "type": "Feature", "properties": { "OBJECTID": 66, "LEVEL_": "E", "LOC_TYPE": "JCPS", "LOC": 27, "SCH_NAME": "OKOLONA ELEMENTARY", "ADDRESS": "7606 PRESTON HY", "CITY": "LOUISVILLE", "ST": "KY", "ZIP": 40219, "PHONE": "485-8309", "SCH_AB": "OKOLONA", "SCH_WEB": "https://www.jefferson.kyschools.us/schools/profiles/okolona" }, "geometry": { "type": "Point", "coordinates": [ -85.690054786377573, 38.140824396414153 ] } },
{ "type": "Feature", "properties": { "OBJECTID": 67, "LEVEL_": "E", "LOC_TYPE": "JCPS", "LOC": 500, "SCH_NAME": "PORTLAND ELEMENTARY", "ADDRESS": "3410 NORTHWESTERN PW", "CITY": "LOUISVILLE", "ST": "KY", "ZIP": 40212, "PHONE": "485-8313", "SCH_AB": "PORTLAND", "SCH_WEB": "https://www.jefferson.kyschools.us/schools/profiles/portland" }, "geometry": { "type": "Point", "coordinates": [ -85.803266834611136, 38.274451206544292 ] } },
{ "type": "Feature", "properties": { "OBJECTID": 68, "LEVEL_": "E", "LOC_TYPE": "JCPS", "LOC": 128, "SCH_NAME": "PRICE ELEMENTARY", "ADDRESS": "5001 GARDEN GREEN WY", "CITY": "LOUISVILLE", "ST": "KY", "ZIP": 40218, "PHONE": "485-8315", "SCH_AB": "PRICE", "SCH_WEB": "https://www.jefferson.kyschools.us/schools/profiles/price" }, "geometry": { "type": "Point", "coordinates": [ -85.666179995572094, 38.176845258883098 ] } },
{ "type": "Feature", "properties": { "OBJECTID": 69, "LEVEL_": "E", "LOC_TYPE": "JCPS", "LOC": 81, "SCH_NAME": "RANGELAND ELEMENTARY", "ADDRESS": "1701 RANGELAND RD", "CITY": "LOUISVILLE", "ST": "KY", "ZIP": 40219, "PHONE": "485-8317", "SCH_AB": "RANGELAND", "SCH_WEB": "https://www.jefferson.kyschools.us/schools/profiles/rangeland" }, "geometry": { "type": "Point", "coordinates": [ -85.669290229346515, 38.165835569789692 ] } },
{ "type": "Feature", "properties": { "OBJECTID": 70, "LEVEL_": "E", "LOC_TYPE": "JCPS", "LOC": 530, "SCH_NAME": "ROOSEVELT/PERRY ELEMENTARY", "ADDRESS": "1606 MAGAZINE ST", "CITY": "LOUISVILLE", "ST": "KY", "ZIP": 40203, "PHONE": "485-8319", "SCH_AB": "ROOSEVELT-PERRY", "SCH_WEB": "https://www.jefferson.kyschools.us/schools/profiles/zia-roosevelt-perry-elementary" }, "geometry": { "type": "Point", "coordinates": [ -85.778753876689493, 38.24946835699965 ] } },
{ "type": "Feature", "properties": { "OBJECTID": 71, "LEVEL_": "E", "LOC_TYPE": "JCPS", "LOC": 560, "SCH_NAME": "RUTHERFORD ELEMENTARY", "ADDRESS": "301 W SOUTHLAND BV", "CITY": "LOUISVILLE", "ST": "KY", "ZIP": 40214, "PHONE": "485-8320", "SCH_AB": "RUTHERFORD", "SCH_WEB": "https://www.jefferson.kyschools.us/schools/profiles/rutherford" }, "geometry": { "type": "Point", "coordinates": [ -85.768208938106582, 38.172609242287017 ] } },
{ "type": "Feature", "properties": { "OBJECTID": 72, "LEVEL_": "E", "LOC_TYPE": "JCPS", "LOC": 86, "SCH_NAME": "SANDERS ELEMENTARY", "ADDRESS": "8408 TERRY RD", "CITY": "LOUISVILLE", "ST": "KY", "ZIP": 40258, "PHONE": "485-8322", "SCH_AB": "SANDERS", "SCH_WEB": "https://www.jefferson.kyschools.us/schools/profiles/sanders" }, "geometry": { "type": "Point", "coordinates": [ -85.875998241090088, 38.132354943271892 ] } },
{ "type": "Feature", "properties": { "OBJECTID": 73, "LEVEL_": "E", "LOC_TYPE": "JCPS", "LOC": 63, "SCH_NAME": "SCHAFFNER ELEMENTARY", "ADDRESS": "2701 CRUMS LN", "CITY": "LOUISVILLE", "ST": "KY", "ZIP": 40216, "PHONE": "485-8217", "SCH_AB": "SCHAFFNER", "SCH_WEB": "https://www.jefferson.kyschools.us/schools/profiles/schaffner" }, "geometry": { "type": "Point", "coordinates": [ -85.824337136839915, 38.195997067784191 ] } },
{ "type": "Feature", "properties": { "OBJECTID": 74, "LEVEL_": "E", "LOC_TYPE": "JCPS", "LOC": 580, "SCH_NAME": "SEMPLE ELEMENTARY", "ADDRESS": "724 DENMARK ST", "CITY": "LOUISVILLE", "ST": "KY", "ZIP": 40215, "PHONE": "485-8324", "SCH_AB": "SEMPLE", "SCH_WEB": "https://www.jefferson.kyschools.us/schools/profiles/semple" }, "geometry": { "type": "Point", "coordinates": [ -85.772018611292651, 38.195489415017832 ] } },
{ "type": "Feature", "properties": { "OBJECTID": 75, "LEVEL_": "E", "LOC_TYPE": "JCPS", "LOC": 97, "SCH_NAME": "SHACKLETTE ELEMENTARY", "ADDRESS": "5310 MERCURY DR", "CITY": "LOUISVILLE", "ST": "KY", "ZIP": 40258, "PHONE": "485-8325", "SCH_AB": "SHACKLETTE", "SCH_WEB": "https://www.jefferson.kyschools.us/schools/profiles/shacklette" }, "geometry": { "type": "Point", "coordinates": [ -85.854895550509113, 38.159222988960742 ] } },
{ "type": "Feature", "properties": { "OBJECTID": 76, "LEVEL_": "E", "LOC_TYPE": "JCPS", "LOC": 610, "SCH_NAME": "SHELBY TRADITIONAL ACADEMY", "ADDRESS": "735 ZIEGLER ST", "CITY": "LOUISVILLE", "ST": "KY", "ZIP": 40217, "PHONE": "485-8327", "SCH_AB": "SHELBY", "SCH_WEB": "https://www.jefferson.kyschools.us/schools/profiles/shelby" }, "geometry": { "type": "Point", "coordinates": [ -85.744754709988769, 38.222977877469468 ] } },
{ "type": "Feature", "properties": { "OBJECTID": 77, "LEVEL_": "E", "LOC_TYPE": "JCPS", "LOC": 103, "SCH_NAME": "SLAUGHTER ELEMENTARY", "ADDRESS": "3805 FERN VALLEY RD", "CITY": "LOUISVILLE", "ST": "KY", "ZIP": 40219, "PHONE": "485-8328", "SCH_AB": "SLAUGHTER", "SCH_WEB": "https://www.jefferson.kyschools.us/schools/profiles/slaughter" }, "geometry": { "type": "Point", "coordinates": [ -85.691767021000231, 38.15900595109288 ] } },
{ "type": "Feature", "properties": { "OBJECTID": 78, "LEVEL_": "E", "LOC_TYPE": "JCPS", "LOC": 87, "SCH_NAME": "SMYRNA ELEMENTARY", "ADDRESS": "6401 OUTER LOOP", "CITY": "LOUISVILLE", "ST": "KY", "ZIP": 40228, "PHONE": "485-8329", "SCH_AB": "SMYRNA", "SCH_WEB": "https://www.jefferson.kyschools.us/schools/profiles/smyrna" }, "geometry": { "type": "Point", "coordinates": [ -85.64098680382682, 38.13879214447649 ] } },
{ "type": "Feature", "properties": { "OBJECTID": 79, "LEVEL_": "E", "LOC_TYPE": "JCPS", "LOC": 64, "SCH_NAME": "ST MATTHEWS ELEMENTARY", "ADDRESS": "601 BROWNS LN", "CITY": "LOUISVILLE", "ST": "KY", "ZIP": 40207, "PHONE": "485-8321", "SCH_AB": "ST. MATTHEWS", "SCH_WEB": "https://www.jefferson.kyschools.us/schools/profiles/st-matthews" }, "geometry": { "type": "Point", "coordinates": [ -85.64073823277819, 38.24557520707797 ] } },
{ "type": "Feature", "properties": { "OBJECTID": 80, "LEVEL_": "E", "LOC_TYPE": "JCPS", "LOC": 71, "SCH_NAME": "STONESTREET ELEMENTARY", "ADDRESS": "10007 STONESTREET RD", "CITY": "LOUISVILLE", "ST": "KY", "ZIP": 40272, "PHONE": "485-8333", "SCH_AB": "STONESTREET", "SCH_WEB": "https://www.jefferson.kyschools.us/schools/profiles/stonestreet" }, "geometry": { "type": "Point", "coordinates": [ -85.834281051615832, 38.109158820191723 ] } },
{ "type": "Feature", "properties": { "OBJECTID": 81, "LEVEL_": "E", "LOC_TYPE": "JCPS", "LOC": 211, "SCH_NAME": "STOPHER ELEMENTARY", "ADDRESS": "14417 AIKEN ROAD", "CITY": "LOUISVILLE", "ST": "KY", "ZIP": 40245, "PHONE": "485-8281", "SCH_AB": "STOPHER", "SCH_WEB": "https://www.jefferson.kyschools.us/schools/profiles/stopher" }, "geometry": { "type": "Point", "coordinates": [ -85.487915009727573, 38.268071542014447 ] } },
{ "type": "Feature", "properties": { "OBJECTID": 82, "LEVEL_": "E", "LOC_TYPE": "JCPS", "LOC": 104, "SCH_NAME": "TRUNNELL ELEMENTARY", "ADDRESS": "7609 ST ANDREWS CHURCH RD", "CITY": "LOUISVILLE", "ST": "KY", "ZIP": 40214, "PHONE": "485-8337", "SCH_AB": "TRUNNELL", "SCH_WEB": "https://www.jefferson.kyschools.us/schools/profiles/trunnell" }, "geometry": { "type": "Point", "coordinates": [ -85.814766566418967, 38.152787715483733 ] } },
{ "type": "Feature", "properties": { "OBJECTID": 83, "LEVEL_": "E", "LOC_TYPE": "JCPS", "LOC": 16, "SCH_NAME": "TULLY ELEMENTARY", "ADDRESS": "3300 COLLEGE DR", "CITY": "LOUISVILLE", "ST": "KY", "ZIP": 40299, "PHONE": "485-8338", "SCH_AB": "TULLY", "SCH_WEB": "https://www.jefferson.kyschools.us/schools/profiles/tully" }, "geometry": { "type": "Point", "coordinates": [ -85.571415093849097, 38.196078314776862 ] } },
{ "type": "Feature", "properties": { "OBJECTID": 84, "LEVEL_": "E", "LOC_TYPE": "JCPS", "LOC": 69, "SCH_NAME": "WATSON LANE ELEMENTARY", "ADDRESS": "7201 WATSON LN", "CITY": "LOUISVILLE", "ST": "KY", "ZIP": 40272, "PHONE": "485-8341", "SCH_AB": "WATSON LANE", "SCH_WEB": "https://www.jefferson.kyschools.us/schools/profiles/watson-lane" }, "geometry": { "type": "Point", "coordinates": [ -85.897258367836201, 38.061053275169058 ] } },
{ "type": "Feature", "properties": { "OBJECTID": 85, "LEVEL_": "E", "LOC_TYPE": "JCPS", "LOC": 72, "SCH_NAME": "WATTERSON ELEMENTARY", "ADDRESS": "3900 BRECKENRIDGE LN", "CITY": "LOUISVILLE", "ST": "KY", "ZIP": 40218, "PHONE": "485-8342", "SCH_AB": "WATTERSON", "SCH_WEB": "https://www.jefferson.kyschools.us/schools/profiles/watterson" }, "geometry": { "type": "Point", "coordinates": [ -85.627078474086517, 38.191502671682848 ] } },
{ "type": "Feature", "properties": { "OBJECTID": 86, "LEVEL_": "E", "LOC_TYPE": "JCPS", "LOC": 116, "SCH_NAME": "WELLINGTON ELEMENTARY", "ADDRESS": "4800 KAUFMAN LN", "CITY": "LOUISVILLE", "ST": "KY", "ZIP": 40216, "PHONE": "485-8343", "SCH_AB": "WELLINGTON", "SCH_WEB": "https://www.jefferson.kyschools.us/schools/profiles/wellington" }, "geometry": { "type": "Point", "coordinates": [ -85.861845045710112, 38.182491228858368 ] } },
{ "type": "Feature", "properties": { "OBJECTID": 87, "LEVEL_": "E", "LOC_TYPE": "JCPS", "LOC": 182, "SCH_NAME": "WHEATLEY ELEMENTARY", "ADDRESS": "1107 S 17TH ST", "CITY": "LOUISVILLE", "ST": "KY", "ZIP": 40210, "PHONE": "485-8348", "SCH_AB": "WHEATLEY", "SCH_WEB": "https://www.jefferson.kyschools.us/schools/profiles/wheatley" }, "geometry": { "type": "Point", "coordinates": [ -85.78277522869756, 38.23924568604734 ] } },
{ "type": "Feature", "properties": { "OBJECTID": 88, "LEVEL_": "E", "LOC_TYPE": "JCPS", "LOC": 109, "SCH_NAME": "WHEELER ELEMENTARY", "ADDRESS": "5700 CYNTHIA DR", "CITY": "LOUISVILLE", "ST": "KY", "ZIP": 40291, "PHONE": "485-8349", "SCH_AB": "WHEELER", "SCH_WEB": "https://www.jefferson.kyschools.us/schools/profiles/wheeler" }, "geometry": { "type": "Point", "coordinates": [ -85.574515838202984, 38.166602654320648 ] } },
{ "type": "Feature", "properties": { "OBJECTID": 89, "LEVEL_": "E", "LOC_TYPE": "JCPS", "LOC": 67, "SCH_NAME": "WILDER ELEMENTARY", "ADDRESS": "1913 HERR LN", "CITY": "LOUISVILLE", "ST": "KY", "ZIP": 40222, "PHONE": "485-8350", "SCH_AB": "WILDER", "SCH_WEB": "https://www.jefferson.kyschools.us/schools/profiles/wilder" }, "geometry": { "type": "Point", "coordinates": [ -85.622087261395293, 38.279024946192862 ] } },
{ "type": "Feature", "properties": { "OBJECTID": 90, "LEVEL_": "E", "LOC_TYPE": "JCPS", "LOC": 66, "SCH_NAME": "WILKERSON ELEMENTARY", "ADDRESS": "5601 JOHNSONTOWN RD", "CITY": "LOUISVILLE", "ST": "KY", "ZIP": 40272, "PHONE": "485-8351", "SCH_AB": "WILKERSON", "SCH_WEB": "https://www.jefferson.kyschools.us/schools/profiles/wilkerson" }, "geometry": { "type": "Point", "coordinates": [ -85.873975572344165, 38.122821708446686 ] } },
{ "type": "Feature", "properties": { "OBJECTID": 91, "LEVEL_": "E", "LOC_TYPE": "JCPS", "LOC": 117, "SCH_NAME": "WILT ELEMENTARY", "ADDRESS": "6700 PRICE LANE RD", "CITY": "LOUISVILLE", "ST": "KY", "ZIP": 40229, "PHONE": "485-8353", "SCH_AB": "WILT", "SCH_WEB": "https://www.jefferson.kyschools.us/schools/profiles/wilt" }, "geometry": { "type": "Point", "coordinates": [ -85.638224858307808, 38.102414608648324 ] } },
{ "type": "Feature", "properties": { "OBJECTID": 92, "LEVEL_": "E", "LOC_TYPE": "JCPS", "LOC": 374, "SCH_NAME": "YOUNG ELEMENTARY", "ADDRESS": "3526 W MUHAMMAD ALI BV", "CITY": "LOUISVILLE", "ST": "KY", "ZIP": 40212, "PHONE": "485-8354", "SCH_AB": "YOUNG", "SCH_WEB": "https://www.jefferson.kyschools.us/schools/profiles/young-elementary" }, "geometry": { "type": "Point", "coordinates": [ -85.810253084463795, 38.256597685160749 ] } },
{ "type": "Feature", "properties": { "OBJECTID": 93, "LEVEL_": "E", "LOC_TYPE": "JCPS", "LOC": 78, "SCH_NAME": "ZACHARY TAYLOR ELEMENTARY", "ADDRESS": "9620 WESTPORT RD", "CITY": "LOUISVILLE", "ST": "KY", "ZIP": 40222, "PHONE": "485-8336", "SCH_AB": "ZACHARY TAYLOR", "SCH_WEB": "https://www.jefferson.kyschools.us/schools/profiles/zachary-taylor-elementary" }, "geometry": { "type": "Point", "coordinates": [ -85.572598297307309, 38.286366934155275 ] } },
{ "type": "Feature", "properties": { "OBJECTID": 94, "LEVEL_": "H", "LOC_TYPE": "JCPS", "LOC": 456, "SCH_NAME": "ACKERLY", "ADDRESS": "200 E CHESTNUT ST", "CITY": "LOUISVILLE", "ST": "KY", "ZIP": 40202, "PHONE": "588-6941", "SCH_AB": "ACKERLY", "SCH_WEB": "https://www.jefferson.kyschools.us/schools/profiles/ackerly" }, "geometry": { "type": "Point", "coordinates": [ -85.750805970100899, 38.247845568177283 ] } },
{ "type": "Feature", "properties": { "OBJECTID": 95, "LEVEL_": "H", "LOC_TYPE": "JCPS", "LOC": 183, "SCH_NAME": "ALFRED BINET", "ADDRESS": "3410 BON AIR AV", "CITY": "LOUISVILLE", "ST": "KY", "ZIP": 40220, "PHONE": "485-8209", "SCH_AB": "BINET", "SCH_WEB": "https://www.jefferson.kyschools.us/schools/profiles/binet-school" }, "geometry": { "type": "Point", "coordinates": [ -85.655335485956229, 38.207448112650248 ] } },
{ "type": "Feature", "properties": { "OBJECTID": 96, "LEVEL_": "H", "LOC_TYPE": "JCPS", "LOC": 35, "SCH_NAME": "USPIRITUS BELLEWOOD", "ADDRESS": "11103 PARK RD", "CITY": "ANCHORAGE", "ST": "KY", "ZIP": 40223, "PHONE": "245-4171", "SCH_AB": "BELLEWOOD", "SCH_WEB": "https://www.jefferson.kyschools.us/schools/profiles/bellewood" }, "geometry": { "type": "Point", "coordinates": [ -85.545858033851999, 38.268975502579508 ] } },
{ "type": "Feature", "properties": { "OBJECTID": 97, "LEVEL_": "H", "LOC_TYPE": "JCPS", "LOC": 28, "SCH_NAME": "BOYS & GIRLS HAVEN", "ADDRESS": "2301 GOLDSMITH LN", "CITY": "LOUISVILLE", "ST": "KY", "ZIP": 40218, "PHONE": "429-5408", "SCH_AB": "BOYS & GIRLS HAVEN", "SCH_WEB": "https://www.boysandgirlshaven.org/" }, "geometry": { "type": "Point", "coordinates": [ -85.667502301987824, 38.211563401389974 ] } },
{ "type": "Feature", "properties": { "OBJECTID": 98, "LEVEL_": "H", "LOC_TYPE": "JCPS", "LOC": 129, "SCH_NAME": "BRECKINRIDGE METROPOLITAN", "ADDRESS": "1128 E BROADWAY", "CITY": "LOUISVILLE", "ST": "KY", "ZIP": 40204, "PHONE": "485-6678", "SCH_AB": "BRECKINRIDGE METRO", "SCH_WEB": "https://www.jefferson.kyschools.us/schools/profiles/breckinridge-metropolitan-high" }, "geometry": { "type": "Point", "coordinates": [ -85.732507277632905, 38.243708882387281 ] } },
{ "type": "Feature", "properties": { "OBJECTID": 99, "LEVEL_": "H", "LOC_TYPE": "JCPS", "LOC": 25, "SCH_NAME": "USPIRITUS BROOKLAWN", "ADDRESS": "2125 GOLDSMITH LN", "CITY": "LOUISVILLE", "ST": "KY", "ZIP": 40218, "PHONE": "452-1612", "SCH_AB": "BROOKLAWN", "SCH_WEB": "https://schools.jefferson.kyschools.us/Special/SAC/brooklawn.html" }, "geometry": { "type": "Point", "coordinates": [ -85.674065370837582, 38.207747244091372 ] } },
{ "type": "Feature", "properties": { "OBJECTID": 100, "LEVEL_": "H", "LOC_TYPE": "JCPS", "LOC": 202, "SCH_NAME": "MINOR DANIELS ACADEMY", "ADDRESS": "1960 BASHFORD MANOR LN", "CITY": "LOUISVILLE", "ST": "KY", "ZIP": 40218, "PHONE": "485-8316", "SCH_AB": "MINOR DANIELS", "SCH_WEB": "https://www.jefferson.kyschools.us/schools/profiles/minor-daniels-academy" }, "geometry": { "type": "Point", "coordinates": [ -85.67307214644741, 38.197796640950372 ] } },
{ "type": "Feature", "properties": { "OBJECTID": 101, "LEVEL_": "H", "LOC_TYPE": "JCPS", "LOC": 917, "SCH_NAME": "CHURCHILL PARK ", "ADDRESS": "435 BOXLEY AV", "CITY": "LOUISVILLE", "ST": "KY", "ZIP": 40209, "PHONE": "485-8229", "SCH_AB": "CHURCHILL PARK", "SCH_WEB": "https://www.jefferson.kyschools.us/schools/profiles/churchill-park-rehab" }, "geometry": { "type": "Point", "coordinates": [ -85.751311931774651, 38.205690365137805 ] } },
{ "type": "Feature", "properties": { "OBJECTID": 102, "LEVEL_": "H", "LOC_TYPE": "JCPS", "LOC": 37, "SCH_NAME": "DAWSON ORMAN EDUCATION CENTER", "ADDRESS": "900 S FLOYD ST", "CITY": "LOUISVILLE", "ST": "KY", "ZIP": 40203, "PHONE": "485-7008", "SCH_AB": "DAWSON ORMAN", "SCH_WEB": "https://www.jefferson.kyschools.us/schools/profiles/dawson-orman-ed-ctr" }, "geometry": { "type": "Point", "coordinates": [ -85.750908506485942, 38.240467791866351 ] } },
{ "type": "Feature", "properties": { "OBJECTID": 103, "LEVEL_": "H", "LOC_TYPE": "JCPS", "LOC": 70, "SCH_NAME": "DUVALLE EDUCATION CENTER", "ADDRESS": "3610 BOHNE AV", "CITY": "LOUISVILLE", "ST": "KY", "ZIP": 40211, "PHONE": "485-6771", "SCH_AB": "DUVALLE", "SCH_WEB": "https://www.jefferson.kyschools.us/schools/profiles/duvalle-education-center" }, "geometry": { "type": "Point", "coordinates": [ -85.816351499191299, 38.228294630008413 ] } },
{ "type": "Feature", "properties": { "OBJECTID": 104, "LEVEL_": "H", "LOC_TYPE": "JCPS", "LOC": 768, "SCH_NAME": "HOME OF THE INNOCENTS", "ADDRESS": "1100 E MARKET ST", "CITY": "LOUISVILLE", "ST": "KY", "ZIP": 40206, "PHONE": "596-1291", "SCH_AB": "HOME OF THE INNOCENTS", "SCH_WEB": "https://www.jefferson.kyschools.us/schools/profiles/home-innocents-school" }, "geometry": { "type": "Point", "coordinates": [ -85.732309246272891, 38.25234862101771 ] } },
{ "type": "Feature", "properties": { "OBJECTID": 105, "LEVEL_": "H", "LOC_TYPE": "JCPS", "LOC": 951, "SCH_NAME": "PATHFINDER SCHOOL OF INNOVATION", "ADDRESS": "900 S FLOYD ST", "CITY": "LOUISVILLE", "ST": "KY", "ZIP": 40203, "PHONE": "485-3173", "SCH_AB": "PATHFINDER", "SCH_WEB": "https://www.jefferson.kyschools.us/schools/profiles/jefferson-county-high-school" }, "geometry": { "type": "Point", "coordinates": [ -85.751034747672207, 38.239752163458192 ] } },
{ "type": "Feature", "properties": { "OBJECTID": 106, "LEVEL_": "E", "LOC_TYPE": "JCPS", "LOC": 175, "SCH_NAME": "ALEX KENNEDY ELEMENTARY", "ADDRESS": "4515 TAYLORSVILLE RD", "CITY": "LOUISVILLE", "ST": "KY", "ZIP": 40220, "PHONE": "485-6950", "SCH_AB": "ALEX KENNEDY", "SCH_WEB": "https://www.jefferson.kyschools.us/schools/profiles/alex-r-kennedy" }, "geometry": { "type": "Point", "coordinates": [ -85.5977454562872, 38.220373864423351 ] } },
{ "type": "Feature", "properties": { "OBJECTID": 107, "LEVEL_": "H", "LOC_TYPE": "JCPS", "LOC": 138, "SCH_NAME": "LOUISVILLE DAY TREATMENT CTR", "ADDRESS": "8711 LA GRANGE RD", "CITY": "LOUISVILLE", "ST": "KY", "ZIP": 40222, "PHONE": "485-7126", "SCH_AB": "LOUISVILLE DAY", "SCH_WEB": "https://www.jefferson.kyschools.us/schools/profiles/louisville-day-treatment " }, "geometry": { "type": "Point", "coordinates": [ -85.588348974872545, 38.267733555996841 ] } },
{ "type": "Feature", "properties": { "OBJECTID": 108, "LEVEL_": "H", "LOC_TYPE": "JCPS", "LOC": 465, "SCH_NAME": "HEUSER HEARING & LANGUAGE ACADEMY", "ADDRESS": "117 E KENTUCKY ST", "CITY": "LOUISVILLE", "ST": "KY", "ZIP": 40203, "PHONE": "5153323", "SCH_AB": "HEUSER", "SCH_WEB": "https://thehearinginstitute.org/academy/" }, "geometry": { "type": "Point", "coordinates": [ -85.754064277191986, 38.23901973521054 ] } },
{ "type": "Feature", "properties": { "OBJECTID": 109, "LEVEL_": "H", "LOC_TYPE": "JCPS", "LOC": 463, "SCH_NAME": "LOUISVILLE METRO YOUTH CENTER", "ADDRESS": "720 W JEFFERSON ST", "CITY": "LOUISVILLE", "ST": "KY", "ZIP": 40202, "PHONE": null, "SCH_AB": "LOUISVILLE METRO", "SCH_WEB": " " }, "geometry": { "type": "Point", "coordinates": [ -85.763160831897238, 38.254217970032379 ] } },
{ "type": "Feature", "properties": { "OBJECTID": 110, "LEVEL_": "H", "LOC_TYPE": "JCPS", "LOC": 458, "SCH_NAME": "MARY RYAN ACADEMY", "ADDRESS": "3307 E INDIAN TL", "CITY": "LOUISVILLE", "ST": "KY", "ZIP": 40213, "PHONE": "485-7988", "SCH_AB": "MARY RYAN", "SCH_WEB": "https://www.jefferson.kyschools.us/schools/profiles/mary-ryan-academy" }, "geometry": { "type": "Point", "coordinates": [ -85.700504287369057, 38.171555851071936 ] } },
{ "type": "Feature", "properties": { "OBJECTID": 111, "LEVEL_": "H", "LOC_TYPE": "JCPS", "LOC": 193, "SCH_NAME": "MARYHURST HIGH", "ADDRESS": "1015 DORSEY LN", "CITY": "LOUISVILLE", "ST": "KY", "ZIP": 40223, "PHONE": "245-1576", "SCH_AB": "MARYHURST", "SCH_WEB": "https://www.jefferson.kyschools.us/schools/profiles/mary-jo-and-william-macdonald-maryhurst" }, "geometry": { "type": "Point", "coordinates": [ -85.561610462408026, 38.264790046984615 ] } },
{ "type": "Feature", "properties": { "OBJECTID": 112, "LEVEL_": "H", "LOC_TYPE": "JCPS", "LOC": 784, "SCH_NAME": "CARITAS PEACE ACADEMY", "ADDRESS": "2020 NEWBURG RD", "CITY": "LOUISVILLE", "ST": "KY", "ZIP": 40205, "PHONE": "479-4180", "SCH_AB": "PEACE ACADEMY", "SCH_WEB": "https://www.jefferson.kyschools.us/schools/profiles/peace-academy" }, "geometry": { "type": "Point", "coordinates": [ -85.70973628930517, 38.217421133429603 ] } },
{ "type": "Feature", "properties": { "OBJECTID": 113, "LEVEL_": "H", "LOC_TYPE": "JCPS", "LOC": 110, "SCH_NAME": "WESTERN DAY TREATMENT CENTER", "ADDRESS": "1900 S 7TH ST", "CITY": "LOUISVILLE", "ST": "KY", "ZIP": 40201, "PHONE": "447-9145", "SCH_AB": "WESTERN DAY", "SCH_WEB": "https://www.jefferson.kyschools.us/schools/profiles/western-day-treatment" }, "geometry": { "type": "Point", "coordinates": [ -85.776696803107654, 38.221755129306459 ] } },
{ "type": "Feature", "properties": { "OBJECTID": 114, "LEVEL_": "H", "LOC_TYPE": "JCPS", "LOC": 50, "SCH_NAME": "GEORGIA CHAFFEE TAPP", "ADDRESS": "1010 NEIGHBORHOOD PLACE", "CITY": "LOUISVILLE", "ST": "KY", "ZIP": 40118, "PHONE": "485-8748", "SCH_AB": "GEORGIA CHAFFEE TAPP", "SCH_WEB": "https://www.jefferson.kyschools.us/schools/profiles/south-park-tapp" }, "geometry": { "type": "Point", "coordinates": [ -85.749105193452081, 38.116242125839428 ] } },
{ "type": "Feature", "properties": { "OBJECTID": 115, "LEVEL_": "H", "LOC_TYPE": "JCPS", "LOC": 29, "SCH_NAME": "ST JOSEPH CHILDREN'S HOME", "ADDRESS": "2823 FRANKFORT AV", "CITY": "LOUISVILLE", "ST": "KY", "ZIP": 40206, "PHONE": "893-0241", "SCH_AB": "ST. JOSEPH", "SCH_WEB": "https://sjkids.org/" }, "geometry": { "type": "Point", "coordinates": [ -85.689614596242492, 38.256416883164846 ] } },
{ "type": "Feature", "properties": { "OBJECTID": 116, "LEVEL_": "H", "LOC_TYPE": "JCPS", "LOC": 19, "SCH_NAME": "THE BROOK/DUPONT", "ADDRESS": "1405 BROWNS LN", "CITY": "LOUISVILLE", "ST": "KY", "ZIP": 40207, "PHONE": "896-0495", "SCH_AB": "THE BROOK/DUPONT", "SCH_WEB": "https://www.thebrookhospitals.com/" }, "geometry": { "type": "Point", "coordinates": [ -85.627509676925058, 38.235600918348077 ] } },
{ "type": "Feature", "properties": { "OBJECTID": 117, "LEVEL_": "H", "LOC_TYPE": "JCPS", "LOC": 20, "SCH_NAME": "THE BROOK/KMI", "ADDRESS": "8521 LA GRANGE RD", "CITY": "LOUISVILLE", "ST": "KY", "ZIP": 40242, "PHONE": "426-6380", "SCH_AB": "THE BROOK/KMI", "SCH_WEB": "https://www.thebrookhospitals.com/" }, "geometry": { "type": "Point", "coordinates": [ -85.596404582229269, 38.272517301204481 ] } },
{ "type": "Feature", "properties": { "OBJECTID": 118, "LEVEL_": "H", "LOC_TYPE": "JCPS", "LOC": 124, "SCH_NAME": "U OF L P.A.C.T. PROGRAM", "ADDRESS": "100 CARDINAL AV", "CITY": "LOUISVILLE", "ST": "KY", "ZIP": 40292, "PHONE": "852-6402", "SCH_AB": "U OF L P.A.C.T.", "SCH_WEB": " " }, "geometry": { "type": "Point", "coordinates": [ -85.757603675653073, 38.219835235411821 ] } },
{ "type": "Feature", "properties": { "OBJECTID": 119, "LEVEL_": "H", "LOC_TYPE": "JCPS", "LOC": 34, "SCH_NAME": "WALLER ENVIRONMENTAL", "ADDRESS": "2415 ROCKFORD LN", "CITY": "LOUISVILLE", "ST": "KY", "ZIP": 40216, "PHONE": "485-8560", "SCH_AB": "WALLER", "SCH_WEB": "https://www.jefferson.kyschools.us/schools/profiles/waller-environmental" }, "geometry": { "type": "Point", "coordinates": [ -85.842645627303142, 38.177669768231191 ] } },
{ "type": "Feature", "properties": { "OBJECTID": 120, "LEVEL_": "H", "LOC_TYPE": "JCPS", "LOC": 916, "SCH_NAME": "WESTPORT EARLY CHILDHOOD CENTER", "ADDRESS": "8800 WESTPORT RD", "CITY": "LOUISVILLE", "ST": "KY", "ZIP": 40222, "PHONE": "485-6657", "SCH_AB": "WESTPORT ECH", "SCH_WEB": "https://www.jefferson.kyschools.us/schools/profiles/westport-early-childhood-center" }, "geometry": { "type": "Point", "coordinates": [ -85.588406875636721, 38.28011883912756 ] } },
{ "type": "Feature", "properties": { "OBJECTID": 121, "LEVEL_": "M", "LOC_TYPE": "JCPS", "LOC": 40, "SCH_NAME": "BARRET TRADITIONAL MIDDLE", "ADDRESS": "2561 GRINSTEAD DR", "CITY": "LOUISVILLE", "ST": "KY", "ZIP": 40206, "PHONE": "485-8207", "SCH_AB": "BARRET", "SCH_WEB": "https://www.jefferson.kyschools.us/schools/profiles/barret" }, "geometry": { "type": "Point", "coordinates": [ -85.69578872073842, 38.249471156346061 ] } },
{ "type": "Feature", "properties": { "OBJECTID": 122, "LEVEL_": "M", "LOC_TYPE": "JCPS", "LOC": 167, "SCH_NAME": "CARRITHERS MIDDLE", "ADDRESS": "4320 BILLTOWN RD", "CITY": "LOUISVILLE", "ST": "KY", "ZIP": 40299, "PHONE": "485-8224", "SCH_AB": "CARRITHERS", "SCH_WEB": "https://www.jefferson.kyschools.us/schools/profiles/carrithers" }, "geometry": { "type": "Point", "coordinates": [ -85.574843653623518, 38.181444069669041 ] } },
{ "type": "Feature", "properties": { "OBJECTID": 123, "LEVEL_": "M", "LOC_TYPE": "JCPS", "LOC": 164, "SCH_NAME": "CONWAY MIDDLE", "ADDRESS": "6300 TERRY RD", "CITY": "LOUISVILLE", "ST": "KY", "ZIP": 40258, "PHONE": "485-8233", "SCH_AB": "CONWAY", "SCH_WEB": "https://www.jefferson.kyschools.us/schools/profiles/conway" }, "geometry": { "type": "Point", "coordinates": [ -85.868505418442979, 38.159466423424718 ] } },
{ "type": "Feature", "properties": { "OBJECTID": 124, "LEVEL_": "M", "LOC_TYPE": "JCPS", "LOC": 119, "SCH_NAME": "CROSBY MIDDLE", "ADDRESS": "303 GATEHOUSE LN", "CITY": "LOUISVILLE", "ST": "KY", "ZIP": 40243, "PHONE": "485-8235", "SCH_AB": "CROSBY", "SCH_WEB": "https://www.jefferson.kyschools.us/schools/profiles/crosby" }, "geometry": { "type": "Point", "coordinates": [ -85.555539694574577, 38.240241843283698 ] } },
{ "type": "Feature", "properties": { "OBJECTID": 125, "LEVEL_": "M", "LOC_TYPE": "JCPS", "LOC": 49, "SCH_NAME": "FARNSLEY MIDDLE", "ADDRESS": "3400 LEES LN", "CITY": "LOUISVILLE", "ST": "KY", "ZIP": 40216, "PHONE": "485-8242", "SCH_AB": "FARNSLEY", "SCH_WEB": "https://www.jefferson.kyschools.us/schools/profiles/farnsley" }, "geometry": { "type": "Point", "coordinates": [ -85.858456731994465, 38.184352270284727 ] } },
{ "type": "Feature", "properties": { "OBJECTID": 126, "LEVEL_": "M", "LOC_TYPE": "JCPS", "LOC": 320, "SCH_NAME": "HIGHLAND MIDDLE", "ADDRESS": "1700 NORRIS PL", "CITY": "LOUISVILLE", "ST": "KY", "ZIP": 40205, "PHONE": "485-8266", "SCH_AB": "HIGHLAND", "SCH_WEB": "https://www.jefferson.kyschools.us/schools/profiles/highland" }, "geometry": { "type": "Point", "coordinates": [ -85.706222237993785, 38.223418782705416 ] } },
{ "type": "Feature", "properties": { "OBJECTID": 127, "LEVEL_": "M", "LOC_TYPE": "JCPS", "LOC": 730, "SCH_NAME": "OLMSTED ACADEMY SOUTH", "ADDRESS": "5650 SOUTHERN PWY", "CITY": "LOUISVILLE", "ST": "KY", "ZIP": 40214, "PHONE": "485-8270", "SCH_AB": "OLMSTED SOUTH", "SCH_WEB": "https://www.jefferson.kyschools.us/schools/profiles/frederick-law-olmsted-academy-south" }, "geometry": { "type": "Point", "coordinates": [ -85.778912294151468, 38.172236964905537 ] } },
{ "type": "Feature", "properties": { "OBJECTID": 128, "LEVEL_": "M", "LOC_TYPE": "JCPS", "LOC": 396, "SCH_NAME": "JEFF CNTY TRADITIONAL MIDDLE", "ADDRESS": "1418 MORTON AV", "CITY": "LOUISVILLE", "ST": "KY", "ZIP": 40204, "PHONE": "485-8272", "SCH_AB": "JCTMS", "SCH_WEB": "https://www.jefferson.kyschools.us/schools/profiles/jefferson-county-traditional-middle" }, "geometry": { "type": "Point", "coordinates": [ -85.727275946567786, 38.240136933973645 ] } },
{ "type": "Feature", "properties": { "OBJECTID": 129, "LEVEL_": "M", "LOC_TYPE": "JCPS", "LOC": 470, "SCH_NAME": "JOHNSON TRADITIONAL MIDDLE", "ADDRESS": "2509 WILSON AV", "CITY": "LOUISVILLE", "ST": "KY", "ZIP": 40210, "PHONE": "485-8277", "SCH_AB": "JOHNSON", "SCH_WEB": "https://www.jefferson.kyschools.us/schools/profiles/johnson-traditional" }, "geometry": { "type": "Point", "coordinates": [ -85.79550495413541, 38.235591861189427 ] } },
{ "type": "Feature", "properties": { "OBJECTID": 130, "LEVEL_": "M", "LOC_TYPE": "JCPS", "LOC": 162, "SCH_NAME": "KAMMERER MIDDLE", "ADDRESS": "7315 WESBORO RD", "CITY": "LOUISVILLE", "ST": "KY", "ZIP": 40222, "PHONE": "485-8279", "SCH_AB": "KAMMERER", "SCH_WEB": "https://www.jefferson.kyschools.us/schools/profiles/kammerer" }, "geometry": { "type": "Point", "coordinates": [ -85.619353429708596, 38.283908788029017 ] } },
{ "type": "Feature", "properties": { "OBJECTID": 131, "LEVEL_": "M", "LOC_TYPE": "JCPS", "LOC": 163, "SCH_NAME": "KNIGHT MIDDLE", "ADDRESS": "9803 BLUE LICK RD", "CITY": "LOUISVILLE", "ST": "KY", "ZIP": 40229, "PHONE": "485-8287", "SCH_AB": "KNIGHT", "SCH_WEB": "https://www.jefferson.kyschools.us/schools/profiles/knight" }, "geometry": { "type": "Point", "coordinates": [ -85.691363976814472, 38.10519854188329 ] } },
{ "type": "Feature", "properties": { "OBJECTID": 132, "LEVEL_": "M", "LOC_TYPE": "JCPS", "LOC": 133, "SCH_NAME": "LASSITER MIDDLE", "ADDRESS": "8200 CANDLEWORTH DR", "CITY": "LOUISVILLE", "ST": "KY", "ZIP": 40214, "PHONE": "485-8288", "SCH_AB": "LASSITER", "SCH_WEB": "https://www.jefferson.kyschools.us/schools/profiles/lassiter" }, "geometry": { "type": "Point", "coordinates": [ -85.786366201970083, 38.131060596702362 ] } },
{ "type": "Feature", "properties": { "OBJECTID": 133, "LEVEL_": "M", "LOC_TYPE": "JCPS", "LOC": 340, "SCH_NAME": "MEYZEEK MIDDLE", "ADDRESS": "828 S JACKSON ST", "CITY": "LOUISVILLE", "ST": "KY", "ZIP": 40203, "PHONE": "485-8299", "SCH_AB": "MEYZEEK", "SCH_WEB": "https://www.jefferson.kyschools.us/schools/profiles/meyzeek" }, "geometry": { "type": "Point", "coordinates": [ -85.746918609579978, 38.241702136673972 ] } },
{ "type": "Feature", "properties": { "OBJECTID": 134, "LEVEL_": "M", "LOC_TYPE": "JCPS", "LOC": 41, "SCH_NAME": "NEWBURG MIDDLE", "ADDRESS": "4901 EXETER AV", "CITY": "LOUISVILLE", "ST": "KY", "ZIP": 40218, "PHONE": "485-8306", "SCH_AB": "NEWBURG", "SCH_WEB": "https://www.jefferson.kyschools.us/schools/profiles/newburg" }, "geometry": { "type": "Point", "coordinates": [ -85.667734246628982, 38.180283485022386 ] } },
{ "type": "Feature", "properties": { "OBJECTID": 135, "LEVEL_": "M", "LOC_TYPE": "JCPS", "LOC": 435, "SCH_NAME": "NOE MIDDLE", "ADDRESS": "121 W LEE ST", "CITY": "LOUISVILLE", "ST": "KY", "ZIP": 40208, "PHONE": "485-8307", "SCH_AB": "NOE", "SCH_WEB": "https://www.jefferson.kyschools.us/schools/profiles/noe" }, "geometry": { "type": "Point", "coordinates": [ -85.758244458720156, 38.22345218334214 ] } },
{ "type": "Feature", "properties": { "OBJECTID": 136, "LEVEL_": "M", "LOC_TYPE": "JCPS", "LOC": 620, "SCH_NAME": "OLMSTED ACADEMY NORTH", "ADDRESS": "4530 BELLEVUE AV", "CITY": "LOUISVILLE", "ST": "KY", "ZIP": 40215, "PHONE": "485-8331", "SCH_AB": "OLMSTED NORTH", "SCH_WEB": "https://www.jefferson.kyschools.us/schools/profiles/frederick-law-olmsted-academy-north" }, "geometry": { "type": "Point", "coordinates": [ -85.774500437822255, 38.187094667057821 ] } },
{ "type": "Feature", "properties": { "OBJECTID": 137, "LEVEL_": "M", "LOC_TYPE": "JCPS", "LOC": 144, "SCH_NAME": "STUART ACADEMY", "ADDRESS": "4603 VALLEY STATION RD", "CITY": "LOUISVILLE", "ST": "KY", "ZIP": 40272, "PHONE": "485-8334", "SCH_AB": "STUART", "SCH_WEB": "https://www.jefferson.kyschools.us/schools/profiles/stuart" }, "geometry": { "type": "Point", "coordinates": [ -85.843565505370918, 38.108428552116742 ] } },
{ "type": "Feature", "properties": { "OBJECTID": 138, "LEVEL_": "M", "LOC_TYPE": "JCPS", "LOC": 90, "SCH_NAME": "THOMAS JEFFERSON MIDDLE", "ADDRESS": "1501 RANGELAND RD", "CITY": "LOUISVILLE", "ST": "KY", "ZIP": 40219, "PHONE": "485-8273", "SCH_AB": "THOMAS JEFFERSON", "SCH_WEB": "https://www.jefferson.kyschools.us/schools/profiles/thomas-jefferson" }, "geometry": { "type": "Point", "coordinates": [ -85.679357839289978, 38.169225625461955 ] } },
{ "type": "Feature", "properties": { "OBJECTID": 139, "LEVEL_": "M", "LOC_TYPE": "JCPS", "LOC": 710, "SCH_NAME": "WESTERN MIDDLE", "ADDRESS": "2201 W MAIN ST", "CITY": "LOUISVILLE", "ST": "KY", "ZIP": 40212, "PHONE": "485-8345", "SCH_AB": "WESTERN MIDDLE", "SCH_WEB": "https://www.jefferson.kyschools.us/schools/profiles/western-middle" }, "geometry": { "type": "Point", "coordinates": [ -85.787249990811262, 38.261095493815851 ] } },
{ "type": "Feature", "properties": { "OBJECTID": 140, "LEVEL_": "M", "LOC_TYPE": "JCPS", "LOC": 77, "SCH_NAME": "WESTPORT TRAD MIDDLE", "ADDRESS": "8100 WESTPORT RD", "CITY": "LOUISVILLE", "ST": "KY", "ZIP": 40222, "PHONE": "485-8346", "SCH_AB": "WESTPORT MIDDLE", "SCH_WEB": "https://www.jefferson.kyschools.us/schools/profiles/westport" }, "geometry": { "type": "Point", "coordinates": [ -85.599851483685356, 38.275645890903029 ] } },
{ "type": "Feature", "properties": { "OBJECTID": 141, "LEVEL_": "S", "LOC_TYPE": "JCPS", "LOC": 18, "SCH_NAME": "ATHERTON HIGH", "ADDRESS": "3000 DUNDEE RD", "CITY": "LOUISVILLE", "ST": "KY", "ZIP": 40205, "PHONE": "485-8202", "SCH_AB": "ATHERTON", "SCH_WEB": "https://www.jefferson.kyschools.us/schools/profiles/atherton" }, "geometry": { "type": "Point", "coordinates": [ -85.687769980103596, 38.214088044108912 ] } },
{ "type": "Feature", "properties": { "OBJECTID": 142, "LEVEL_": "S", "LOC_TYPE": "JCPS", "LOC": 105, "SCH_NAME": "BALLARD HIGH", "ADDRESS": "6000 BROWNSBORO RD", "CITY": "LOUISVILLE", "ST": "KY", "ZIP": 40222, "PHONE": "485-8206", "SCH_AB": "BALLARD", "SCH_WEB": "https://www.jefferson.kyschools.us/schools/profiles/ballard" }, "geometry": { "type": "Point", "coordinates": [ -85.624876893205055, 38.283683867979128 ] } },
{ "type": "Feature", "properties": { "OBJECTID": 143, "LEVEL_": "S", "LOC_TYPE": "JCPS", "LOC": 45, "SCH_NAME": "BUTLER TRADITIONAL HIGH", "ADDRESS": "2222 CRUMS LN", "CITY": "LOUISVILLE", "ST": "KY", "ZIP": 40216, "PHONE": "485-8220", "SCH_AB": "BUTLER", "SCH_WEB": "https://www.jefferson.kyschools.us/schools/profiles/butler" }, "geometry": { "type": "Point", "coordinates": [ -85.815274560855627, 38.19311413542475 ] } },
{ "type": "Feature", "properties": { "OBJECTID": 144, "LEVEL_": "S", "LOC_TYPE": "JCPS", "LOC": 179, "SCH_NAME": "CENTRAL HIGH", "ADDRESS": "1130 W CHESTNUT ST", "CITY": "LOUISVILLE", "ST": "KY", "ZIP": 40203, "PHONE": "485-8226", "SCH_AB": "CENTRAL", "SCH_WEB": "https://www.jefferson.kyschools.us/schools/profiles/central" }, "geometry": { "type": "Point", "coordinates": [ -85.770404468957295, 38.249752005353066 ] } },
{ "type": "Feature", "properties": { "OBJECTID": 145, "LEVEL_": "S", "LOC_TYPE": "JCPS", "LOC": 100, "SCH_NAME": "DOSS HIGH", "ADDRESS": "7601 ST ANDREWS CHURCH RD", "CITY": "LOUISVILLE", "ST": "KY", "ZIP": 40214, "PHONE": "485-8239", "SCH_AB": "DOSS", "SCH_WEB": "https://www.jefferson.kyschools.us/schools/profiles/doss" }, "geometry": { "type": "Point", "coordinates": [ -85.813272332754323, 38.153132820191956 ] } },
{ "type": "Feature", "properties": { "OBJECTID": 146, "LEVEL_": "S", "LOC_TYPE": "JCPS", "LOC": 7, "SCH_NAME": "EASTERN HIGH", "ADDRESS": "12400 OLD SHELBYVILLE RD", "CITY": "LOUISVILLE", "ST": "KY", "ZIP": 40243, "PHONE": "485-8243", "SCH_AB": "EASTERN", "SCH_WEB": "https://www.jefferson.kyschools.us/schools/profiles/eastern" }, "geometry": { "type": "Point", "coordinates": [ -85.526122180171001, 38.243439108447639 ] } },
{ "type": "Feature", "properties": { "OBJECTID": 147, "LEVEL_": "S", "LOC_TYPE": "JCPS", "LOC": 57, "SCH_NAME": "FAIRDALE HIGH", "ADDRESS": "1001 FAIRDALE RD", "CITY": "LOUISVILLE", "ST": "KY", "ZIP": 40118, "PHONE": "485-8248", "SCH_AB": "FAIRDALE HIGH", "SCH_WEB": "https://www.jefferson.kyschools.us/schools/profiles/fairdale-high" }, "geometry": { "type": "Point", "coordinates": [ -85.751632048026664, 38.112011939434353 ] } },
{ "type": "Feature", "properties": { "OBJECTID": 148, "LEVEL_": "S", "LOC_TYPE": "JCPS", "LOC": 12, "SCH_NAME": "FERN CREEK TRADITIONAL HIGH", "ADDRESS": "9115 FERN CREEK RD", "CITY": "LOUISVILLE", "ST": "KY", "ZIP": 40291, "PHONE": "485-8251", "SCH_AB": "FERN CREEK HIGH", "SCH_WEB": "https://www.jefferson.kyschools.us/schools/profiles/fern-creek-high" }, "geometry": { "type": "Point", "coordinates": [ -85.592563088443995, 38.156378200771002 ] } },
{ "type": "Feature", "properties": { "OBJECTID": 149, "LEVEL_": "S", "LOC_TYPE": "JCPS", "LOC": 335, "SCH_NAME": "IROQUOIS HIGH", "ADDRESS": "4615 TAYLOR BV", "CITY": "LOUISVILLE", "ST": "KY", "ZIP": 40215, "PHONE": "485-8269", "SCH_AB": "IROQUOIS", "SCH_WEB": "https://www.jefferson.kyschools.us/schools/profiles/iroquois" }, "geometry": { "type": "Point", "coordinates": [ -85.781746946125111, 38.174486720153446 ] } },
{ "type": "Feature", "properties": { "OBJECTID": 150, "LEVEL_": "S", "LOC_TYPE": "JCPS", "LOC": 65, "SCH_NAME": "JEFFERSONTOWN HIGH", "ADDRESS": "9600 OLD SIX MILE LN", "CITY": "LOUISVILLE", "ST": "KY", "ZIP": 40299, "PHONE": "485-8275", "SCH_AB": "JEFFERSONTOWN HIGH", "SCH_WEB": "https://www.jefferson.kyschools.us/schools/profiles/jeffersontown-high" }, "geometry": { "type": "Point", "coordinates": [ -85.581216164340972, 38.201048326492504 ] } },
{ "type": "Feature", "properties": { "OBJECTID": 151, "LEVEL_": "S", "LOC_TYPE": "JCPS", "LOC": 47, "SCH_NAME": "MALE TRADITIONAL HIGH", "ADDRESS": "4409 PRESTON HY", "CITY": "LOUISVILLE", "ST": "KY", "ZIP": 40213, "PHONE": "485-8292", "SCH_AB": "MALE", "SCH_WEB": "https://www.jefferson.kyschools.us/schools/profiles/louisville-male" }, "geometry": { "type": "Point", "coordinates": [ -85.720523076034723, 38.185201505335115 ] } },
{ "type": "Feature", "properties": { "OBJECTID": 152, "LEVEL_": "S", "LOC_TYPE": "JCPS", "LOC": 200, "SCH_NAME": "DUPONT MANUAL HIGH", "ADDRESS": "120 W LEE ST", "CITY": "LOUISVILLE", "ST": "KY", "ZIP": 40208, "PHONE": "485-8241", "SCH_AB": "DUPONT MANUAL", "SCH_WEB": "https://www.jefferson.kyschools.us/schools/profiles/dupont-manual" }, "geometry": { "type": "Point", "coordinates": [ -85.758832714099754, 38.222210941458513 ] } },
{ "type": "Feature", "properties": { "OBJECTID": 153, "LEVEL_": "S", "LOC_TYPE": "JCPS", "LOC": 75, "SCH_NAME": "PLEASURE RIDGE PARK HIGH", "ADDRESS": "5901 GREENWOOD RD", "CITY": "LOUISVILLE", "ST": "KY", "ZIP": 40258, "PHONE": "485-8311", "SCH_AB": "PRP MCA", "SCH_WEB": "https://www.jefferson.kyschools.us/schools/profiles/pleasure-ridge-park" }, "geometry": { "type": "Point", "coordinates": [ -85.863683675971842, 38.145897696535989 ] } },
{ "type": "Feature", "properties": { "OBJECTID": 154, "LEVEL_": "S", "LOC_TYPE": "JCPS", "LOC": 73, "SCH_NAME": "SENECA HIGH", "ADDRESS": "3510 GOLDSMITH LN", "CITY": "LOUISVILLE", "ST": "KY", "ZIP": 40220, "PHONE": "485-8323", "SCH_AB": "SENECA", "SCH_WEB": "https://www.jefferson.kyschools.us/schools/profiles/seneca" }, "geometry": { "type": "Point", "coordinates": [ -85.654366823749072, 38.208484845192835 ] } },
{ "type": "Feature", "properties": { "OBJECTID": 155, "LEVEL_": "M", "LOC_TYPE": "JCPS", "LOC": 590, "SCH_NAME": "THE ACADEMY @ SHAWNEE", "ADDRESS": "4001 HERMAN ST", "CITY": "LOUISVILLE", "ST": "KY", "ZIP": 40212, "PHONE": "485-8326", "SCH_AB": "SHAWNEE", "SCH_WEB": "https://schools.jefferson.kyschools.us/Middle/AcademyShawneeMiddle/" }, "geometry": { "type": "Point", "coordinates": [ -85.815337498462569, 38.26059892387773 ] } },
{ "type": "Feature", "properties": { "OBJECTID": 156, "LEVEL_": "S", "LOC_TYPE": "JCPS", "LOC": 31, "SCH_NAME": "SOUTHERN HIGH", "ADDRESS": "8620 PRESTON HY", "CITY": "LOUISVILLE", "ST": "KY", "ZIP": 40219, "PHONE": "485-8330", "SCH_AB": "SOUTHERN", "SCH_WEB": "https://www.jefferson.kyschools.us/schools/profiles/southern" }, "geometry": { "type": "Point", "coordinates": [ -85.681581555140596, 38.126088906763215 ] } },
{ "type": "Feature", "properties": { "OBJECTID": 157, "LEVEL_": "S", "LOC_TYPE": "JCPS", "LOC": 33, "SCH_NAME": "VALLEY TRADITIONAL HIGH", "ADDRESS": "10200 DIXIE HY", "CITY": "LOUISVILLE", "ST": "KY", "ZIP": 40272, "PHONE": "485-8339", "SCH_AB": "VALLEY", "SCH_WEB": "https://www.jefferson.kyschools.us/schools/profiles/valley-high" }, "geometry": { "type": "Point", "coordinates": [ -85.868156788109033, 38.107081430717585 ] } },
{ "type": "Feature", "properties": { "OBJECTID": 158, "LEVEL_": "S", "LOC_TYPE": "JCPS", "LOC": 51, "SCH_NAME": "WAGGENER TRADITIONAL HIGH", "ADDRESS": "330 S HUBBARDS LN", "CITY": "LOUISVILLE", "ST": "KY", "ZIP": 40207, "PHONE": "485-8340", "SCH_AB": "WAGGENER", "SCH_WEB": "https://www.jefferson.kyschools.us/schools/profiles/waggener" }, "geometry": { "type": "Point", "coordinates": [ -85.637324397271996, 38.244948541906972 ] } },
{ "type": "Feature", "properties": { "OBJECTID": 159, "LEVEL_": "S", "LOC_TYPE": "JCPS", "LOC": 84, "SCH_NAME": "WESTERN HIGH", "ADDRESS": "2501 ROCKFORD LN", "CITY": "LOUISVILLE", "ST": "KY", "ZIP": 40216, "PHONE": "485-8344", "SCH_AB": "WESTERN HIGH", "SCH_WEB": "https://www.jefferson.kyschools.us/schools/profiles/western" }, "geometry": { "type": "Point", "coordinates": [ -85.844531698227442, 38.177763092052622 ] } },
{ "type": "Feature", "properties": { "OBJECTID": 160, "LEVEL_": "S", "LOC_TYPE": "JCPS", "LOC": 940, "SCH_NAME": "YOUTH PERFORMING ARTS SCHOOL", "ADDRESS": "1517 S 2ND ST", "CITY": "LOUISVILLE", "ST": "KY", "ZIP": 40208, "PHONE": "485-8355", "SCH_AB": "YPAS", "SCH_WEB": "https://www.jefferson.kyschools.us/schools/profiles/youth-performing-arts-school" }, "geometry": { "type": "Point", "coordinates": [ -85.7583094831935, 38.225280907309532 ] } },
{ "type": "Feature", "properties": { "OBJECTID": 161, "LEVEL_": "M", "LOC_TYPE": "JCPS", "LOC": 219, "SCH_NAME": "RAMSEY MIDDLE SCHOOL", "ADDRESS": "6409 GELHAUS LN", "CITY": "LOUISVILLE", "ST": "KY", "ZIP": 40299, "PHONE": "485-8391", "SCH_AB": "RAMSEY", "SCH_WEB": "https://www.jefferson.kyschools.us/schools/profiles/ramsey" }, "geometry": { "type": "Point", "coordinates": [ -85.54616507826151, 38.149381060324693 ] } },
{ "type": "Feature", "properties": { "OBJECTID": 162, "LEVEL_": "H", "LOC_TYPE": "JCPS", "LOC": 919, "SCH_NAME": "GEORGE UNSELD EARLY CHILDHOOD CENTER", "ADDRESS": "5216 ILEX AVE", "CITY": "LOUISVILLE", "ST": "KY", "ZIP": 40213, "PHONE": "968-7222", "SCH_AB": "UNSELD ECH", "SCH_WEB": "https://www.jefferson.kyschools.us/schools/profiles/george-unseld-early-childhood-center" }, "geometry": { "type": "Point", "coordinates": [ -85.679287802237582, 38.172325789039824 ] } },
{ "type": "Feature", "properties": { "OBJECTID": 163, "LEVEL_": "E", "LOC_TYPE": "JCPS", "LOC": 371, "SCH_NAME": "NORTON COMMONS ELEMENTARY", "ADDRESS": "10941 KINGS CROWN DR", "CITY": "LOUISVILLE", "ST": "KY", "ZIP": 40059, "PHONE": "485-8367", "SCH_AB": "NORTON COMMONS", "SCH_WEB": "https://www.jefferson.kyschools.us/schools/profiles/norton-commons" }, "geometry": { "type": "Point", "coordinates": [ -85.564240902611303, 38.328623327089915 ] } },
{ "type": "Feature", "properties": { "OBJECTID": 164, "LEVEL_": "S", "LOC_TYPE": "JCPS", "LOC": 75, "SCH_NAME": "PRP PERFORMING ARTS", "ADDRESS": "5901 GREENWOOD RD", "CITY": "LOUISVILLE", "ST": "KY", "ZIP": 40258, "PHONE": "485-8311", "SCH_AB": "PRP PAS", "SCH_WEB": "https://www.jefferson.kyschools.us/schools/profiles/pleasure-ridge-park" }, "geometry": { "type": "Point", "coordinates": [ -85.864206329321689, 38.14584040572197 ] } },
{ "type": "Feature", "properties": { "OBJECTID": 165, "LEVEL_": "S", "LOC_TYPE": "JCPS", "LOC": 57, "SCH_NAME": "FAIRDALE VOCATIONAL BUILDING", "ADDRESS": "1001 FAIRDALE RD", "CITY": "LOUISVILLE", "ST": "KY", "ZIP": 40118, "PHONE": "485-8248", "SCH_AB": "FAIRDALE VOCATIONAL", "SCH_WEB": "https://www.jefferson.kyschools.us/schools/profiles/fairdale-high" }, "geometry": { "type": "Point", "coordinates": [ -85.755491769964493, 38.115068643023584 ] } },
{ "type": "Feature", "properties": { "OBJECTID": 166, "LEVEL_": "S", "LOC_TYPE": "JCPS", "LOC": 75, "SCH_NAME": "PRP TECH BUILDING", "ADDRESS": "5901 GREENWOOD RD", "CITY": "LOUISVILLE", "ST": "KY", "ZIP": 40258, "PHONE": "485-8311", "SCH_AB": "PRP TECH", "SCH_WEB": "https://www.jefferson.kyschools.us/schools/profiles/pleasure-ridge-park" }, "geometry": { "type": "Point", "coordinates": [ -85.864350505359724, 38.146705726342653 ] } },
{ "type": "Feature", "properties": { "OBJECTID": 167, "LEVEL_": "H", "LOC_TYPE": "JCPS", "LOC": 940, "SCH_NAME": "SAM MEYERS HALL", "ADDRESS": "1517 S 2ND ST", "CITY": "LOUISVILLE", "ST": "KY", "ZIP": 40208, "PHONE": "485-8355", "SCH_AB": "SAM MEYERS", "SCH_WEB": null }, "geometry": { "type": "Point", "coordinates": [ -85.758361566930759, 38.224333079447049 ] } },
{ "type": "Feature", "properties": { "OBJECTID": 168, "LEVEL_": "C", "LOC_TYPE": "PRIVATE SCHOOL", "LOC": 5118, "SCH_NAME": "LOUISVILLE ADVENTIST ACADEMY", "ADDRESS": "2988 NEWBURG RD", "CITY": "LOUISVILLE", "ST": "KY", "ZIP": 40205, "PHONE": "452-2965", "SCH_AB": "LOUISVILLE ADVENTIST", "SCH_WEB": "https://louisvilleadventistacademy.com/" }, "geometry": { "type": "Point", "coordinates": [ -85.693354988337376, 38.204925555561019 ] } },
{ "type": "Feature", "properties": { "OBJECTID": 169, "LEVEL_": "C", "LOC_TYPE": "PAROCHIAL SCHOOL", "LOC": 6350, "SCH_NAME": "ASCENSION SCHOOL", "ADDRESS": "4600 LYNNBROOK DR", "CITY": "LOUISVILLE", "ST": "KY", "ZIP": 40220, "PHONE": "451-2535", "SCH_AB": "ASCENSION", "SCH_WEB": "https://www.ascension-parish.com/school/" }, "geometry": { "type": "Point", "coordinates": [ -85.616479178590225, 38.233088915056065 ] } },
{ "type": "Feature", "properties": { "OBJECTID": 170, "LEVEL_": "C", "LOC_TYPE": "PRIVATE SCHOOL", "LOC": 5295, "SCH_NAME": "FRIENDS SCHOOL", "ADDRESS": "901 BRECKENRIDGE LN", "CITY": "LOUISVILLE", "ST": "KY", "ZIP": 40207, "PHONE": "899-1822", "SCH_AB": "FRIENDS", "SCH_WEB": "https://www.friendslouisville.com/" }, "geometry": { "type": "Point", "coordinates": [ -85.642642010369954, 38.238276052165894 ] } },
{ "type": "Feature", "properties": { "OBJECTID": 171, "LEVEL_": "C ", "LOC_TYPE": "PRIVATE SCHOOL", "LOC": 5003, "SCH_NAME": "ISLAMIC SCHOOL OF LOUISVILLE", "ADDRESS": "8215 OLD WESTPORT RD", "CITY": "LOUISVILLE", "ST": "KY", "ZIP": 40222, "PHONE": "412-7825", "SCH_AB": "ISLAMIC SCHOOL", "SCH_WEB": "https://www.isofl.info" }, "geometry": { "type": "Point", "coordinates": [ -85.600077182154465, 38.278763048203786 ] } },
{ "type": "Feature", "properties": { "OBJECTID": 172, "LEVEL_": "C", "LOC_TYPE": "PRIVATE SCHOOL", "LOC": 5745, "SCH_NAME": "LANDMARK CHRISTIAN ACADEMY", "ADDRESS": "6502 JOHNSONTOWN RD", "CITY": "LOUISVILLE", "ST": "KY", "ZIP": 40272, "PHONE": "933-3000", "SCH_AB": "LANDMARK", "SCH_WEB": "https://www.lcaky.com/" }, "geometry": { "type": "Point", "coordinates": [ -85.88727419574613, 38.115441576833923 ] } },
{ "type": "Feature", "properties": { "OBJECTID": 173, "LEVEL_": "C", "LOC_TYPE": "PAROCHIAL SCHOOL", "LOC": 6158, "SCH_NAME": "ST ALBERT THE GREAT", "ADDRESS": "1395 GIRARD DR", "CITY": "LOUISVILLE", "ST": "KY", "ZIP": 40222, "PHONE": "425-1804", "SCH_AB": "ST. ALBERT THE GREAT", "SCH_WEB": "https://school.stalbert.org/" }, "geometry": { "type": "Point", "coordinates": [ -85.620357051364962, 38.271228158493585 ] } },
{ "type": "Feature", "properties": { "OBJECTID": 174, "LEVEL_": "C", "LOC_TYPE": "PAROCHIAL SCHOOL", "LOC": 6168, "SCH_NAME": "ST ATHANASIUS", "ADDRESS": "5915 OUTER LOOP", "CITY": "LOUISVILLE", "ST": "KY", "ZIP": 40219, "PHONE": "969-2345", "SCH_AB": "ST. ATHANASIUS", "SCH_WEB": "https://www.saintathanasiuslouisville.com/school/" }, "geometry": { "type": "Point", "coordinates": [ -85.651272153152235, 38.139557487680221 ] } },
{ "type": "Feature", "properties": { "OBJECTID": 175, "LEVEL_": "E", "LOC_TYPE": "PRIVATE SCHOOL", "LOC": 5902, "SCH_NAME": "JEWISH DAY SCHOOL", "ADDRESS": "1110 DUPONT CIR", "CITY": "LOUISVILLE", "ST": "KY", "ZIP": 40207, "PHONE": "459-1770", "SCH_AB": "JEWISH DAY", "SCH_WEB": "https://chabadky.com" }, "geometry": { "type": "Point", "coordinates": [ -85.648349540089086, 38.226248357306837 ] } },
{ "type": "Feature", "properties": { "OBJECTID": 176, "LEVEL_": "C", "LOC_TYPE": "PRIVATE SCHOOL", "LOC": 5735, "SCH_NAME": "WALDEN SCHOOL", "ADDRESS": "4238 WESTPORT RD", "CITY": "LOUISVILLE", "ST": "KY", "ZIP": 40207, "PHONE": "893-0433", "SCH_AB": "WALDEN", "SCH_WEB": "https://www.walden-school.org/" }, "geometry": { "type": "Point", "coordinates": [ -85.637909262984763, 38.26147776973955 ] } },
{ "type": "Feature", "properties": { "OBJECTID": 177, "LEVEL_": "S", "LOC_TYPE": "PAROCHIAL SCHOOL", "LOC": 6263, "SCH_NAME": "PRESENTATION ACADEMY", "ADDRESS": "861 S 4TH ST", "CITY": "LOUISVILLE", "ST": "KY", "ZIP": 40203, "PHONE": "583-5935", "SCH_AB": "PRESENTATION", "SCH_WEB": "https://www.presentationacademy.org/" }, "geometry": { "type": "Point", "coordinates": [ -85.758728496143021, 38.242108780858437 ] } },
{ "type": "Feature", "properties": { "OBJECTID": 178, "LEVEL_": "S", "LOC_TYPE": "PAROCHIAL SCHOOL", "LOC": 6348, "SCH_NAME": "TRINITY HIGH", "ADDRESS": "4011 SHELBYVILLE RD", "CITY": "LOUISVILLE", "ST": "KY", "ZIP": 40207, "PHONE": "895-9427", "SCH_AB": "TRINITY", "SCH_WEB": "https://www.trinityrocks.com/" }, "geometry": { "type": "Point", "coordinates": [ -85.651306552191585, 38.253342067198538 ] } },
{ "type": "Feature", "properties": { "OBJECTID": 179, "LEVEL_": "C", "LOC_TYPE": "PRIVATE SCHOOL", "LOC": 5999, "SCH_NAME": "VALIANT CHRISTIAN ACADEMY", "ADDRESS": "5627 NEW CUT RD", "CITY": "LOUISVILLE", "ST": "KY", "ZIP": 40214, "PHONE": "368-0080", "SCH_AB": "VALIANT", "SCH_WEB": "https://www.valiantca.com/" }, "geometry": { "type": "Point", "coordinates": [ -85.77245902317172, 38.140548584946707 ] } },
{ "type": "Feature", "properties": { "OBJECTID": 180, "LEVEL_": "C", "LOC_TYPE": "PRIVATE SCHOOL", "LOC": 6006, "SCH_NAME": "DE PAUL SCHOOL", "ADDRESS": "1925 DUKER AVE", "CITY": "LOUISVILLE", "ST": "KY", "ZIP": 40205, "PHONE": "459-6131", "SCH_AB": "DE PAUL", "SCH_WEB": "https://depaulschool.org/" }, "geometry": { "type": "Point", "coordinates": [ -85.705520296205464, 38.229500415745562 ] } },
{ "type": "Feature", "properties": { "OBJECTID": 181, "LEVEL_": "C", "LOC_TYPE": "PAROCHIAL SCHOOL", "LOC": 6774, "SCH_NAME": "NATIVITY ACADEMY AT ST BONIFAC", "ADDRESS": "529 E LIBERTY ST", "CITY": "LOUISVILLE", "ST": "KY", "ZIP": 40202, "PHONE": "562-2190", "SCH_AB": "NATIVITY ACADEMY", "SCH_WEB": "https://www.nativitylouisville.org/" }, "geometry": { "type": "Point", "coordinates": [ -85.743801492343096, 38.251414677251759 ] } },
{ "type": "Feature", "properties": { "OBJECTID": 182, "LEVEL_": "C", "LOC_TYPE": "PAROCHIAL SCHOOL", "LOC": 6142, "SCH_NAME": "OUR LADY OF LOURDES ", "ADDRESS": "510 BRECKENRIDGE LN", "CITY": "LOUISVILLE", "ST": "KY", "ZIP": 40207, "PHONE": "895-5122", "SCH_AB": "OUR LADY OF LOURDES", "SCH_WEB": "https://www.ourlourdes.org/school/" }, "geometry": { "type": "Point", "coordinates": [ -85.649295426132213, 38.244268209563558 ] } },
{ "type": "Feature", "properties": { "OBJECTID": 183, "LEVEL_": "C", "LOC_TYPE": "PAROCHIAL SCHOOL", "LOC": 6228, "SCH_NAME": "ST EDWARD", "ADDRESS": "9610 SUE HELEN DR", "CITY": "LOUISVILLE", "ST": "KY", "ZIP": 40299, "PHONE": "267-6633", "SCH_AB": "ST. EDWARD", "SCH_WEB": "https://stedwardchurch.com/school/" }, "geometry": { "type": "Point", "coordinates": [ -85.580275566563159, 38.193795841833051 ] } },
{ "type": "Feature", "properties": { "OBJECTID": 184, "LEVEL_": "C", "LOC_TYPE": "PAROCHIAL SCHOOL", "LOC": 6453, "SCH_NAME": "ST JAMES", "ADDRESS": "1818 EDENSIDE AVE", "CITY": "LOUISVILLE", "ST": "KY", "ZIP": 40204, "PHONE": "454-0330", "SCH_AB": "ST. JAMES", "SCH_WEB": "https://www.stjamesbluejays.com/" }, "geometry": { "type": "Point", "coordinates": [ -85.711521130646631, 38.231932362574909 ] } },
{ "type": "Feature", "properties": { "OBJECTID": 185, "LEVEL_": "C", "LOC_TYPE": "PAROCHIAL SCHOOL", "LOC": 6036, "SCH_NAME": "ST MICHAEL", "ADDRESS": "3705 STONE LAKES DR", "CITY": "LOUISVILLE", "ST": "KY", "ZIP": 40299, "PHONE": "267-6155", "SCH_AB": "ST. MICHAEL", "SCH_WEB": "https://stmlou.org/" }, "geometry": { "type": "Point", "coordinates": [ -85.514598204219638, 38.191684531550735 ] } },
{ "type": "Feature", "properties": { "OBJECTID": 186, "LEVEL_": "S", "LOC_TYPE": "PAROCHIAL SCHOOL", "LOC": 6386, "SCH_NAME": "ASSUMPTION HIGH", "ADDRESS": "2170 TYLER LN", "CITY": "LOUISVILLE", "ST": "KY", "ZIP": 40205, "PHONE": "458-9551", "SCH_AB": "ASSUMPTION", "SCH_WEB": "https://www.ahsrockets.org/" }, "geometry": { "type": "Point", "coordinates": [ -85.67784774587318, 38.217104911267469 ] } },
{ "type": "Feature", "properties": { "OBJECTID": 187, "LEVEL_": "C", "LOC_TYPE": "PRIVATE SCHOOL", "LOC": 5705, "SCH_NAME": "EMMA L MINNIS JR ACADEMY", "ADDRESS": "1939 MAGAZINE ST", "CITY": "LOUISVILLE", "ST": "KY", "ZIP": 40203, "PHONE": "774-2108", "SCH_AB": "EMMA L MINNIS", "SCH_WEB": "https://www.elminnisacademy.org/" }, "geometry": { "type": "Point", "coordinates": [ -85.784987735612091, 38.250839939585987 ] } },
{ "type": "Feature", "properties": { "OBJECTID": 188, "LEVEL_": "C", "LOC_TYPE": "PRIVATE SCHOOL", "LOC": 5176, "SCH_NAME": "KENTUCKY SCHOOL FOR THE BLIND", "ADDRESS": "1867 FRANKFORT AVE", "CITY": "LOUISVILLE", "ST": "KY", "ZIP": 40206, "PHONE": "897-1583", "SCH_AB": "KY SCHOOL FOR THE BLIND", "SCH_WEB": "https:/www.ksb.kyschools.us/" }, "geometry": { "type": "Point", "coordinates": [ -85.712928767800733, 38.257721539287907 ] } },
{ "type": "Feature", "properties": { "OBJECTID": 189, "LEVEL_": "C", "LOC_TYPE": "PAROCHIAL SCHOOL", "LOC": 6268, "SCH_NAME": "NOTRE DAME ACADEMY", "ADDRESS": "1927 LEWISTON DR", "CITY": "LOUISVILLE", "ST": "KY", "ZIP": 40216, "PHONE": "447-3155", "SCH_AB": "NOTRE DAME", "SCH_WEB": "https://www.ndasaints.org/" }, "geometry": { "type": "Point", "coordinates": [ -85.830672882847097, 38.174341964807837 ] } },
{ "type": "Feature", "properties": { "OBJECTID": 190, "LEVEL_": "C", "LOC_TYPE": "PAROCHIAL SCHOOL", "LOC": 6238, "SCH_NAME": "ST GABRIEL", "ADDRESS": "5503 BARDSTOWN RD", "CITY": "LOUISVILLE", "ST": "KY", "ZIP": 40291, "PHONE": "239-5535", "SCH_AB": "ST. GABRIEL", "SCH_WEB": "https://www.stgabriel.net/school/" }, "geometry": { "type": "Point", "coordinates": [ -85.599387062176305, 38.167143556183575 ] } },
{ "type": "Feature", "properties": { "OBJECTID": 191, "LEVEL_": "C", "LOC_TYPE": "PAROCHIAL SCHOOL", "LOC": 6278, "SCH_NAME": "ST MARGARET MARY", "ADDRESS": "7813 SHELBYVILLE RD", "CITY": "LOUISVILLE", "ST": "KY", "ZIP": 40222, "PHONE": "426-2635", "SCH_AB": "ST. MARGARET MARY", "SCH_WEB": "https://school.stmm.org/" }, "geometry": { "type": "Point", "coordinates": [ -85.609060629168653, 38.250596873429416 ] } },
{ "type": "Feature", "properties": { "OBJECTID": 192, "LEVEL_": "C", "LOC_TYPE": "PAROCHIAL SCHOOL", "LOC": 6308, "SCH_NAME": "ST PAUL", "ADDRESS": "6901 DIXIE HY", "CITY": "LOUISVILLE", "ST": "KY", "ZIP": 40258, "PHONE": "935-5511", "SCH_AB": "ST. PAUL", "SCH_WEB": "https://www.saintpaulschool.net/" }, "geometry": { "type": "Point", "coordinates": [ -85.83654559312663, 38.150108504528305 ] } },
{ "type": "Feature", "properties": { "OBJECTID": 193, "LEVEL_": "C", "LOC_TYPE": "PAROCHIAL SCHOOL", "LOC": 6328, "SCH_NAME": "ST RITA", "ADDRESS": "8709 PRESTON HWY", "CITY": "LOUISVILLE", "ST": "KY", "ZIP": 40219, "PHONE": "969-7067", "SCH_AB": "ST. RITA", "SCH_WEB": "https://www.stritacatholicschool.com/" }, "geometry": { "type": "Point", "coordinates": [ -85.679761736497653, 38.126896914934349 ] } },
{ "type": "Feature", "properties": { "OBJECTID": 194, "LEVEL_": "C", "LOC_TYPE": "PAROCHIAL SCHOOL", "LOC": 6593, "SCH_NAME": "ST STEPHEN MARTYR", "ADDRESS": "2931 PINDELL AVE", "CITY": "LOUISVILLE", "ST": "KY", "ZIP": 40217, "PHONE": "635-7141", "SCH_AB": "ST. STEPHEN MARTYR", "SCH_WEB": "https://www.ssmartyr.org/School" }, "geometry": { "type": "Point", "coordinates": [ -85.729055205397017, 38.208792476575866 ] } },
{ "type": "Feature", "properties": { "OBJECTID": 195, "LEVEL_": "C", "LOC_TYPE": "PRIVATE SCHOOL", "LOC": 5650, "SCH_NAME": "MEREDITH DUNN SCHOOL", "ADDRESS": "3023 MELBOURNE AV", "CITY": "LOUISVILLE", "ST": "KY", "ZIP": 40220, "PHONE": "456-5819", "SCH_AB": "MEREDITH DUNN", "SCH_WEB": "https://www.meredithdunnschool.org/" }, "geometry": { "type": "Point", "coordinates": [ -85.631808155102121, 38.218420633242246 ] } },
{ "type": "Feature", "properties": { "OBJECTID": 196, "LEVEL_": "S", "LOC_TYPE": "PAROCHIAL SCHOOL", "LOC": 6205, "SCH_NAME": "DESALES HIGH", "ADDRESS": "425 W KENWOOD DR", "CITY": "LOUISVILLE", "ST": "KY", "ZIP": 40214, "PHONE": "368-6519", "SCH_AB": "DESALES", "SCH_WEB": "https://www.desaleshighschool.com/" }, "geometry": { "type": "Point", "coordinates": [ -85.774304832343176, 38.162314162164634 ] } },
{ "type": "Feature", "properties": { "OBJECTID": 197, "LEVEL_": "C", "LOC_TYPE": "PRIVATE SCHOOL", "LOC": 5910, "SCH_NAME": "CORNERSTONE ACADEMY OF EASTSIDE PRAISE", "ADDRESS": "6300 BILLTOWN RD", "CITY": "LOUISVILLE", "ST": "KY", "ZIP": 40299, "PHONE": "267-6393", "SCH_AB": "CORNERSTONE", "SCH_WEB": "https://www.eastsidepraise.org/about-cornerstone-academy-1/" }, "geometry": { "type": "Point", "coordinates": [ -85.559424286420281, 38.152463015928149 ] } },
{ "type": "Feature", "properties": { "OBJECTID": 198, "LEVEL_": "C", "LOC_TYPE": "PRIVATE SCHOOL", "LOC": 5036, "SCH_NAME": "CHRISTIAN ACADEMY ENGLISH STATION", "ADDRESS": "700 S ENGLISH STATION RD", "CITY": "LOUISVILLE", "ST": "KY", "ZIP": 40245, "PHONE": "244-3225", "SCH_AB": "CHRISTIAN/ENGLISH STATION", "SCH_WEB": "https://caschools.us/es" }, "geometry": { "type": "Point", "coordinates": [ -85.499568000708919, 38.229672773589797 ] } },
{ "type": "Feature", "properties": { "OBJECTID": 199, "LEVEL_": "E", "LOC_TYPE": "PRIVATE SCHOOL", "LOC": 5555, "SCH_NAME": "MONTESSORI SCHOOL OF LOUISVILLE", "ADDRESS": "10263 CHAMPION FARMS DR", "CITY": "LOUISVILLE", "ST": "KY", "ZIP": 40241, "PHONE": "640-8585", "SCH_AB": "MONTESSORI", "SCH_WEB": "https://www.msl-edu.org/" }, "geometry": { "type": "Point", "coordinates": [ -85.564061929116534, 38.296194652730136 ] } },
{ "type": "Feature", "properties": { "OBJECTID": 200, "LEVEL_": "C", "LOC_TYPE": "PRIVATE SCHOOL", "LOC": 6122, "SCH_NAME": "PORTLAND CHRISTIAN SCHOOL", "ADDRESS": "8509 WESTPORT RD", "CITY": "LOUISVILLE", "ST": "KY", "ZIP": 40242, "PHONE": "429-3727", "SCH_AB": "PORTLAND CHRISTIAN", "SCH_WEB": "https://portlandchristian.org/" }, "geometry": { "type": "Point", "coordinates": [ -85.595442746937394, 38.281216789951877 ] } },
{ "type": "Feature", "properties": { "OBJECTID": 201, "LEVEL_": "C", "LOC_TYPE": "PAROCHIAL SCHOOL", "LOC": 6318, "SCH_NAME": "ST ANDREW ACADEMY", "ADDRESS": "7724 COLUMBINE DR", "CITY": "LOUISVILLE", "ST": "KY", "ZIP": 40258, "PHONE": "935-4578", "SCH_AB": "ST. ANDREW", "SCH_WEB": "https://saintandrewacademy.org/" }, "geometry": { "type": "Point", "coordinates": [ -85.865317175228796, 38.141681331367103 ] } },
{ "type": "Feature", "properties": { "OBJECTID": 202, "LEVEL_": "C", "LOC_TYPE": "PAROCHIAL SCHOOL", "LOC": 6423, "SCH_NAME": "ST FRANCIS OF ASSISI ", "ADDRESS": "1938 ALFRESCO PL", "CITY": "LOUISVILLE", "ST": "KY", "ZIP": 40205, "PHONE": "459-3088", "SCH_AB": "ST. FRANCIS OF ASSISI", "SCH_WEB": "https://sfalouisville.org/" }, "geometry": { "type": "Point", "coordinates": [ -85.697967439430855, 38.225840837026716 ] } },
{ "type": "Feature", "properties": { "OBJECTID": 203, "LEVEL_": "S", "LOC_TYPE": "PAROCHIAL SCHOOL", "LOC": 6633, "SCH_NAME": "ST XAVIER HIGH", "ADDRESS": "1609 POPLAR LEVEL RD", "CITY": "LOUISVILLE", "ST": "KY", "ZIP": 40217, "PHONE": "637-4712", "SCH_AB": "ST. XAVIER", "SCH_WEB": "https://www.saintx.com/" }, "geometry": { "type": "Point", "coordinates": [ -85.726496257195706, 38.21912482993374 ] } },
{ "type": "Feature", "properties": { "OBJECTID": 204, "LEVEL_": "C", "LOC_TYPE": "PAROCHIAL SCHOOL", "LOC": 6776, "SCH_NAME": "ST NICHOLAS ACADEMY", "ADDRESS": "5501 NEW CUT RD", "CITY": "LOUISVILLE", "ST": "KY", "ZIP": 40214, "PHONE": "368-8506", "SCH_AB": "ST. NICHOLAS", "SCH_WEB": "https://www.sna-panthers.org/" }, "geometry": { "type": "Point", "coordinates": [ -85.774087784724415, 38.146307296971798 ] } },
{ "type": "Feature", "properties": { "OBJECTID": 205, "LEVEL_": "C", "LOC_TYPE": "PRIVATE SCHOOL", "LOC": 0, "SCH_NAME": "HIGHLANDS LATIN SCHOOL", "ADDRESS": "10901 SHELBYVILLE RD", "CITY": "LOUISVILLE", "ST": "KY", "ZIP": 40243, "PHONE": "742-4789", "SCH_AB": "HIGHLAND LATIN", "SCH_WEB": "https://www.hls.org/" }, "geometry": { "type": "Point", "coordinates": [ -85.551357039293023, 38.245498293471186 ] } },
{ "type": "Feature", "properties": { "OBJECTID": 206, "LEVEL_": "C", "LOC_TYPE": "PAROCHIAL SCHOOL", "LOC": 6332, "SCH_NAME": "HOLY ANGELS ACADEMY", "ADDRESS": "12201 OLD HENRY RD", "CITY": "LOUISVILLE", "ST": "KY", "ZIP": 40223, "PHONE": "254-9440", "SCH_AB": "HOLY ANGELS", "SCH_WEB": "https://www.holyangelslouisville.com/" }, "geometry": { "type": "Point", "coordinates": [ -85.528716684169055, 38.254356507901058 ] } },
{ "type": "Feature", "properties": { "OBJECTID": 207, "LEVEL_": "C", "LOC_TYPE": "PAROCHIAL SCHOOL", "LOC": 6273, "SCH_NAME": "SACRED HEART MODEL", "ADDRESS": "3107 LEXINGTON RD", "CITY": "LOUISVILLE", "ST": "KY", "ZIP": 40206, "PHONE": "896-3931", "SCH_AB": "SACRED HEART", "SCH_WEB": "https://shms.shslou.org/" }, "geometry": { "type": "Point", "coordinates": [ -85.676816417400474, 38.249497735674403 ] } },
{ "type": "Feature", "properties": { "OBJECTID": 208, "LEVEL_": "C", "LOC_TYPE": "PRIVATE SCHOOL", "LOC": 5080, "SCH_NAME": "CHRISTIAN ACADEMY SOUTHWEST", "ADDRESS": "8307 ST ANDREWS CHURCH RD", "CITY": "LOUISVILLE", "ST": "KY", "ZIP": 40272, "PHONE": "447-6500", "SCH_AB": "CHRISTIAN/SOUTHWEST", "SCH_WEB": "https://caschools.us/southwest/" }, "geometry": { "type": "Point", "coordinates": [ -85.836951455990175, 38.141128513762972 ] } },
{ "type": "Feature", "properties": { "OBJECTID": 209, "LEVEL_": "S", "LOC_TYPE": "PRIVATE SCHOOL", "LOC": 6180, "SCH_NAME": "MERCY ACADEMY ", "ADDRESS": "5801 FEGENBUSH LN", "CITY": "LOUISVILLE", "ST": "KY", "ZIP": 40228, "PHONE": "671-2010", "SCH_AB": "MERCY", "SCH_WEB": "https://www.mercyacademy.com/" }, "geometry": { "type": "Point", "coordinates": [ -85.638018318810722, 38.166859075743162 ] } },
{ "type": "Feature", "properties": { "OBJECTID": 210, "LEVEL_": "C", "LOC_TYPE": "PRIVATE SCHOOL", "LOC": 5111, "SCH_NAME": "KENTUCKY COUNTRY DAY", "ADDRESS": "4100 SPRINGDALE RD", "CITY": "LOUISVILLE", "ST": "KY", "ZIP": 40241, "PHONE": "423-0440", "SCH_AB": "KCD", "SCH_WEB": "https://www.kcd.org/" }, "geometry": { "type": "Point", "coordinates": [ -85.582788559226529, 38.305815388088298 ] } },
{ "type": "Feature", "properties": { "OBJECTID": 211, "LEVEL_": "C", "LOC_TYPE": "PAROCHIAL SCHOOL", "LOC": 6474, "SCH_NAME": "PITT ACADEMY", "ADDRESS": "7515 WESTPORT RD", "CITY": "LOUISVILLE", "ST": "KY", "ZIP": 40222, "PHONE": "966-6979", "SCH_AB": "PITT", "SCH_WEB": "https://www.pitt.com/" }, "geometry": { "type": "Point", "coordinates": [ -85.61242237711528, 38.272972797298067 ] } },
{ "type": "Feature", "properties": { "OBJECTID": 212, "LEVEL_": "C", "LOC_TYPE": "PAROCHIAL SCHOOL", "LOC": 6245, "SCH_NAME": "HOLY SPIRIT SCHOOL", "ADDRESS": "322 CANNONS LN", "CITY": "LOUISVILLE", "ST": "KY", "ZIP": 40206, "PHONE": "893-7700", "SCH_AB": "HOLY SPIRIT", "SCH_WEB": "https://www.hspirit.org/school/" }, "geometry": { "type": "Point", "coordinates": [ -85.668305220096357, 38.250671532746402 ] } },
{ "type": "Feature", "properties": { "OBJECTID": 213, "LEVEL_": "C", "LOC_TYPE": "PAROCHIAL SCHOOL", "LOC": 6773, "SCH_NAME": "JOHN PAUL II ACADEMY", "ADDRESS": "3525 GOLDSMITH LN", "CITY": "LOUISVILLE", "ST": "KY", "ZIP": 40220, "PHONE": "452-1712", "SCH_AB": "JOHN PAUL II", "SCH_WEB": "https://www.john-paul-academy.org/" }, "geometry": { "type": "Point", "coordinates": [ -85.651485093644936, 38.208925338492527 ] } },
{ "type": "Feature", "properties": { "OBJECTID": 214, "LEVEL_": "C", "LOC_TYPE": "PAROCHIAL SCHOOL", "LOC": 6288, "SCH_NAME": "ST MARTHA", "ADDRESS": "2825 KLONDIKE LN", "CITY": "LOUISVILLE", "ST": "KY", "ZIP": 40218, "PHONE": "491-3171", "SCH_AB": "ST. MARTHA", "SCH_WEB": "https://www.stmartharocks.com/" }, "geometry": { "type": "Point", "coordinates": [ -85.641540632169352, 38.203299721999187 ] } },
{ "type": "Feature", "properties": { "OBJECTID": 215, "LEVEL_": "C", "LOC_TYPE": "PAROCHIAL SCHOOL", "LOC": 6224, "SCH_NAME": "ST PATRICK", "ADDRESS": "1000 N BECKLEY STATION RD", "CITY": "LOUISVILLE", "ST": "KY", "ZIP": 40245, "PHONE": "244-7083", "SCH_AB": "ST. PATRICK", "SCH_WEB": "https://www.school.stpatlou.org/" }, "geometry": { "type": "Point", "coordinates": [ -85.479208938193153, 38.252292562291579 ] } },
{ "type": "Feature", "properties": { "OBJECTID": 216, "LEVEL_": "C", "LOC_TYPE": "PAROCHIAL SCHOOL", "LOC": 6573, "SCH_NAME": "ST RAPHAEL", "ADDRESS": "2131 LANCASHIRE AVE", "CITY": "LOUISVILLE", "ST": "KY", "ZIP": 40205, "PHONE": "456-1541", "SCH_AB": "ST. RAPHAEL", "SCH_WEB": "https://straphaelschool.org/" }, "geometry": { "type": "Point", "coordinates": [ -85.6770141544946, 38.21573652819842 ] } },
{ "type": "Feature", "properties": { "OBJECTID": 217, "LEVEL_": "C", "LOC_TYPE": "PRIVATE SCHOOL", "LOC": 5135, "SCH_NAME": "WALDORF SCHOOL OF LOUISVILLE", "ADDRESS": "3110 ROCK CREEK DR", "CITY": "LOUISVILLE", "ST": "KY", "ZIP": 40207, "PHONE": "327-0122", "SCH_AB": "WALDORF", "SCH_WEB": "https://www.waldorflouisville.com/" }, "geometry": { "type": "Point", "coordinates": [ -85.60701966414041, 38.257531763762124 ] } },
{ "type": "Feature", "properties": { "OBJECTID": 218, "LEVEL_": "C", "LOC_TYPE": "PRIVATE SCHOOL", "LOC": 5545, "SCH_NAME": "WHITEFIELD ACADEMY", "ADDRESS": "7711 FEGENBUSH LN", "CITY": "LOUISVILLE", "ST": "KY", "ZIP": 40228, "PHONE": "239-2509", "SCH_AB": "WHITEFIELD", "SCH_WEB": "https://www.whitefield.org/" }, "geometry": { "type": "Point", "coordinates": [ -85.617647947354158, 38.140559895173062 ] } },
{ "type": "Feature", "properties": { "OBJECTID": 219, "LEVEL_": "S", "LOC_TYPE": "PAROCHIAL SCHOOL", "LOC": 6283, "SCH_NAME": "SACRED HEART ACADEMY ", "ADDRESS": "3175 LEXINGTON RD", "CITY": "LOUISVILLE", "ST": "KY", "ZIP": 40206, "PHONE": "897-6097", "SCH_AB": "SACRED HEART", "SCH_WEB": "https://sha.shslou.org/" }, "geometry": { "type": "Point", "coordinates": [ -85.673945160626033, 38.250549008350767 ] } },
{ "type": "Feature", "properties": { "OBJECTID": 220, "LEVEL_": "C", "LOC_TYPE": "PRIVATE SCHOOL", "LOC": 0, "SCH_NAME": "HIGHLANDS LATIN SCHOOL", "ADDRESS": "2800 FRANKFORT AVE", "CITY": "LOUISVILLE", "ST": "KY", "ZIP": 40206, "PHONE": "895-5333", "SCH_AB": "HIGHLAND LATIN", "SCH_WEB": "https://www.hls.org/" }, "geometry": { "type": "Point", "coordinates": [ -85.689835637222274, 38.253852808056109 ] } },
{ "type": "Feature", "properties": { "OBJECTID": 221, "LEVEL_": "C", "LOC_TYPE": "PAROCHIAL SCHOOL", "LOC": 0, "SCH_NAME": "ST MARY ACADEMY", "ADDRESS": "11311 SAINT MARY LN", "CITY": "PROSPECT", "ST": "KY", "ZIP": 40059, "PHONE": "315-2555", "SCH_AB": "ST MARY", "SCH_WEB": "https://saintmaryacademy.com" }, "geometry": { "type": "Point", "coordinates": [ -85.561496633866071, 38.336063378825223 ] } },
{ "type": "Feature", "properties": { "OBJECTID": 222, "LEVEL_": "C", "LOC_TYPE": "PAROCHIAL SCHOOL", "LOC": 6370, "SCH_NAME": "HOLY TRINITY SCHOOL", "ADDRESS": "423 CHERRYWOOD RD", "CITY": "LOUISVILLE", "ST": "KY", "ZIP": 40207, "PHONE": "897-2785", "SCH_AB": "HOLY TRINITY", "SCH_WEB": "https://www.ht-school.org/" }, "geometry": { "type": "Point", "coordinates": [ -85.65245722185486, 38.263646961257621 ] } },
{ "type": "Feature", "properties": { "OBJECTID": 223, "LEVEL_": "C", "LOC_TYPE": "PAROCHIAL SCHOOL", "LOC": 6293, "SCH_NAME": "ST AGNES", "ADDRESS": "1920 NEWBURG RD", "CITY": "LOUISVILLE", "ST": "KY", "ZIP": 40205, "PHONE": "458-2850", "SCH_AB": "ST. AGNES", "SCH_WEB": "https://stagneslouisville.org/school/" }, "geometry": { "type": "Point", "coordinates": [ -85.711231559339609, 38.22287684915824 ] } },
{ "type": "Feature", "properties": { "OBJECTID": 224, "LEVEL_": "C", "LOC_TYPE": "PAROCHIAL SCHOOL", "LOC": 6026, "SCH_NAME": "ST BERNARD", "ADDRESS": "7500 TANGELO DR", "CITY": "LOUISVILLE", "ST": "KY", "ZIP": 40228, "PHONE": "239-5178", "SCH_AB": "ST. BERNARD", "SCH_WEB": "https://www.stbernardlou.com/school" }, "geometry": { "type": "Point", "coordinates": [ -85.621750538155467, 38.147553013380069 ] } },
{ "type": "Feature", "properties": { "OBJECTID": 225, "LEVEL_": "C", "LOC_TYPE": "PRIVATE SCHOOL", "LOC": 0, "SCH_NAME": "WEST END SCHOOL", "ADDRESS": "3628 VIRGINIA AVE", "CITY": "LOUISVILLE", "ST": "KY", "ZIP": 40211, "PHONE": "776-5236", "SCH_AB": "WEST END", "SCH_WEB": "https://www.westendschool.org/" }, "geometry": { "type": "Point", "coordinates": [ -85.814698231511358, 38.239025064800522 ] } },
{ "type": "Feature", "properties": { "OBJECTID": 226, "LEVEL_": "C", "LOC_TYPE": "PRIVATE SCHOOL", "LOC": 5570, "SCH_NAME": "ACADEMY FOR INDIVIDUAL EXCELL.", "ADDRESS": "3101 BLUEBIRD LN", "CITY": "LOUISVILLE", "ST": "KY", "ZIP": 40299, "PHONE": "267-6187", "SCH_AB": "INDIVIDUAL EXCELLENCE", "SCH_WEB": "https://www.aiexcellence.com/" }, "geometry": { "type": "Point", "coordinates": [ -85.562393985749154, 38.198962671103523 ] } },
{ "type": "Feature", "properties": { "OBJECTID": 227, "LEVEL_": "C", "LOC_TYPE": "PRIVATE SCHOOL", "LOC": 5998, "SCH_NAME": "OUR SAVIOR LUTHERAN SCHOOL", "ADDRESS": "8307 NOTTINGHAM PW", "CITY": "LOUISVILLE", "ST": "KY", "ZIP": 40222, "PHONE": "426-0864", "SCH_AB": "OUR SAVIOR", "SCH_WEB": "https://www.oslslouisville.com/" }, "geometry": { "type": "Point", "coordinates": [ -85.601635403372057, 38.247470554795008 ] } },
{ "type": "Feature", "properties": { "OBJECTID": 228, "LEVEL_": "C", "LOC_TYPE": "PRIVATE SCHOOL", "LOC": 5908, "SCH_NAME": "SUMMIT ACADEMY", "ADDRESS": "11508 MAIN ST", "CITY": "LOUISVILLE", "ST": "KY", "ZIP": 40243, "PHONE": "244-7090", "SCH_AB": "SUMMIT", "SCH_WEB": "https://www.summit-academy.org/" }, "geometry": { "type": "Point", "coordinates": [ -85.54269079334189, 38.244204774455966 ] } },
{ "type": "Feature", "properties": { "OBJECTID": 229, "LEVEL_": "C", "LOC_TYPE": "PRIVATE SCHOOL", "LOC": 5002, "SCH_NAME": "NUR ISLAMIC SCHOOL OF LOU.", "ADDRESS": "6500 SIX MILE LN", "CITY": "LOUISVILLE", "ST": "KY", "ZIP": 40218, "PHONE": "459-9447", "SCH_AB": "NUR ISLAMIC", "SCH_WEB": "https://www.nurislamicschool.org/" }, "geometry": { "type": "Point", "coordinates": [ -85.634272293645324, 38.197163820890538 ] } },
{ "type": "Feature", "properties": { "OBJECTID": 230, "LEVEL_": "E", "LOC_TYPE": "PRIVATE SCHOOL", "LOC": 5449, "SCH_NAME": "VIRGINIA CHANCE SCHOOL", "ADDRESS": "4200 LIME KILN LN", "CITY": "LOUISVILLE", "ST": "KY", "ZIP": 40222, "PHONE": "425-6904", "SCH_AB": "CHANCE", "SCH_WEB": "https://www.chanceschool.org/" }, "geometry": { "type": "Point", "coordinates": [ -85.645468671008146, 38.312844033282111 ] } },
{ "type": "Feature", "properties": { "OBJECTID": 231, "LEVEL_": "E", "LOC_TYPE": "PRIVATE SCHOOL", "LOC": 5798, "SCH_NAME": "HAYFIELD MONTESSORI SCHOOL", "ADDRESS": "2000 TYLER LN", "CITY": "LOUISVILLE", "ST": "KY", "ZIP": 40205, "PHONE": "931-7143", "SCH_AB": "HAYFIELD", "SCH_WEB": "https://www.hayfieldmontessori.com/" }, "geometry": { "type": "Point", "coordinates": [ -85.683102231551615, 38.213698903888762 ] } },
{ "type": "Feature", "properties": { "OBJECTID": 232, "LEVEL_": "C", "LOC_TYPE": "PRIVATE SCHOOL", "LOC": 5305, "SCH_NAME": "LOUISVILLE COLLEGIATE SCHOOL", "ADDRESS": "2427 GLENMARY AV", "CITY": "LOUISVILLE", "ST": "KY", "ZIP": 40204, "PHONE": "479-0340", "SCH_AB": "COLLEGIATE", "SCH_WEB": "https://www.loucol.com/" }, "geometry": { "type": "Point", "coordinates": [ -85.71142897911848, 38.241197489615679 ] } },
{ "type": "Feature", "properties": { "OBJECTID": 233, "LEVEL_": "C", "LOC_TYPE": "PRIVATE SCHOOL", "LOC": 5354, "SCH_NAME": "BETH HAVEN CHRISTIAN ", "ADDRESS": "5515 JOHNSONTOWN RD", "CITY": "LOUISVILLE", "ST": "KY", "ZIP": 40272, "PHONE": "937-3516", "SCH_AB": "BETH HAVEN", "SCH_WEB": "https://www.bethhaven.com/" }, "geometry": { "type": "Point", "coordinates": [ -85.8718494632366, 38.122094655337925 ] } },
{ "type": "Feature", "properties": { "OBJECTID": 234, "LEVEL_": "S", "LOC_TYPE": "PAROCHIAL SCHOOL", "LOC": 6355, "SCH_NAME": "HOLY CROSS HIGH SCHOOL", "ADDRESS": "5144 DIXIE HWY", "CITY": "LOUISVILLE", "ST": "KY", "ZIP": 40216, "PHONE": "447-4363", "SCH_AB": "HOLY CROSS", "SCH_WEB": "https://www.holycrosshs.com/" }, "geometry": { "type": "Point", "coordinates": [ -85.832623715677826, 38.165208821144937 ] } },
{ "type": "Feature", "properties": { "OBJECTID": 235, "LEVEL_": "C", "LOC_TYPE": "PRIVATE SCHOOL", "LOC": 5576, "SCH_NAME": "NORTHSIDE CHRISTIAN ACADEMY", "ADDRESS": "2214 BANK ST", "CITY": "LOUISVILLE", "ST": "KY", "ZIP": 40212, "PHONE": "778-1113", "SCH_AB": "NORTHSIDE", "SCH_WEB": "https://www.shawneebaptist.church/" }, "geometry": { "type": "Point", "coordinates": [ -85.786160682311149, 38.267108700464668 ] } },
{ "type": "Feature", "properties": { "OBJECTID": 236, "LEVEL_": "S", "LOC_TYPE": "PRIVATE SCHOOL", "LOC": 5792, "SCH_NAME": "FRANCIS PARKER", "ADDRESS": "233 W BROADWAY", "CITY": "LOUISVILLE", "ST": "KY", "ZIP": 40202, "PHONE": "736-1000", "SCH_AB": "FRANCIS PARKER", "SCH_WEB": "https://francisparkerlouisville.org/" }, "geometry": { "type": "Point", "coordinates": [ -85.75622174587113, 38.246373305236915 ] } },
{ "type": "Feature", "properties": { "OBJECTID": 237, "LEVEL_": "C", "LOC_TYPE": "ANCHORAGE", "LOC": 0, "SCH_NAME": "ANCHORAGE", "ADDRESS": "11400 RIDGE RD", "CITY": "ANCHORAGE", "ST": "KY", "ZIP": 40223, "PHONE": "245-2121", "SCH_AB": "ANCHORAGE", "SCH_WEB": "https://www.anchorage-school.org/" }, "geometry": { "type": "Point", "coordinates": [ -85.543695096354355, 38.26561317041687 ] } },
{ "type": "Feature", "properties": { "OBJECTID": 238, "LEVEL_": "E", "LOC_TYPE": "PRIVATE SCHOOL", "LOC": 5545, "SCH_NAME": "WHITEFIELD ACADEMY EAST", "ADDRESS": "15201 SHELBYVILLE RD", "CITY": "LOUISVILLE", "ST": "KY", "ZIP": 40245, "PHONE": "254-9593", "SCH_AB": "WHITEFIELD EAST", "SCH_WEB": "https://www.whitefield.org/" }, "geometry": { "type": "Point", "coordinates": [ -85.483804219772694, 38.238767639336906 ] } },
{ "type": "Feature", "properties": { "OBJECTID": 239, "LEVEL_": "C", "LOC_TYPE": "JCPS", "LOC": 191, "SCH_NAME": "W.E.B. DUBOIS ACADEMY", "ADDRESS": "3307 E INDIAN TRL", "CITY": "LOUISVILLE", "ST": "KY", "ZIP": 40213, "PHONE": "485-7600", "SCH_AB": "DUBOIS", "SCH_WEB": "https://www.jefferson.kyschools.us/schools/profiles/web-dubois-academy" }, "geometry": { "type": "Point", "coordinates": [ -85.700183298316659, 38.171418019209938 ] } },
{ "type": "Feature", "properties": { "OBJECTID": 240, "LEVEL_": "C", "LOC_TYPE": "PRIVATE SCHOOL", "LOC": 5383, "SCH_NAME": "EVANGEL CHRISTIAN SCHOOL", "ADDRESS": "3728 TAYLORSVILLE RD", "CITY": "LOUISVILLE", "ST": "KY", "ZIP": 40220, "PHONE": "968-7744", "SCH_AB": "EVANGEL", "SCH_WEB": "https://www.evangelchristianschool.com/" }, "geometry": { "type": "Point", "coordinates": [ -85.642628892344277, 38.22032591533214 ] } },
{ "type": "Feature", "properties": { "OBJECTID": 241, "LEVEL_": "C", "LOC_TYPE": "PAROCHIAL SCHOOL", "LOC": null, "SCH_NAME": "HOLY TRINITY CLIFTON SCHOOL", "ADDRESS": "2117 PAYNE ST", "CITY": "LOUISVILLE", "ST": "KY", "ZIP": 40206, "PHONE": "896-8480", "SCH_AB": "HOLY TRINITY CLIFTON", "SCH_WEB": "https://www.ht-school.org/holy-trinity-clifton/clifton-school" }, "geometry": { "type": "Point", "coordinates": [ -85.707031124840796, 38.252861233190025 ] } },
{ "type": "Feature", "properties": { "OBJECTID": 242, "LEVEL_": "C", "LOC_TYPE": "PAROCHIAL SCHOOL", "LOC": null, "SCH_NAME": "IMMACULATA CLASSICAL ACADEMY", "ADDRESS": "440 ZORN AVE", "CITY": "LOUISVILLE", "ST": "KY", "ZIP": 40206, "PHONE": "365-3545", "SCH_AB": "IMMACULATA", "SCH_WEB": "http://immaculata.org/" }, "geometry": { "type": "Point", "coordinates": [ -85.689688058005387, 38.26394005390236 ] } },
{ "type": "Feature", "properties": { "OBJECTID": 243, "LEVEL_": "E", "LOC_TYPE": "PRIVATE SCHOOL", "LOC": null, "SCH_NAME": "MONTESSORI TORAH ACADEMY", "ADDRESS": "4615 LOWE RD", "CITY": "LOUISVILLE", "ST": "KY", "ZIP": 40220, "PHONE": "290-5186", "SCH_AB": "MONTESORRI TORAH", "SCH_WEB": "htpps://montessoritorah.org/" }, "geometry": { "type": "Point", "coordinates": [ -85.609259074268479, 38.223438022329944 ] } },
{ "type": "Feature", "properties": { "OBJECTID": 244, "LEVEL_": "E", "LOC_TYPE": "JCPS", "LOC": 182, "SCH_NAME": "WILLIAM H PERRY ELEMENTARY", "ADDRESS": "755 DIXIE HIGHWAY", "CITY": "LOUISVILLE", "ST": "KY", "ZIP": 40210, "PHONE": " ", "SCH_AB": " ", "SCH_WEB": null }, "geometry": { "type": "Point", "coordinates": [ -85.781942264224597, 38.247224613565962 ] } },
{ "type": "Feature", "properties": { "OBJECTID": 245, "LEVEL_": "H", "LOC_TYPE": "JCPS", "LOC": 454, "SCH_NAME": "KELLER SCHOOL", "ADDRESS": "911 S BROOK ST", "CITY": "LOUISVILLE", "ST": "KY", "ZIP": 40292, "PHONE": "583-0420", "SCH_AB": "KELLER", "SCH_WEB": null }, "geometry": { "type": "Point", "coordinates": [ -85.751972745912823, 38.240687326804064 ] } },
{ "type": "Feature", "properties": { "OBJECTID": 246, "LEVEL_": "S", "LOC_TYPE": "JCPS", "LOC": 191, "SCH_NAME": "W.E.B. DUBOIS HIGH", "ADDRESS": "3901 ATKINSON SQUARE DR", "CITY": "LOUISVILLE", "ST": "KY", "ZIP": 40218, "PHONE": "485-7600", "SCH_AB": "W.E.B. DUBOIS HIGH", "SCH_WEB": "https://www.jefferson.kyschools.us/schools/profiles/web-dubois-academy" }, "geometry": { "type": "Point", "coordinates": [ -85.688875277487611, 38.200425667859967 ] } },
{ "type": "Feature", "properties": { "OBJECTID": 247, "LEVEL_": "H", "LOC_TYPE": "JCPS", "LOC": 30, "SCH_NAME": "LIBERTY HIGH", "ADDRESS": "1281 GILMORE LN", "CITY": "LOUISVILLE", "ST": "KY", "ZIP": 40213, "PHONE": "485-7100", "SCH_AB": "LIBERTY", "SCH_WEB": "https://www.jefferson.kyschools.us/schools/profiles/liberty-high-school" }, "geometry": { "type": "Point", "coordinates": [ -85.705896708230895, 38.17976791108012 ] } },
{ "type": "Feature", "properties": { "OBJECTID": 248, "LEVEL_": "H", "LOC_TYPE": "JCPS", "LOC": 150, "SCH_NAME": "AUDUBON YOUTH DEVELOPMENT CTR.", "ADDRESS": "8711 LA GRANGE RD", "CITY": "LOUISVILLE", "ST": "KY", "ZIP": 40242, "PHONE": "429-7287", "SCH_AB": "AUDUBON CENTER", "SCH_WEB": null }, "geometry": { "type": "Point", "coordinates": [ -85.589906571818176, 38.268847190224264 ] } },
{ "type": "Feature", "properties": { "OBJECTID": 249, "LEVEL_": "M", "LOC_TYPE": "JCPS", "LOC": 255, "SCH_NAME": "ECHO TRAIL MIDDLE SCHOOL", "ADDRESS": "2601 ECHO TRAIL", "CITY": "LOUISVILLE", "ST": "KY", "ZIP": 40245, "PHONE": " ", "SCH_AB": "ECHO TRAIL", "SCH_WEB": null }, "geometry": { "type": "Point", "coordinates": [ -85.469997736011862, 38.204253743363218 ] } }
]
}
